"progression_structure","slow_structure","foi_structure","inf_prev_age20","inf_prev_age30","ARTI1","cases1","conditions_met"
"Vynnycky-1997","base","1_1_1_1_1",0.181269246922018,0.259181779318282,0.00356785043359531,27.5467909868858,FALSE
"Vynnycky-1997","base","2_2_2_2_2",0.329679953964361,0.451188363905974,0.00605258512973461,40.6609324068932,FALSE
"Vynnycky-1997","base","3_3_3_3_3",0.451188363905974,0.593430340259401,0.00780248624456759,47.6389604625287,FALSE
"Vynnycky-1997","base","4_4_4_4_4",0.550671035882778,0.698805788087798,0.00876107289518469,50.0006826457388,FALSE
"Vynnycky-1997","base","5_5_5_5_5",0.632120558828558,0.77686983985157,0.00943012535445253,48.0056358291177,FALSE
"Vynnycky-1997","base","4_3_3_3_3",0.477954223238984,0.613258976545499,0.00775213863877644,43.2435456990249,FALSE
"Vynnycky-1997","base","5_3_3_3_3",0.50341469620859,0.632120558828558,0.00757681216953543,47.7071388414143,FALSE
"Vynnycky-1997","base","3_4_3_3_3",0.527633447258985,0.667128916301921,0.00847528536860498,44.6833018075923,FALSE
"Vynnycky-1997","base","4_4_3_3_3",0.550671035882778,0.683363230620947,0.00845764455063136,47.8869519005106,FALSE
"Vynnycky-1997","base","5_4_3_3_3",0.572585068051273,0.698805788087798,0.00840101771149659,45.083271814085,FALSE
"Vynnycky-1997","base","3_5_3_3_3",0.593430340259401,0.727468206965987,0.00904317105004027,44.9554990751585,FALSE
"Vynnycky-1997","base","4_5_3_3_3",0.613258976545499,0.740759739354109,0.00895555244719115,44.7145061575634,FALSE
"Vynnycky-1997","base","5_5_3_3_3",0.632120558828558,0.753403036058394,0.00884254923377814,47.5625648690175,FALSE
"Vynnycky-1997","base","3_3_4_3_3",0.451188363905974,0.613258976545499,0.00815032204257049,50.238957996097,FALSE
"Vynnycky-1997","base","4_3_4_3_3",0.477954223238984,0.632120558828558,0.00808222441287643,52.2987648446657,FALSE
"Vynnycky-1997","base","5_3_4_3_3",0.50341469620859,0.650062250888845,0.00799795771776091,45.7845281934569,FALSE
"Vynnycky-1997","base","3_4_4_3_3",0.527633447258985,0.683363230620947,0.00882443442517422,46.6456537443289,FALSE
"Vynnycky-1997","base","4_4_4_3_3",0.550671035882778,0.698805788087798,0.00864301057513661,49.4253656365591,FALSE
"Vynnycky-1997","base","5_4_4_3_3",0.572585068051273,0.71349520313981,0.00865904439502962,45.9091394371844,FALSE
"Vynnycky-1997","base","3_5_4_3_3",0.593430340259401,0.740759739354109,0.0093096420745985,51.7556461390603,FALSE
"Vynnycky-1997","base","4_5_4_3_3",0.613258976545499,0.753403036058394,0.00919265090481325,41.5003330162438,FALSE
"Vynnycky-1997","base","5_5_4_3_3",0.632120558828558,0.765429711906202,0.00915214761210115,46.0542448462151,FALSE
"Vynnycky-1997","base","3_3_5_3_3",0.451188363905974,0.632120558828558,0.00844203432165302,52.1005145522818,FALSE
"Vynnycky-1997","base","4_3_5_3_3",0.477954223238984,0.650062250888845,0.00836072291466805,48.2087456505383,FALSE
"Vynnycky-1997","base","5_3_5_3_3",0.50341469620859,0.667128916301921,0.00833736354761316,48.4603165997841,FALSE
"Vynnycky-1997","base","3_4_5_3_3",0.527633447258985,0.698805788087798,0.00910673718176591,48.6674395968717,FALSE
"Vynnycky-1997","base","4_4_5_3_3",0.550671035882778,0.71349520313981,0.00908008377128877,55.5716348785202,FALSE
"Vynnycky-1997","base","5_4_5_3_3",0.572585068051273,0.727468206965987,0.00889557675824537,47.3254967953426,FALSE
"Vynnycky-1997","base","3_5_5_3_3",0.593430340259401,0.753403036058394,0.00967139206409384,47.1478919468049,FALSE
"Vynnycky-1997","base","4_5_5_3_3",0.613258976545499,0.765429711906202,0.00944472047054778,46.0966133900148,FALSE
"Vynnycky-1997","base","5_5_5_3_3",0.632120558828558,0.77686983985157,0.00934083112795692,48.9366126029312,FALSE
"Vynnycky-1997","base","3_3_3_4_3",0.451188363905974,0.593430340259401,0.00797536174873903,56.9761458783902,FALSE
"Vynnycky-1997","base","4_3_3_4_3",0.477954223238984,0.613258976545499,0.00784989401616698,46.5941502552533,FALSE
"Vynnycky-1997","base","5_3_3_4_3",0.50341469620859,0.632120558828558,0.00787770020932854,48.4377887155621,FALSE
"Vynnycky-1997","base","3_4_3_4_3",0.527633447258985,0.667128916301921,0.00862655473635321,46.6761932564934,FALSE
"Vynnycky-1997","base","4_4_3_4_3",0.550671035882778,0.683363230620947,0.00848413041637863,49.2661174883361,FALSE
"Vynnycky-1997","base","5_4_3_4_3",0.572585068051273,0.698805788087798,0.00847814889306586,45.7291467745157,FALSE
"Vynnycky-1997","base","3_5_3_4_3",0.593430340259401,0.727468206965987,0.00925459726196676,45.3925902339861,FALSE
"Vynnycky-1997","base","4_5_3_4_3",0.613258976545499,0.740759739354109,0.00901615074303974,44.1891173501114,FALSE
"Vynnycky-1997","base","5_5_3_4_3",0.632120558828558,0.753403036058394,0.00891754082540841,43.5233092626061,FALSE
"Vynnycky-1997","base","3_3_4_4_3",0.451188363905974,0.613258976545499,0.00830069666742894,50.8522758132709,FALSE
"Vynnycky-1997","base","4_3_4_4_3",0.477954223238984,0.632120558828558,0.00824005889333412,50.5808127856605,FALSE
"Vynnycky-1997","base","5_3_4_4_3",0.50341469620859,0.650062250888845,0.00817645611975681,46.6653320451036,FALSE
"Vynnycky-1997","base","3_4_4_4_3",0.527633447258985,0.683363230620947,0.00890178223490401,55.8327130939891,FALSE
"Vynnycky-1997","base","4_4_4_4_3",0.550671035882778,0.698805788087798,0.00884139721265553,54.9482184321528,FALSE
"Vynnycky-1997","base","5_4_4_4_3",0.572585068051273,0.71349520313981,0.00884883151894056,49.904849880141,FALSE
"Vynnycky-1997","base","3_5_4_4_3",0.593430340259401,0.740759739354109,0.0095066453186694,49.1060272340573,FALSE
"Vynnycky-1997","base","4_5_4_4_3",0.613258976545499,0.753403036058394,0.0093077091032282,49.2367297058027,FALSE
"Vynnycky-1997","base","5_5_4_4_3",0.632120558828558,0.765429711906202,0.00918208429651324,45.26553169705,FALSE
"Vynnycky-1997","base","3_3_5_4_3",0.451188363905974,0.632120558828558,0.0086912644211059,54.471056024795,FALSE
"Vynnycky-1997","base","4_3_5_4_3",0.477954223238984,0.650062250888845,0.0085654078338645,53.5729953771844,FALSE
"Vynnycky-1997","base","5_3_5_4_3",0.50341469620859,0.667128916301921,0.00843595506927342,49.4826807276838,FALSE
"Vynnycky-1997","base","3_4_5_4_3",0.527633447258985,0.698805788087798,0.00927598986949041,59.5110812240557,FALSE
"Vynnycky-1997","base","4_4_5_4_3",0.550671035882778,0.71349520313981,0.00907432752995596,46.178832283289,FALSE
"Vynnycky-1997","base","5_4_5_4_3",0.572585068051273,0.727468206965987,0.00904820683289786,46.075612187263,FALSE
"Vynnycky-1997","base","3_5_5_4_3",0.593430340259401,0.753403036058394,0.00979622962719928,51.704365208338,FALSE
"Vynnycky-1997","base","4_5_5_4_3",0.613258976545499,0.765429711906202,0.00952460199873106,49.8096138465776,FALSE
"Vynnycky-1997","base","5_5_5_4_3",0.632120558828558,0.77686983985157,0.00947935651617404,48.0989274214054,FALSE
"Vynnycky-1997","base","3_3_3_5_3",0.451188363905974,0.593430340259401,0.00812880684790174,53.0481730767904,FALSE
"Vynnycky-1997","base","4_3_3_5_3",0.477954223238984,0.613258976545499,0.00804030770348652,55.6374328900473,FALSE
"Vynnycky-1997","base","5_3_3_5_3",0.50341469620859,0.632120558828558,0.00798011638331919,46.8824966140762,FALSE
"Vynnycky-1997","base","3_4_3_5_3",0.527633447258985,0.667128916301921,0.00877589176789972,46.5981341772684,FALSE
"Vynnycky-1997","base","4_4_3_5_3",0.550671035882778,0.683363230620947,0.00865642520720078,55.8517140889393,FALSE
"Vynnycky-1997","base","5_4_3_5_3",0.572585068051273,0.698805788087798,0.00862160418237901,47.6431085799276,FALSE
"Vynnycky-1997","base","3_5_3_5_3",0.593430340259401,0.727468206965987,0.00928848183855235,48.0831915977018,FALSE
"Vynnycky-1997","base","4_5_3_5_3",0.613258976545499,0.740759739354109,0.00909598420167834,50.881982308303,FALSE
"Vynnycky-1997","base","5_5_3_5_3",0.632120558828558,0.753403036058394,0.00913248360763264,42.5789528471196,FALSE
"Vynnycky-1997","base","3_3_4_5_3",0.451188363905974,0.613258976545499,0.00855397620249332,58.7324474586568,FALSE
"Vynnycky-1997","base","4_3_4_5_3",0.477954223238984,0.632120558828558,0.00839205977335589,56.1113254218526,FALSE
"Vynnycky-1997","base","5_3_4_5_3",0.50341469620859,0.650062250888845,0.00827567548121733,51.3160461985642,FALSE
"Vynnycky-1997","base","3_4_4_5_3",0.527633447258985,0.683363230620947,0.00908090576425802,52.1797299593128,FALSE
"Vynnycky-1997","base","4_4_4_5_3",0.550671035882778,0.698805788087798,0.00905513365523325,48.5803421953886,FALSE
"Vynnycky-1997","base","5_4_4_5_3",0.572585068051273,0.71349520313981,0.00878181909509357,48.7365928330161,FALSE
"Vynnycky-1997","base","3_5_4_5_3",0.593430340259401,0.740759739354109,0.00960114232261022,51.7397933161637,FALSE
"Vynnycky-1997","base","4_5_4_5_3",0.613258976545499,0.753403036058394,0.00931203892803045,49.9772170826944,FALSE
"Vynnycky-1997","base","5_5_4_5_3",0.632120558828558,0.765429711906202,0.00928743164023238,44.8164863729901,FALSE
"Vynnycky-1997","base","3_3_5_5_3",0.451188363905974,0.632120558828558,0.00874748293990291,60.6954287906099,FALSE
"Vynnycky-1997","base","4_3_5_5_3",0.477954223238984,0.650062250888845,0.00870232669519899,57.0977729486702,FALSE
"Vynnycky-1997","base","5_3_5_5_3",0.50341469620859,0.667128916301921,0.0085829636151814,48.9808335850269,FALSE
"Vynnycky-1997","base","3_4_5_5_3",0.527633447258985,0.698805788087798,0.00930816655074551,51.3992012825265,FALSE
"Vynnycky-1997","base","4_4_5_5_3",0.550671035882778,0.71349520313981,0.00913822774891926,52.1001009243548,FALSE
"Vynnycky-1997","base","5_4_5_5_3",0.572585068051273,0.727468206965987,0.00911298112920056,51.3406880026618,FALSE
"Vynnycky-1997","base","3_5_5_5_3",0.593430340259401,0.753403036058394,0.00973013747357632,53.062576795391,FALSE
"Vynnycky-1997","base","4_5_5_5_3",0.613258976545499,0.765429711906202,0.0095772640550168,47.4093748150855,FALSE
"Vynnycky-1997","base","5_5_5_5_3",0.632120558828558,0.77686983985157,0.00946927802755992,48.4316386181091,FALSE
"Vynnycky-1997","base","3_3_3_3_4",0.451188363905974,0.593430340259401,0.00782379447209669,43.7697202724293,FALSE
"Vynnycky-1997","base","4_3_3_3_4",0.477954223238984,0.613258976545499,0.00776452928218085,46.6243597452209,FALSE
"Vynnycky-1997","base","5_3_3_3_4",0.50341469620859,0.632120558828558,0.00769338366833927,41.8126890957333,FALSE
"Vynnycky-1997","base","3_4_3_3_4",0.527633447258985,0.667128916301921,0.00854652645047682,48.3363585932497,FALSE
"Vynnycky-1997","base","4_4_3_3_4",0.550671035882778,0.683363230620947,0.00835833580218215,44.3461338582888,FALSE
"Vynnycky-1997","base","5_4_3_3_4",0.572585068051273,0.698805788087798,0.00829279124776661,42.5158836373434,FALSE
"Vynnycky-1997","base","3_5_3_3_4",0.593430340259401,0.727468206965987,0.00904085559759349,47.0813059410742,FALSE
"Vynnycky-1997","base","4_5_3_3_4",0.613258976545499,0.740759739354109,0.00904175364585647,45.6456129485415,FALSE
"Vynnycky-1997","base","5_5_3_3_4",0.632120558828558,0.753403036058394,0.00885543091812313,37.4032425686748,FALSE
"Vynnycky-1997","base","3_3_4_3_4",0.451188363905974,0.613258976545499,0.00815650610660568,47.7365170026468,FALSE
"Vynnycky-1997","base","4_3_4_3_4",0.477954223238984,0.632120558828558,0.00806206335873894,53.240704922999,FALSE
"Vynnycky-1997","base","5_3_4_3_4",0.50341469620859,0.650062250888845,0.00806868171937702,46.3608554834607,FALSE
"Vynnycky-1997","base","3_4_4_3_4",0.527633447258985,0.683363230620947,0.00879357587235197,51.407067440345,FALSE
"Vynnycky-1997","base","4_4_4_3_4",0.550671035882778,0.698805788087798,0.0087168048376276,47.3720300461316,FALSE
"Vynnycky-1997","base","5_4_4_3_4",0.572585068051273,0.71349520313981,0.00857935620240791,45.4191538127101,FALSE
"Vynnycky-1997","base","3_5_4_3_4",0.593430340259401,0.740759739354109,0.00940387476289584,48.6601562055103,FALSE
"Vynnycky-1997","base","4_5_4_3_4",0.613258976545499,0.753403036058394,0.009158457173157,44.7975102031896,FALSE
"Vynnycky-1997","base","5_5_4_3_4",0.632120558828558,0.765429711906202,0.00920596026684695,46.2691596899433,FALSE
"Vynnycky-1997","base","3_3_5_3_4",0.451188363905974,0.632120558828558,0.00843827743136805,50.8588472010678,FALSE
"Vynnycky-1997","base","4_3_5_3_4",0.477954223238984,0.650062250888845,0.00836674027492934,56.9421350076184,FALSE
"Vynnycky-1997","base","5_3_5_3_4",0.50341469620859,0.667128916301921,0.00833116120305666,50.2417901488318,FALSE
"Vynnycky-1997","base","3_4_5_3_4",0.527633447258985,0.698805788087798,0.00913665354353133,47.5855072008979,FALSE
"Vynnycky-1997","base","4_4_5_3_4",0.550671035882778,0.71349520313981,0.00900810447608391,53.1476316379199,FALSE
"Vynnycky-1997","base","5_4_5_3_4",0.572585068051273,0.727468206965987,0.00895076630937253,48.4050225630405,FALSE
"Vynnycky-1997","base","3_5_5_3_4",0.593430340259401,0.753403036058394,0.00962298979684262,48.8186046350043,FALSE
"Vynnycky-1997","base","4_5_5_3_4",0.613258976545499,0.765429711906202,0.00948117907864787,45.7853783537483,FALSE
"Vynnycky-1997","base","5_5_5_3_4",0.632120558828558,0.77686983985157,0.00941049932373972,46.0128959007123,FALSE
"Vynnycky-1997","base","3_3_3_4_4",0.451188363905974,0.593430340259401,0.00800482322602658,47.1348465190761,FALSE
"Vynnycky-1997","base","4_3_3_4_4",0.477954223238984,0.613258976545499,0.00790922629529955,45.9461244995856,FALSE
"Vynnycky-1997","base","5_3_3_4_4",0.50341469620859,0.632120558828558,0.00781304554762974,45.298637094839,FALSE
"Vynnycky-1997","base","3_4_3_4_4",0.527633447258985,0.667128916301921,0.00861856225055246,46.4070248841406,FALSE
"Vynnycky-1997","base","4_4_3_4_4",0.550671035882778,0.683363230620947,0.00854420501505637,44.8571740404344,FALSE
"Vynnycky-1997","base","5_4_3_4_4",0.572585068051273,0.698805788087798,0.00849939577276115,45.5387896269164,FALSE
"Vynnycky-1997","base","3_5_3_4_4",0.593430340259401,0.727468206965987,0.00919806440916959,49.8364408876442,FALSE
"Vynnycky-1997","base","4_5_3_4_4",0.613258976545499,0.740759739354109,0.00916859255596014,47.8914871634338,FALSE
"Vynnycky-1997","base","5_5_3_4_4",0.632120558828558,0.753403036058394,0.00893375523731632,48.0555608672754,FALSE
"Vynnycky-1997","base","3_3_4_4_4",0.451188363905974,0.613258976545499,0.00830858460736783,54.4943422595005,FALSE
"Vynnycky-1997","base","4_3_4_4_4",0.477954223238984,0.632120558828558,0.00815866735708104,48.7437251621085,FALSE
"Vynnycky-1997","base","5_3_4_4_4",0.50341469620859,0.650062250888845,0.00809558357031503,51.2140611735665,FALSE
"Vynnycky-1997","base","3_4_4_4_4",0.527633447258985,0.683363230620947,0.00890813364735976,52.2648171667475,FALSE
"Vynnycky-1997","base","5_4_4_4_4",0.572585068051273,0.71349520313981,0.00873780865636564,45.4390895611903,FALSE
"Vynnycky-1997","base","3_5_4_4_4",0.593430340259401,0.740759739354109,0.00948423817527422,51.8450282195644,FALSE
"Vynnycky-1997","base","4_5_4_4_4",0.613258976545499,0.753403036058394,0.00932631254559402,50.2839619096429,FALSE
"Vynnycky-1997","base","5_5_4_4_4",0.632120558828558,0.765429711906202,0.00917150955599955,46.9579055958006,FALSE
"Vynnycky-1997","base","3_3_5_4_4",0.451188363905974,0.632120558828558,0.0086166892268521,54.3047776245816,FALSE
"Vynnycky-1997","base","4_3_5_4_4",0.477954223238984,0.650062250888845,0.0085429277475817,52.3853383317877,FALSE
"Vynnycky-1997","base","5_3_5_4_4",0.50341469620859,0.667128916301921,0.00849752408322835,51.256324190972,FALSE
"Vynnycky-1997","base","3_4_5_4_4",0.527633447258985,0.698805788087798,0.00926383589019053,59.2099787462141,FALSE
"Vynnycky-1997","base","4_4_5_4_4",0.550671035882778,0.71349520313981,0.00914431021000306,52.5996577236133,FALSE
"Vynnycky-1997","base","5_4_5_4_4",0.572585068051273,0.727468206965987,0.00905739559068908,53.5994316269298,FALSE
"Vynnycky-1997","base","3_5_5_4_4",0.593430340259401,0.753403036058394,0.00967781841607984,54.7162470160163,FALSE
"Vynnycky-1997","base","4_5_5_4_4",0.613258976545499,0.765429711906202,0.00953466279236681,48.6587355954555,FALSE
"Vynnycky-1997","base","5_5_5_4_4",0.632120558828558,0.77686983985157,0.00931177537122208,45.2582379290059,FALSE
"Vynnycky-1997","base","3_3_3_5_4",0.451188363905974,0.593430340259401,0.00816072076406504,51.3185045545079,FALSE
"Vynnycky-1997","base","4_3_3_5_4",0.477954223238984,0.613258976545499,0.00805572946649302,47.3697741353726,FALSE
"Vynnycky-1997","base","5_3_3_5_4",0.50341469620859,0.632120558828558,0.00791932631560222,45.7336869805013,FALSE
"Vynnycky-1997","base","3_4_3_5_4",0.527633447258985,0.667128916301921,0.00878272315844963,49.2422000357492,FALSE
"Vynnycky-1997","base","4_4_3_5_4",0.550671035882778,0.683363230620947,0.00863658504420439,50.0692793535474,FALSE
"Vynnycky-1997","base","5_4_3_5_4",0.572585068051273,0.698805788087798,0.00857200739727937,45.7115880664484,FALSE
"Vynnycky-1997","base","3_5_3_5_4",0.593430340259401,0.727468206965987,0.00934878445790055,50.5039459367286,FALSE
"Vynnycky-1997","base","4_5_3_5_4",0.613258976545499,0.740759739354109,0.00914613828906774,44.7094913546903,FALSE
"Vynnycky-1997","base","5_5_3_5_4",0.632120558828558,0.753403036058394,0.0090873712451317,49.7044677469514,FALSE
"Vynnycky-1997","base","3_3_4_5_4",0.451188363905974,0.613258976545499,0.00848541508677214,57.602497441832,FALSE
"Vynnycky-1997","base","4_3_4_5_4",0.477954223238984,0.632120558828558,0.00838324609468755,50.8762044336996,FALSE
"Vynnycky-1997","base","5_3_4_5_4",0.50341469620859,0.650062250888845,0.00827391137987066,54.4140167425773,FALSE
"Vynnycky-1997","base","3_4_4_5_4",0.527633447258985,0.683363230620947,0.00911278550528827,51.1657381540618,FALSE
"Vynnycky-1997","base","4_4_4_5_4",0.550671035882778,0.698805788087798,0.00896199598910974,48.1758068126597,FALSE
"Vynnycky-1997","base","5_4_4_5_4",0.572585068051273,0.71349520313981,0.00883657252658721,45.2454779257577,FALSE
"Vynnycky-1997","base","3_5_4_5_4",0.593430340259401,0.740759739354109,0.00957774145405754,46.9579401648589,FALSE
"Vynnycky-1997","base","4_5_4_5_4",0.613258976545499,0.753403036058394,0.00942904676012779,52.4619212300307,FALSE
"Vynnycky-1997","base","5_5_4_5_4",0.632120558828558,0.765429711906202,0.00921371280905636,45.7027567037555,FALSE
"Vynnycky-1997","base","3_3_5_5_4",0.451188363905974,0.632120558828558,0.00881417109940463,56.465487082189,FALSE
"Vynnycky-1997","base","4_3_5_5_4",0.477954223238984,0.650062250888845,0.00858176155393908,49.4426938434564,FALSE
"Vynnycky-1997","base","5_3_5_5_4",0.50341469620859,0.667128916301921,0.00860189891123719,51.7944160877095,FALSE
"Vynnycky-1997","base","3_4_5_5_4",0.527633447258985,0.698805788087798,0.00935431736852632,56.119708116103,FALSE
"Vynnycky-1997","base","4_4_5_5_4",0.550671035882778,0.71349520313981,0.00918578314884788,46.7685280983182,FALSE
"Vynnycky-1997","base","5_4_5_5_4",0.572585068051273,0.727468206965987,0.00910875106238884,54.6921840755534,FALSE
"Vynnycky-1997","base","3_5_5_5_4",0.593430340259401,0.753403036058394,0.00976795274071585,52.4028377670228,FALSE
"Vynnycky-1997","base","4_5_5_5_4",0.613258976545499,0.765429711906202,0.00961344266819408,50.4217722438035,FALSE
"Vynnycky-1997","base","5_5_5_5_4",0.632120558828558,0.77686983985157,0.00950012792015265,43.324467443161,FALSE
"Vynnycky-1997","base","3_3_3_3_5",0.451188363905974,0.593430340259401,0.00777248964493726,47.6892799143549,FALSE
"Vynnycky-1997","base","4_3_3_3_5",0.477954223238984,0.613258976545499,0.00783997433959471,48.9901010560977,FALSE
"Vynnycky-1997","base","5_3_3_3_5",0.50341469620859,0.632120558828558,0.00764487272709435,47.0620814250367,FALSE
"Vynnycky-1997","base","3_4_3_3_5",0.527633447258985,0.667128916301921,0.00852810568517337,48.8101902017926,FALSE
"Vynnycky-1997","base","4_4_3_3_5",0.550671035882778,0.683363230620947,0.00839718751708241,47.3687200182004,FALSE
"Vynnycky-1997","base","5_4_3_3_5",0.572585068051273,0.698805788087798,0.00834139629363639,45.3225162476417,FALSE
"Vynnycky-1997","base","3_5_3_3_5",0.593430340259401,0.727468206965987,0.00900066484017548,44.0187282963105,FALSE
"Vynnycky-1997","base","4_5_3_3_5",0.613258976545499,0.740759739354109,0.00898369340452121,48.0286500054975,FALSE
"Vynnycky-1997","base","5_5_3_3_5",0.632120558828558,0.753403036058394,0.00879595180112314,45.7948779973602,FALSE
"Vynnycky-1997","base","3_3_4_3_5",0.451188363905974,0.613258976545499,0.00817246442175168,48.7045821928761,FALSE
"Vynnycky-1997","base","4_3_4_3_5",0.477954223238984,0.632120558828558,0.00808393171678456,48.1582456200652,FALSE
"Vynnycky-1997","base","5_3_4_3_5",0.50341469620859,0.650062250888845,0.00797897063395647,50.7936018416452,FALSE
"Vynnycky-1997","base","3_4_4_3_5",0.527633447258985,0.683363230620947,0.00878929986256605,48.5901347625659,FALSE
"Vynnycky-1997","base","4_4_4_3_5",0.550671035882778,0.698805788087798,0.00871318872417604,49.6952897778319,FALSE
"Vynnycky-1997","base","5_4_4_3_5",0.572585068051273,0.71349520313981,0.00863428345809203,45.8955073975085,FALSE
"Vynnycky-1997","base","3_5_4_3_5",0.593430340259401,0.740759739354109,0.00938874150718683,52.433996299351,FALSE
"Vynnycky-1997","base","4_5_4_3_5",0.613258976545499,0.753403036058394,0.00930114486343891,45.4441630783563,FALSE
"Vynnycky-1997","base","5_5_4_3_5",0.632120558828558,0.765429711906202,0.00910031891563357,44.628900707203,FALSE
"Vynnycky-1997","base","3_3_5_3_5",0.451188363905974,0.632120558828558,0.00846506002157332,50.9955979702663,FALSE
"Vynnycky-1997","base","4_3_5_3_5",0.477954223238984,0.650062250888845,0.00832480157081372,56.7993258622078,FALSE
"Vynnycky-1997","base","5_3_5_3_5",0.50341469620859,0.667128916301921,0.00830379327560071,48.896108508784,FALSE
"Vynnycky-1997","base","3_4_5_3_5",0.527633447258985,0.698805788087798,0.00907716151331583,52.7740937087279,FALSE
"Vynnycky-1997","base","4_4_5_3_5",0.550671035882778,0.71349520313981,0.00893389017168433,50.2727488430826,FALSE
"Vynnycky-1997","base","5_4_5_3_5",0.572585068051273,0.727468206965987,0.00889573603613303,47.5454848935437,FALSE
"Vynnycky-1997","base","3_5_5_3_5",0.593430340259401,0.753403036058394,0.00962216823616335,52.2879043613579,FALSE
"Vynnycky-1997","base","4_5_5_3_5",0.613258976545499,0.765429711906202,0.00945717584201144,46.6578679833028,FALSE
"Vynnycky-1997","base","5_5_5_3_5",0.632120558828558,0.77686983985157,0.0093264868470917,47.0663833146,FALSE
"Vynnycky-1997","base","3_3_3_4_5",0.451188363905974,0.593430340259401,0.00797534257551935,47.4497581389441,FALSE
"Vynnycky-1997","base","4_3_3_4_5",0.477954223238984,0.613258976545499,0.00787735599441264,46.322184377162,FALSE
"Vynnycky-1997","base","5_3_3_4_5",0.50341469620859,0.632120558828558,0.00782427066079161,46.9360661260406,FALSE
"Vynnycky-1997","base","3_4_3_4_5",0.527633447258985,0.667128916301921,0.00855197722742473,46.7787318222223,FALSE
"Vynnycky-1997","base","4_4_3_4_5",0.550671035882778,0.683363230620947,0.00851964171432529,47.6033203404581,FALSE
"Vynnycky-1997","base","5_4_3_4_5",0.572585068051273,0.698805788087798,0.00852307946598152,46.712169632589,FALSE
"Vynnycky-1997","base","3_5_3_4_5",0.593430340259401,0.727468206965987,0.00923104231761607,44.5493579293695,FALSE
"Vynnycky-1997","base","4_5_3_4_5",0.613258976545499,0.740759739354109,0.00906672279388387,41.8665533171813,FALSE
"Vynnycky-1997","base","5_5_3_4_5",0.632120558828558,0.753403036058394,0.00904845409958321,48.9555063149001,FALSE
"Vynnycky-1997","base","3_3_4_4_5",0.451188363905974,0.613258976545499,0.00829332084067325,56.252394033644,FALSE
"Vynnycky-1997","base","4_3_4_4_5",0.477954223238984,0.632120558828558,0.00819292368472035,45.5930860584786,FALSE
"Vynnycky-1997","base","5_3_4_4_5",0.50341469620859,0.650062250888845,0.00818580220357723,52.0174552541225,FALSE
"Vynnycky-1997","base","3_4_4_4_5",0.527633447258985,0.683363230620947,0.00898361177138596,51.5566787710091,FALSE
"Vynnycky-1997","base","4_4_4_4_5",0.550671035882778,0.698805788087798,0.0088494639336818,51.2346724652847,FALSE
"Vynnycky-1997","base","5_4_4_4_5",0.572585068051273,0.71349520313981,0.00877678850364827,45.2120323144802,FALSE
"Vynnycky-1997","base","3_5_4_4_5",0.593430340259401,0.740759739354109,0.00946146552086857,46.0510355099467,FALSE
"Vynnycky-1997","base","4_5_4_4_5",0.613258976545499,0.753403036058394,0.00930177678993405,46.1977256798957,FALSE
"Vynnycky-1997","base","5_5_4_4_5",0.632120558828558,0.765429711906202,0.00925165467266842,47.410750074964,FALSE
"Vynnycky-1997","base","3_3_5_4_5",0.451188363905974,0.632120558828558,0.00871641212039076,52.3432697701695,FALSE
"Vynnycky-1997","base","4_3_5_4_5",0.477954223238984,0.650062250888845,0.00851852248730078,52.011016768747,FALSE
"Vynnycky-1997","base","5_3_5_4_5",0.50341469620859,0.667128916301921,0.00854925653540162,53.9382362326107,FALSE
"Vynnycky-1997","base","3_4_5_4_5",0.527633447258985,0.698805788087798,0.00923179663998142,50.3592643368012,FALSE
"Vynnycky-1997","base","4_4_5_4_5",0.550671035882778,0.71349520313981,0.0091425700598996,51.8786882084036,FALSE
"Vynnycky-1997","base","5_4_5_4_5",0.572585068051273,0.727468206965987,0.00899255946549837,48.6113927693745,FALSE
"Vynnycky-1997","base","3_5_5_4_5",0.593430340259401,0.753403036058394,0.00960356940767382,51.4562417862194,FALSE
"Vynnycky-1997","base","4_5_5_4_5",0.613258976545499,0.765429711906202,0.00948287606936882,50.8664534117919,FALSE
"Vynnycky-1997","base","5_5_5_4_5",0.632120558828558,0.77686983985157,0.00940133443970026,47.2554229418505,FALSE
"Vynnycky-1997","base","3_3_3_5_5",0.451188363905974,0.593430340259401,0.00811926317062595,50.0330416913925,FALSE
"Vynnycky-1997","base","4_3_3_5_5",0.477954223238984,0.613258976545499,0.00808550861575386,51.0879481901146,FALSE
"Vynnycky-1997","base","5_3_3_5_5",0.50341469620859,0.632120558828558,0.00794787683198961,44.86939840576,FALSE
"Vynnycky-1997","base","3_4_3_5_5",0.527633447258985,0.667128916301921,0.00878478806441885,52.0305243483208,FALSE
"Vynnycky-1997","base","4_4_3_5_5",0.550671035882778,0.683363230620947,0.00855404239586655,48.0288267614417,FALSE
"Vynnycky-1997","base","5_4_3_5_5",0.572585068051273,0.698805788087798,0.0085484563375855,47.033813423941,FALSE
"Vynnycky-1997","base","3_5_3_5_5",0.593430340259401,0.727468206965987,0.0093381935267236,48.2432462183379,FALSE
"Vynnycky-1997","base","4_5_3_5_5",0.613258976545499,0.740759739354109,0.00915863511088766,46.1931275816836,FALSE
"Vynnycky-1997","base","5_5_3_5_5",0.632120558828558,0.753403036058394,0.00902413864979357,44.4389292100394,FALSE
"Vynnycky-1997","base","3_3_4_5_5",0.451188363905974,0.613258976545499,0.00850753451921371,53.0997072297813,FALSE
"Vynnycky-1997","base","4_3_4_5_5",0.477954223238984,0.632120558828558,0.00839887319557164,48.8130492804127,FALSE
"Vynnycky-1997","base","5_3_4_5_5",0.50341469620859,0.650062250888845,0.00828636881226341,50.732612244845,FALSE
"Vynnycky-1997","base","3_4_4_5_5",0.527633447258985,0.683363230620947,0.00904702131187796,54.9301094058758,FALSE
"Vynnycky-1997","base","4_4_4_5_5",0.550671035882778,0.698805788087798,0.00895477156885238,52.0055153092365,FALSE
"Vynnycky-1997","base","5_4_4_5_5",0.572585068051273,0.71349520313981,0.00887011777970326,54.1103140806135,FALSE
"Vynnycky-1997","base","3_5_4_5_5",0.593430340259401,0.740759739354109,0.00947310425282355,49.5852101969814,FALSE
"Vynnycky-1997","base","4_5_4_5_5",0.613258976545499,0.753403036058394,0.00937300058772161,48.1645283023717,FALSE
"Vynnycky-1997","base","5_5_4_5_5",0.632120558828558,0.765429711906202,0.00922849673494197,49.4332670050327,FALSE
"Vynnycky-1997","base","3_3_5_5_5",0.451188363905974,0.632120558828558,0.00883137161033243,53.8965810262027,FALSE
"Vynnycky-1997","base","4_3_5_5_5",0.477954223238984,0.650062250888845,0.00867779365068411,52.7050439445513,FALSE
"Vynnycky-1997","base","5_3_5_5_5",0.50341469620859,0.667128916301921,0.00858791709457363,58.3449677252772,FALSE
"Vynnycky-1997","base","3_4_5_5_5",0.527633447258985,0.698805788087798,0.00948659454972822,54.8964908410357,FALSE
"Vynnycky-1997","base","4_4_5_5_5",0.550671035882778,0.71349520313981,0.00928311497773848,52.809258472176,FALSE
"Vynnycky-1997","base","5_4_5_5_5",0.572585068051273,0.727468206965987,0.00909004147540537,50.8620576183338,FALSE
"Vynnycky-1997","base","3_5_5_5_5",0.593430340259401,0.753403036058394,0.00978501424822997,55.0057014729508,FALSE
"Vynnycky-1997","base","4_5_5_5_5",0.613258976545499,0.765429711906202,0.00962509919503252,51.7215672259423,FALSE
"Vynnycky-1997","min","1_1_1_1_1",0.181269246922018,0.259181779318282,0.00345830599237407,20.8893105605495,FALSE
"Vynnycky-1997","min","2_2_2_2_2",0.329679953964361,0.451188363905974,0.00587888611649867,29.5244133743748,FALSE
"Vynnycky-1997","min","3_3_3_3_3",0.451188363905974,0.593430340259401,0.00743662220279162,35.1885880017335,FALSE
"Vynnycky-1997","min","4_4_4_4_4",0.550671035882778,0.698805788087798,0.00844447029415452,37.8900853354879,FALSE
"Vynnycky-1997","min","5_5_5_5_5",0.632120558828558,0.77686983985157,0.0090782941925609,30.0605422596145,FALSE
"Vynnycky-1997","min","4_3_3_3_3",0.477954223238984,0.613258976545499,0.0073652368049637,30.6011902311895,FALSE
"Vynnycky-1997","min","5_3_3_3_3",0.50341469620859,0.632120558828558,0.00718557483809179,32.5565688853208,FALSE
"Vynnycky-1997","min","3_4_3_3_3",0.527633447258985,0.667128916301921,0.00813962519142764,31.4593209060518,FALSE
"Vynnycky-1997","min","4_4_3_3_3",0.550671035882778,0.683363230620947,0.00802698018907932,32.9991672884364,FALSE
"Vynnycky-1997","min","5_4_3_3_3",0.572585068051273,0.698805788087798,0.00795023924144089,31.7313955613299,FALSE
"Vynnycky-1997","min","3_5_3_3_3",0.593430340259401,0.727468206965987,0.00864205054082678,31.6137956007409,FALSE
"Vynnycky-1997","min","4_5_3_3_3",0.613258976545499,0.740759739354109,0.00850191260920008,27.6768442453666,FALSE
"Vynnycky-1997","min","5_5_3_3_3",0.632120558828558,0.753403036058394,0.008385481454941,28.4212074515277,FALSE
"Vynnycky-1997","min","3_3_4_3_3",0.451188363905974,0.613258976545499,0.00780208501542334,42.4493505661999,FALSE
"Vynnycky-1997","min","4_3_4_3_3",0.477954223238984,0.632120558828558,0.0077369373970686,31.2870701294894,FALSE
"Vynnycky-1997","min","5_3_4_3_3",0.50341469620859,0.650062250888845,0.00764123299892538,32.1272498434553,FALSE
"Vynnycky-1997","min","3_4_4_3_3",0.527633447258985,0.683363230620947,0.00845588337308756,32.1081722146635,FALSE
"Vynnycky-1997","min","4_4_4_3_3",0.550671035882778,0.698805788087798,0.00824785200716849,34.4642993725495,FALSE
"Vynnycky-1997","min","5_4_4_3_3",0.572585068051273,0.71349520313981,0.00819780984270302,32.1319327432342,FALSE
"Vynnycky-1997","min","3_5_4_3_3",0.593430340259401,0.740759739354109,0.00889542122249598,33.3968107353938,FALSE
"Vynnycky-1997","min","4_5_4_3_3",0.613258976545499,0.753403036058394,0.00878527605352963,33.0401653471603,FALSE
"Vynnycky-1997","min","5_5_4_3_3",0.632120558828558,0.765429711906202,0.00863930277068203,31.2780876053983,FALSE
"Vynnycky-1997","min","3_3_5_3_3",0.451188363905974,0.632120558828558,0.00821432610019179,41.5608508424507,FALSE
"Vynnycky-1997","min","4_3_5_3_3",0.477954223238984,0.650062250888845,0.00804110513562595,38.6962552246927,FALSE
"Vynnycky-1997","min","5_3_5_3_3",0.50341469620859,0.667128916301921,0.00787959635743896,38.976728684067,FALSE
"Vynnycky-1997","min","3_4_5_3_3",0.527633447258985,0.698805788087798,0.00871013917343533,33.1507295848574,FALSE
"Vynnycky-1997","min","4_4_5_3_3",0.550671035882778,0.71349520313981,0.00851535994504182,31.9933409590659,FALSE
"Vynnycky-1997","min","5_4_5_3_3",0.572585068051273,0.727468206965987,0.00847813029739775,32.7203518610198,FALSE
"Vynnycky-1997","min","3_5_5_3_3",0.593430340259401,0.753403036058394,0.00917326553688624,36.5302113292704,FALSE
"Vynnycky-1997","min","4_5_5_3_3",0.613258976545499,0.765429711906202,0.00897848601984863,34.0153484220064,FALSE
"Vynnycky-1997","min","5_5_5_3_3",0.632120558828558,0.77686983985157,0.00885274007723469,29.5583280983138,FALSE
"Vynnycky-1997","min","3_3_3_4_3",0.451188363905974,0.593430340259401,0.00764514789552084,35.2417798365187,FALSE
"Vynnycky-1997","min","4_3_3_4_3",0.477954223238984,0.613258976545499,0.00756756900329891,37.1703530715942,FALSE
"Vynnycky-1997","min","5_3_3_4_3",0.50341469620859,0.632120558828558,0.0075555806130736,32.3123903371629,FALSE
"Vynnycky-1997","min","3_4_3_4_3",0.527633447258985,0.667128916301921,0.00828970313700417,32.3017312703192,FALSE
"Vynnycky-1997","min","4_4_3_4_3",0.550671035882778,0.683363230620947,0.00817970631766318,30.3986508361682,FALSE
"Vynnycky-1997","min","5_4_3_4_3",0.572585068051273,0.698805788087798,0.00797794446752398,33.7141531534766,FALSE
"Vynnycky-1997","min","3_5_3_4_3",0.593430340259401,0.727468206965987,0.0088322408316629,29.4629145855841,FALSE
"Vynnycky-1997","min","4_5_3_4_3",0.613258976545499,0.740759739354109,0.00864300999667844,29.5524422604809,FALSE
"Vynnycky-1997","min","5_5_3_4_3",0.632120558828558,0.753403036058394,0.00852061853962083,28.754783855062,FALSE
"Vynnycky-1997","min","3_3_4_4_3",0.451188363905974,0.613258976545499,0.00801545906518786,32.9473883968772,FALSE
"Vynnycky-1997","min","4_3_4_4_3",0.477954223238984,0.632120558828558,0.00790237080416767,35.9810728440397,FALSE
"Vynnycky-1997","min","5_3_4_4_3",0.50341469620859,0.650062250888845,0.00783899598934301,33.4026997773491,FALSE
"Vynnycky-1997","min","3_4_4_4_3",0.527633447258985,0.683363230620947,0.00860829254418627,34.3109887099847,FALSE
"Vynnycky-1997","min","4_4_4_4_3",0.550671035882778,0.698805788087798,0.00845108556389096,29.8484410677633,FALSE
"Vynnycky-1997","min","5_4_4_4_3",0.572585068051273,0.71349520313981,0.00841677463269019,35.8240395666538,FALSE
"Vynnycky-1997","min","3_5_4_4_3",0.593430340259401,0.740759739354109,0.0089939883296245,33.3669337007283,FALSE
"Vynnycky-1997","min","4_5_4_4_3",0.613258976545499,0.753403036058394,0.00893848921561891,33.0110386947002,FALSE
"Vynnycky-1997","min","5_5_4_4_3",0.632120558828558,0.765429711906202,0.00878908546561097,29.3675832774941,FALSE
"Vynnycky-1997","min","3_3_5_4_3",0.451188363905974,0.632120558828558,0.00832796920259804,35.1431300314741,FALSE
"Vynnycky-1997","min","4_3_5_4_3",0.477954223238984,0.650062250888845,0.00820368575149555,36.1833254103419,FALSE
"Vynnycky-1997","min","5_3_5_4_3",0.50341469620859,0.667128916301921,0.00816513688409737,34.0507080332797,FALSE
"Vynnycky-1997","min","3_4_5_4_3",0.527633447258985,0.698805788087798,0.00886509142321457,36.4643866892696,FALSE
"Vynnycky-1997","min","4_4_5_4_3",0.550671035882778,0.71349520313981,0.00873782657442601,39.2695895846351,FALSE
"Vynnycky-1997","min","5_4_5_4_3",0.572585068051273,0.727468206965987,0.00856119553595569,33.461083566239,FALSE
"Vynnycky-1997","min","3_5_5_4_3",0.593430340259401,0.753403036058394,0.0092859470085741,34.7313285418201,FALSE
"Vynnycky-1997","min","4_5_5_4_3",0.613258976545499,0.765429711906202,0.0091026658046609,32.5289673575874,FALSE
"Vynnycky-1997","min","5_5_5_4_3",0.632120558828558,0.77686983985157,0.00896531204622431,31.8654612626392,FALSE
"Vynnycky-1997","min","3_3_3_5_3",0.451188363905974,0.593430340259401,0.0077821978930519,42.2519275689232,FALSE
"Vynnycky-1997","min","4_3_3_5_3",0.477954223238984,0.613258976545499,0.0077108092310243,35.2337146255828,FALSE
"Vynnycky-1997","min","5_3_3_5_3",0.50341469620859,0.632120558828558,0.00755715033267035,38.2225585162882,FALSE
"Vynnycky-1997","min","3_4_3_5_3",0.527633447258985,0.667128916301921,0.00847126933633802,36.0214073263266,FALSE
"Vynnycky-1997","min","4_4_3_5_3",0.550671035882778,0.683363230620947,0.00829482346746413,31.6644827194358,FALSE
"Vynnycky-1997","min","5_4_3_5_3",0.572585068051273,0.698805788087798,0.00817333608633808,34.3907737304483,FALSE
"Vynnycky-1997","min","3_5_3_5_3",0.593430340259401,0.727468206965987,0.00892347749085787,39.9417487006045,FALSE
"Vynnycky-1997","min","4_5_3_5_3",0.613258976545499,0.740759739354109,0.00873481732662673,32.6618482960145,FALSE
"Vynnycky-1997","min","5_5_3_5_3",0.632120558828558,0.753403036058394,0.00871419126832151,31.9702712032221,FALSE
"Vynnycky-1997","min","3_3_4_5_3",0.451188363905974,0.613258976545499,0.00821665585971143,42.9022904784277,FALSE
"Vynnycky-1997","min","4_3_4_5_3",0.477954223238984,0.632120558828558,0.00800389258605427,37.4475425081109,FALSE
"Vynnycky-1997","min","5_3_4_5_3",0.50341469620859,0.650062250888845,0.00795703019017391,36.3035800889674,FALSE
"Vynnycky-1997","min","3_4_4_5_3",0.527633447258985,0.683363230620947,0.00871850824943032,36.2963964711477,FALSE
"Vynnycky-1997","min","4_4_4_5_3",0.550671035882778,0.698805788087798,0.00861263478031993,32.5847457609862,FALSE
"Vynnycky-1997","min","5_4_4_5_3",0.572585068051273,0.71349520313981,0.00847859385663452,31.687384635207,FALSE
"Vynnycky-1997","min","3_5_4_5_3",0.593430340259401,0.740759739354109,0.00916724729094776,34.3793960381617,FALSE
"Vynnycky-1997","min","4_5_4_5_3",0.613258976545499,0.753403036058394,0.0090489315668042,33.5775307352019,FALSE
"Vynnycky-1997","min","5_5_4_5_3",0.632120558828558,0.765429711906202,0.00882717497663443,33.1747136266727,FALSE
"Vynnycky-1997","min","3_3_5_5_3",0.451188363905974,0.632120558828558,0.00847822187598446,46.4163725912202,FALSE
"Vynnycky-1997","min","4_3_5_5_3",0.477954223238984,0.650062250888845,0.00833956842961991,38.0563452091844,FALSE
"Vynnycky-1997","min","5_3_5_5_3",0.50341469620859,0.667128916301921,0.00828585928469716,38.3000667716726,FALSE
"Vynnycky-1997","min","3_4_5_5_3",0.527633447258985,0.698805788087798,0.00893823817296691,39.0316303387051,FALSE
"Vynnycky-1997","min","4_4_5_5_3",0.550671035882778,0.71349520313981,0.00882198334533846,38.4586831431342,FALSE
"Vynnycky-1997","min","5_4_5_5_3",0.572585068051273,0.727468206965987,0.00867975630320605,35.1389466304044,FALSE
"Vynnycky-1997","min","3_5_5_5_3",0.593430340259401,0.753403036058394,0.00941589303786772,35.8182539029474,FALSE
"Vynnycky-1997","min","4_5_5_5_3",0.613258976545499,0.765429711906202,0.00920381630615641,37.6520876544673,FALSE
"Vynnycky-1997","min","5_5_5_5_3",0.632120558828558,0.77686983985157,0.00909314954606411,31.2265584406157,FALSE
"Vynnycky-1997","min","3_3_3_3_4",0.451188363905974,0.593430340259401,0.00738963013802163,32.5467479074985,FALSE
"Vynnycky-1997","min","4_3_3_3_4",0.477954223238984,0.613258976545499,0.00742143576965593,31.6815785922227,FALSE
"Vynnycky-1997","min","5_3_3_3_4",0.50341469620859,0.632120558828558,0.00730751430821386,27.8902545421751,FALSE
"Vynnycky-1997","min","3_4_3_3_4",0.527633447258985,0.667128916301921,0.00814524040444597,35.6731525816823,FALSE
"Vynnycky-1997","min","4_4_3_3_4",0.550671035882778,0.683363230620947,0.00806916899210541,32.1760805447025,FALSE
"Vynnycky-1997","min","5_4_3_3_4",0.572585068051273,0.698805788087798,0.00797297850800138,27.8695992725617,FALSE
"Vynnycky-1997","min","3_5_3_3_4",0.593430340259401,0.727468206965987,0.00865103374650522,28.3364461845829,FALSE
"Vynnycky-1997","min","4_5_3_3_4",0.613258976545499,0.740759739354109,0.00852231001066506,30.174401609562,FALSE
"Vynnycky-1997","min","5_5_3_3_4",0.632120558828558,0.753403036058394,0.00841724209214145,24.4058416358534,FALSE
"Vynnycky-1997","min","3_3_4_3_4",0.451188363905974,0.613258976545499,0.00786634826600385,42.2571205439775,FALSE
"Vynnycky-1997","min","4_3_4_3_4",0.477954223238984,0.632120558828558,0.00772635004505484,34.1247078952937,FALSE
"Vynnycky-1997","min","5_3_4_3_4",0.50341469620859,0.650062250888845,0.00764040865040383,31.9466902456673,FALSE
"Vynnycky-1997","min","3_4_4_3_4",0.527633447258985,0.683363230620947,0.0085784343569979,33.7836953883914,FALSE
"Vynnycky-1997","min","4_4_4_3_4",0.550671035882778,0.698805788087798,0.00832978470406687,30.4275999510046,FALSE
"Vynnycky-1997","min","5_4_4_3_4",0.572585068051273,0.71349520313981,0.00820894397915739,34.3693238306995,FALSE
"Vynnycky-1997","min","3_5_4_3_4",0.593430340259401,0.740759739354109,0.00892080456881195,33.412290978624,FALSE
"Vynnycky-1997","min","4_5_4_3_4",0.613258976545499,0.753403036058394,0.00877054204358474,32.4624260906668,FALSE
"Vynnycky-1997","min","5_5_4_3_4",0.632120558828558,0.765429711906202,0.00870062316285358,30.4010295072009,FALSE
"Vynnycky-1997","min","3_3_5_3_4",0.451188363905974,0.632120558828558,0.00823034686211277,43.3069483922446,FALSE
"Vynnycky-1997","min","4_3_5_3_4",0.477954223238984,0.650062250888845,0.00811089205270366,36.7750811282418,FALSE
"Vynnycky-1997","min","5_3_5_3_4",0.50341469620859,0.667128916301921,0.00790789703618167,34.1256445976737,FALSE
"Vynnycky-1997","min","3_4_5_3_4",0.527633447258985,0.698805788087798,0.0087528733007235,32.0160009799876,FALSE
"Vynnycky-1997","min","4_4_5_3_4",0.550671035882778,0.71349520313981,0.00862260713235985,34.2946222324906,FALSE
"Vynnycky-1997","min","5_4_5_3_4",0.572585068051273,0.727468206965987,0.0085155142144534,28.7129015981178,FALSE
"Vynnycky-1997","min","3_5_5_3_4",0.593430340259401,0.753403036058394,0.00917556680504716,37.167958283635,FALSE
"Vynnycky-1997","min","4_5_5_3_4",0.613258976545499,0.765429711906202,0.0090206995977351,33.5376563702498,FALSE
"Vynnycky-1997","min","5_5_5_3_4",0.632120558828558,0.77686983985157,0.00876951017512984,31.6569810609657,FALSE
"Vynnycky-1997","min","3_3_3_4_4",0.451188363905974,0.593430340259401,0.00761953920443303,34.7866117081462,FALSE
"Vynnycky-1997","min","4_3_3_4_4",0.477954223238984,0.613258976545499,0.00751099836829305,33.22582716866,FALSE
"Vynnycky-1997","min","5_3_3_4_4",0.50341469620859,0.632120558828558,0.00746373338053929,36.5790199605695,FALSE
"Vynnycky-1997","min","3_4_3_4_4",0.527633447258985,0.667128916301921,0.00831443477163407,35.8516379943356,FALSE
"Vynnycky-1997","min","4_4_3_4_4",0.550671035882778,0.683363230620947,0.00818656810146867,31.3776155947789,FALSE
"Vynnycky-1997","min","5_4_3_4_4",0.572585068051273,0.698805788087798,0.0080172885761236,29.9760140847237,FALSE
"Vynnycky-1997","min","3_5_3_4_4",0.593430340259401,0.727468206965987,0.00881354310883453,30.8125391322395,FALSE
"Vynnycky-1997","min","4_5_3_4_4",0.613258976545499,0.740759739354109,0.00864746461119603,30.2074343222874,FALSE
"Vynnycky-1997","min","5_5_3_4_4",0.632120558828558,0.753403036058394,0.0085469219031532,32.0930816196848,FALSE
"Vynnycky-1997","min","3_3_4_4_4",0.451188363905974,0.613258976545499,0.0079074188309598,37.5794542297846,FALSE
"Vynnycky-1997","min","4_3_4_4_4",0.477954223238984,0.632120558828558,0.00787719394965258,36.0065075517381,FALSE
"Vynnycky-1997","min","5_3_4_4_4",0.50341469620859,0.650062250888845,0.00775962839492306,37.3224431441198,FALSE
"Vynnycky-1997","min","3_4_4_4_4",0.527633447258985,0.683363230620947,0.0085676521556749,33.9314107165406,FALSE
"Vynnycky-1997","min","5_4_4_4_4",0.572585068051273,0.71349520313981,0.0082627755491117,35.3028100626398,FALSE
"Vynnycky-1997","min","3_5_4_4_4",0.593430340259401,0.740759739354109,0.00905971064417832,33.8344742813056,FALSE
"Vynnycky-1997","min","4_5_4_4_4",0.613258976545499,0.753403036058394,0.00888338259087262,36.4448037628489,FALSE
"Vynnycky-1997","min","5_5_4_4_4",0.632120558828558,0.765429711906202,0.00875793298064909,27.9173362369324,FALSE
"Vynnycky-1997","min","3_3_5_4_4",0.451188363905974,0.632120558828558,0.00836467947957542,39.4055691871406,FALSE
"Vynnycky-1997","min","4_3_5_4_4",0.477954223238984,0.650062250888845,0.00819260035038971,37.1480865452868,FALSE
"Vynnycky-1997","min","5_3_5_4_4",0.50341469620859,0.667128916301921,0.00810159784652076,37.0310042553942,FALSE
"Vynnycky-1997","min","3_4_5_4_4",0.527633447258985,0.698805788087798,0.0088683405278972,35.6311426177481,FALSE
"Vynnycky-1997","min","4_4_5_4_4",0.550671035882778,0.71349520313981,0.00877887435463609,38.6046970099825,FALSE
"Vynnycky-1997","min","5_4_5_4_4",0.572585068051273,0.727468206965987,0.00852660256012905,37.5007976448923,FALSE
"Vynnycky-1997","min","3_5_5_4_4",0.593430340259401,0.753403036058394,0.00923794422496249,38.608282768856,FALSE
"Vynnycky-1997","min","4_5_5_4_4",0.613258976545499,0.765429711906202,0.00912411924464251,33.1379129364456,FALSE
"Vynnycky-1997","min","5_5_5_4_4",0.632120558828558,0.77686983985157,0.00897314216435641,30.0617753817417,FALSE
"Vynnycky-1997","min","3_3_3_5_4",0.451188363905974,0.593430340259401,0.00777699968537515,37.1973574329173,FALSE
"Vynnycky-1997","min","4_3_3_5_4",0.477954223238984,0.613258976545499,0.00773701275298921,38.9983677020838,FALSE
"Vynnycky-1997","min","5_3_3_5_4",0.50341469620859,0.632120558828558,0.00761339164371799,32.7570398734082,FALSE
"Vynnycky-1997","min","3_4_3_5_4",0.527633447258985,0.667128916301921,0.00845557219010462,38.9048631498248,FALSE
"Vynnycky-1997","min","4_4_3_5_4",0.550671035882778,0.683363230620947,0.00836253506517459,33.0272865658257,FALSE
"Vynnycky-1997","min","5_4_3_5_4",0.572585068051273,0.698805788087798,0.00826710855101653,31.0360340410994,FALSE
"Vynnycky-1997","min","3_5_3_5_4",0.593430340259401,0.727468206965987,0.00887843073482741,31.5184926415815,FALSE
"Vynnycky-1997","min","4_5_3_5_4",0.613258976545499,0.740759739354109,0.0087343409727435,29.6425887429968,FALSE
"Vynnycky-1997","min","5_5_3_5_4",0.632120558828558,0.753403036058394,0.0085847427604534,31.2795287006514,FALSE
"Vynnycky-1997","min","3_3_4_5_4",0.451188363905974,0.613258976545499,0.00818213701685788,40.4807451783726,FALSE
"Vynnycky-1997","min","4_3_4_5_4",0.477954223238984,0.632120558828558,0.00796787018953138,33.4841702375597,FALSE
"Vynnycky-1997","min","5_3_4_5_4",0.50341469620859,0.650062250888845,0.00793254887722583,36.0349813694073,FALSE
"Vynnycky-1997","min","3_4_4_5_4",0.527633447258985,0.683363230620947,0.00871965607856784,38.2195827086288,FALSE
"Vynnycky-1997","min","4_4_4_5_4",0.550671035882778,0.698805788087798,0.00855020310073618,37.9901597601577,FALSE
"Vynnycky-1997","min","5_4_4_5_4",0.572585068051273,0.71349520313981,0.00845127274200497,28.9457803394353,FALSE
"Vynnycky-1997","min","3_5_4_5_4",0.593430340259401,0.740759739354109,0.00918904536109111,35.3108617534172,FALSE
"Vynnycky-1997","min","4_5_4_5_4",0.613258976545499,0.753403036058394,0.00894412806104361,33.0353338452053,FALSE
"Vynnycky-1997","min","5_5_4_5_4",0.632120558828558,0.765429711906202,0.00891554289534602,29.8895121350826,FALSE
"Vynnycky-1997","min","3_3_5_5_4",0.451188363905974,0.632120558828558,0.00839851987932205,46.4104524203136,FALSE
"Vynnycky-1997","min","4_3_5_5_4",0.477954223238984,0.650062250888845,0.00828418643484208,45.3628424772548,FALSE
"Vynnycky-1997","min","5_3_5_5_4",0.50341469620859,0.667128916301921,0.00816824779584147,38.8561839940387,FALSE
"Vynnycky-1997","min","3_4_5_5_4",0.527633447258985,0.698805788087798,0.00899065707374613,39.5255029890196,FALSE
"Vynnycky-1997","min","4_4_5_5_4",0.550671035882778,0.71349520313981,0.0087889324678796,34.4122351449951,FALSE
"Vynnycky-1997","min","5_4_5_5_4",0.572585068051273,0.727468206965987,0.00867260864632957,36.460275909356,FALSE
"Vynnycky-1997","min","3_5_5_5_4",0.593430340259401,0.753403036058394,0.00935780987059898,36.2640834798573,FALSE
"Vynnycky-1997","min","4_5_5_5_4",0.613258976545499,0.765429711906202,0.00920885793935111,36.3288960703353,FALSE
"Vynnycky-1997","min","5_5_5_5_4",0.632120558828558,0.77686983985157,0.00901033398173867,33.3652198921291,FALSE
"Vynnycky-1997","min","3_3_3_3_5",0.451188363905974,0.593430340259401,0.00754885474216271,37.8646720726126,FALSE
"Vynnycky-1997","min","4_3_3_3_5",0.477954223238984,0.613258976545499,0.00733826761460088,33.0210000805354,FALSE
"Vynnycky-1997","min","5_3_3_3_5",0.50341469620859,0.632120558828558,0.00731078236035676,31.2558051313931,FALSE
"Vynnycky-1997","min","3_4_3_3_5",0.527633447258985,0.667128916301921,0.00812101874153437,33.7720956788501,FALSE
"Vynnycky-1997","min","4_4_3_3_5",0.550671035882778,0.683363230620947,0.00802945802340393,30.5409345286234,FALSE
"Vynnycky-1997","min","5_4_3_3_5",0.572585068051273,0.698805788087798,0.00791303139077792,30.717185997414,FALSE
"Vynnycky-1997","min","3_5_3_3_5",0.593430340259401,0.727468206965987,0.00867411163976006,30.8995912945576,FALSE
"Vynnycky-1997","min","4_5_3_3_5",0.613258976545499,0.740759739354109,0.0084834817989492,34.6864366260225,FALSE
"Vynnycky-1997","min","5_5_3_3_5",0.632120558828558,0.753403036058394,0.00841805325271794,31.240836955724,FALSE
"Vynnycky-1997","min","3_3_4_3_5",0.451188363905974,0.613258976545499,0.00776562540059689,32.8742112335399,FALSE
"Vynnycky-1997","min","4_3_4_3_5",0.477954223238984,0.632120558828558,0.00772683600018509,33.7583945997737,FALSE
"Vynnycky-1997","min","5_3_4_3_5",0.50341469620859,0.650062250888845,0.007610214028684,35.5133336132788,FALSE
"Vynnycky-1997","min","3_4_4_3_5",0.527633447258985,0.683363230620947,0.0084183228756689,38.3299635765018,FALSE
"Vynnycky-1997","min","4_4_4_3_5",0.550671035882778,0.698805788087798,0.00836727835000572,31.1059637668632,FALSE
"Vynnycky-1997","min","5_4_4_3_5",0.572585068051273,0.71349520313981,0.00821358054516108,27.8028406593325,FALSE
"Vynnycky-1997","min","3_5_4_3_5",0.593430340259401,0.740759739354109,0.00890132045067504,34.3999408619802,FALSE
"Vynnycky-1997","min","4_5_4_3_5",0.613258976545499,0.753403036058394,0.00883238886129611,33.0812395940449,FALSE
"Vynnycky-1997","min","5_5_4_3_5",0.632120558828558,0.765429711906202,0.00866789559243253,27.5276997596247,FALSE
"Vynnycky-1997","min","3_3_5_3_5",0.451188363905974,0.632120558828558,0.00810538912678005,39.9034011625581,FALSE
"Vynnycky-1997","min","4_3_5_3_5",0.477954223238984,0.650062250888845,0.00812432376251815,35.4947627053859,FALSE
"Vynnycky-1997","min","5_3_5_3_5",0.50341469620859,0.667128916301921,0.0079151274397381,32.3231320253741,FALSE
"Vynnycky-1997","min","3_4_5_3_5",0.527633447258985,0.698805788087798,0.00875572875670638,39.3519564428389,FALSE
"Vynnycky-1997","min","4_4_5_3_5",0.550671035882778,0.71349520313981,0.0085480199386968,31.9482796758237,FALSE
"Vynnycky-1997","min","5_4_5_3_5",0.572585068051273,0.727468206965987,0.00843780407046368,36.0738802317831,FALSE
"Vynnycky-1997","min","3_5_5_3_5",0.593430340259401,0.753403036058394,0.00908215218742559,33.3405437512445,FALSE
"Vynnycky-1997","min","4_5_5_3_5",0.613258976545499,0.765429711906202,0.0090234202409113,31.7635667830426,FALSE
"Vynnycky-1997","min","5_5_5_3_5",0.632120558828558,0.77686983985157,0.00897365807938311,30.2327145219189,FALSE
"Vynnycky-1997","min","3_3_3_4_5",0.451188363905974,0.593430340259401,0.00762540477364604,38.1764457414239,FALSE
"Vynnycky-1997","min","4_3_3_4_5",0.477954223238984,0.613258976545499,0.00755901684446725,38.6331619685208,FALSE
"Vynnycky-1997","min","5_3_3_4_5",0.50341469620859,0.632120558828558,0.00744432588558908,32.2031936410031,FALSE
"Vynnycky-1997","min","3_4_3_4_5",0.527633447258985,0.667128916301921,0.0082925308757259,35.5854109248834,FALSE
"Vynnycky-1997","min","4_4_3_4_5",0.550671035882778,0.683363230620947,0.0082301264573067,32.098719774474,FALSE
"Vynnycky-1997","min","5_4_3_4_5",0.572585068051273,0.698805788087798,0.00802152059105887,34.6632927726969,FALSE
"Vynnycky-1997","min","3_5_3_4_5",0.593430340259401,0.727468206965987,0.00873062256829615,39.4821995309213,FALSE
"Vynnycky-1997","min","4_5_3_4_5",0.613258976545499,0.740759739354109,0.00873989091103278,31.8444891836903,FALSE
"Vynnycky-1997","min","5_5_3_4_5",0.632120558828558,0.753403036058394,0.0085853382805553,29.8713250563496,FALSE
"Vynnycky-1997","min","3_3_4_4_5",0.451188363905974,0.613258976545499,0.00795990256660672,37.1887637785282,FALSE
"Vynnycky-1997","min","4_3_4_4_5",0.477954223238984,0.632120558828558,0.00788500838087347,35.2286654104884,FALSE
"Vynnycky-1997","min","5_3_4_4_5",0.50341469620859,0.650062250888845,0.00778701144159277,29.894845574563,FALSE
"Vynnycky-1997","min","3_4_4_4_5",0.527633447258985,0.683363230620947,0.0085842000909826,34.5799726970724,FALSE
"Vynnycky-1997","min","4_4_4_4_5",0.550671035882778,0.698805788087798,0.00847140351041475,33.6162978653164,FALSE
"Vynnycky-1997","min","5_4_4_4_5",0.572585068051273,0.71349520313981,0.00837198378980653,33.643483005149,FALSE
"Vynnycky-1997","min","3_5_4_4_5",0.593430340259401,0.740759739354109,0.00901460336959226,35.5854456124581,FALSE
"Vynnycky-1997","min","4_5_4_4_5",0.613258976545499,0.753403036058394,0.00888674712131043,33.7727081646683,FALSE
"Vynnycky-1997","min","5_5_4_4_5",0.632120558828558,0.765429711906202,0.00879570149691744,30.8430955294392,FALSE
"Vynnycky-1997","min","3_3_5_4_5",0.451188363905974,0.632120558828558,0.00828621544462804,43.5575029866455,FALSE
"Vynnycky-1997","min","4_3_5_4_5",0.477954223238984,0.650062250888845,0.00813667803502316,40.313195806058,FALSE
"Vynnycky-1997","min","5_3_5_4_5",0.50341469620859,0.667128916301921,0.00808935311839232,37.5320961303158,FALSE
"Vynnycky-1997","min","3_4_5_4_5",0.527633447258985,0.698805788087798,0.00888640452670419,42.2398968218449,FALSE
"Vynnycky-1997","min","4_4_5_4_5",0.550671035882778,0.71349520313981,0.00865382631716494,37.2825744650038,FALSE
"Vynnycky-1997","min","5_4_5_4_5",0.572585068051273,0.727468206965987,0.00852620943715721,33.2547768112091,FALSE
"Vynnycky-1997","min","3_5_5_4_5",0.593430340259401,0.753403036058394,0.00922610745242325,33.5047952488851,FALSE
"Vynnycky-1997","min","4_5_5_4_5",0.613258976545499,0.765429711906202,0.00918211681544923,35.8207514513351,FALSE
"Vynnycky-1997","min","5_5_5_4_5",0.632120558828558,0.77686983985157,0.00892105213993766,33.5906972577032,FALSE
"Vynnycky-1997","min","3_3_3_5_5",0.451188363905974,0.593430340259401,0.00775596224288544,36.076077605964,FALSE
"Vynnycky-1997","min","4_3_3_5_5",0.477954223238984,0.613258976545499,0.00762393056255817,38.3809778325974,FALSE
"Vynnycky-1997","min","5_3_3_5_5",0.50341469620859,0.632120558828558,0.00766222336579014,37.5230817722665,FALSE
"Vynnycky-1997","min","3_4_3_5_5",0.527633447258985,0.667128916301921,0.00843895229884839,40.0016382622111,FALSE
"Vynnycky-1997","min","4_4_3_5_5",0.550671035882778,0.683363230620947,0.00832801533056271,32.0178836784734,FALSE
"Vynnycky-1997","min","5_4_3_5_5",0.572585068051273,0.698805788087798,0.0081531543987009,31.0670499919845,FALSE
"Vynnycky-1997","min","3_5_3_5_5",0.593430340259401,0.727468206965987,0.0089595589924184,34.8555777973474,FALSE
"Vynnycky-1997","min","4_5_3_5_5",0.613258976545499,0.740759739354109,0.00880231477448545,37.7046022735717,FALSE
"Vynnycky-1997","min","5_5_3_5_5",0.632120558828558,0.753403036058394,0.00860413478618627,30.5761495448127,FALSE
"Vynnycky-1997","min","3_3_4_5_5",0.451188363905974,0.613258976545499,0.00812574878872419,41.1493775889183,FALSE
"Vynnycky-1997","min","4_3_4_5_5",0.477954223238984,0.632120558828558,0.00807841944819754,32.5346412298696,FALSE
"Vynnycky-1997","min","5_3_4_5_5",0.50341469620859,0.650062250888845,0.00795885959972131,35.3285726460271,FALSE
"Vynnycky-1997","min","3_4_4_5_5",0.527633447258985,0.683363230620947,0.00866625832397283,41.8583132348259,FALSE
"Vynnycky-1997","min","4_4_4_5_5",0.550671035882778,0.698805788087798,0.00858054697955368,31.6789559243444,FALSE
"Vynnycky-1997","min","5_4_4_5_5",0.572585068051273,0.71349520313981,0.0084227566763222,28.4009338561263,FALSE
"Vynnycky-1997","min","3_5_4_5_5",0.593430340259401,0.740759739354109,0.00918609318756181,34.1985811357536,FALSE
"Vynnycky-1997","min","4_5_4_5_5",0.613258976545499,0.753403036058394,0.0090230305459309,29.2952902733423,FALSE
"Vynnycky-1997","min","5_5_4_5_5",0.632120558828558,0.765429711906202,0.00879656595286493,31.7007321975711,FALSE
"Vynnycky-1997","min","3_3_5_5_5",0.451188363905974,0.632120558828558,0.00851620288693999,44.4827214332932,FALSE
"Vynnycky-1997","min","4_3_5_5_5",0.477954223238984,0.650062250888845,0.00829623482942443,37.7244062754516,FALSE
"Vynnycky-1997","min","5_3_5_5_5",0.50341469620859,0.667128916301921,0.00817072248812667,37.8916517119996,FALSE
"Vynnycky-1997","min","3_4_5_5_5",0.527633447258985,0.698805788087798,0.00898924281176039,38.597256919854,FALSE
"Vynnycky-1997","min","4_4_5_5_5",0.550671035882778,0.71349520313981,0.00881399426872287,37.056659522432,FALSE
"Vynnycky-1997","min","5_4_5_5_5",0.572585068051273,0.727468206965987,0.00867230393297036,36.4885126475134,FALSE
"Vynnycky-1997","min","3_5_5_5_5",0.593430340259401,0.753403036058394,0.0093598989792455,41.0524657615813,FALSE
"Vynnycky-1997","min","4_5_5_5_5",0.613258976545499,0.765429711906202,0.00922567216163128,35.0306511548781,FALSE
"Vynnycky-1997","max","1_1_1_1_1",0.181269246922018,0.259181779318282,0.00405662283335384,57.0760646796987,FALSE
"Vynnycky-1997","max","2_2_2_2_2",0.329679953964361,0.451188363905974,0.00708330510807265,96.0266252502635,FALSE
"Vynnycky-1997","max","3_3_3_3_3",0.451188363905974,0.593430340259401,0.00897941505453936,103.535854366796,FALSE
"Vynnycky-1997","max","4_4_4_4_4",0.550671035882778,0.698805788087798,0.0106766043005997,114.482317575974,FALSE
"Vynnycky-1997","max","5_5_5_5_5",0.632120558828558,0.77686983985157,0.0116030322120263,119.079815987593,FALSE
"Vynnycky-1997","max","4_3_3_3_3",0.477954223238984,0.613258976545499,0.00939155112321721,109.510067248935,FALSE
"Vynnycky-1997","max","5_3_3_3_3",0.50341469620859,0.632120558828558,0.00923712209097605,99.6687307527558,FALSE
"Vynnycky-1997","max","3_4_3_3_3",0.527633447258985,0.667128916301921,0.010121147326837,106.053778094956,FALSE
"Vynnycky-1997","max","4_4_3_3_3",0.550671035882778,0.683363230620947,0.0100974709047266,108.985109859785,FALSE
"Vynnycky-1997","max","5_4_3_3_3",0.572585068051273,0.698805788087798,0.010241171822437,103.146085790158,FALSE
"Vynnycky-1997","max","3_5_3_3_3",0.593430340259401,0.727468206965987,0.0109634502729342,116.733387493941,FALSE
"Vynnycky-1997","max","4_5_3_3_3",0.613258976545499,0.740759739354109,0.0110426943595845,110.704172129883,FALSE
"Vynnycky-1997","max","5_5_3_3_3",0.632120558828558,0.753403036058394,0.0108739576789331,109.14545114127,FALSE
"Vynnycky-1997","max","3_3_4_3_3",0.451188363905974,0.613258976545499,0.00952074733309938,113.7298869333,FALSE
"Vynnycky-1997","max","4_3_4_3_3",0.477954223238984,0.632120558828558,0.00943854093918528,108.789762870823,FALSE
"Vynnycky-1997","max","5_3_4_3_3",0.50341469620859,0.650062250888845,0.00983385746900034,101.996405513395,FALSE
"Vynnycky-1997","max","3_4_4_3_3",0.527633447258985,0.683363230620947,0.0105171805221139,114.267017775255,FALSE
"Vynnycky-1997","max","4_4_4_3_3",0.550671035882778,0.698805788087798,0.0104094965485917,112.713513183133,FALSE
"Vynnycky-1997","max","5_4_4_3_3",0.572585068051273,0.71349520313981,0.0104934109124898,108.031578438458,FALSE
"Vynnycky-1997","max","3_5_4_3_3",0.593430340259401,0.740759739354109,0.0111752251518106,121.455218288831,FALSE
"Vynnycky-1997","max","4_5_4_3_3",0.613258976545499,0.753403036058394,0.0109318555148197,115.334342718149,FALSE
"Vynnycky-1997","max","5_5_4_3_3",0.632120558828558,0.765429711906202,0.0111344294740654,111.992890264119,FALSE
"Vynnycky-1997","max","3_3_5_3_3",0.451188363905974,0.632120558828558,0.0099418434152504,122.474971686039,FALSE
"Vynnycky-1997","max","4_3_5_3_3",0.477954223238984,0.650062250888845,0.0100238895837981,104.244179396981,FALSE
"Vynnycky-1997","max","5_3_5_3_3",0.50341469620859,0.667128916301921,0.0101692358136773,114.226642868435,FALSE
"Vynnycky-1997","max","3_4_5_3_3",0.527633447258985,0.698805788087798,0.0107486718141073,112.82843206345,FALSE
"Vynnycky-1997","max","4_4_5_3_3",0.550671035882778,0.71349520313981,0.0108535843540877,119.440714635343,FALSE
"Vynnycky-1997","max","5_4_5_3_3",0.572585068051273,0.727468206965987,0.0108061131765901,110.41803142619,FALSE
"Vynnycky-1997","max","3_5_5_3_3",0.593430340259401,0.753403036058394,0.0115835646012933,120.387156690382,FALSE
"Vynnycky-1997","max","4_5_5_3_3",0.613258976545499,0.765429711906202,0.0114914180399923,112.971349843954,FALSE
"Vynnycky-1997","max","5_5_5_3_3",0.632120558828558,0.77686983985157,0.0113449933183506,122.319636527441,FALSE
"Vynnycky-1997","max","3_3_3_4_3",0.451188363905974,0.593430340259401,0.00941526260004366,113.437376227512,FALSE
"Vynnycky-1997","max","4_3_3_4_3",0.477954223238984,0.613258976545499,0.00934277054947907,102.391699217865,FALSE
"Vynnycky-1997","max","5_3_3_4_3",0.50341469620859,0.632120558828558,0.00944914744488157,111.055243319141,FALSE
"Vynnycky-1997","max","3_4_3_4_3",0.527633447258985,0.667128916301921,0.0103909141316083,111.138738092756,FALSE
"Vynnycky-1997","max","4_4_3_4_3",0.550671035882778,0.683363230620947,0.0102336822797415,110.137248450969,FALSE
"Vynnycky-1997","max","5_4_3_4_3",0.572585068051273,0.698805788087798,0.0101724706248284,105.246158453056,FALSE
"Vynnycky-1997","max","3_5_3_4_3",0.593430340259401,0.727468206965987,0.0111657395454405,120.116314304524,FALSE
"Vynnycky-1997","max","4_5_3_4_3",0.613258976545499,0.740759739354109,0.0110039841139692,108.310088820503,FALSE
"Vynnycky-1997","max","5_5_3_4_3",0.632120558828558,0.753403036058394,0.0109907885381445,112.126483981052,FALSE
"Vynnycky-1997","max","3_3_4_4_3",0.451188363905974,0.613258976545499,0.00963912674851897,112.18269171435,FALSE
"Vynnycky-1997","max","4_3_4_4_3",0.477954223238984,0.632120558828558,0.00993908897696405,120.497435391091,FALSE
"Vynnycky-1997","max","5_3_4_4_3",0.50341469620859,0.650062250888845,0.00997577791327298,102.759567470921,FALSE
"Vynnycky-1997","max","3_4_4_4_3",0.527633447258985,0.683363230620947,0.0106608879821565,110.511059852477,FALSE
"Vynnycky-1997","max","4_4_4_4_3",0.550671035882778,0.698805788087798,0.0105638866978578,105.532907055875,FALSE
"Vynnycky-1997","max","5_4_4_4_3",0.572585068051273,0.71349520313981,0.0104225742195527,114.114198523683,FALSE
"Vynnycky-1997","max","3_5_4_4_3",0.593430340259401,0.740759739354109,0.0114359737376575,115.46933643352,FALSE
"Vynnycky-1997","max","4_5_4_4_3",0.613258976545499,0.753403036058394,0.0114092456773121,121.605830201509,FALSE
"Vynnycky-1997","max","5_5_4_4_3",0.632120558828558,0.765429711906202,0.0112391337517505,120.451423896626,FALSE
"Vynnycky-1997","max","3_3_5_4_3",0.451188363905974,0.632120558828558,0.0100691514629087,109.038347793951,FALSE
"Vynnycky-1997","max","4_3_5_4_3",0.477954223238984,0.650062250888845,0.0101574429629924,108.396882254221,FALSE
"Vynnycky-1997","max","5_3_5_4_3",0.50341469620859,0.667128916301921,0.0101168186648563,117.520635460495,FALSE
"Vynnycky-1997","max","3_4_5_4_3",0.527633447258985,0.698805788087798,0.0108584342100638,125.795862093299,FALSE
"Vynnycky-1997","max","4_4_5_4_3",0.550671035882778,0.71349520313981,0.0108207193942896,117.699401739091,FALSE
"Vynnycky-1997","max","5_4_5_4_3",0.572585068051273,0.727468206965987,0.0110501708134282,118.861667213038,FALSE
"Vynnycky-1997","max","3_5_5_4_3",0.593430340259401,0.753403036058394,0.0117589710218787,126.496268778548,FALSE
"Vynnycky-1997","max","4_5_5_4_3",0.613258976545499,0.765429711906202,0.0115793560567085,122.382493483519,FALSE
"Vynnycky-1997","max","5_5_5_4_3",0.632120558828558,0.77686983985157,0.0116606426794181,117.976281766259,FALSE
"Vynnycky-1997","max","3_3_3_5_3",0.451188363905974,0.593430340259401,0.00945822524775419,104.640756767446,FALSE
"Vynnycky-1997","max","4_3_3_5_3",0.477954223238984,0.613258976545499,0.0096146073167791,109.06917764273,FALSE
"Vynnycky-1997","max","5_3_3_5_3",0.50341469620859,0.632120558828558,0.00967713440924711,99.7186824289128,FALSE
"Vynnycky-1997","max","3_4_3_5_3",0.527633447258985,0.667128916301921,0.0104226262957472,121.054192224287,FALSE
"Vynnycky-1997","max","4_4_3_5_3",0.550671035882778,0.683363230620947,0.0103517929374414,110.568271113386,FALSE
"Vynnycky-1997","max","5_4_3_5_3",0.572585068051273,0.698805788087798,0.010314413943931,110.784511725422,FALSE
"Vynnycky-1997","max","3_5_3_5_3",0.593430340259401,0.727468206965987,0.0112077290316782,116.032803515621,FALSE
"Vynnycky-1997","max","4_5_3_5_3",0.613258976545499,0.740759739354109,0.0110821950574266,108.387558810556,FALSE
"Vynnycky-1997","max","5_5_3_5_3",0.632120558828558,0.753403036058394,0.0109736306550703,112.429017496009,FALSE
"Vynnycky-1997","max","3_3_4_5_3",0.451188363905974,0.613258976545499,0.00992262349738882,113.898809125065,FALSE
"Vynnycky-1997","max","4_3_4_5_3",0.477954223238984,0.632120558828558,0.00985254005876479,112.421223699001,FALSE
"Vynnycky-1997","max","5_3_4_5_3",0.50341469620859,0.650062250888845,0.00976023104520862,118.567182114917,FALSE
"Vynnycky-1997","max","3_4_4_5_3",0.527633447258985,0.683363230620947,0.0106796814355647,117.936971461453,FALSE
"Vynnycky-1997","max","4_4_4_5_3",0.550671035882778,0.698805788087798,0.0108658595887104,117.521662105571,FALSE
"Vynnycky-1997","max","5_4_4_5_3",0.572585068051273,0.71349520313981,0.0107472175347514,111.117345625222,FALSE
"Vynnycky-1997","max","3_5_4_5_3",0.593430340259401,0.740759739354109,0.0114313485992313,127.865190009404,FALSE
"Vynnycky-1997","max","4_5_4_5_3",0.613258976545499,0.753403036058394,0.0111779970618128,116.393867624185,FALSE
"Vynnycky-1997","max","5_5_4_5_3",0.632120558828558,0.765429711906202,0.0113938825085215,118.786236393174,FALSE
"Vynnycky-1997","max","3_3_5_5_3",0.451188363905974,0.632120558828558,0.0101858330901233,115.638380527604,FALSE
"Vynnycky-1997","max","4_3_5_5_3",0.477954223238984,0.650062250888845,0.0101595409160582,114.159831362066,FALSE
"Vynnycky-1997","max","5_3_5_5_3",0.50341469620859,0.667128916301921,0.0102221119832034,123.90025727303,FALSE
"Vynnycky-1997","max","3_4_5_5_3",0.527633447258985,0.698805788087798,0.011061201872964,129.721781674543,FALSE
"Vynnycky-1997","max","4_4_5_5_3",0.550671035882778,0.71349520313981,0.0111136458882746,132.881341829297,FALSE
"Vynnycky-1997","max","5_4_5_5_3",0.572585068051273,0.727468206965987,0.0109714268079847,122.145329967478,FALSE
"Vynnycky-1997","max","3_5_5_5_3",0.593430340259401,0.753403036058394,0.0117280167971643,124.885334199752,FALSE
"Vynnycky-1997","max","4_5_5_5_3",0.613258976545499,0.765429711906202,0.0115854359737053,122.655397874857,FALSE
"Vynnycky-1997","max","5_5_5_5_3",0.632120558828558,0.77686983985157,0.011522151768944,117.538235460825,FALSE
"Vynnycky-1997","max","3_3_3_3_4",0.451188363905974,0.593430340259401,0.00930310115442923,105.135746156128,FALSE
"Vynnycky-1997","max","4_3_3_3_4",0.477954223238984,0.613258976545499,0.00918496137761826,106.688859567621,FALSE
"Vynnycky-1997","max","5_3_3_3_4",0.50341469620859,0.632120558828558,0.00931628849471777,98.5939111199747,FALSE
"Vynnycky-1997","max","3_4_3_3_4",0.527633447258985,0.667128916301921,0.0100716036458556,113.53134883087,FALSE
"Vynnycky-1997","max","4_4_3_3_4",0.550671035882778,0.683363230620947,0.0102201018082363,106.645350590462,FALSE
"Vynnycky-1997","max","5_4_3_3_4",0.572585068051273,0.698805788087798,0.0100786311751629,104.875273318108,FALSE
"Vynnycky-1997","max","3_5_3_3_4",0.593430340259401,0.727468206965987,0.0109778425332944,113.005649259397,FALSE
"Vynnycky-1997","max","4_5_3_3_4",0.613258976545499,0.740759739354109,0.0108314419925434,111.470326020156,FALSE
"Vynnycky-1997","max","5_5_3_3_4",0.632120558828558,0.753403036058394,0.0107777698210522,112.744488015246,FALSE
"Vynnycky-1997","max","3_3_4_3_4",0.451188363905974,0.613258976545499,0.0095803390351753,107.424765854946,FALSE
"Vynnycky-1997","max","4_3_4_3_4",0.477954223238984,0.632120558828558,0.00951865903081961,116.028777483884,FALSE
"Vynnycky-1997","max","5_3_4_3_4",0.50341469620859,0.650062250888845,0.00958288846639777,111.171558242927,FALSE
"Vynnycky-1997","max","3_4_4_3_4",0.527633447258985,0.683363230620947,0.0103923778792417,112.593546943049,FALSE
"Vynnycky-1997","max","4_4_4_3_4",0.550671035882778,0.698805788087798,0.0105093432042918,103.701148870695,FALSE
"Vynnycky-1997","max","5_4_4_3_4",0.572585068051273,0.71349520313981,0.0104895956753011,113.100022132462,FALSE
"Vynnycky-1997","max","3_5_4_3_4",0.593430340259401,0.740759739354109,0.0112786078904229,117.047765756906,FALSE
"Vynnycky-1997","max","4_5_4_3_4",0.613258976545499,0.753403036058394,0.011307129303685,115.836829563506,FALSE
"Vynnycky-1997","max","5_5_4_3_4",0.632120558828558,0.765429711906202,0.0110314814888582,105.41277853333,FALSE
"Vynnycky-1997","max","3_3_5_3_4",0.451188363905974,0.632120558828558,0.0101618604563443,121.558068734816,FALSE
"Vynnycky-1997","max","4_3_5_3_4",0.477954223238984,0.650062250888845,0.00974426971804232,106.079117685211,FALSE
"Vynnycky-1997","max","5_3_5_3_4",0.50341469620859,0.667128916301921,0.010024922742736,112.507267818846,FALSE
"Vynnycky-1997","max","3_4_5_3_4",0.527633447258985,0.698805788087798,0.0107251703203727,123.406197811273,FALSE
"Vynnycky-1997","max","4_4_5_3_4",0.550671035882778,0.71349520313981,0.0107647967484812,117.508587173644,FALSE
"Vynnycky-1997","max","5_4_5_3_4",0.572585068051273,0.727468206965987,0.010805514009597,115.11928558739,FALSE
"Vynnycky-1997","max","3_5_5_3_4",0.593430340259401,0.753403036058394,0.0114207060066933,119.592385910768,FALSE
"Vynnycky-1997","max","4_5_5_3_4",0.613258976545499,0.765429711906202,0.0113759365440345,111.118743213622,FALSE
"Vynnycky-1997","max","5_5_5_3_4",0.632120558828558,0.77686983985157,0.0115342259323657,113.87307401642,FALSE
"Vynnycky-1997","max","3_3_3_4_4",0.451188363905974,0.593430340259401,0.00922256421707512,110.641664891823,FALSE
"Vynnycky-1997","max","4_3_3_4_4",0.477954223238984,0.613258976545499,0.00934352916645143,116.98695684265,FALSE
"Vynnycky-1997","max","5_3_3_4_4",0.50341469620859,0.632120558828558,0.00946174445497316,103.3216192273,FALSE
"Vynnycky-1997","max","3_4_3_4_4",0.527633447258985,0.667128916301921,0.0103140099555361,110.621057589557,FALSE
"Vynnycky-1997","max","4_4_3_4_4",0.550671035882778,0.683363230620947,0.0103863851495498,107.873935950963,FALSE
"Vynnycky-1997","max","5_4_3_4_4",0.572585068051273,0.698805788087798,0.0103521033629139,107.339012389125,FALSE
"Vynnycky-1997","max","3_5_3_4_4",0.593430340259401,0.727468206965987,0.0109418078625685,110.584367354867,FALSE
"Vynnycky-1997","max","4_5_3_4_4",0.613258976545499,0.740759739354109,0.0112226326162074,123.052175091874,FALSE
"Vynnycky-1997","max","5_5_3_4_4",0.632120558828558,0.753403036058394,0.0109878659052104,109.541451465305,FALSE
"Vynnycky-1997","max","3_3_4_4_4",0.451188363905974,0.613258976545499,0.00970588514935877,116.484720136274,FALSE
"Vynnycky-1997","max","4_3_4_4_4",0.477954223238984,0.632120558828558,0.00963635269835683,122.010912144766,FALSE
"Vynnycky-1997","max","5_3_4_4_4",0.50341469620859,0.650062250888845,0.00988991272559503,104.564628881953,FALSE
"Vynnycky-1997","max","3_4_4_4_4",0.527633447258985,0.683363230620947,0.0105095502951879,119.1133836595,FALSE
"Vynnycky-1997","max","5_4_4_4_4",0.572585068051273,0.71349520313981,0.0106791724731118,117.482715037232,FALSE
"Vynnycky-1997","max","3_5_4_4_4",0.593430340259401,0.740759739354109,0.0112575958164445,115.890704455107,FALSE
"Vynnycky-1997","max","4_5_4_4_4",0.613258976545499,0.753403036058394,0.0113668545114048,113.300415291943,FALSE
"Vynnycky-1997","max","5_5_4_4_4",0.632120558828558,0.765429711906202,0.0111540314305587,104.586037579843,FALSE
"Vynnycky-1997","max","3_3_5_4_4",0.451188363905974,0.632120558828558,0.0101615416686966,117.220129903021,FALSE
"Vynnycky-1997","max","4_3_5_4_4",0.477954223238984,0.650062250888845,0.00998636573093348,106.973890275229,FALSE
"Vynnycky-1997","max","5_3_5_4_4",0.50341469620859,0.667128916301921,0.0102594643857303,110.870356058637,FALSE
"Vynnycky-1997","max","3_4_5_4_4",0.527633447258985,0.698805788087798,0.0108319549941744,119.991884199929,FALSE
"Vynnycky-1997","max","4_4_5_4_4",0.550671035882778,0.71349520313981,0.0108653299481474,117.924193692614,FALSE
"Vynnycky-1997","max","5_4_5_4_4",0.572585068051273,0.727468206965987,0.0107106306784669,115.099028323149,FALSE
"Vynnycky-1997","max","3_5_5_4_4",0.593430340259401,0.753403036058394,0.011532335291724,116.703068585748,FALSE
"Vynnycky-1997","max","4_5_5_4_4",0.613258976545499,0.765429711906202,0.0116306211376962,117.220633263826,FALSE
"Vynnycky-1997","max","5_5_5_4_4",0.632120558828558,0.77686983985157,0.0114292543855204,123.223765705706,FALSE
"Vynnycky-1997","max","3_3_3_5_4",0.451188363905974,0.593430340259401,0.00955860394731212,111.679504751872,FALSE
"Vynnycky-1997","max","4_3_3_5_4",0.477954223238984,0.613258976545499,0.00969635233110533,113.387426716749,FALSE
"Vynnycky-1997","max","5_3_3_5_4",0.50341469620859,0.632120558828558,0.00961702561139643,111.764146407193,FALSE
"Vynnycky-1997","max","3_4_3_5_4",0.527633447258985,0.667128916301921,0.0104675534027047,123.590230455688,FALSE
"Vynnycky-1997","max","4_4_3_5_4",0.550671035882778,0.683363230620947,0.0105429220534178,114.466789771525,FALSE
"Vynnycky-1997","max","5_4_3_5_4",0.572585068051273,0.698805788087798,0.0104587937099003,116.020205040886,FALSE
"Vynnycky-1997","max","3_5_3_5_4",0.593430340259401,0.727468206965987,0.0111487215649625,115.343481483057,FALSE
"Vynnycky-1997","max","4_5_3_5_4",0.613258976545499,0.740759739354109,0.0112464315314245,116.809880466629,FALSE
"Vynnycky-1997","max","5_5_3_5_4",0.632120558828558,0.753403036058394,0.011029285485207,107.886314902577,FALSE
"Vynnycky-1997","max","3_3_4_5_4",0.451188363905974,0.613258976545499,0.00997938719278357,127.200103868595,FALSE
"Vynnycky-1997","max","4_3_4_5_4",0.477954223238984,0.632120558828558,0.00986071305859593,111.694797260431,FALSE
"Vynnycky-1997","max","5_3_4_5_4",0.50341469620859,0.650062250888845,0.00990885911175221,111.287831107186,FALSE
"Vynnycky-1997","max","3_4_4_5_4",0.527633447258985,0.683363230620947,0.0107518246189836,116.434522136104,FALSE
"Vynnycky-1997","max","4_4_4_5_4",0.550671035882778,0.698805788087798,0.0106303811310177,108.36319148951,FALSE
"Vynnycky-1997","max","5_4_4_5_4",0.572585068051273,0.71349520313981,0.0106923240442357,112.315376305818,FALSE
"Vynnycky-1997","max","3_5_4_5_4",0.593430340259401,0.740759739354109,0.0114624019288578,123.549307389965,FALSE
"Vynnycky-1997","max","4_5_4_5_4",0.613258976545499,0.753403036058394,0.0113256219400332,111.804431346673,FALSE
"Vynnycky-1997","max","5_5_4_5_4",0.632120558828558,0.765429711906202,0.0113867971212857,123.378798566644,FALSE
"Vynnycky-1997","max","3_3_5_5_4",0.451188363905974,0.632120558828558,0.0103329399273761,128.841323056099,FALSE
"Vynnycky-1997","max","4_3_5_5_4",0.477954223238984,0.650062250888845,0.0103432482814128,117.82802012839,FALSE
"Vynnycky-1997","max","5_3_5_5_4",0.50341469620859,0.667128916301921,0.0104023781418979,119.982376384697,FALSE
"Vynnycky-1997","max","3_4_5_5_4",0.527633447258985,0.698805788087798,0.0111958278581212,123.759665335329,FALSE
"Vynnycky-1997","max","4_4_5_5_4",0.550671035882778,0.71349520313981,0.0110691113254028,125.505859085484,FALSE
"Vynnycky-1997","max","5_4_5_5_4",0.572585068051273,0.727468206965987,0.0109759181491392,110.359543427023,FALSE
"Vynnycky-1997","max","3_5_5_5_4",0.593430340259401,0.753403036058394,0.0117839768280361,119.626798563004,FALSE
"Vynnycky-1997","max","4_5_5_5_4",0.613258976545499,0.765429711906202,0.0115918716355889,126.621170152855,FALSE
"Vynnycky-1997","max","5_5_5_5_4",0.632120558828558,0.77686983985157,0.0116560127493796,116.597424580506,FALSE
"Vynnycky-1997","max","3_3_3_3_5",0.451188363905974,0.593430340259401,0.0091256926704919,110.689155048133,FALSE
"Vynnycky-1997","max","4_3_3_3_5",0.477954223238984,0.613258976545499,0.00912728107396232,104.883841027483,FALSE
"Vynnycky-1997","max","5_3_3_3_5",0.50341469620859,0.632120558828558,0.00927070557665777,102.248027001699,FALSE
"Vynnycky-1997","max","3_4_3_3_5",0.527633447258985,0.667128916301921,0.0101818401244661,115.738289796757,FALSE
"Vynnycky-1997","max","4_4_3_3_5",0.550671035882778,0.683363230620947,0.0101712205725301,116.197005692408,FALSE
"Vynnycky-1997","max","5_4_3_3_5",0.572585068051273,0.698805788087798,0.0102678422618797,104.120451297997,FALSE
"Vynnycky-1997","max","3_5_3_3_5",0.593430340259401,0.727468206965987,0.0108354605963629,114.467425614885,FALSE
"Vynnycky-1997","max","4_5_3_3_5",0.613258976545499,0.740759739354109,0.0108685912358696,109.581235645476,FALSE
"Vynnycky-1997","max","5_5_3_3_5",0.632120558828558,0.753403036058394,0.0109007235576956,111.265699891745,FALSE
"Vynnycky-1997","max","3_3_4_3_5",0.451188363905974,0.613258976545499,0.00955291051668494,112.877942056503,FALSE
"Vynnycky-1997","max","4_3_4_3_5",0.477954223238984,0.632120558828558,0.00959688322619823,111.108594525314,FALSE
"Vynnycky-1997","max","5_3_4_3_5",0.50341469620859,0.650062250888845,0.00970893936038753,106.906513456375,FALSE
"Vynnycky-1997","max","3_4_4_3_5",0.527633447258985,0.683363230620947,0.0103642214684017,115.758837173987,FALSE
"Vynnycky-1997","max","4_4_4_3_5",0.550671035882778,0.698805788087798,0.0103528370051122,107.475942097519,FALSE
"Vynnycky-1997","max","5_4_4_3_5",0.572585068051273,0.71349520313981,0.0105826761703117,103.737357677325,FALSE
"Vynnycky-1997","max","3_5_4_3_5",0.593430340259401,0.740759739354109,0.0111936047390857,111.092852050821,FALSE
"Vynnycky-1997","max","4_5_4_3_5",0.613258976545499,0.753403036058394,0.0111090687748003,117.032567291073,FALSE
"Vynnycky-1997","max","5_5_4_3_5",0.632120558828558,0.765429711906202,0.0110656351442721,113.87307401642,FALSE
"Vynnycky-1997","max","3_3_5_3_5",0.451188363905974,0.632120558828558,0.00997221311967911,113.092349652838,FALSE
"Vynnycky-1997","max","4_3_5_3_5",0.477954223238984,0.650062250888845,0.0100414272741073,120.608932315954,FALSE
"Vynnycky-1997","max","5_3_5_3_5",0.50341469620859,0.667128916301921,0.0100648880528765,107.794054274794,FALSE
"Vynnycky-1997","max","3_4_5_3_5",0.527633447258985,0.698805788087798,0.0107260310504147,113.865294738239,FALSE
"Vynnycky-1997","max","4_4_5_3_5",0.550671035882778,0.71349520313981,0.0107407584590966,116.85786669231,FALSE
"Vynnycky-1997","max","5_4_5_3_5",0.572585068051273,0.727468206965987,0.0108200196452597,118.02994455481,FALSE
"Vynnycky-1997","max","3_5_5_3_5",0.593430340259401,0.753403036058394,0.0112875874381118,114.611912716353,FALSE
"Vynnycky-1997","max","4_5_5_3_5",0.613258976545499,0.765429711906202,0.0114040188040652,105.823678008557,FALSE
"Vynnycky-1997","max","5_5_5_3_5",0.632120558828558,0.77686983985157,0.011407340003957,113.865294738239,FALSE
"Vynnycky-1997","max","3_3_3_4_5",0.451188363905974,0.593430340259401,0.00929033819890246,102.630664653701,FALSE
"Vynnycky-1997","max","4_3_3_4_5",0.477954223238984,0.613258976545499,0.00942719358897381,101.524286211427,FALSE
"Vynnycky-1997","max","5_3_3_4_5",0.50341469620859,0.632120558828558,0.00971333112428363,103.906635564221,FALSE
"Vynnycky-1997","max","3_4_3_4_5",0.527633447258985,0.667128916301921,0.0103294040937105,111.235997355735,FALSE
"Vynnycky-1997","max","4_4_3_4_5",0.550671035882778,0.683363230620947,0.0103565593513432,115.995987074345,FALSE
"Vynnycky-1997","max","5_4_3_4_5",0.572585068051273,0.698805788087798,0.0103506587365578,102.958611113267,FALSE
"Vynnycky-1997","max","3_5_3_4_5",0.593430340259401,0.727468206965987,0.0109795228817927,120.164882879571,FALSE
"Vynnycky-1997","max","4_5_3_4_5",0.613258976545499,0.740759739354109,0.0109406545866533,114.009113966583,FALSE
"Vynnycky-1997","max","5_5_3_4_5",0.632120558828558,0.753403036058394,0.0109582130640061,113.027343050272,FALSE
"Vynnycky-1997","max","3_3_4_4_5",0.451188363905974,0.613258976545499,0.00988117659271204,115.713053148916,FALSE
"Vynnycky-1997","max","4_3_4_4_5",0.477954223238984,0.632120558828558,0.00985882009026706,108.154556003146,FALSE
"Vynnycky-1997","max","5_3_4_4_5",0.50341469620859,0.650062250888845,0.00986146266520216,103.664630305063,FALSE
"Vynnycky-1997","max","3_4_4_4_5",0.527633447258985,0.683363230620947,0.0107076719408468,115.558215272472,FALSE
"Vynnycky-1997","max","4_4_4_4_5",0.550671035882778,0.698805788087798,0.0104990874328542,111.979528100592,FALSE
"Vynnycky-1997","max","5_4_4_4_5",0.572585068051273,0.71349520313981,0.0105860988437617,102.478256526384,FALSE
"Vynnycky-1997","max","3_5_4_4_5",0.593430340259401,0.740759739354109,0.0113067916109503,122.298404644564,FALSE
"Vynnycky-1997","max","4_5_4_4_5",0.613258976545499,0.753403036058394,0.0113277314255547,120.156221098927,FALSE
"Vynnycky-1997","max","5_5_4_4_5",0.632120558828558,0.765429711906202,0.0112579476121598,116.666241272775,FALSE
"Vynnycky-1997","max","3_3_5_4_5",0.451188363905974,0.632120558828558,0.0101382689898012,122.914189917658,FALSE
"Vynnycky-1997","max","4_3_5_4_5",0.477954223238984,0.650062250888845,0.0102850212458866,113.63605258064,FALSE
"Vynnycky-1997","max","5_3_5_4_5",0.50341469620859,0.667128916301921,0.0102552515839948,103.905468578573,FALSE
"Vynnycky-1997","max","3_4_5_4_5",0.527633447258985,0.698805788087798,0.0108819991702767,120.425318256423,FALSE
"Vynnycky-1997","max","4_4_5_4_5",0.550671035882778,0.71349520313981,0.0109290094575704,121.071778363929,FALSE
"Vynnycky-1997","max","5_4_5_4_5",0.572585068051273,0.727468206965987,0.0108151269564117,103.884641985818,FALSE
"Vynnycky-1997","max","3_5_5_4_5",0.593430340259401,0.753403036058394,0.0114236197717764,121.741303365593,FALSE
"Vynnycky-1997","max","4_5_5_4_5",0.613258976545499,0.765429711906202,0.0115570009162296,122.676424441081,FALSE
"Vynnycky-1997","max","5_5_5_4_5",0.632120558828558,0.77686983985157,0.0114761021155078,107.671000635975,FALSE
"Vynnycky-1997","max","3_3_3_5_5",0.451188363905974,0.593430340259401,0.00944392290700069,110.44229875008,FALSE
"Vynnycky-1997","max","4_3_3_5_5",0.477954223238984,0.613258976545499,0.00957049975763935,116.811190764459,FALSE
"Vynnycky-1997","max","5_3_3_5_5",0.50341469620859,0.632120558828558,0.00966161306372382,111.030853499614,FALSE
"Vynnycky-1997","max","3_4_3_5_5",0.527633447258985,0.667128916301921,0.0105202144550598,120.077218495237,FALSE
"Vynnycky-1997","max","4_4_3_5_5",0.550671035882778,0.683363230620947,0.010540551764654,114.770535341876,FALSE
"Vynnycky-1997","max","5_4_3_5_5",0.572585068051273,0.698805788087798,0.0105608264327381,112.047271311784,FALSE
"Vynnycky-1997","max","3_5_3_5_5",0.593430340259401,0.727468206965987,0.0111976675445611,121.94384655347,FALSE
"Vynnycky-1997","max","4_5_3_5_5",0.613258976545499,0.740759739354109,0.0109615948047019,122.486417749574,FALSE
"Vynnycky-1997","max","5_5_3_5_5",0.632120558828558,0.753403036058394,0.0110942320856052,111.879472914125,FALSE
"Vynnycky-1997","max","3_3_4_5_5",0.451188363905974,0.613258976545499,0.00981995370930189,116.339441106736,FALSE
"Vynnycky-1997","max","4_3_4_5_5",0.477954223238984,0.632120558828558,0.00982519994042008,115.854255420602,FALSE
"Vynnycky-1997","max","5_3_4_5_5",0.50341469620859,0.650062250888845,0.00985108256622458,105.600112031711,FALSE
"Vynnycky-1997","max","3_4_4_5_5",0.527633447258985,0.683363230620947,0.0106675439110477,120.69898104782,FALSE
"Vynnycky-1997","max","4_4_4_5_5",0.550671035882778,0.698805788087798,0.0106754740005659,121.572299550476,FALSE
"Vynnycky-1997","max","5_4_4_5_5",0.572585068051273,0.71349520313981,0.0105970405057818,108.442432295272,FALSE
"Vynnycky-1997","max","3_5_4_5_5",0.593430340259401,0.740759739354109,0.0115174527974479,119.618213318382,FALSE
"Vynnycky-1997","max","4_5_4_5_5",0.613258976545499,0.753403036058394,0.0114323698611835,115.904841679387,FALSE
"Vynnycky-1997","max","5_5_4_5_5",0.632120558828558,0.765429711906202,0.0114578835197009,107.020564799038,FALSE
"Vynnycky-1997","max","3_3_5_5_5",0.451188363905974,0.632120558828558,0.0103057619130653,124.986312489726,FALSE
"Vynnycky-1997","max","4_3_5_5_5",0.477954223238984,0.650062250888845,0.0101576793705446,110.3559141181,FALSE
"Vynnycky-1997","max","5_3_5_5_5",0.50341469620859,0.667128916301921,0.0103961078833598,119.92534127074,FALSE
"Vynnycky-1997","max","3_4_5_5_5",0.527633447258985,0.698805788087798,0.0110054237394976,124.196850646837,FALSE
"Vynnycky-1997","max","4_4_5_5_5",0.550671035882778,0.71349520313981,0.0108969377651311,117.995841672359,FALSE
"Vynnycky-1997","max","5_4_5_5_5",0.572585068051273,0.727468206965987,0.0109631063267865,112.269984128946,FALSE
"Vynnycky-1997","max","3_5_5_5_5",0.593430340259401,0.753403036058394,0.011639110798071,123.052223835873,FALSE
"Vynnycky-1997","max","4_5_5_5_5",0.613258976545499,0.765429711906202,0.0115228805622312,125.18542661504,FALSE
"Vynnycky-1997","0.003","1_1_1_1_1",0.181269246922018,0.259181779318282,0.00382016995225398,39.6584460964517,FALSE
"Vynnycky-1997","0.003","2_2_2_2_2",0.329679953964361,0.451188363905974,0.00659571683055493,65.668236637468,FALSE
"Vynnycky-1997","0.003","3_3_3_3_3",0.451188363905974,0.593430340259401,0.00838112624812015,74.9751733251196,FALSE
"Vynnycky-1997","0.003","4_4_4_4_4",0.550671035882778,0.698805788087798,0.00977064466225042,78.0621300532494,FALSE
"Vynnycky-1997","0.003","5_5_5_5_5",0.632120558828558,0.77686983985157,0.0104510642664316,83.468823320603,FALSE
"Vynnycky-1997","0.003","4_3_3_3_3",0.477954223238984,0.613258976545499,0.00841134135386679,74.6019704365029,FALSE
"Vynnycky-1997","0.003","5_3_3_3_3",0.50341469620859,0.632120558828558,0.00851322250364617,68.4965944377296,FALSE
"Vynnycky-1997","0.003","3_4_3_3_3",0.527633447258985,0.667128916301921,0.00923907093649412,79.3474758731189,FALSE
"Vynnycky-1997","0.003","4_4_3_3_3",0.550671035882778,0.683363230620947,0.00939342709061064,81.3925785473361,FALSE
"Vynnycky-1997","0.003","5_4_3_3_3",0.572585068051273,0.698805788087798,0.00912978422391686,71.2980061419928,FALSE
"Vynnycky-1997","0.003","3_5_3_3_3",0.593430340259401,0.727468206965987,0.0099326604155211,78.1590847925487,FALSE
"Vynnycky-1997","0.003","4_5_3_3_3",0.613258976545499,0.740759739354109,0.00988337715307275,77.5837874759057,FALSE
"Vynnycky-1997","0.003","5_5_3_3_3",0.632120558828558,0.753403036058394,0.00979384587906451,77.7819278962677,FALSE
"Vynnycky-1997","0.003","3_3_4_3_3",0.451188363905974,0.613258976545499,0.00889205408291927,75.8251720903067,FALSE
"Vynnycky-1997","0.003","4_3_4_3_3",0.477954223238984,0.632120558828558,0.00887013843474382,73.449474855203,FALSE
"Vynnycky-1997","0.003","5_3_4_3_3",0.50341469620859,0.650062250888845,0.00873304943122244,69.8293134402725,FALSE
"Vynnycky-1997","0.003","3_4_4_3_3",0.527633447258985,0.683363230620947,0.00959088277504094,74.6238599770401,FALSE
"Vynnycky-1997","0.003","4_4_4_3_3",0.550671035882778,0.698805788087798,0.0095700773442835,78.3256911014385,FALSE
"Vynnycky-1997","0.003","5_4_4_3_3",0.572585068051273,0.71349520313981,0.00943431458953103,73.4695987828936,FALSE
"Vynnycky-1997","0.003","3_5_4_3_3",0.593430340259401,0.740759739354109,0.0101960158855109,80.0291835845746,FALSE
"Vynnycky-1997","0.003","4_5_4_3_3",0.613258976545499,0.753403036058394,0.0100292374995368,80.4667825088887,FALSE
"Vynnycky-1997","0.003","5_5_4_3_3",0.632120558828558,0.765429711906202,0.00994301876023274,80.7670171482832,FALSE
"Vynnycky-1997","0.003","3_3_5_3_3",0.451188363905974,0.632120558828558,0.00916771403318362,83.04305831759,FALSE
"Vynnycky-1997","0.003","4_3_5_3_3",0.477954223238984,0.650062250888845,0.00903185878470092,79.0484454359628,FALSE
"Vynnycky-1997","0.003","5_3_5_3_3",0.50341469620859,0.667128916301921,0.00921336943780904,76.9417408894946,FALSE
"Vynnycky-1997","0.003","3_4_5_3_3",0.527633447258985,0.698805788087798,0.0100119159069864,83.0818927768478,FALSE
"Vynnycky-1997","0.003","4_4_5_3_3",0.550671035882778,0.71349520313981,0.00990981428599225,81.5813681605952,FALSE
"Vynnycky-1997","0.003","5_4_5_3_3",0.572585068051273,0.727468206965987,0.00971667364706497,78.1840042960508,FALSE
"Vynnycky-1997","0.003","3_5_5_3_3",0.593430340259401,0.753403036058394,0.0104710119039699,76.8378057424077,FALSE
"Vynnycky-1997","0.003","4_5_5_3_3",0.613258976545499,0.765429711906202,0.010476383385812,79.3157574249771,FALSE
"Vynnycky-1997","0.003","5_5_5_3_3",0.632120558828558,0.77686983985157,0.0102505553019263,78.6414148425339,FALSE
"Vynnycky-1997","0.003","3_3_3_4_3",0.451188363905974,0.593430340259401,0.00868555547009831,76.904776611099,FALSE
"Vynnycky-1997","0.003","4_3_3_4_3",0.477954223238984,0.613258976545499,0.00854374388057266,78.0857984911671,FALSE
"Vynnycky-1997","0.003","5_3_3_4_3",0.50341469620859,0.632120558828558,0.0086060377804531,76.5843129314532,FALSE
"Vynnycky-1997","0.003","3_4_3_4_3",0.527633447258985,0.667128916301921,0.00943050059084616,82.0955209155529,FALSE
"Vynnycky-1997","0.003","4_4_3_4_3",0.550671035882778,0.683363230620947,0.00931502155464126,78.1722602424313,FALSE
"Vynnycky-1997","0.003","5_4_3_4_3",0.572585068051273,0.698805788087798,0.00936271565553759,80.9398899037771,FALSE
"Vynnycky-1997","0.003","3_5_3_4_3",0.593430340259401,0.727468206965987,0.0100884683528278,83.6802878626639,FALSE
"Vynnycky-1997","0.003","4_5_3_4_3",0.613258976545499,0.740759739354109,0.0100240657532297,75.6751403925312,FALSE
"Vynnycky-1997","0.003","5_5_3_4_3",0.632120558828558,0.753403036058394,0.00988562840775242,81.1792849303884,FALSE
"Vynnycky-1997","0.003","3_3_4_4_3",0.451188363905974,0.613258976545499,0.00893650556833125,82.4792838872705,FALSE
"Vynnycky-1997","0.003","4_3_4_4_3",0.477954223238984,0.632120558828558,0.00900177736661512,80.575757947209,FALSE
"Vynnycky-1997","0.003","5_3_4_4_3",0.50341469620859,0.650062250888845,0.00904619259668815,81.807272444977,FALSE
"Vynnycky-1997","0.003","3_4_4_4_3",0.527633447258985,0.683363230620947,0.00957575694826895,87.1043307443931,FALSE
"Vynnycky-1997","0.003","4_4_4_4_3",0.550671035882778,0.698805788087798,0.00973405141464101,79.4825698369278,FALSE
"Vynnycky-1997","0.003","5_4_4_4_3",0.572585068051273,0.71349520313981,0.00960285879037304,82.0658406446257,FALSE
"Vynnycky-1997","0.003","3_5_4_4_3",0.593430340259401,0.740759739354109,0.0102598238192413,83.1904964857011,FALSE
"Vynnycky-1997","0.003","4_5_4_4_3",0.613258976545499,0.753403036058394,0.0103471935748632,80.0300348103554,FALSE
"Vynnycky-1997","0.003","5_5_4_4_3",0.632120558828558,0.765429711906202,0.0102505962668855,84.0602910232903,FALSE
"Vynnycky-1997","0.003","3_3_5_4_3",0.451188363905974,0.632120558828558,0.00931728859004977,94.3928076512886,FALSE
"Vynnycky-1997","0.003","4_3_5_4_3",0.477954223238984,0.650062250888845,0.0092459624779293,85.8497552670375,FALSE
"Vynnycky-1997","0.003","5_3_5_4_3",0.50341469620859,0.667128916301921,0.00927481158422871,80.8242276933541,FALSE
"Vynnycky-1997","0.003","3_4_5_4_3",0.527633447258985,0.698805788087798,0.010078352242624,87.4999141292895,FALSE
"Vynnycky-1997","0.003","4_4_5_4_3",0.550671035882778,0.71349520313981,0.00994116378151344,91.5108982335959,FALSE
"Vynnycky-1997","0.003","5_4_5_4_3",0.572585068051273,0.727468206965987,0.00988274090961516,77.9091770070637,FALSE
"Vynnycky-1997","0.003","3_5_5_4_3",0.593430340259401,0.753403036058394,0.0105262945657475,88.7951136428925,FALSE
"Vynnycky-1997","0.003","4_5_5_4_3",0.613258976545499,0.765429711906202,0.010501928834133,84.9189389081476,FALSE
"Vynnycky-1997","0.003","5_5_5_4_3",0.632120558828558,0.77686983985157,0.0103429518337981,79.5552871806155,FALSE
"Vynnycky-1997","0.003","3_3_3_5_3",0.451188363905974,0.593430340259401,0.00883153171691853,78.6614386470503,FALSE
"Vynnycky-1997","0.003","4_3_3_5_3",0.477954223238984,0.613258976545499,0.00862313839052797,76.3871061166228,FALSE
"Vynnycky-1997","0.003","5_3_3_5_3",0.50341469620859,0.632120558828558,0.00885787280720363,75.7732292499097,FALSE
"Vynnycky-1997","0.003","3_4_3_5_3",0.527633447258985,0.667128916301921,0.00956645372925147,77.4167592821479,FALSE
"Vynnycky-1997","0.003","4_4_3_5_3",0.550671035882778,0.683363230620947,0.00960781132447042,87.2691915065128,FALSE
"Vynnycky-1997","0.003","5_4_3_5_3",0.572585068051273,0.698805788087798,0.00941900663986661,84.4997324964435,FALSE
"Vynnycky-1997","0.003","3_5_3_5_3",0.593430340259401,0.727468206965987,0.0102117955714982,73.6990914658295,FALSE
"Vynnycky-1997","0.003","4_5_3_5_3",0.613258976545499,0.740759739354109,0.0100861418123419,76.3658082642727,FALSE
"Vynnycky-1997","0.003","5_5_3_5_3",0.632120558828558,0.753403036058394,0.00997862092730684,75.5071638634606,FALSE
"Vynnycky-1997","0.003","3_3_4_5_3",0.451188363905974,0.613258976545499,0.00910431051922533,78.10525505518,FALSE
"Vynnycky-1997","0.003","4_3_4_5_3",0.477954223238984,0.632120558828558,0.00915625054144231,79.5330177608737,FALSE
"Vynnycky-1997","0.003","5_3_4_5_3",0.50341469620859,0.650062250888845,0.00893754441665773,80.9733437585628,FALSE
"Vynnycky-1997","0.003","3_4_4_5_3",0.527633447258985,0.683363230620947,0.00978361883965695,85.3827787250832,FALSE
"Vynnycky-1997","0.003","4_4_4_5_3",0.550671035882778,0.698805788087798,0.00985867134790097,88.3420830603693,FALSE
"Vynnycky-1997","0.003","5_4_4_5_3",0.572585068051273,0.71349520313981,0.00978631308523614,79.3406765465118,FALSE
"Vynnycky-1997","0.003","3_5_4_5_3",0.593430340259401,0.740759739354109,0.0104479341057608,88.6635504771872,FALSE
"Vynnycky-1997","0.003","4_5_4_5_3",0.613258976545499,0.753403036058394,0.0103220456987243,80.7716993403521,FALSE
"Vynnycky-1997","0.003","5_5_4_5_3",0.632120558828558,0.765429711906202,0.0103868750637556,81.8637524591971,FALSE
"Vynnycky-1997","0.003","3_3_5_5_3",0.451188363905974,0.632120558828558,0.00939426077076588,87.7648027378212,FALSE
"Vynnycky-1997","0.003","4_3_5_5_3",0.477954223238984,0.650062250888845,0.00948314082469071,84.9468104986475,FALSE
"Vynnycky-1997","0.003","5_3_5_5_3",0.50341469620859,0.667128916301921,0.00942420851915082,79.9420731498048,FALSE
"Vynnycky-1997","0.003","3_4_5_5_3",0.527633447258985,0.698805788087798,0.0100742781169918,85.4404899626171,FALSE
"Vynnycky-1997","0.003","4_4_5_5_3",0.550671035882778,0.71349520313981,0.0100626155192033,86.9123346147903,FALSE
"Vynnycky-1997","0.003","5_4_5_5_3",0.572585068051273,0.727468206965987,0.0100392840757536,87.7702592676329,FALSE
"Vynnycky-1997","0.003","3_5_5_5_3",0.593430340259401,0.753403036058394,0.0108229974531845,87.5584418264192,FALSE
"Vynnycky-1997","0.003","4_5_5_5_3",0.613258976545499,0.765429711906202,0.0106780680172492,85.245475762671,FALSE
"Vynnycky-1997","0.003","5_5_5_5_3",0.632120558828558,0.77686983985157,0.010467669493071,86.2183466889476,FALSE
"Vynnycky-1997","0.003","3_3_3_3_4",0.451188363905974,0.593430340259401,0.00847220485392775,72.1584888042392,FALSE
"Vynnycky-1997","0.003","4_3_3_3_4",0.477954223238984,0.613258976545499,0.00838650676593988,68.6995685800478,FALSE
"Vynnycky-1997","0.003","5_3_3_3_4",0.50341469620859,0.632120558828558,0.00839898887254875,65.4136332007185,FALSE
"Vynnycky-1997","0.003","3_4_3_3_4",0.527633447258985,0.667128916301921,0.00925561366374794,73.860468933886,FALSE
"Vynnycky-1997","0.003","4_4_3_3_4",0.550671035882778,0.683363230620947,0.00920961600168524,69.5732739370682,FALSE
"Vynnycky-1997","0.003","5_4_3_3_4",0.572585068051273,0.698805788087798,0.00922388681240438,75.3998431597359,FALSE
"Vynnycky-1997","0.003","3_5_3_3_4",0.593430340259401,0.727468206965987,0.0099781364315753,80.3163295710262,FALSE
"Vynnycky-1997","0.003","4_5_3_3_4",0.613258976545499,0.740759739354109,0.00977233735494154,73.2568395774703,FALSE
"Vynnycky-1997","0.003","5_5_3_3_4",0.632120558828558,0.753403036058394,0.00985721088809954,73.2938423245131,FALSE
"Vynnycky-1997","0.003","3_3_4_3_4",0.451188363905974,0.613258976545499,0.00879948464041613,87.2714242013399,FALSE
"Vynnycky-1997","0.003","4_3_4_3_4",0.477954223238984,0.632120558828558,0.00888107444074149,83.1043761863762,FALSE
"Vynnycky-1997","0.003","5_3_4_3_4",0.50341469620859,0.650062250888845,0.00875329492140275,80.3163798234183,FALSE
"Vynnycky-1997","0.003","3_4_4_3_4",0.527633447258985,0.683363230620947,0.00961234366247044,81.5242845266773,FALSE
"Vynnycky-1997","0.003","4_4_4_3_4",0.550671035882778,0.698805788087798,0.00949292416033798,80.6490094445606,FALSE
"Vynnycky-1997","0.003","5_4_4_3_4",0.572585068051273,0.71349520313981,0.0096445761320475,80.064034882829,FALSE
"Vynnycky-1997","0.003","3_5_4_3_4",0.593430340259401,0.740759739354109,0.010199832953662,82.9519325780569,FALSE
"Vynnycky-1997","0.003","4_5_4_3_4",0.613258976545499,0.753403036058394,0.010165317024218,85.5237866586656,FALSE
"Vynnycky-1997","0.003","5_5_4_3_4",0.632120558828558,0.765429711906202,0.0100360376365668,77.1533346734815,FALSE
"Vynnycky-1997","0.003","3_3_5_3_4",0.451188363905974,0.632120558828558,0.00932202706523966,82.7092707171669,FALSE
"Vynnycky-1997","0.003","4_3_5_3_4",0.477954223238984,0.650062250888845,0.00917595321486764,83.6507587851424,FALSE
"Vynnycky-1997","0.003","5_3_5_3_4",0.50341469620859,0.667128916301921,0.00916510065426224,82.7947627437267,FALSE
"Vynnycky-1997","0.003","3_4_5_3_4",0.527633447258985,0.698805788087798,0.00984342959407514,91.0928301959652,FALSE
"Vynnycky-1997","0.003","4_4_5_3_4",0.550671035882778,0.71349520313981,0.00983938693894926,80.8061731172308,FALSE
"Vynnycky-1997","0.003","5_4_5_3_4",0.572585068051273,0.727468206965987,0.00975150573008665,74.8023444906832,FALSE
"Vynnycky-1997","0.003","3_5_5_3_4",0.593430340259401,0.753403036058394,0.0104447928436302,80.2127354324299,FALSE
"Vynnycky-1997","0.003","4_5_5_3_4",0.613258976545499,0.765429711906202,0.0104092455863597,78.9363819987637,FALSE
"Vynnycky-1997","0.003","5_5_5_3_4",0.632120558828558,0.77686983985157,0.0101891627150582,74.5988407171625,FALSE
"Vynnycky-1997","0.003","3_3_3_4_4",0.451188363905974,0.593430340259401,0.00857432032833882,79.6090089333108,FALSE
"Vynnycky-1997","0.003","4_3_3_4_4",0.477954223238984,0.613258976545499,0.00871521743455661,79.6835764590506,FALSE
"Vynnycky-1997","0.003","5_3_3_4_4",0.50341469620859,0.632120558828558,0.00860818579200984,76.9750782244475,FALSE
"Vynnycky-1997","0.003","3_4_3_4_4",0.527633447258985,0.667128916301921,0.00942065716213236,72.499521420742,FALSE
"Vynnycky-1997","0.003","4_4_3_4_4",0.550671035882778,0.683363230620947,0.00938927773503606,80.4349521373774,FALSE
"Vynnycky-1997","0.003","5_4_3_4_4",0.572585068051273,0.698805788087798,0.00928295815862079,81.7198089572636,FALSE
"Vynnycky-1997","0.003","3_5_3_4_4",0.593430340259401,0.727468206965987,0.0101566867780409,77.5481828550244,FALSE
"Vynnycky-1997","0.003","4_5_3_4_4",0.613258976545499,0.740759739354109,0.00996743918149257,72.7212240768925,FALSE
"Vynnycky-1997","0.003","5_5_3_4_4",0.632120558828558,0.753403036058394,0.0100187577452933,77.2348263559384,FALSE
"Vynnycky-1997","0.003","3_3_4_4_4",0.451188363905974,0.613258976545499,0.00910290340311037,76.9836533273629,FALSE
"Vynnycky-1997","0.003","4_3_4_4_4",0.477954223238984,0.632120558828558,0.0090274693639405,77.0626905029877,FALSE
"Vynnycky-1997","0.003","5_3_4_4_4",0.50341469620859,0.650062250888845,0.00898010390779658,83.5422525482336,FALSE
"Vynnycky-1997","0.003","3_4_4_4_4",0.527633447258985,0.683363230620947,0.0098247234434512,82.5707459719971,FALSE
"Vynnycky-1997","0.003","5_4_4_4_4",0.572585068051273,0.71349520313981,0.00969708416238646,80.1186835382372,FALSE
"Vynnycky-1997","0.003","3_5_4_4_4",0.593430340259401,0.740759739354109,0.0102437113249911,80.3550492979563,FALSE
"Vynnycky-1997","0.003","4_5_4_4_4",0.613258976545499,0.753403036058394,0.010220663105697,82.0149059139458,FALSE
"Vynnycky-1997","0.003","5_5_4_4_4",0.632120558828558,0.765429711906202,0.0100696372975939,75.7280498355287,FALSE
"Vynnycky-1997","0.003","3_3_5_4_4",0.451188363905974,0.632120558828558,0.00928965119388681,83.3336944898929,FALSE
"Vynnycky-1997","0.003","4_3_5_4_4",0.477954223238984,0.650062250888845,0.00924037083240037,84.6577290122898,FALSE
"Vynnycky-1997","0.003","5_3_5_4_4",0.50341469620859,0.667128916301921,0.00927462159063919,83.0788814181928,FALSE
"Vynnycky-1997","0.003","3_4_5_4_4",0.527633447258985,0.698805788087798,0.00997782527933699,92.7668152053187,FALSE
"Vynnycky-1997","0.003","4_4_5_4_4",0.550671035882778,0.71349520313981,0.0099574545544151,82.4706317362548,FALSE
"Vynnycky-1997","0.003","5_4_5_4_4",0.572585068051273,0.727468206965987,0.00985407789861747,79.6901656151474,FALSE
"Vynnycky-1997","0.003","3_5_5_4_4",0.593430340259401,0.753403036058394,0.0105026838297512,81.0119388717324,FALSE
"Vynnycky-1997","0.003","4_5_5_4_4",0.613258976545499,0.765429711906202,0.0103967115608049,79.710231088226,FALSE
"Vynnycky-1997","0.003","5_5_5_4_4",0.632120558828558,0.77686983985157,0.0102544090400198,79.342940640912,FALSE
"Vynnycky-1997","0.003","3_3_3_5_4",0.451188363905974,0.593430340259401,0.00876767560416403,75.6249128035723,FALSE
"Vynnycky-1997","0.003","4_3_3_5_4",0.477954223238984,0.613258976545499,0.00878369995243278,76.9526029297059,FALSE
"Vynnycky-1997","0.003","5_3_3_5_4",0.50341469620859,0.632120558828558,0.00882793477012322,78.8355580736904,FALSE
"Vynnycky-1997","0.003","3_4_3_5_4",0.527633447258985,0.667128916301921,0.00954609344410962,87.0542864720548,FALSE
"Vynnycky-1997","0.003","4_4_3_5_4",0.550671035882778,0.683363230620947,0.00949468564556477,79.430665182555,FALSE
"Vynnycky-1997","0.003","5_4_3_5_4",0.572585068051273,0.698805788087798,0.00951406572781033,75.6469450661481,FALSE
"Vynnycky-1997","0.003","3_5_3_5_4",0.593430340259401,0.727468206965987,0.0101802201712393,81.8980411207312,FALSE
"Vynnycky-1997","0.003","4_5_3_5_4",0.613258976545499,0.740759739354109,0.0101710915710179,74.8840982655993,FALSE
"Vynnycky-1997","0.003","5_5_3_5_4",0.632120558828558,0.753403036058394,0.0100469204053327,76.477203133099,FALSE
"Vynnycky-1997","0.003","3_3_4_5_4",0.451188363905974,0.613258976545499,0.00917619875220244,84.6026711076772,FALSE
"Vynnycky-1997","0.003","4_3_4_5_4",0.477954223238984,0.632120558828558,0.00919300482111796,76.1043842046326,FALSE
"Vynnycky-1997","0.003","5_3_4_5_4",0.50341469620859,0.650062250888845,0.0090444822924618,75.06685242332,FALSE
"Vynnycky-1997","0.003","3_4_4_5_4",0.527633447258985,0.683363230620947,0.00977895879667245,85.7436968074619,FALSE
"Vynnycky-1997","0.003","4_4_4_5_4",0.550671035882778,0.698805788087798,0.0097691198701424,84.2229953608254,FALSE
"Vynnycky-1997","0.003","5_4_4_5_4",0.572585068051273,0.71349520313981,0.00982755640147037,82.0860489284584,FALSE
"Vynnycky-1997","0.003","3_5_4_5_4",0.593430340259401,0.740759739354109,0.0104025880865084,88.3117408978848,FALSE
"Vynnycky-1997","0.003","4_5_4_5_4",0.613258976545499,0.753403036058394,0.0103930767652579,79.4821726329643,FALSE
"Vynnycky-1997","0.003","5_5_4_5_4",0.632120558828558,0.765429711906202,0.0102240468584973,83.1108916923022,FALSE
"Vynnycky-1997","0.003","3_3_5_5_4",0.451188363905974,0.632120558828558,0.0095092860611824,84.7618604298387,FALSE
"Vynnycky-1997","0.003","4_3_5_5_4",0.477954223238984,0.650062250888845,0.00949485601203903,76.7723636676112,FALSE
"Vynnycky-1997","0.003","5_3_5_5_4",0.50341469620859,0.667128916301921,0.00933607275102477,74.7874743064408,FALSE
"Vynnycky-1997","0.003","3_4_5_5_4",0.527633447258985,0.698805788087798,0.0100571553288835,91.9703896872686,FALSE
"Vynnycky-1997","0.003","4_4_5_5_4",0.550671035882778,0.71349520313981,0.0101293756522773,86.5802931532049,FALSE
"Vynnycky-1997","0.003","5_4_5_5_4",0.572585068051273,0.727468206965987,0.0099583834627176,80.3707225766065,FALSE
"Vynnycky-1997","0.003","3_5_5_5_4",0.593430340259401,0.753403036058394,0.0105101410700021,88.3813150465786,FALSE
"Vynnycky-1997","0.003","4_5_5_5_4",0.613258976545499,0.765429711906202,0.0107477492586369,82.8761330343828,FALSE
"Vynnycky-1997","0.003","5_5_5_5_4",0.632120558828558,0.77686983985157,0.0104288929187475,84.0963134656468,FALSE
"Vynnycky-1997","0.003","3_3_3_3_5",0.451188363905974,0.593430340259401,0.00835851825252965,74.2887780401107,FALSE
"Vynnycky-1997","0.003","4_3_3_3_5",0.477954223238984,0.613258976545499,0.00841363944056428,79.8206891917859,FALSE
"Vynnycky-1997","0.003","5_3_3_3_5",0.50341469620859,0.632120558828558,0.00849098452519603,76.3159967396503,FALSE
"Vynnycky-1997","0.003","3_4_3_3_5",0.527633447258985,0.667128916301921,0.00931008492723406,81.70209902515,FALSE
"Vynnycky-1997","0.003","4_4_3_3_5",0.550671035882778,0.683363230620947,0.00911859021525585,70.6466261330965,FALSE
"Vynnycky-1997","0.003","5_4_3_3_5",0.572585068051273,0.698805788087798,0.00920521217678727,75.0839964203941,FALSE
"Vynnycky-1997","0.003","3_5_3_3_5",0.593430340259401,0.727468206965987,0.0100234393843194,81.2422485700316,FALSE
"Vynnycky-1997","0.003","4_5_3_3_5",0.613258976545499,0.740759739354109,0.00985721286008168,75.9345264032532,FALSE
"Vynnycky-1997","0.003","5_5_3_3_5",0.632120558828558,0.753403036058394,0.00978250657028434,74.5225068531388,FALSE
"Vynnycky-1997","0.003","3_3_4_3_5",0.451188363905974,0.613258976545499,0.008799356249099,76.7921252333902,FALSE
"Vynnycky-1997","0.003","4_3_4_3_5",0.477954223238984,0.632120558828558,0.00884406384367464,73.4171225339876,FALSE
"Vynnycky-1997","0.003","5_3_4_3_5",0.50341469620859,0.650062250888845,0.00887269445314776,72.3369904040066,FALSE
"Vynnycky-1997","0.003","3_4_4_3_5",0.527633447258985,0.683363230620947,0.00960284089190089,84.8784042110479,FALSE
"Vynnycky-1997","0.003","4_4_4_3_5",0.550671035882778,0.698805788087798,0.00944111249683222,80.2799864266802,FALSE
"Vynnycky-1997","0.003","5_4_4_3_5",0.572585068051273,0.71349520313981,0.0096302095420695,83.0499960125544,FALSE
"Vynnycky-1997","0.003","3_5_4_3_5",0.593430340259401,0.740759739354109,0.0101702842983036,85.4361104203565,FALSE
"Vynnycky-1997","0.003","4_5_4_3_5",0.613258976545499,0.753403036058394,0.0102337789402185,84.0361539876341,FALSE
"Vynnycky-1997","0.003","5_5_4_3_5",0.632120558828558,0.765429711906202,0.0102035722410149,75.5653568902844,FALSE
"Vynnycky-1997","0.003","3_3_5_3_5",0.451188363905974,0.632120558828558,0.00914941825844429,91.0062624248916,FALSE
"Vynnycky-1997","0.003","4_3_5_3_5",0.477954223238984,0.650062250888845,0.00916918199961925,78.0912771962381,FALSE
"Vynnycky-1997","0.003","5_3_5_3_5",0.50341469620859,0.667128916301921,0.00918331270676676,69.4168123015275,FALSE
"Vynnycky-1997","0.003","3_4_5_3_5",0.527633447258985,0.698805788087798,0.00989570432343556,76.4991139580206,FALSE
"Vynnycky-1997","0.003","4_4_5_3_5",0.550671035882778,0.71349520313981,0.00985671369890651,78.0068132404578,FALSE
"Vynnycky-1997","0.003","5_4_5_3_5",0.572585068051273,0.727468206965987,0.00977019355403885,79.0471845247615,FALSE
"Vynnycky-1997","0.003","3_5_5_3_5",0.593430340259401,0.753403036058394,0.0105147385436127,89.8402283388411,FALSE
"Vynnycky-1997","0.003","4_5_5_3_5",0.613258976545499,0.765429711906202,0.0103983017564601,83.4865258722752,FALSE
"Vynnycky-1997","0.003","5_5_5_3_5",0.632120558828558,0.77686983985157,0.0101799575279005,77.2928653969809,FALSE
"Vynnycky-1997","0.003","3_3_3_4_5",0.451188363905974,0.593430340259401,0.00861704188536827,83.1138676759483,FALSE
"Vynnycky-1997","0.003","4_3_3_4_5",0.477954223238984,0.613258976545499,0.00848331914620604,74.4233207239023,FALSE
"Vynnycky-1997","0.003","5_3_3_4_5",0.50341469620859,0.632120558828558,0.00865191602064963,80.7268893795719,FALSE
"Vynnycky-1997","0.003","3_4_3_4_5",0.527633447258985,0.667128916301921,0.00931072863905358,82.8508319854262,FALSE
"Vynnycky-1997","0.003","4_4_3_4_5",0.550671035882778,0.683363230620947,0.00939444230850228,85.2640356452815,FALSE
"Vynnycky-1997","0.003","5_4_3_4_5",0.572585068051273,0.698805788087798,0.00933973587231007,72.7576405599331,FALSE
"Vynnycky-1997","0.003","3_5_3_4_5",0.593430340259401,0.727468206965987,0.0100874929814756,77.9226783751152,FALSE
"Vynnycky-1997","0.003","4_5_3_4_5",0.613258976545499,0.740759739354109,0.00996289090129043,79.1229637273454,FALSE
"Vynnycky-1997","0.003","5_5_3_4_5",0.632120558828558,0.753403036058394,0.00995894019100951,76.6955340430025,FALSE
"Vynnycky-1997","0.003","3_3_4_4_5",0.451188363905974,0.613258976545499,0.00895633297143894,80.8085534515829,FALSE
"Vynnycky-1997","0.003","4_3_4_4_5",0.477954223238984,0.632120558828558,0.00890686610829161,78.2280371338807,FALSE
"Vynnycky-1997","0.003","5_3_4_4_5",0.50341469620859,0.650062250888845,0.00888025622416078,78.5695672993037,FALSE
"Vynnycky-1997","0.003","3_4_4_4_5",0.527633447258985,0.683363230620947,0.00974383236950704,87.3676668816097,FALSE
"Vynnycky-1997","0.003","4_4_4_4_5",0.550671035882778,0.698805788087798,0.00980798020488605,81.1713781138957,FALSE
"Vynnycky-1997","0.003","5_4_4_4_5",0.572585068051273,0.71349520313981,0.00958306087340421,77.1661543004222,FALSE
"Vynnycky-1997","0.003","3_5_4_4_5",0.593430340259401,0.740759739354109,0.01044401488889,82.3520151970112,FALSE
"Vynnycky-1997","0.003","4_5_4_4_5",0.613258976545499,0.753403036058394,0.0101221097645332,79.3905590658493,FALSE
"Vynnycky-1997","0.003","5_5_4_4_5",0.632120558828558,0.765429711906202,0.0102238545789545,80.2776471409482,FALSE
"Vynnycky-1997","0.003","3_3_5_4_5",0.451188363905974,0.632120558828558,0.00944135596783058,81.5486608048698,FALSE
"Vynnycky-1997","0.003","4_3_5_4_5",0.477954223238984,0.650062250888845,0.00918355997111953,84.0777453335527,FALSE
"Vynnycky-1997","0.003","5_3_5_4_5",0.50341469620859,0.667128916301921,0.0092434482183672,75.6943202946921,FALSE
"Vynnycky-1997","0.003","3_4_5_4_5",0.527633447258985,0.698805788087798,0.00999177042936927,85.5413435047849,FALSE
"Vynnycky-1997","0.003","4_4_5_4_5",0.550671035882778,0.71349520313981,0.0100468089121536,84.7611213453085,FALSE
"Vynnycky-1997","0.003","5_4_5_4_5",0.572585068051273,0.727468206965987,0.00982475556243079,85.8754816575995,FALSE
"Vynnycky-1997","0.003","3_5_5_4_5",0.593430340259401,0.753403036058394,0.0105681707009992,81.7710283695984,FALSE
"Vynnycky-1997","0.003","4_5_5_4_5",0.613258976545499,0.765429711906202,0.0104870249771368,78.7098641941565,FALSE
"Vynnycky-1997","0.003","5_5_5_4_5",0.632120558828558,0.77686983985157,0.010431848034232,77.8459040250457,FALSE
"Vynnycky-1997","0.003","3_3_3_5_5",0.451188363905974,0.593430340259401,0.00889173412135758,82.4507231656672,FALSE
"Vynnycky-1997","0.003","4_3_3_5_5",0.477954223238984,0.613258976545499,0.00872822938861206,75.7581013245818,FALSE
"Vynnycky-1997","0.003","5_3_3_5_5",0.50341469620859,0.632120558828558,0.00874065303376437,77.6274837862127,FALSE
"Vynnycky-1997","0.003","3_4_3_5_5",0.527633447258985,0.667128916301921,0.00966886376353138,89.1253156586693,FALSE
"Vynnycky-1997","0.003","4_4_3_5_5",0.550671035882778,0.683363230620947,0.00951766602343396,79.1388206357841,FALSE
"Vynnycky-1997","0.003","5_4_3_5_5",0.572585068051273,0.698805788087798,0.00946438853130838,71.3933542761765,FALSE
"Vynnycky-1997","0.003","3_5_3_5_5",0.593430340259401,0.727468206965987,0.0101162194567296,83.8238669645741,FALSE
"Vynnycky-1997","0.003","4_5_3_5_5",0.613258976545499,0.740759739354109,0.0101192096633488,82.5934547359748,FALSE
"Vynnycky-1997","0.003","5_5_3_5_5",0.632120558828558,0.753403036058394,0.0099794525248148,82.7634479463099,FALSE
"Vynnycky-1997","0.003","3_3_4_5_5",0.451188363905974,0.613258976545499,0.00914084672630344,84.5332134094417,FALSE
"Vynnycky-1997","0.003","4_3_4_5_5",0.477954223238984,0.632120558828558,0.0090814682960012,85.0551831391081,FALSE
"Vynnycky-1997","0.003","5_3_4_5_5",0.50341469620859,0.650062250888845,0.00906184297336821,84.100106568439,FALSE
"Vynnycky-1997","0.003","3_4_4_5_5",0.527633447258985,0.683363230620947,0.00997022949362247,91.2406849371323,FALSE
"Vynnycky-1997","0.003","4_4_4_5_5",0.550671035882778,0.698805788087798,0.00971892849112332,81.0379683435006,FALSE
"Vynnycky-1997","0.003","5_4_4_5_5",0.572585068051273,0.71349520313981,0.00976356636883724,80.9946514839944,FALSE
"Vynnycky-1997","0.003","3_5_4_5_5",0.593430340259401,0.740759739354109,0.0104890852164461,83.4017602178781,FALSE
"Vynnycky-1997","0.003","4_5_4_5_5",0.613258976545499,0.753403036058394,0.0103067562318016,80.3705476439321,FALSE
"Vynnycky-1997","0.003","5_5_4_5_5",0.632120558828558,0.765429711906202,0.0103431138658044,81.306743186366,FALSE
"Vynnycky-1997","0.003","3_3_5_5_5",0.451188363905974,0.632120558828558,0.00947708667450864,83.5267140424369,FALSE
"Vynnycky-1997","0.003","4_3_5_5_5",0.477954223238984,0.650062250888845,0.00933969963720516,79.323412937502,FALSE
"Vynnycky-1997","0.003","5_3_5_5_5",0.50341469620859,0.667128916301921,0.00935655161855431,88.7019510057046,FALSE
"Vynnycky-1997","0.003","3_4_5_5_5",0.527633447258985,0.698805788087798,0.0102796258797605,103.74689104879,FALSE
"Vynnycky-1997","0.003","4_4_5_5_5",0.550671035882778,0.71349520313981,0.0101088847301708,80.5297510671324,FALSE
"Vynnycky-1997","0.003","5_4_5_5_5",0.572585068051273,0.727468206965987,0.00999856188609072,79.0396876370031,FALSE
"Vynnycky-1997","0.003","3_5_5_5_5",0.593430340259401,0.753403036058394,0.0106010110177962,86.537811514849,FALSE
"Vynnycky-1997","0.003","4_5_5_5_5",0.613258976545499,0.765429711906202,0.0105578201177204,90.7078761084271,FALSE
"Vynnycky-high","base","1_1_1_1_1",0.181269246922018,0.259181779318282,0.00364135469866855,33.4593895959593,FALSE
"Vynnycky-high","base","2_2_2_2_2",0.329679953964361,0.451188363905974,0.00623047720733649,48.9362462410919,FALSE
"Vynnycky-high","base","3_3_3_3_3",0.451188363905974,0.593430340259401,0.0080077058463105,61.0261297641072,FALSE
"Vynnycky-high","base","4_4_4_4_4",0.550671035882778,0.698805788087798,0.00913940261332991,62.8666554262585,FALSE
"Vynnycky-high","base","5_5_5_5_5",0.632120558828558,0.77686983985157,0.00977296720735976,62.7075341984258,FALSE
"Vynnycky-high","base","4_3_3_3_3",0.477954223238984,0.613258976545499,0.00786346613283206,55.5579139384708,FALSE
"Vynnycky-high","base","5_3_3_3_3",0.50341469620859,0.632120558828558,0.00789272972168231,60.6879976062716,FALSE
"Vynnycky-high","base","3_4_3_3_3",0.527633447258985,0.667128916301921,0.00868772413450736,58.2162143177262,FALSE
"Vynnycky-high","base","4_4_3_3_3",0.550671035882778,0.683363230620947,0.00867930899130887,58.5262094944085,FALSE
"Vynnycky-high","base","5_4_3_3_3",0.572585068051273,0.698805788087798,0.00861549100063375,49.0420852616516,FALSE
"Vynnycky-high","base","3_5_3_3_3",0.593430340259401,0.727468206965987,0.00936054040637213,53.3119341639742,FALSE
"Vynnycky-high","base","4_5_3_3_3",0.613258976545499,0.740759739354109,0.00920535413403856,54.8153632201298,FALSE
"Vynnycky-high","base","5_5_3_3_3",0.632120558828558,0.753403036058394,0.00907286794479256,51.9815059385621,FALSE
"Vynnycky-high","base","3_3_4_3_3",0.451188363905974,0.613258976545499,0.00833155654020568,61.679115080651,FALSE
"Vynnycky-high","base","4_3_4_3_3",0.477954223238984,0.632120558828558,0.00825178924389047,53.735087557774,FALSE
"Vynnycky-high","base","5_3_4_3_3",0.50341469620859,0.650062250888845,0.00826726774285891,61.6462780664166,FALSE
"Vynnycky-high","base","3_4_4_3_3",0.527633447258985,0.683363230620947,0.0090229668262275,58.4508534910044,FALSE
"Vynnycky-high","base","4_4_4_3_3",0.550671035882778,0.698805788087798,0.00903239419967417,58.648157922783,FALSE
"Vynnycky-high","base","5_4_4_3_3",0.572585068051273,0.71349520313981,0.00883415036338886,52.8069039604122,FALSE
"Vynnycky-high","base","3_5_4_3_3",0.593430340259401,0.740759739354109,0.00965688801540787,59.1129166664798,FALSE
"Vynnycky-high","base","4_5_4_3_3",0.613258976545499,0.753403036058394,0.00952535802291166,55.1409107652923,FALSE
"Vynnycky-high","base","5_5_4_3_3",0.632120558828558,0.765429711906202,0.00936579173129248,46.7103849927959,FALSE
"Vynnycky-high","base","3_3_5_3_3",0.451188363905974,0.632120558828558,0.00872211906936893,61.9910710452057,FALSE
"Vynnycky-high","base","4_3_5_3_3",0.477954223238984,0.650062250888845,0.00864118884053477,63.2038216910088,FALSE
"Vynnycky-high","base","5_3_5_3_3",0.50341469620859,0.667128916301921,0.00855271970797777,62.825500079283,FALSE
"Vynnycky-high","base","3_4_5_3_3",0.527633447258985,0.698805788087798,0.00937355069280821,53.6034061137998,FALSE
"Vynnycky-high","base","4_4_5_3_3",0.550671035882778,0.71349520313981,0.00919721980940424,57.9639103855997,FALSE
"Vynnycky-high","base","5_4_5_3_3",0.572585068051273,0.727468206965987,0.00910747928173439,60.2744609424911,FALSE
"Vynnycky-high","base","3_5_5_3_3",0.593430340259401,0.753403036058394,0.00987230775699166,59.203404734342,FALSE
"Vynnycky-high","base","4_5_5_3_3",0.613258976545499,0.765429711906202,0.00972959395889439,60.4741065941775,FALSE
"Vynnycky-high","base","5_5_5_3_3",0.632120558828558,0.77686983985157,0.00966558605381396,58.4304850570322,FALSE
"Vynnycky-high","base","3_3_3_4_3",0.451188363905974,0.593430340259401,0.00825220429824736,64.5122693346637,FALSE
"Vynnycky-high","base","4_3_3_4_3",0.477954223238984,0.613258976545499,0.00805120729064612,60.4868552599527,FALSE
"Vynnycky-high","base","5_3_3_4_3",0.50341469620859,0.632120558828558,0.0080350691695189,53.9074129627325,FALSE
"Vynnycky-high","base","3_4_3_4_3",0.527633447258985,0.667128916301921,0.00885820732302023,59.5145451449167,FALSE
"Vynnycky-high","base","4_4_3_4_3",0.550671035882778,0.683363230620947,0.00877538969453473,59.9456508739265,FALSE
"Vynnycky-high","base","5_4_3_4_3",0.572585068051273,0.698805788087798,0.00869417107907011,56.0927676460394,FALSE
"Vynnycky-high","base","3_5_3_4_3",0.593430340259401,0.727468206965987,0.00943645435618257,57.8483566514691,FALSE
"Vynnycky-high","base","4_5_3_4_3",0.613258976545499,0.740759739354109,0.00940140916876475,53.6932340843591,FALSE
"Vynnycky-high","base","5_5_3_4_3",0.632120558828558,0.753403036058394,0.00922594054507397,54.7430030250026,FALSE
"Vynnycky-high","base","3_3_4_4_3",0.451188363905974,0.613258976545499,0.0085523084431941,67.3844711423233,FALSE
"Vynnycky-high","base","4_3_4_4_3",0.477954223238984,0.632120558828558,0.00844747685371994,67.3586429126751,FALSE
"Vynnycky-high","base","5_3_4_4_3",0.50341469620859,0.650062250888845,0.00839060532386249,61.9506303157908,FALSE
"Vynnycky-high","base","3_4_4_4_3",0.527633447258985,0.683363230620947,0.00921269621310628,68.233887533366,FALSE
"Vynnycky-high","base","4_4_4_4_3",0.550671035882778,0.698805788087798,0.00919957829017437,68.9758542037924,FALSE
"Vynnycky-high","base","5_4_4_4_3",0.572585068051273,0.71349520313981,0.00891845761354237,53.9013163999377,FALSE
"Vynnycky-high","base","3_5_4_4_3",0.593430340259401,0.740759739354109,0.00988503820138487,60.0087795914189,FALSE
"Vynnycky-high","base","4_5_4_4_3",0.613258976545499,0.753403036058394,0.00960808016288672,66.8179113797264,FALSE
"Vynnycky-high","base","5_5_4_4_3",0.632120558828558,0.765429711906202,0.00956673600462643,58.1358418726364,FALSE
"Vynnycky-high","base","3_3_5_4_3",0.451188363905974,0.632120558828558,0.00894543584970753,70.5822393354437,FALSE
"Vynnycky-high","base","4_3_5_4_3",0.477954223238984,0.650062250888845,0.00873884691374138,72.7995646793237,FALSE
"Vynnycky-high","base","5_3_5_4_3",0.50341469620859,0.667128916301921,0.00875482529675453,65.2185891198867,FALSE
"Vynnycky-high","base","3_4_5_4_3",0.527633447258985,0.698805788087798,0.00955533010024023,69.4055508473756,FALSE
"Vynnycky-high","base","4_4_5_4_3",0.550671035882778,0.71349520313981,0.00939596678655641,56.1466448495913,FALSE
"Vynnycky-high","base","5_4_5_4_3",0.572585068051273,0.727468206965987,0.00926371965237127,55.9379397181544,FALSE
"Vynnycky-high","base","3_5_5_4_3",0.593430340259401,0.753403036058394,0.00991593411602898,67.368892933356,FALSE
"Vynnycky-high","base","4_5_5_4_3",0.613258976545499,0.765429711906202,0.0097586774249212,55.3478219334028,FALSE
"Vynnycky-high","base","5_5_5_4_3",0.632120558828558,0.77686983985157,0.00962221164056198,60.1420727184596,FALSE
"Vynnycky-high","base","3_3_3_5_3",0.451188363905974,0.593430340259401,0.00831108060939179,63.932249471919,FALSE
"Vynnycky-high","base","4_3_3_5_3",0.477954223238984,0.613258976545499,0.00822360560377089,61.1708844432365,FALSE
"Vynnycky-high","base","5_3_3_5_3",0.50341469620859,0.632120558828558,0.00809705328389754,59.8747739903174,FALSE
"Vynnycky-high","base","3_4_3_5_3",0.527633447258985,0.667128916301921,0.00904476360138984,65.2835648830905,FALSE
"Vynnycky-high","base","4_4_3_5_3",0.550671035882778,0.683363230620947,0.00890545116601449,60.5950264960107,FALSE
"Vynnycky-high","base","5_4_3_5_3",0.572585068051273,0.698805788087798,0.00892849381308558,54.6517062817181,FALSE
"Vynnycky-high","base","3_5_3_5_3",0.593430340259401,0.727468206965987,0.00960554588238183,58.9520087510549,FALSE
"Vynnycky-high","base","4_5_3_5_3",0.613258976545499,0.740759739354109,0.00945405709143654,54.1889690390302,FALSE
"Vynnycky-high","base","5_5_3_5_3",0.632120558828558,0.753403036058394,0.00927307855183712,54.0330375746138,FALSE
"Vynnycky-high","base","3_3_4_5_3",0.451188363905974,0.613258976545499,0.00873985774143182,66.1377006803699,FALSE
"Vynnycky-high","base","4_3_4_5_3",0.477954223238984,0.632120558828558,0.0085630712746616,66.3960831113472,FALSE
"Vynnycky-high","base","5_3_4_5_3",0.50341469620859,0.650062250888845,0.00854771637044671,62.2070248155564,FALSE
"Vynnycky-high","base","3_4_4_5_3",0.527633447258985,0.683363230620947,0.00927112787840079,64.9402663596883,FALSE
"Vynnycky-high","base","4_4_4_5_3",0.550671035882778,0.698805788087798,0.00928684256510093,64.9073890537191,FALSE
"Vynnycky-high","base","5_4_4_5_3",0.572585068051273,0.71349520313981,0.00893156938206818,59.0454677131627,FALSE
"Vynnycky-high","base","3_5_4_5_3",0.593430340259401,0.740759739354109,0.00988617381872448,58.6880402276771,FALSE
"Vynnycky-high","base","4_5_4_5_3",0.613258976545499,0.753403036058394,0.0096359196929543,60.4315635470303,FALSE
"Vynnycky-high","base","5_5_4_5_3",0.632120558828558,0.765429711906202,0.00959023333849729,54.2279303141552,FALSE
"Vynnycky-high","base","3_3_5_5_3",0.451188363905974,0.632120558828558,0.00908059854430132,76.2008846301181,FALSE
"Vynnycky-high","base","4_3_5_5_3",0.477954223238984,0.650062250888845,0.00884546757020055,76.0725959384803,FALSE
"Vynnycky-high","base","5_3_5_5_3",0.50341469620859,0.667128916301921,0.00886913475774875,67.2407898785937,FALSE
"Vynnycky-high","base","3_4_5_5_3",0.527633447258985,0.698805788087798,0.00959126080849781,66.9481442294248,FALSE
"Vynnycky-high","base","4_4_5_5_3",0.550671035882778,0.71349520313981,0.00950238661565195,67.8846556186029,FALSE
"Vynnycky-high","base","5_4_5_5_3",0.572585068051273,0.727468206965987,0.00928080222406968,63.8430409196638,FALSE
"Vynnycky-high","base","3_5_5_5_3",0.593430340259401,0.753403036058394,0.0101411756954057,66.3604632099763,FALSE
"Vynnycky-high","base","4_5_5_5_3",0.613258976545499,0.765429711906202,0.00991442298695255,55.4389260796871,FALSE
"Vynnycky-high","base","5_5_5_5_3",0.632120558828558,0.77686983985157,0.00979391140427877,58.1176628242235,FALSE
"Vynnycky-high","base","3_3_3_3_4",0.451188363905974,0.593430340259401,0.00796024425078989,62.1190355549487,FALSE
"Vynnycky-high","base","4_3_3_3_4",0.477954223238984,0.613258976545499,0.00795600364279614,58.868635109837,FALSE
"Vynnycky-high","base","5_3_3_3_4",0.50341469620859,0.632120558828558,0.00785316138306391,52.4377620420941,FALSE
"Vynnycky-high","base","3_4_3_3_4",0.527633447258985,0.667128916301921,0.0087384192522364,59.6421893805273,FALSE
"Vynnycky-high","base","4_4_3_3_4",0.550671035882778,0.683363230620947,0.00866365984200368,53.1609871318166,FALSE
"Vynnycky-high","base","5_4_3_3_4",0.572585068051273,0.698805788087798,0.00855029461401258,54.8632770673924,FALSE
"Vynnycky-high","base","3_5_3_3_4",0.593430340259401,0.727468206965987,0.00924571348171044,60.4013840809401,FALSE
"Vynnycky-high","base","4_5_3_3_4",0.613258976545499,0.740759739354109,0.0092354701610633,53.3341112189207,FALSE
"Vynnycky-high","base","5_5_3_3_4",0.632120558828558,0.753403036058394,0.00911213993553595,50.8949391448603,FALSE
"Vynnycky-high","base","3_3_4_3_4",0.451188363905974,0.613258976545499,0.0084908213433913,57.9389336139986,FALSE
"Vynnycky-high","base","4_3_4_3_4",0.477954223238984,0.632120558828558,0.00828922898871376,56.2567691122001,FALSE
"Vynnycky-high","base","5_3_4_3_4",0.50341469620859,0.650062250888845,0.00820109865739826,58.2267494840281,FALSE
"Vynnycky-high","base","3_4_4_3_4",0.527633447258985,0.683363230620947,0.00910902308861161,58.9100409124348,FALSE
"Vynnycky-high","base","4_4_4_3_4",0.550671035882778,0.698805788087798,0.00896740174251254,58.9172255640625,FALSE
"Vynnycky-high","base","5_4_4_3_4",0.572585068051273,0.71349520313981,0.00899434607408567,60.6583467620833,FALSE
"Vynnycky-high","base","3_5_4_3_4",0.593430340259401,0.740759739354109,0.00955660403103586,53.7021096221305,FALSE
"Vynnycky-high","base","4_5_4_3_4",0.613258976545499,0.753403036058394,0.00942251534546923,51.3628387509757,FALSE
"Vynnycky-high","base","5_5_4_3_4",0.632120558828558,0.765429711906202,0.00933885154222602,48.2971239475045,FALSE
"Vynnycky-high","base","3_3_5_3_4",0.451188363905974,0.632120558828558,0.00872745944215736,68.4239573597045,FALSE
"Vynnycky-high","base","4_3_5_3_4",0.477954223238984,0.650062250888845,0.00856506104882038,63.039346493612,FALSE
"Vynnycky-high","base","5_3_5_3_4",0.50341469620859,0.667128916301921,0.00848729287493366,60.4574846242528,FALSE
"Vynnycky-high","base","3_4_5_3_4",0.527633447258985,0.698805788087798,0.00940971441257044,68.7096225130959,FALSE
"Vynnycky-high","base","4_4_5_3_4",0.550671035882778,0.71349520313981,0.0092551384425682,56.7241892196892,FALSE
"Vynnycky-high","base","5_4_5_3_4",0.572585068051273,0.727468206965987,0.00909613946459453,57.8459334994931,FALSE
"Vynnycky-high","base","3_5_5_3_4",0.593430340259401,0.753403036058394,0.00992832319006665,57.720747669431,FALSE
"Vynnycky-high","base","4_5_5_3_4",0.613258976545499,0.765429711906202,0.00970550471598397,57.2921871890035,FALSE
"Vynnycky-high","base","5_5_5_3_4",0.632120558828558,0.77686983985157,0.0095110931923833,49.9926119324631,FALSE
"Vynnycky-high","base","3_3_3_4_4",0.451188363905974,0.593430340259401,0.00823630812355369,59.7363950916879,FALSE
"Vynnycky-high","base","4_3_3_4_4",0.477954223238984,0.613258976545499,0.0081543351193295,52.1724127891921,FALSE
"Vynnycky-high","base","5_3_3_4_4",0.50341469620859,0.632120558828558,0.007996457489584,58.524912679787,FALSE
"Vynnycky-high","base","3_4_3_4_4",0.527633447258985,0.667128916301921,0.0088312391426677,60.1936523231641,FALSE
"Vynnycky-high","base","4_4_3_4_4",0.550671035882778,0.683363230620947,0.00878100801942439,51.659568240221,FALSE
"Vynnycky-high","base","5_4_3_4_4",0.572585068051273,0.698805788087798,0.00889784755706913,54.183116668578,FALSE
"Vynnycky-high","base","3_5_3_4_4",0.593430340259401,0.727468206965987,0.00949060736894847,59.5353096451081,FALSE
"Vynnycky-high","base","4_5_3_4_4",0.613258976545499,0.740759739354109,0.00931944064833379,50.1209741867023,FALSE
"Vynnycky-high","base","5_5_3_4_4",0.632120558828558,0.753403036058394,0.00919307363771693,51.127562593847,FALSE
"Vynnycky-high","base","3_3_4_4_4",0.451188363905974,0.613258976545499,0.00847659727852301,62.6592213790573,FALSE
"Vynnycky-high","base","4_3_4_4_4",0.477954223238984,0.632120558828558,0.00852747858229463,58.3761985727153,FALSE
"Vynnycky-high","base","5_3_4_4_4",0.50341469620859,0.650062250888845,0.0084294737265469,67.466788308716,FALSE
"Vynnycky-high","base","3_4_4_4_4",0.527633447258985,0.683363230620947,0.00924246652354332,57.788185695934,FALSE
"Vynnycky-high","base","5_4_4_4_4",0.572585068051273,0.71349520313981,0.00897333268740497,62.7649759768953,FALSE
"Vynnycky-high","base","3_5_4_4_4",0.593430340259401,0.740759739354109,0.00980055091990051,61.8553755994344,FALSE
"Vynnycky-high","base","4_5_4_4_4",0.613258976545499,0.753403036058394,0.0095392921706362,55.0716771750369,FALSE
"Vynnycky-high","base","5_5_4_4_4",0.632120558828558,0.765429711906202,0.00948524962460318,54.4868914522799,FALSE
"Vynnycky-high","base","3_3_5_4_4",0.451188363905974,0.632120558828558,0.00895974582553927,71.0427722277002,FALSE
"Vynnycky-high","base","4_3_5_4_4",0.477954223238984,0.650062250888845,0.00889871328587832,60.2717457428541,FALSE
"Vynnycky-high","base","5_3_5_4_4",0.50341469620859,0.667128916301921,0.00871605717765966,63.6870511773216,FALSE
"Vynnycky-high","base","3_4_5_4_4",0.527633447258985,0.698805788087798,0.00944702785364004,60.7578519240946,FALSE
"Vynnycky-high","base","4_4_5_4_4",0.550671035882778,0.71349520313981,0.0094206285621411,58.3563152134068,FALSE
"Vynnycky-high","base","5_4_5_4_4",0.572585068051273,0.727468206965987,0.00915674274585565,57.7388582777412,FALSE
"Vynnycky-high","base","3_5_5_4_4",0.593430340259401,0.753403036058394,0.00995218342352655,62.5170471997263,FALSE
"Vynnycky-high","base","4_5_5_4_4",0.613258976545499,0.765429711906202,0.00978430334900782,60.2206471742648,FALSE
"Vynnycky-high","base","5_5_5_4_4",0.632120558828558,0.77686983985157,0.00965000019655593,60.0167565344874,FALSE
"Vynnycky-high","base","3_3_3_5_4",0.451188363905974,0.593430340259401,0.00828287322168142,69.1080078570788,FALSE
"Vynnycky-high","base","4_3_3_5_4",0.477954223238984,0.613258976545499,0.00833938535741785,60.5381135776511,FALSE
"Vynnycky-high","base","5_3_3_5_4",0.50341469620859,0.632120558828558,0.00824743908022707,71.7708181905434,FALSE
"Vynnycky-high","base","3_4_3_5_4",0.527633447258985,0.667128916301921,0.00904052988214699,64.3988445118854,FALSE
"Vynnycky-high","base","4_4_3_5_4",0.550671035882778,0.683363230620947,0.0088003030481798,63.7585482500083,FALSE
"Vynnycky-high","base","5_4_3_5_4",0.572585068051273,0.698805788087798,0.00884024048376719,61.8788384276437,FALSE
"Vynnycky-high","base","3_5_3_5_4",0.593430340259401,0.727468206965987,0.00969556382615633,61.7386481460448,FALSE
"Vynnycky-high","base","4_5_3_5_4",0.613258976545499,0.740759739354109,0.00949390263485084,57.7725777404107,FALSE
"Vynnycky-high","base","5_5_3_5_4",0.632120558828558,0.753403036058394,0.00926626216155824,57.2837108826687,FALSE
"Vynnycky-high","base","3_3_4_5_4",0.451188363905974,0.613258976545499,0.00867277928672827,67.9843753273863,FALSE
"Vynnycky-high","base","4_3_4_5_4",0.477954223238984,0.632120558828558,0.0086243071137676,62.227314825519,FALSE
"Vynnycky-high","base","5_3_4_5_4",0.50341469620859,0.650062250888845,0.00852961771200567,66.6694309855935,FALSE
"Vynnycky-high","base","3_4_4_5_4",0.527633447258985,0.683363230620947,0.00923806587405995,72.9664254619729,FALSE
"Vynnycky-high","base","4_4_4_5_4",0.550671035882778,0.698805788087798,0.00921212951618278,72.9576670325683,FALSE
"Vynnycky-high","base","5_4_4_5_4",0.572585068051273,0.71349520313981,0.00915273808293549,59.7130049434567,FALSE
"Vynnycky-high","base","3_5_4_5_4",0.593430340259401,0.740759739354109,0.00988682070204028,57.9604590332767,FALSE
"Vynnycky-high","base","4_5_4_5_4",0.613258976545499,0.753403036058394,0.00966030186751188,52.6947703521311,FALSE
"Vynnycky-high","base","5_5_4_5_4",0.632120558828558,0.765429711906202,0.00947212404538866,57.7558670065595,FALSE
"Vynnycky-high","base","3_3_5_5_4",0.451188363905974,0.632120558828558,0.00901008336102738,67.869457649342,FALSE
"Vynnycky-high","base","4_3_5_5_4",0.477954223238984,0.650062250888845,0.00907306085979653,76.5088837885296,FALSE
"Vynnycky-high","base","5_3_5_5_4",0.50341469620859,0.667128916301921,0.00885758988179697,70.6224874183054,FALSE
"Vynnycky-high","base","3_4_5_5_4",0.527633447258985,0.698805788087798,0.00965792850835445,71.0548152901207,FALSE
"Vynnycky-high","base","4_4_5_5_4",0.550671035882778,0.71349520313981,0.00941012594674939,55.3106249870169,FALSE
"Vynnycky-high","base","5_4_5_5_4",0.572585068051273,0.727468206965987,0.00929078725400245,59.2595504281471,FALSE
"Vynnycky-high","base","3_5_5_5_4",0.593430340259401,0.753403036058394,0.00998772785999935,59.3605199706593,FALSE
"Vynnycky-high","base","4_5_5_5_4",0.613258976545499,0.765429711906202,0.00985937195616138,60.2859931219347,FALSE
"Vynnycky-high","base","5_5_5_5_4",0.632120558828558,0.77686983985157,0.0097731444675071,57.2255308836726,FALSE
"Vynnycky-high","base","3_3_3_3_5",0.451188363905974,0.593430340259401,0.00802190262579883,60.4600330545817,FALSE
"Vynnycky-high","base","4_3_3_3_5",0.477954223238984,0.613258976545499,0.00793444563855628,59.0195530902835,FALSE
"Vynnycky-high","base","5_3_3_3_5",0.50341469620859,0.632120558828558,0.00788135491767383,53.7839037717178,FALSE
"Vynnycky-high","base","3_4_3_3_5",0.527633447258985,0.667128916301921,0.00869158040101059,52.9809464131906,FALSE
"Vynnycky-high","base","4_4_3_3_5",0.550671035882778,0.683363230620947,0.00858811861183617,56.144039622572,FALSE
"Vynnycky-high","base","5_4_3_3_5",0.572585068051273,0.698805788087798,0.00847737018927142,56.2236951587036,FALSE
"Vynnycky-high","base","3_5_3_3_5",0.593430340259401,0.727468206965987,0.0093650538442771,54.2626053079977,FALSE
"Vynnycky-high","base","4_5_3_3_5",0.613258976545499,0.740759739354109,0.00923672452319724,57.0191526749727,FALSE
"Vynnycky-high","base","5_5_3_3_5",0.632120558828558,0.753403036058394,0.00908406122799532,49.6240324727687,FALSE
"Vynnycky-high","base","3_3_4_3_5",0.451188363905974,0.613258976545499,0.00832078926160706,58.4340652548738,FALSE
"Vynnycky-high","base","4_3_4_3_5",0.477954223238984,0.632120558828558,0.00836334182262755,58.0223476456536,FALSE
"Vynnycky-high","base","5_3_4_3_5",0.50341469620859,0.650062250888845,0.00811775410881754,60.0159735925858,FALSE
"Vynnycky-high","base","3_4_4_3_5",0.527633447258985,0.683363230620947,0.00906966843422885,63.1962830008606,FALSE
"Vynnycky-high","base","4_4_4_3_5",0.550671035882778,0.698805788087798,0.00908797684387685,58.2883515428838,FALSE
"Vynnycky-high","base","5_4_4_3_5",0.572585068051273,0.71349520313981,0.00886608194408123,52.3869848410388,FALSE
"Vynnycky-high","base","3_5_4_3_5",0.593430340259401,0.740759739354109,0.00953149821580423,52.6221785059431,FALSE
"Vynnycky-high","base","4_5_4_3_5",0.613258976545499,0.753403036058394,0.00954251399453843,57.2746338570717,FALSE
"Vynnycky-high","base","5_5_4_3_5",0.632120558828558,0.765429711906202,0.00938427770764283,53.8458457615329,FALSE
"Vynnycky-high","base","3_3_5_3_5",0.451188363905974,0.632120558828558,0.00869778298914259,66.5017880413617,FALSE
"Vynnycky-high","base","4_3_5_3_5",0.477954223238984,0.650062250888845,0.00867337244829836,68.8684513253414,FALSE
"Vynnycky-high","base","5_3_5_3_5",0.50341469620859,0.667128916301921,0.00863792539808916,61.033101513161,FALSE
"Vynnycky-high","base","3_4_5_3_5",0.527633447258985,0.698805788087798,0.00934799737274428,63.5367356642816,FALSE
"Vynnycky-high","base","4_4_5_3_5",0.550671035882778,0.71349520313981,0.00927711062449244,58.1826922468593,FALSE
"Vynnycky-high","base","5_4_5_3_5",0.572585068051273,0.727468206965987,0.00914042862277087,60.5636636743018,FALSE
"Vynnycky-high","base","3_5_5_3_5",0.593430340259401,0.753403036058394,0.00984194899707369,59.9350777545508,FALSE
"Vynnycky-high","base","4_5_5_3_5",0.613258976545499,0.765429711906202,0.00963550298046567,60.1974781235776,FALSE
"Vynnycky-high","base","5_5_5_3_5",0.632120558828558,0.77686983985157,0.00952742207359158,54.5668459552297,FALSE
"Vynnycky-high","base","3_3_3_4_5",0.451188363905974,0.593430340259401,0.00812115528485535,58.3086343188389,FALSE
"Vynnycky-high","base","4_3_3_4_5",0.477954223238984,0.613258976545499,0.00805665704432157,65.7961815818291,FALSE
"Vynnycky-high","base","5_3_3_4_5",0.50341469620859,0.632120558828558,0.00810370836690544,54.3291534672283,FALSE
"Vynnycky-high","base","3_4_3_4_5",0.527633447258985,0.667128916301921,0.0089031765743659,55.7325698248915,FALSE
"Vynnycky-high","base","4_4_3_4_5",0.550671035882778,0.683363230620947,0.00878876028379227,55.8565431104439,FALSE
"Vynnycky-high","base","5_4_3_4_5",0.572585068051273,0.698805788087798,0.008660802189701,52.8131989367201,FALSE
"Vynnycky-high","base","3_5_3_4_5",0.593430340259401,0.727468206965987,0.0094420693466134,54.218935939055,FALSE
"Vynnycky-high","base","4_5_3_4_5",0.613258976545499,0.740759739354109,0.0092952897259363,57.8306211702105,FALSE
"Vynnycky-high","base","5_5_3_4_5",0.632120558828558,0.753403036058394,0.00915105630809299,46.9741611705074,FALSE
"Vynnycky-high","base","3_3_4_4_5",0.451188363905974,0.613258976545499,0.0085561599799876,63.2018354925751,FALSE
"Vynnycky-high","base","4_3_4_4_5",0.477954223238984,0.632120558828558,0.00846332448080722,67.5478024747117,FALSE
"Vynnycky-high","base","5_3_4_4_5",0.50341469620859,0.650062250888845,0.0083180767181551,67.0084182169761,FALSE
"Vynnycky-high","base","3_4_4_4_5",0.527633447258985,0.683363230620947,0.00911303827897936,58.9104960400929,FALSE
"Vynnycky-high","base","4_4_4_4_5",0.550671035882778,0.698805788087798,0.00912857628105312,56.7763609429802,FALSE
"Vynnycky-high","base","5_4_4_4_5",0.572585068051273,0.71349520313981,0.00890803249773919,53.8625796751821,FALSE
"Vynnycky-high","base","3_5_4_4_5",0.593430340259401,0.740759739354109,0.00981645135713782,59.0414112395755,FALSE
"Vynnycky-high","base","4_5_4_4_5",0.613258976545499,0.753403036058394,0.00960872024866477,55.9571317034739,FALSE
"Vynnycky-high","base","5_5_4_4_5",0.632120558828558,0.765429711906202,0.0094044425993941,50.0855316869095,FALSE
"Vynnycky-high","base","3_3_5_4_5",0.451188363905974,0.632120558828558,0.0088711461590063,65.6543469967664,FALSE
"Vynnycky-high","base","4_3_5_4_5",0.477954223238984,0.650062250888845,0.00892513146814344,65.9721847653575,FALSE
"Vynnycky-high","base","5_3_5_4_5",0.50341469620859,0.667128916301921,0.00873501208357819,64.7832830819628,FALSE
"Vynnycky-high","base","3_4_5_4_5",0.527633447258985,0.698805788087798,0.00960715523524458,59.8640838209466,FALSE
"Vynnycky-high","base","4_4_5_4_5",0.550671035882778,0.71349520313981,0.00944358401867318,62.4356531846717,FALSE
"Vynnycky-high","base","5_4_5_4_5",0.572585068051273,0.727468206965987,0.00916110097957079,58.8128737324653,FALSE
"Vynnycky-high","base","3_5_5_4_5",0.593430340259401,0.753403036058394,0.00991559364852412,59.6752195743244,FALSE
"Vynnycky-high","base","4_5_5_4_5",0.613258976545499,0.765429711906202,0.00975196484200846,57.4053621904978,FALSE
"Vynnycky-high","base","5_5_5_4_5",0.632120558828558,0.77686983985157,0.00964840141381085,58.7881066505993,FALSE
"Vynnycky-high","base","3_3_3_5_5",0.451188363905974,0.593430340259401,0.00831873557720364,61.6614926824068,FALSE
"Vynnycky-high","base","4_3_3_5_5",0.477954223238984,0.613258976545499,0.00816182821574429,55.2378498943489,FALSE
"Vynnycky-high","base","5_3_3_5_5",0.50341469620859,0.632120558828558,0.00821506460694565,53.2002104753348,FALSE
"Vynnycky-high","base","3_4_3_5_5",0.527633447258985,0.667128916301921,0.00903210334564974,64.122509155387,FALSE
"Vynnycky-high","base","4_4_3_5_5",0.550671035882778,0.683363230620947,0.00890598317489,57.9134029430737,FALSE
"Vynnycky-high","base","5_4_3_5_5",0.572585068051273,0.698805788087798,0.00880560731277125,49.9720504419064,FALSE
"Vynnycky-high","base","3_5_3_5_5",0.593430340259401,0.727468206965987,0.00961145634495664,62.021859360434,FALSE
"Vynnycky-high","base","4_5_3_5_5",0.613258976545499,0.740759739354109,0.00950299371679497,51.6605528061004,FALSE
"Vynnycky-high","base","5_5_3_5_5",0.632120558828558,0.753403036058394,0.00927773127228104,55.5047214794065,FALSE
"Vynnycky-high","base","3_3_4_5_5",0.451188363905974,0.613258976545499,0.00867047890826833,71.5657530370952,FALSE
"Vynnycky-high","base","4_3_4_5_5",0.477954223238984,0.632120558828558,0.00864452253288361,63.6855206669168,FALSE
"Vynnycky-high","base","5_3_4_5_5",0.50341469620859,0.650062250888845,0.0085764048379684,61.5151670525356,FALSE
"Vynnycky-high","base","3_4_4_5_5",0.527633447258985,0.683363230620947,0.00917995286363815,57.4009632356909,FALSE
"Vynnycky-high","base","4_4_4_5_5",0.550671035882778,0.698805788087798,0.00914524604401301,62.4509568532072,FALSE
"Vynnycky-high","base","5_4_4_5_5",0.572585068051273,0.71349520313981,0.00904911836026112,53.7525870448534,FALSE
"Vynnycky-high","base","3_5_4_5_5",0.593430340259401,0.740759739354109,0.00976977511562171,65.6419004733162,FALSE
"Vynnycky-high","base","4_5_4_5_5",0.613258976545499,0.753403036058394,0.00974506235459038,60.8501814537519,FALSE
"Vynnycky-high","base","5_5_4_5_5",0.632120558828558,0.765429711906202,0.00947181075742243,59.9196331107578,FALSE
"Vynnycky-high","base","3_3_5_5_5",0.451188363905974,0.632120558828558,0.00906336828000243,70.1344251077696,FALSE
"Vynnycky-high","base","4_3_5_5_5",0.477954223238984,0.650062250888845,0.00896473520688768,67.3696951584103,FALSE
"Vynnycky-high","base","5_3_5_5_5",0.50341469620859,0.667128916301921,0.00880769130004189,60.0442113018005,FALSE
"Vynnycky-high","base","3_4_5_5_5",0.527633447258985,0.698805788087798,0.00964779745108568,61.7690664087962,FALSE
"Vynnycky-high","base","4_4_5_5_5",0.550671035882778,0.71349520313981,0.00955583316661601,65.6545304471683,FALSE
"Vynnycky-high","base","5_4_5_5_5",0.572585068051273,0.727468206965987,0.00934278132275912,61.1658921054631,FALSE
"Vynnycky-high","base","3_5_5_5_5",0.593430340259401,0.753403036058394,0.0101337204343637,63.0050427109183,FALSE
"Vynnycky-high","base","4_5_5_5_5",0.613258976545499,0.765429711906202,0.00988501323628033,61.9922381645039,FALSE
"Vynnycky-high","min","1_1_1_1_1",0.181269246922018,0.259181779318282,0.00356051886074715,26.6013216824256,FALSE
"Vynnycky-high","min","2_2_2_2_2",0.329679953964361,0.451188363905974,0.00603706468881593,41.8420438335708,FALSE
"Vynnycky-high","min","3_3_3_3_3",0.451188363905974,0.593430340259401,0.00775233014989274,45.3864895592685,FALSE
"Vynnycky-high","min","4_4_4_4_4",0.550671035882778,0.698805788087798,0.00874797069143285,46.2044956062877,FALSE
"Vynnycky-high","min","5_5_5_5_5",0.632120558828558,0.77686983985157,0.00932353960164778,42.9874913895243,FALSE
"Vynnycky-high","min","4_3_3_3_3",0.477954223238984,0.613258976545499,0.00767261395151442,40.4519825479098,FALSE
"Vynnycky-high","min","5_3_3_3_3",0.50341469620859,0.632120558828558,0.00752609239017421,42.6861117962836,FALSE
"Vynnycky-high","min","3_4_3_3_3",0.527633447258985,0.667128916301921,0.00837676753179395,45.9383188958727,FALSE
"Vynnycky-high","min","4_4_3_3_3",0.550671035882778,0.683363230620947,0.00826291943702973,38.1484456891532,FALSE
"Vynnycky-high","min","5_4_3_3_3",0.572585068051273,0.698805788087798,0.00808017671888639,40.6310890716102,FALSE
"Vynnycky-high","min","3_5_3_3_3",0.593430340259401,0.727468206965987,0.00895893733377173,43.7324048801296,FALSE
"Vynnycky-high","min","4_5_3_3_3",0.613258976545499,0.740759739354109,0.00875089601315582,36.7711839042439,FALSE
"Vynnycky-high","min","5_5_3_3_3",0.632120558828558,0.753403036058394,0.00861185887779681,39.0874491890423,FALSE
"Vynnycky-high","min","3_3_4_3_3",0.451188363905974,0.613258976545499,0.00804074146387501,47.2658734020665,FALSE
"Vynnycky-high","min","4_3_4_3_3",0.477954223238984,0.632120558828558,0.00794341246851338,52.8970173419835,FALSE
"Vynnycky-high","min","5_3_4_3_3",0.50341469620859,0.650062250888845,0.0078650797061931,47.1567127854994,FALSE
"Vynnycky-high","min","3_4_4_3_3",0.527633447258985,0.683363230620947,0.00868203971229953,47.1348718526972,FALSE
"Vynnycky-high","min","4_4_4_3_3",0.550671035882778,0.698805788087798,0.00850621059298251,42.9887381451211,FALSE
"Vynnycky-high","min","5_4_4_3_3",0.572585068051273,0.71349520313981,0.00844880880987253,40.6624680512335,FALSE
"Vynnycky-high","min","3_5_4_3_3",0.593430340259401,0.740759739354109,0.00926248365739668,46.2490501671009,FALSE
"Vynnycky-high","min","4_5_4_3_3",0.613258976545499,0.753403036058394,0.00910251164310416,36.0775154801197,FALSE
"Vynnycky-high","min","5_5_4_3_3",0.632120558828558,0.765429711906202,0.00889006156107397,35.1781500439689,FALSE
"Vynnycky-high","min","3_3_5_3_3",0.451188363905974,0.632120558828558,0.00836314613534539,53.1330464245642,FALSE
"Vynnycky-high","min","4_3_5_3_3",0.477954223238984,0.650062250888845,0.00836646839061028,45.7383761307857,FALSE
"Vynnycky-high","min","5_3_5_3_3",0.50341469620859,0.667128916301921,0.00816057277618565,47.1848880399108,FALSE
"Vynnycky-high","min","3_4_5_3_3",0.527633447258985,0.698805788087798,0.00892909699531819,45.2632395472764,FALSE
"Vynnycky-high","min","4_4_5_3_3",0.550671035882778,0.71349520313981,0.00884178433418303,44.8406849045322,FALSE
"Vynnycky-high","min","5_4_5_3_3",0.572585068051273,0.727468206965987,0.00868541843769155,42.8499235021281,FALSE
"Vynnycky-high","min","3_5_5_3_3",0.593430340259401,0.753403036058394,0.0094366874907591,40.7950704340785,FALSE
"Vynnycky-high","min","4_5_5_3_3",0.613258976545499,0.765429711906202,0.00929432592022095,45.855478642114,FALSE
"Vynnycky-high","min","5_5_5_3_3",0.632120558828558,0.77686983985157,0.00915956817351016,41.7969324985674,FALSE
"Vynnycky-high","min","3_3_3_4_3",0.451188363905974,0.593430340259401,0.00776115344527017,47.6227942740946,FALSE
"Vynnycky-high","min","4_3_3_4_3",0.477954223238984,0.613258976545499,0.00773582613940416,48.0823865200899,FALSE
"Vynnycky-high","min","5_3_3_4_3",0.50341469620859,0.632120558828558,0.00778892217237825,50.4544607530034,FALSE
"Vynnycky-high","min","3_4_3_4_3",0.527633447258985,0.667128916301921,0.00844933432664252,46.0803914682025,FALSE
"Vynnycky-high","min","4_4_3_4_3",0.550671035882778,0.683363230620947,0.00839451991738582,39.1255655133973,FALSE
"Vynnycky-high","min","5_4_3_4_3",0.572585068051273,0.698805788087798,0.00828740353171187,42.8222839835704,FALSE
"Vynnycky-high","min","3_5_3_4_3",0.593430340259401,0.727468206965987,0.0090529867728002,45.5016326301048,FALSE
"Vynnycky-high","min","4_5_3_4_3",0.613258976545499,0.740759739354109,0.00888942932150016,42.0261546342215,FALSE
"Vynnycky-high","min","5_5_3_4_3",0.632120558828558,0.753403036058394,0.00878129304537978,42.6721746522003,FALSE
"Vynnycky-high","min","3_3_4_4_3",0.451188363905974,0.613258976545499,0.00825472863254195,52.4416118736112,FALSE
"Vynnycky-high","min","4_3_4_4_3",0.477954223238984,0.632120558828558,0.00820741154794946,45.3457409767919,FALSE
"Vynnycky-high","min","5_3_4_4_3",0.50341469620859,0.650062250888845,0.00805296015829404,52.4511490934223,FALSE
"Vynnycky-high","min","3_4_4_4_3",0.527633447258985,0.683363230620947,0.00880965688288005,44.3243694194532,FALSE
"Vynnycky-high","min","4_4_4_4_3",0.550671035882778,0.698805788087798,0.00871942139896809,43.7516379035995,FALSE
"Vynnycky-high","min","5_4_4_4_3",0.572585068051273,0.71349520313981,0.00857736105911422,43.1056608571159,FALSE
"Vynnycky-high","min","3_5_4_4_3",0.593430340259401,0.740759739354109,0.00933232787497773,43.8211806563527,FALSE
"Vynnycky-high","min","4_5_4_4_3",0.613258976545499,0.753403036058394,0.00899342673285797,44.4862084289024,FALSE
"Vynnycky-high","min","5_5_4_4_3",0.632120558828558,0.765429711906202,0.00893752275319804,40.8890791048935,FALSE
"Vynnycky-high","min","3_3_5_4_3",0.451188363905974,0.632120558828558,0.00861060708280004,57.3618307015513,FALSE
"Vynnycky-high","min","4_3_5_4_3",0.477954223238984,0.650062250888845,0.00848893982189503,51.3896790545399,FALSE
"Vynnycky-high","min","5_3_5_4_3",0.50341469620859,0.667128916301921,0.00835722878701106,53.1462179597387,FALSE
"Vynnycky-high","min","3_4_5_4_3",0.527633447258985,0.698805788087798,0.00911888951566175,52.030969605786,FALSE
"Vynnycky-high","min","4_4_5_4_3",0.550671035882778,0.71349520313981,0.00889456337177474,48.3865911702306,FALSE
"Vynnycky-high","min","5_4_5_4_3",0.572585068051273,0.727468206965987,0.0088294204420637,44.0508923856974,FALSE
"Vynnycky-high","min","3_5_5_4_3",0.593430340259401,0.753403036058394,0.00948483148027879,44.0366614597221,FALSE
"Vynnycky-high","min","4_5_5_4_3",0.613258976545499,0.765429711906202,0.00933841220969123,51.6653791621834,FALSE
"Vynnycky-high","min","5_5_5_4_3",0.632120558828558,0.77686983985157,0.0091796228300518,43.3777399633347,FALSE
"Vynnycky-high","min","3_3_3_5_3",0.451188363905974,0.593430340259401,0.00800750108130044,56.8939540337058,FALSE
"Vynnycky-high","min","4_3_3_5_3",0.477954223238984,0.613258976545499,0.00793008707536436,49.6161960649218,FALSE
"Vynnycky-high","min","5_3_3_5_3",0.50341469620859,0.632120558828558,0.00780939870455821,47.204082374241,FALSE
"Vynnycky-high","min","3_4_3_5_3",0.527633447258985,0.667128916301921,0.00861256964079904,50.1589320991282,FALSE
"Vynnycky-high","min","4_4_3_5_3",0.550671035882778,0.683363230620947,0.00855752344148686,50.142400455502,FALSE
"Vynnycky-high","min","5_4_3_5_3",0.572585068051273,0.698805788087798,0.00841137879993337,48.8612789004557,FALSE
"Vynnycky-high","min","3_5_3_5_3",0.593430340259401,0.727468206965987,0.00924643172965178,47.8238784096506,FALSE
"Vynnycky-high","min","4_5_3_5_3",0.613258976545499,0.740759739354109,0.00899527045854942,36.27918280357,FALSE
"Vynnycky-high","min","5_5_3_5_3",0.632120558828558,0.753403036058394,0.0087926370601128,40.4796441724402,FALSE
"Vynnycky-high","min","3_3_4_5_3",0.451188363905974,0.613258976545499,0.00831195730467438,51.8283165745006,FALSE
"Vynnycky-high","min","4_3_4_5_3",0.477954223238984,0.632120558828558,0.00824471599071142,53.5296377295187,FALSE
"Vynnycky-high","min","5_3_4_5_3",0.50341469620859,0.650062250888845,0.00815198473184031,52.966763958286,FALSE
"Vynnycky-high","min","3_4_4_5_3",0.527633447258985,0.683363230620947,0.00897005455854261,54.3711275856982,FALSE
"Vynnycky-high","min","4_4_4_5_3",0.550671035882778,0.698805788087798,0.00874252469403713,44.3758971001734,FALSE
"Vynnycky-high","min","5_4_4_5_3",0.572585068051273,0.71349520313981,0.00868107819712105,49.7849236103894,FALSE
"Vynnycky-high","min","3_5_4_5_3",0.593430340259401,0.740759739354109,0.00947462964212709,48.8356619680975,FALSE
"Vynnycky-high","min","4_5_4_5_3",0.613258976545499,0.753403036058394,0.00926042688294115,41.2953237906307,FALSE
"Vynnycky-high","min","5_5_4_5_3",0.632120558828558,0.765429711906202,0.00906111510597407,41.2919354476296,FALSE
"Vynnycky-high","min","3_3_5_5_3",0.451188363905974,0.632120558828558,0.00872657357454287,50.2677649949925,FALSE
"Vynnycky-high","min","4_3_5_5_3",0.477954223238984,0.650062250888845,0.0084973199148406,49.1548316565601,FALSE
"Vynnycky-high","min","5_3_5_5_3",0.50341469620859,0.667128916301921,0.00853653129751974,48.1954916920981,FALSE
"Vynnycky-high","min","3_4_5_5_3",0.527633447258985,0.698805788087798,0.00920032239217883,55.3305403435789,FALSE
"Vynnycky-high","min","4_4_5_5_3",0.550671035882778,0.71349520313981,0.00905064265979039,49.5189456192686,FALSE
"Vynnycky-high","min","5_4_5_5_3",0.572585068051273,0.727468206965987,0.00879416294048185,49.2362378059636,FALSE
"Vynnycky-high","min","3_5_5_5_3",0.593430340259401,0.753403036058394,0.00970766711272708,45.2371750531704,FALSE
"Vynnycky-high","min","4_5_5_5_3",0.613258976545499,0.765429711906202,0.00946837345527807,42.284080405037,FALSE
"Vynnycky-high","min","5_5_5_5_3",0.632120558828558,0.77686983985157,0.00933305453700539,42.5188255617512,FALSE
"Vynnycky-high","min","3_3_3_3_4",0.451188363905974,0.593430340259401,0.00764245013389309,49.738799175142,FALSE
"Vynnycky-high","min","4_3_3_3_4",0.477954223238984,0.613258976545499,0.00759271011290108,47.8815357825921,FALSE
"Vynnycky-high","min","5_3_3_3_4",0.50341469620859,0.632120558828558,0.00749250401835921,46.219679331855,FALSE
"Vynnycky-high","min","3_4_3_3_4",0.527633447258985,0.667128916301921,0.0082926351414585,43.3699036960656,FALSE
"Vynnycky-high","min","4_4_3_3_4",0.550671035882778,0.683363230620947,0.00822895208764252,42.8258954016928,FALSE
"Vynnycky-high","min","5_4_3_3_4",0.572585068051273,0.698805788087798,0.00818557130198061,38.5875883599976,FALSE
"Vynnycky-high","min","3_5_3_3_4",0.593430340259401,0.727468206965987,0.00896414564390768,46.2184309548629,FALSE
"Vynnycky-high","min","4_5_3_3_4",0.613258976545499,0.740759739354109,0.00880595004419171,37.7023543539369,FALSE
"Vynnycky-high","min","5_5_3_3_4",0.632120558828558,0.753403036058394,0.00867341933608601,34.9955329755673,FALSE
"Vynnycky-high","min","3_3_4_3_4",0.451188363905974,0.613258976545499,0.00804250985906663,53.1823366749965,FALSE
"Vynnycky-high","min","4_3_4_3_4",0.477954223238984,0.632120558828558,0.00795629945532617,46.9727045574693,FALSE
"Vynnycky-high","min","5_3_4_3_4",0.50341469620859,0.650062250888845,0.00787706363096641,45.150477386307,FALSE
"Vynnycky-high","min","3_4_4_3_4",0.527633447258985,0.683363230620947,0.00867980425235015,54.6294621990841,FALSE
"Vynnycky-high","min","4_4_4_3_4",0.550671035882778,0.698805788087798,0.00851075389250444,42.550878015302,FALSE
"Vynnycky-high","min","5_4_4_3_4",0.572585068051273,0.71349520313981,0.00847439806625483,42.7415951196218,FALSE
"Vynnycky-high","min","3_5_4_3_4",0.593430340259401,0.740759739354109,0.00917651273987441,42.1684073052248,FALSE
"Vynnycky-high","min","4_5_4_3_4",0.613258976545499,0.753403036058394,0.00900032447012933,46.3291617025833,FALSE
"Vynnycky-high","min","5_5_4_3_4",0.632120558828558,0.765429711906202,0.00892814992020829,35.1298580384338,FALSE
"Vynnycky-high","min","3_3_5_3_4",0.451188363905974,0.632120558828558,0.00850586990916569,48.4204680629747,FALSE
"Vynnycky-high","min","4_3_5_3_4",0.477954223238984,0.650062250888845,0.00841571823821474,38.5529259573683,FALSE
"Vynnycky-high","min","5_3_5_3_4",0.50341469620859,0.667128916301921,0.00821808422244397,42.2105155252343,FALSE
"Vynnycky-high","min","3_4_5_3_4",0.527633447258985,0.698805788087798,0.00894092857969908,46.7743221821014,FALSE
"Vynnycky-high","min","4_4_5_3_4",0.550671035882778,0.71349520313981,0.00886469160939463,53.2383900077048,FALSE
"Vynnycky-high","min","5_4_5_3_4",0.572585068051273,0.727468206965987,0.00869944455759797,40.5911467716633,FALSE
"Vynnycky-high","min","3_5_5_3_4",0.593430340259401,0.753403036058394,0.0095367016454565,41.2513074178641,FALSE
"Vynnycky-high","min","4_5_5_3_4",0.613258976545499,0.765429711906202,0.00929685764678634,47.5048132073519,FALSE
"Vynnycky-high","min","5_5_5_3_4",0.632120558828558,0.77686983985157,0.00907382256760358,40.2445904279967,FALSE
"Vynnycky-high","min","3_3_3_4_4",0.451188363905974,0.593430340259401,0.00793280246728134,47.936822836494,FALSE
"Vynnycky-high","min","4_3_3_4_4",0.477954223238984,0.613258976545499,0.00786506342750537,41.3846497600152,FALSE
"Vynnycky-high","min","5_3_3_4_4",0.50341469620859,0.632120558828558,0.00777426975902296,44.4109102005999,FALSE
"Vynnycky-high","min","3_4_3_4_4",0.527633447258985,0.667128916301921,0.00853143698463332,43.6456996354987,FALSE
"Vynnycky-high","min","4_4_3_4_4",0.550671035882778,0.683363230620947,0.00842888858767943,40.0046382911036,FALSE
"Vynnycky-high","min","5_4_3_4_4",0.572585068051273,0.698805788087798,0.00830741208419972,39.6117257348013,FALSE
"Vynnycky-high","min","3_5_3_4_4",0.593430340259401,0.727468206965987,0.00906909260540623,38.5546355468629,FALSE
"Vynnycky-high","min","4_5_3_4_4",0.613258976545499,0.740759739354109,0.00889177319649825,41.5060734603705,FALSE
"Vynnycky-high","min","5_5_3_4_4",0.632120558828558,0.753403036058394,0.00887139727403774,41.7070358401802,FALSE
"Vynnycky-high","min","3_3_4_4_4",0.451188363905974,0.613258976545499,0.00829366771180018,52.4891989097315,FALSE
"Vynnycky-high","min","4_3_4_4_4",0.477954223238984,0.632120558828558,0.00810413692242362,51.2037013319008,FALSE
"Vynnycky-high","min","5_3_4_4_4",0.50341469620859,0.650062250888845,0.00803807940735157,42.1122025821124,FALSE
"Vynnycky-high","min","3_4_4_4_4",0.527633447258985,0.683363230620947,0.00887925194485695,50.5062739728788,FALSE
"Vynnycky-high","min","5_4_4_4_4",0.572585068051273,0.71349520313981,0.00857988935669451,39.3562587062829,FALSE
"Vynnycky-high","min","3_5_4_4_4",0.593430340259401,0.740759739354109,0.00938101816139092,41.8953004787013,FALSE
"Vynnycky-high","min","4_5_4_4_4",0.613258976545499,0.753403036058394,0.00923243774134141,43.8880455691212,FALSE
"Vynnycky-high","min","5_5_4_4_4",0.632120558828558,0.765429711906202,0.0089849343620747,44.1222997597165,FALSE
"Vynnycky-high","min","3_3_5_4_4",0.451188363905974,0.632120558828558,0.00848497697478157,54.979618619274,FALSE
"Vynnycky-high","min","4_3_5_4_4",0.477954223238984,0.650062250888845,0.008440755983251,50.1024771099548,FALSE
"Vynnycky-high","min","5_3_5_4_4",0.50341469620859,0.667128916301921,0.00840380178495792,51.0050488415686,FALSE
"Vynnycky-high","min","3_4_5_4_4",0.527633447258985,0.698805788087798,0.00914839172542481,47.9670680626799,FALSE
"Vynnycky-high","min","4_4_5_4_4",0.550671035882778,0.71349520313981,0.00895335099472427,47.7083672567291,FALSE
"Vynnycky-high","min","5_4_5_4_4",0.572585068051273,0.727468206965987,0.00889015150287653,47.3054143243947,FALSE
"Vynnycky-high","min","3_5_5_4_4",0.593430340259401,0.753403036058394,0.00954016975566818,53.2165568971631,FALSE
"Vynnycky-high","min","4_5_5_4_4",0.613258976545499,0.765429711906202,0.00935446681186103,43.6736345182107,FALSE
"Vynnycky-high","min","5_5_5_4_4",0.632120558828558,0.77686983985157,0.00921767937013018,48.9184014728159,FALSE
"Vynnycky-high","min","3_3_3_5_4",0.451188363905974,0.593430340259401,0.00802009254805869,50.5241261423038,FALSE
"Vynnycky-high","min","4_3_3_5_4",0.477954223238984,0.613258976545499,0.00796127982010619,52.9937663567834,FALSE
"Vynnycky-high","min","5_3_3_5_4",0.50341469620859,0.632120558828558,0.00783661664615831,42.8157458830926,FALSE
"Vynnycky-high","min","3_4_3_5_4",0.527633447258985,0.667128916301921,0.00864197855978144,50.8537000359391,FALSE
"Vynnycky-high","min","4_4_3_5_4",0.550671035882778,0.683363230620947,0.00849592548133005,44.8222925889071,FALSE
"Vynnycky-high","min","5_4_3_5_4",0.572585068051273,0.698805788087798,0.00839683998023288,41.9444724926349,FALSE
"Vynnycky-high","min","3_5_3_5_4",0.593430340259401,0.727468206965987,0.00920980381391689,45.3317230045874,FALSE
"Vynnycky-high","min","4_5_3_5_4",0.613258976545499,0.740759739354109,0.00901131508816833,41.2476545601836,FALSE
"Vynnycky-high","min","5_5_3_5_4",0.632120558828558,0.753403036058394,0.00890823395857376,43.4380811195673,FALSE
"Vynnycky-high","min","3_3_4_5_4",0.451188363905974,0.613258976545499,0.00831695499235829,57.7094103647357,FALSE
"Vynnycky-high","min","4_3_4_5_4",0.477954223238984,0.632120558828558,0.0082926515385785,45.7745196398611,FALSE
"Vynnycky-high","min","5_3_4_5_4",0.50341469620859,0.650062250888845,0.00815972489079975,49.3345053384737,FALSE
"Vynnycky-high","min","3_4_4_5_4",0.527633447258985,0.683363230620947,0.00899169667635025,47.673381627734,FALSE
"Vynnycky-high","min","4_4_4_5_4",0.550671035882778,0.698805788087798,0.00879480054365123,42.4268265047551,FALSE
"Vynnycky-high","min","5_4_4_5_4",0.572585068051273,0.71349520313981,0.00867782792159155,45.4893150475608,FALSE
"Vynnycky-high","min","3_5_4_5_4",0.593430340259401,0.740759739354109,0.00940812288527437,44.7461725424643,FALSE
"Vynnycky-high","min","4_5_4_5_4",0.613258976545499,0.753403036058394,0.00919684638299001,44.2470351110781,FALSE
"Vynnycky-high","min","5_5_4_5_4",0.632120558828558,0.765429711906202,0.00906778621139892,45.3677581569053,FALSE
"Vynnycky-high","min","3_3_5_5_4",0.451188363905974,0.632120558828558,0.00876362239415784,58.2749636656309,FALSE
"Vynnycky-high","min","4_3_5_5_4",0.477954223238984,0.650062250888845,0.00858448011485491,55.0889747745919,FALSE
"Vynnycky-high","min","5_3_5_5_4",0.50341469620859,0.667128916301921,0.00846598965448375,46.4173495751188,FALSE
"Vynnycky-high","min","3_4_5_5_4",0.527633447258985,0.698805788087798,0.00915843763715996,46.3008202513128,FALSE
"Vynnycky-high","min","4_4_5_5_4",0.550671035882778,0.71349520313981,0.00911562377889052,51.9965132074576,FALSE
"Vynnycky-high","min","5_4_5_5_4",0.572585068051273,0.727468206965987,0.00894387880035796,48.8920267231731,FALSE
"Vynnycky-high","min","3_5_5_5_4",0.593430340259401,0.753403036058394,0.0097367943259854,56.9939978282936,FALSE
"Vynnycky-high","min","4_5_5_5_4",0.613258976545499,0.765429711906202,0.00941400498935197,48.4388924247821,FALSE
"Vynnycky-high","min","5_5_5_5_4",0.632120558828558,0.77686983985157,0.00932433543847766,47.4058802213769,FALSE
"Vynnycky-high","min","3_3_3_3_5",0.451188363905974,0.593430340259401,0.00772439341290421,40.8555567583013,FALSE
"Vynnycky-high","min","4_3_3_3_5",0.477954223238984,0.613258976545499,0.00752255198511709,43.5122475867417,FALSE
"Vynnycky-high","min","5_3_3_3_5",0.50341469620859,0.632120558828558,0.00752536599098019,43.385433569458,FALSE
"Vynnycky-high","min","3_4_3_3_5",0.527633447258985,0.667128916301921,0.00830706534515191,39.1600002450196,FALSE
"Vynnycky-high","min","4_4_3_3_5",0.550671035882778,0.683363230620947,0.00833420257057527,42.9505984250847,FALSE
"Vynnycky-high","min","5_4_3_3_5",0.572585068051273,0.698805788087798,0.00822180169405062,40.9016219257788,FALSE
"Vynnycky-high","min","3_5_3_3_5",0.593430340259401,0.727468206965987,0.00886953767706633,44.0227201064942,FALSE
"Vynnycky-high","min","4_5_3_3_5",0.613258976545499,0.740759739354109,0.00873156861057089,41.2056091607571,FALSE
"Vynnycky-high","min","5_5_3_3_5",0.632120558828558,0.753403036058394,0.00872365610087944,38.7642567450412,FALSE
"Vynnycky-high","min","3_3_4_3_5",0.451188363905974,0.613258976545499,0.00814551781035833,50.1625527278111,FALSE
"Vynnycky-high","min","4_3_4_3_5",0.477954223238984,0.632120558828558,0.00798302705731202,48.3395621802999,FALSE
"Vynnycky-high","min","5_3_4_3_5",0.50341469620859,0.650062250888845,0.00778675772349924,48.6293879378627,FALSE
"Vynnycky-high","min","3_4_4_3_5",0.527633447258985,0.683363230620947,0.00869303974088143,46.9359314905224,FALSE
"Vynnycky-high","min","4_4_4_3_5",0.550671035882778,0.698805788087798,0.00868147473434111,50.0755803586767,FALSE
"Vynnycky-high","min","5_4_4_3_5",0.572585068051273,0.71349520313981,0.00846357183755553,44.2881951198214,FALSE
"Vynnycky-high","min","3_5_4_3_5",0.593430340259401,0.740759739354109,0.00917564065476106,46.7493394689596,FALSE
"Vynnycky-high","min","4_5_4_3_5",0.613258976545499,0.753403036058394,0.00896343801504285,45.7607325441392,FALSE
"Vynnycky-high","min","5_5_4_3_5",0.632120558828558,0.765429711906202,0.00888592897751872,39.9468016256616,FALSE
"Vynnycky-high","min","3_3_5_3_5",0.451188363905974,0.632120558828558,0.0084584137140431,47.4400983990686,FALSE
"Vynnycky-high","min","4_3_5_3_5",0.477954223238984,0.650062250888845,0.00836667519079715,47.5239375650141,FALSE
"Vynnycky-high","min","5_3_5_3_5",0.50341469620859,0.667128916301921,0.00825945250205662,54.8407831854378,FALSE
"Vynnycky-high","min","3_4_5_3_5",0.527633447258985,0.698805788087798,0.00899511560960664,46.7947121781003,FALSE
"Vynnycky-high","min","4_4_5_3_5",0.550671035882778,0.71349520313981,0.00879275201446472,52.3265287651162,FALSE
"Vynnycky-high","min","5_4_5_3_5",0.572585068051273,0.727468206965987,0.00874906487995286,44.8174922177991,FALSE
"Vynnycky-high","min","3_5_5_3_5",0.593430340259401,0.753403036058394,0.00942991405832594,47.5889739371848,FALSE
"Vynnycky-high","min","4_5_5_3_5",0.613258976545499,0.765429711906202,0.00926681806970586,40.6087568641594,FALSE
"Vynnycky-high","min","5_5_5_3_5",0.632120558828558,0.77686983985157,0.0091113048554734,45.993799043437,FALSE
"Vynnycky-high","min","3_3_3_4_5",0.451188363905974,0.593430340259401,0.00793526875058792,45.178952431407,FALSE
"Vynnycky-high","min","4_3_3_4_5",0.477954223238984,0.613258976545499,0.00783642103660775,49.7215975760951,FALSE
"Vynnycky-high","min","5_3_3_4_5",0.50341469620859,0.632120558828558,0.00767233178081361,44.7677654460478,FALSE
"Vynnycky-high","min","3_4_3_4_5",0.527633447258985,0.667128916301921,0.00856947598655844,48.5511659477062,FALSE
"Vynnycky-high","min","4_4_3_4_5",0.550671035882778,0.683363230620947,0.00838581537250305,40.4640374974861,FALSE
"Vynnycky-high","min","5_4_3_4_5",0.572585068051273,0.698805788087798,0.00823949306142546,41.2961104772082,FALSE
"Vynnycky-high","min","3_5_3_4_5",0.593430340259401,0.727468206965987,0.00903555812986534,46.3821001427108,FALSE
"Vynnycky-high","min","4_5_3_4_5",0.613258976545499,0.740759739354109,0.00901007821480782,43.8109033068907,FALSE
"Vynnycky-high","min","5_5_3_4_5",0.632120558828558,0.753403036058394,0.00869703610295902,38.3637782299687,FALSE
"Vynnycky-high","min","3_3_4_4_5",0.451188363905974,0.613258976545499,0.00822101139652398,49.0116397312627,FALSE
"Vynnycky-high","min","4_3_4_4_5",0.477954223238984,0.632120558828558,0.00805175237745492,49.56398415549,FALSE
"Vynnycky-high","min","5_3_4_4_5",0.50341469620859,0.650062250888845,0.00805638570292544,43.0724916192793,FALSE
"Vynnycky-high","min","3_4_4_4_5",0.527633447258985,0.683363230620947,0.00877630805849816,57.2000257846018,FALSE
"Vynnycky-high","min","4_4_4_4_5",0.550671035882778,0.698805788087798,0.00865676326516929,46.3287944884088,FALSE
"Vynnycky-high","min","5_4_4_4_5",0.572585068051273,0.71349520313981,0.00854109776655965,45.3265409876915,FALSE
"Vynnycky-high","min","3_5_4_4_5",0.593430340259401,0.740759739354109,0.00929870019121393,41.3042158768789,FALSE
"Vynnycky-high","min","4_5_4_4_5",0.613258976545499,0.753403036058394,0.00924094651329077,44.7634361562734,FALSE
"Vynnycky-high","min","5_5_4_4_5",0.632120558828558,0.765429711906202,0.00908394515260114,41.8516175314438,FALSE
"Vynnycky-high","min","3_3_5_4_5",0.451188363905974,0.632120558828558,0.00865330746494886,50.1665189107637,FALSE
"Vynnycky-high","min","4_3_5_4_5",0.477954223238984,0.650062250888845,0.0083991818049588,48.1544992460963,FALSE
"Vynnycky-high","min","5_3_5_4_5",0.50341469620859,0.667128916301921,0.00835056024555259,51.0454984602888,FALSE
"Vynnycky-high","min","3_4_5_4_5",0.527633447258985,0.698805788087798,0.00911829429110034,59.0763880887034,FALSE
"Vynnycky-high","min","4_4_5_4_5",0.550671035882778,0.71349520313981,0.00901712988959513,47.6316124887578,FALSE
"Vynnycky-high","min","5_4_5_4_5",0.572585068051273,0.727468206965987,0.00891517419205301,43.0459381088087,FALSE
"Vynnycky-high","min","3_5_5_4_5",0.593430340259401,0.753403036058394,0.00956770122420092,45.940723883301,FALSE
"Vynnycky-high","min","4_5_5_4_5",0.613258976545499,0.765429711906202,0.0094550858247856,45.6760484752295,FALSE
"Vynnycky-high","min","5_5_5_4_5",0.632120558828558,0.77686983985157,0.00915827762416865,42.2351616679008,FALSE
"Vynnycky-high","min","3_3_3_5_5",0.451188363905974,0.593430340259401,0.00796389840439105,46.8411940776636,FALSE
"Vynnycky-high","min","4_3_3_5_5",0.477954223238984,0.613258976545499,0.0080559172632233,56.8396753415364,FALSE
"Vynnycky-high","min","5_3_3_5_5",0.50341469620859,0.632120558828558,0.00781492378159421,46.8378753099785,FALSE
"Vynnycky-high","min","3_4_3_5_5",0.527633447258985,0.667128916301921,0.00867289782655045,48.6464619904302,FALSE
"Vynnycky-high","min","4_4_3_5_5",0.550671035882778,0.683363230620947,0.0085650820173353,47.2056802476249,FALSE
"Vynnycky-high","min","5_4_3_5_5",0.572585068051273,0.698805788087798,0.00841515497190393,42.0035311245292,FALSE
"Vynnycky-high","min","3_5_3_5_5",0.593430340259401,0.727468206965987,0.00922377507561578,45.2901855581665,FALSE
"Vynnycky-high","min","4_5_3_5_5",0.613258976545499,0.740759739354109,0.00902708959438026,42.3443404594501,FALSE
"Vynnycky-high","min","5_5_3_5_5",0.632120558828558,0.753403036058394,0.00885609491023054,39.6769108768428,FALSE
"Vynnycky-high","min","3_3_4_5_5",0.451188363905974,0.613258976545499,0.00831827597537427,55.9496309123095,FALSE
"Vynnycky-high","min","4_3_4_5_5",0.477954223238984,0.632120558828558,0.00837337860160114,58.0177598022701,FALSE
"Vynnycky-high","min","5_3_4_5_5",0.50341469620859,0.650062250888845,0.00813409526267761,55.1157046125612,FALSE
"Vynnycky-high","min","3_4_4_5_5",0.527633447258985,0.683363230620947,0.00903458083556474,59.7472226067537,FALSE
"Vynnycky-high","min","4_4_4_5_5",0.550671035882778,0.698805788087798,0.00884615065377714,45.3262631504445,FALSE
"Vynnycky-high","min","5_4_4_5_5",0.572585068051273,0.71349520313981,0.00865636358192823,45.9215991706314,FALSE
"Vynnycky-high","min","3_5_4_5_5",0.593430340259401,0.740759739354109,0.00938397458306306,44.2732725155529,FALSE
"Vynnycky-high","min","4_5_4_5_5",0.613258976545499,0.753403036058394,0.00923112542957583,43.6818805747338,FALSE
"Vynnycky-high","min","5_5_4_5_5",0.632120558828558,0.765429711906202,0.00911549742970419,45.1211267309244,FALSE
"Vynnycky-high","min","3_3_5_5_5",0.451188363905974,0.632120558828558,0.00862785564053736,60.817934957299,FALSE
"Vynnycky-high","min","4_3_5_5_5",0.477954223238984,0.650062250888845,0.00860297050028958,55.4556168690181,FALSE
"Vynnycky-high","min","5_3_5_5_5",0.50341469620859,0.667128916301921,0.00836543134683232,50.1362760257248,FALSE
"Vynnycky-high","min","3_4_5_5_5",0.527633447258985,0.698805788087798,0.00914681159073938,55.8664796262787,FALSE
"Vynnycky-high","min","4_4_5_5_5",0.550671035882778,0.71349520313981,0.00909237940205043,55.8166844764342,FALSE
"Vynnycky-high","min","5_4_5_5_5",0.572585068051273,0.727468206965987,0.00894947632679255,50.0905477172236,FALSE
"Vynnycky-high","min","3_5_5_5_5",0.593430340259401,0.753403036058394,0.00962215520485799,45.820842480783,FALSE
"Vynnycky-high","min","4_5_5_5_5",0.613258976545499,0.765429711906202,0.00942733528697104,38.9984448699512,FALSE
"Vynnycky-high","max","1_1_1_1_1",0.181269246922018,0.259181779318282,0.00414471513093428,59.7768480928508,FALSE
"Vynnycky-high","max","2_2_2_2_2",0.329679953964361,0.451188363905974,0.00710492844461608,93.6762714683712,FALSE
"Vynnycky-high","max","3_3_3_3_3",0.451188363905974,0.593430340259401,0.00941269078729512,109.20874237836,FALSE
"Vynnycky-high","max","4_4_4_4_4",0.550671035882778,0.698805788087798,0.0109530813668222,123.593336295871,FALSE
"Vynnycky-high","max","5_5_5_5_5",0.632120558828558,0.77686983985157,0.0117383720370737,122.748005945666,FALSE
"Vynnycky-high","max","4_3_3_3_3",0.477954223238984,0.613258976545499,0.00949522182428852,120.766471887897,FALSE
"Vynnycky-high","max","5_3_3_3_3",0.50341469620859,0.632120558828558,0.00954030904307779,114.691582612501,FALSE
"Vynnycky-high","max","3_4_3_3_3",0.527633447258985,0.667128916301921,0.0102700279051339,114.829859447105,FALSE
"Vynnycky-high","max","4_4_3_3_3",0.550671035882778,0.683363230620947,0.0102882245045077,111.551008749579,FALSE
"Vynnycky-high","max","5_4_3_3_3",0.572585068051273,0.698805788087798,0.0103383185743231,108.501182966815,FALSE
"Vynnycky-high","max","3_5_3_3_3",0.593430340259401,0.727468206965987,0.0110800444048774,120.418457937999,FALSE
"Vynnycky-high","max","4_5_3_3_3",0.613258976545499,0.740759739354109,0.0112764710468987,117.272579521298,FALSE
"Vynnycky-high","max","5_5_3_3_3",0.632120558828558,0.753403036058394,0.0111078111015269,119.99440279753,FALSE
"Vynnycky-high","max","3_3_4_3_3",0.451188363905974,0.613258976545499,0.00980240246045416,126.475798947099,FALSE
"Vynnycky-high","max","4_3_4_3_3",0.477954223238984,0.632120558828558,0.00991664979157592,115.478547928485,FALSE
"Vynnycky-high","max","5_3_4_3_3",0.50341469620859,0.650062250888845,0.00975735535222155,109.758991019182,FALSE
"Vynnycky-high","max","3_4_4_3_3",0.527633447258985,0.683363230620947,0.0107326197083069,122.169816399704,FALSE
"Vynnycky-high","max","4_4_4_3_3",0.550671035882778,0.698805788087798,0.0106610115817307,119.684250693803,FALSE
"Vynnycky-high","max","5_4_4_3_3",0.572585068051273,0.71349520313981,0.010707748637214,122.50475686238,FALSE
"Vynnycky-high","max","3_5_4_3_3",0.593430340259401,0.740759739354109,0.0114432557244227,125.678802456868,FALSE
"Vynnycky-high","max","4_5_4_3_3",0.613258976545499,0.753403036058394,0.0113909359978971,123.680237695747,FALSE
"Vynnycky-high","max","5_5_4_3_3",0.632120558828558,0.765429711906202,0.0115050404335105,117.621172403712,FALSE
"Vynnycky-high","max","3_3_5_3_3",0.451188363905974,0.632120558828558,0.0101669241497496,129.926573006304,FALSE
"Vynnycky-high","max","4_3_5_3_3",0.477954223238984,0.650062250888845,0.0102503952484567,118.498442028244,FALSE
"Vynnycky-high","max","5_3_5_3_3",0.50341469620859,0.667128916301921,0.0102874093542704,106.830780277635,FALSE
"Vynnycky-high","max","3_4_5_3_3",0.527633447258985,0.698805788087798,0.0110987567467142,132.963478070682,FALSE
"Vynnycky-high","max","4_4_5_3_3",0.550671035882778,0.71349520313981,0.0110082356342649,120.671944669414,FALSE
"Vynnycky-high","max","5_4_5_3_3",0.572585068051273,0.727468206965987,0.0110321253250222,118.741404173102,FALSE
"Vynnycky-high","max","3_5_5_3_3",0.593430340259401,0.753403036058394,0.0118253742176812,126.665793201323,FALSE
"Vynnycky-high","max","4_5_5_3_3",0.613258976545499,0.765429711906202,0.0116891262246074,123.121909744971,FALSE
"Vynnycky-high","max","5_5_5_3_3",0.632120558828558,0.77686983985157,0.011430225226725,126.068459965998,FALSE
"Vynnycky-high","max","3_3_3_4_3",0.451188363905974,0.593430340259401,0.00960484782898363,115.36805145253,FALSE
"Vynnycky-high","max","4_3_3_4_3",0.477954223238984,0.613258976545499,0.00955624738852034,122.308510936,FALSE
"Vynnycky-high","max","5_3_3_4_3",0.50341469620859,0.632120558828558,0.0097085370866028,115.283349379056,FALSE
"Vynnycky-high","max","3_4_3_4_3",0.527633447258985,0.667128916301921,0.010546932746078,116.313757641464,FALSE
"Vynnycky-high","max","4_4_3_4_3",0.550671035882778,0.683363230620947,0.0104737238345923,115.613176994951,FALSE
"Vynnycky-high","max","5_4_3_4_3",0.572585068051273,0.698805788087798,0.0105374983207961,115.805037134646,FALSE
"Vynnycky-high","max","3_5_3_4_3",0.593430340259401,0.727468206965987,0.0113681830426773,125.569764462508,FALSE
"Vynnycky-high","max","4_5_3_4_3",0.613258976545499,0.740759739354109,0.0111279335656245,113.915619169371,FALSE
"Vynnycky-high","max","5_5_3_4_3",0.632120558828558,0.753403036058394,0.0113398092853727,120.61082726744,FALSE
"Vynnycky-high","max","3_3_4_4_3",0.451188363905974,0.613258976545499,0.0100818397400996,118.811359192222,FALSE
"Vynnycky-high","max","4_3_4_4_3",0.477954223238984,0.632120558828558,0.0101046656987304,120.72290866429,FALSE
"Vynnycky-high","max","5_3_4_4_3",0.50341469620859,0.650062250888845,0.0100719336597612,118.193224051415,FALSE
"Vynnycky-high","max","3_4_4_4_3",0.527633447258985,0.683363230620947,0.0109591609904107,130.44530921068,FALSE
"Vynnycky-high","max","4_4_4_4_3",0.550671035882778,0.698805788087798,0.0108725012046922,122.116123248635,FALSE
"Vynnycky-high","max","5_4_4_4_3",0.572585068051273,0.71349520313981,0.0108023955965455,116.930572647537,FALSE
"Vynnycky-high","max","3_5_4_4_3",0.593430340259401,0.740759739354109,0.0116632447473699,117.075941516042,FALSE
"Vynnycky-high","max","4_5_4_4_3",0.613258976545499,0.753403036058394,0.0117345601517309,122.009160599294,FALSE
"Vynnycky-high","max","5_5_4_4_3",0.632120558828558,0.765429711906202,0.0113215264333734,119.427919351851,FALSE
"Vynnycky-high","max","3_3_5_4_3",0.451188363905974,0.632120558828558,0.010346290462753,117.932417100951,FALSE
"Vynnycky-high","max","4_3_5_4_3",0.477954223238984,0.650062250888845,0.0103699138618694,131.888518332077,FALSE
"Vynnycky-high","max","5_3_5_4_3",0.50341469620859,0.667128916301921,0.0104792761117269,121.826499129811,FALSE
"Vynnycky-high","max","3_4_5_4_3",0.527633447258985,0.698805788087798,0.0111508079925118,141.221663999735,FALSE
"Vynnycky-high","max","4_4_5_4_3",0.550671035882778,0.71349520313981,0.0111587640125578,119.119783025817,FALSE
"Vynnycky-high","max","5_4_5_4_3",0.572585068051273,0.727468206965987,0.0111635405770089,123.135336035923,FALSE
"Vynnycky-high","max","3_5_5_4_3",0.593430340259401,0.753403036058394,0.011900605856538,138.509657217058,FALSE
"Vynnycky-high","max","4_5_5_4_3",0.613258976545499,0.765429711906202,0.0118430231016531,127.942454805686,FALSE
"Vynnycky-high","max","5_5_5_4_3",0.632120558828558,0.77686983985157,0.0117679031454007,129.667054102073,FALSE
"Vynnycky-high","max","3_3_3_5_3",0.451188363905974,0.593430340259401,0.00967035102095415,117.630921742701,FALSE
"Vynnycky-high","max","4_3_3_5_3",0.477954223238984,0.613258976545499,0.00967511252717335,122.524301883766,FALSE
"Vynnycky-high","max","5_3_3_5_3",0.50341469620859,0.632120558828558,0.00976676084787687,120.204205853383,FALSE
"Vynnycky-high","max","3_4_3_5_3",0.527633447258985,0.667128916301921,0.0107005193783847,131.609134438161,FALSE
"Vynnycky-high","max","4_4_3_5_3",0.550671035882778,0.683363230620947,0.0106808028732591,124.533451452182,FALSE
"Vynnycky-high","max","5_4_3_5_3",0.572585068051273,0.698805788087798,0.0107996480385006,136.518684782232,FALSE
"Vynnycky-high","max","3_5_3_5_3",0.593430340259401,0.727468206965987,0.0114366570922879,126.707376380608,FALSE
"Vynnycky-high","max","4_5_3_5_3",0.613258976545499,0.740759739354109,0.0114050897136624,136.683931782646,FALSE
"Vynnycky-high","max","5_5_3_5_3",0.632120558828558,0.753403036058394,0.011347381311212,108.883158073522,FALSE
"Vynnycky-high","max","3_3_4_5_3",0.451188363905974,0.613258976545499,0.0101051454820039,130.629209070058,FALSE
"Vynnycky-high","max","4_3_4_5_3",0.477954223238984,0.632120558828558,0.010301482984257,129.648025831168,FALSE
"Vynnycky-high","max","5_3_4_5_3",0.50341469620859,0.650062250888845,0.0102780469675884,123.630247806187,FALSE
"Vynnycky-high","max","3_4_4_5_3",0.527633447258985,0.683363230620947,0.0109670718015255,125.735674982303,FALSE
"Vynnycky-high","max","4_4_4_5_3",0.550671035882778,0.698805788087798,0.0111039802085431,121.101506986072,FALSE
"Vynnycky-high","max","5_4_4_5_3",0.572585068051273,0.71349520313981,0.010954560460866,124.575187710014,FALSE
"Vynnycky-high","max","3_5_4_5_3",0.593430340259401,0.740759739354109,0.0117809486282161,121.340825486079,FALSE
"Vynnycky-high","max","4_5_4_5_3",0.613258976545499,0.753403036058394,0.0116845335612524,117.663749909144,FALSE
"Vynnycky-high","max","5_5_4_5_3",0.632120558828558,0.765429711906202,0.011585106136485,124.410945933549,FALSE
"Vynnycky-high","max","3_3_5_5_3",0.451188363905974,0.632120558828558,0.0105092309751529,142.835422875419,FALSE
"Vynnycky-high","max","4_3_5_5_3",0.477954223238984,0.650062250888845,0.0105874767152472,128.636255268242,FALSE
"Vynnycky-high","max","5_3_5_5_3",0.50341469620859,0.667128916301921,0.0105650040650732,127.106155701193,FALSE
"Vynnycky-high","max","3_4_5_5_3",0.527633447258985,0.698805788087798,0.011356114076315,127.521591467509,FALSE
"Vynnycky-high","max","4_4_5_5_3",0.550671035882778,0.71349520313981,0.011503807640877,121.530818281896,FALSE
"Vynnycky-high","max","5_4_5_5_3",0.572585068051273,0.727468206965987,0.0113288623052649,127.206242294298,FALSE
"Vynnycky-high","max","3_5_5_5_3",0.593430340259401,0.753403036058394,0.0120972658556017,141.318856563339,FALSE
"Vynnycky-high","max","4_5_5_5_3",0.613258976545499,0.765429711906202,0.0119975284150117,129.020461094653,FALSE
"Vynnycky-high","max","5_5_5_5_3",0.632120558828558,0.77686983985157,0.0117395110905935,121.530818281896,FALSE
"Vynnycky-high","max","3_3_3_3_4",0.451188363905974,0.593430340259401,0.00933369610442658,112.872668557235,FALSE
"Vynnycky-high","max","4_3_3_3_4",0.477954223238984,0.613258976545499,0.00939197822921556,114.708565211897,FALSE
"Vynnycky-high","max","5_3_3_3_4",0.50341469620859,0.632120558828558,0.00943383264444586,102.464816667868,FALSE
"Vynnycky-high","max","3_4_3_3_4",0.527633447258985,0.667128916301921,0.0102344185941728,120.193398490395,FALSE
"Vynnycky-high","max","4_4_3_3_4",0.550671035882778,0.683363230620947,0.0104623159503201,128.514000965754,FALSE
"Vynnycky-high","max","5_4_3_3_4",0.572585068051273,0.698805788087798,0.0103819630751369,111.640667966256,FALSE
"Vynnycky-high","max","3_5_3_3_4",0.593430340259401,0.727468206965987,0.0110079278939013,116.751476030008,FALSE
"Vynnycky-high","max","4_5_3_3_4",0.613258976545499,0.740759739354109,0.011149661951215,119.466397128455,FALSE
"Vynnycky-high","max","5_5_3_3_4",0.632120558828558,0.753403036058394,0.0112301688213063,117.524128853869,FALSE
"Vynnycky-high","max","3_3_4_3_4",0.451188363905974,0.613258976545499,0.00981435428674748,142.273415867071,FALSE
"Vynnycky-high","max","4_3_4_3_4",0.477954223238984,0.632120558828558,0.0099155182688222,120.866968679028,FALSE
"Vynnycky-high","max","5_3_4_3_4",0.50341469620859,0.650062250888845,0.0100291815705146,114.629678914385,FALSE
"Vynnycky-high","max","3_4_4_3_4",0.527633447258985,0.683363230620947,0.0107188413219296,128.013917372228,FALSE
"Vynnycky-high","max","4_4_4_3_4",0.550671035882778,0.698805788087798,0.0106836649848655,123.962787662542,FALSE
"Vynnycky-high","max","5_4_4_3_4",0.572585068051273,0.71349520313981,0.0106886802142162,110.816778986517,FALSE
"Vynnycky-high","max","3_5_4_3_4",0.593430340259401,0.740759739354109,0.0114912796763279,127.680884934545,FALSE
"Vynnycky-high","max","4_5_4_3_4",0.613258976545499,0.753403036058394,0.0114383989517076,116.382385631634,FALSE
"Vynnycky-high","max","5_5_4_3_4",0.632120558828558,0.765429711906202,0.0115030503614724,116.886056994124,FALSE
"Vynnycky-high","max","3_3_5_3_4",0.451188363905974,0.632120558828558,0.0101508730167386,129.187170070291,FALSE
"Vynnycky-high","max","4_3_5_3_4",0.477954223238984,0.650062250888845,0.0104779393898943,125.292445921603,FALSE
"Vynnycky-high","max","5_3_5_3_4",0.50341469620859,0.667128916301921,0.0103380278905624,112.840082201331,FALSE
"Vynnycky-high","max","3_4_5_3_4",0.527633447258985,0.698805788087798,0.0109710634959984,130.465729578434,FALSE
"Vynnycky-high","max","4_4_5_3_4",0.550671035882778,0.71349520313981,0.0111712135900363,124.959688430531,FALSE
"Vynnycky-high","max","5_4_5_3_4",0.572585068051273,0.727468206965987,0.0109271570043618,127.814597123999,FALSE
"Vynnycky-high","max","3_5_5_3_4",0.593430340259401,0.753403036058394,0.0117771727925157,129.805500986083,FALSE
"Vynnycky-high","max","4_5_5_3_4",0.613258976545499,0.765429711906202,0.0116231634162127,134.050160755773,FALSE
"Vynnycky-high","max","5_5_5_3_4",0.632120558828558,0.77686983985157,0.0116232424604161,123.299261488822,FALSE
"Vynnycky-high","max","3_3_3_4_4",0.451188363905974,0.593430340259401,0.00955553310555046,115.692527036111,FALSE
"Vynnycky-high","max","4_3_3_4_4",0.477954223238984,0.613258976545499,0.00963236426438574,113.018054002465,FALSE
"Vynnycky-high","max","5_3_3_4_4",0.50341469620859,0.632120558828558,0.00962769618159098,106.776040878274,FALSE
"Vynnycky-high","max","3_4_3_4_4",0.527633447258985,0.667128916301921,0.0106714411017625,122.660945081919,FALSE
"Vynnycky-high","max","4_4_3_4_4",0.550671035882778,0.683363230620947,0.0105310973509396,116.603402606553,FALSE
"Vynnycky-high","max","5_4_3_4_4",0.572585068051273,0.698805788087798,0.0105114553667125,110.604479843494,FALSE
"Vynnycky-high","max","3_5_3_4_4",0.593430340259401,0.727468206965987,0.0112589279366322,122.459872363715,FALSE
"Vynnycky-high","max","4_5_3_4_4",0.613258976545499,0.740759739354109,0.0113350204461266,118.582468179867,FALSE
"Vynnycky-high","max","5_5_3_4_4",0.632120558828558,0.753403036058394,0.0112785483857292,117.986492017853,FALSE
"Vynnycky-high","max","3_3_4_4_4",0.451188363905974,0.613258976545499,0.00979731057219846,128.556417355746,FALSE
"Vynnycky-high","max","4_3_4_4_4",0.477954223238984,0.632120558828558,0.00992554135273316,130.118437720564,FALSE
"Vynnycky-high","max","5_3_4_4_4",0.50341469620859,0.650062250888845,0.0101024584865257,122.907707145997,FALSE
"Vynnycky-high","max","3_4_4_4_4",0.527633447258985,0.683363230620947,0.0107166621415073,123.20813794918,FALSE
"Vynnycky-high","max","5_4_4_4_4",0.572585068051273,0.71349520313981,0.0107489545511803,113.665791921454,FALSE
"Vynnycky-high","max","3_5_4_4_4",0.593430340259401,0.740759739354109,0.0114114298363943,129.534803306405,FALSE
"Vynnycky-high","max","4_5_4_4_4",0.613258976545499,0.753403036058394,0.0114785651469131,118.057809378407,FALSE
"Vynnycky-high","max","5_5_4_4_4",0.632120558828558,0.765429711906202,0.0114883123146856,118.248238529886,FALSE
"Vynnycky-high","max","3_3_5_4_4",0.451188363905974,0.632120558828558,0.0103442252768879,132.638171841064,FALSE
"Vynnycky-high","max","4_3_5_4_4",0.477954223238984,0.650062250888845,0.0102509089352453,124.775241917751,FALSE
"Vynnycky-high","max","5_3_5_4_4",0.50341469620859,0.667128916301921,0.0104257236330966,133.880974604081,FALSE
"Vynnycky-high","max","3_4_5_4_4",0.527633447258985,0.698805788087798,0.0111894332303266,135.58334542669,FALSE
"Vynnycky-high","max","4_4_5_4_4",0.550671035882778,0.71349520313981,0.011292722455682,138.223426648272,FALSE
"Vynnycky-high","max","5_4_5_4_4",0.572585068051273,0.727468206965987,0.0111172960678836,118.582468179867,FALSE
"Vynnycky-high","max","3_5_5_4_4",0.593430340259401,0.753403036058394,0.011873877192854,135.154383023134,FALSE
"Vynnycky-high","max","4_5_5_4_4",0.613258976545499,0.765429711906202,0.0117247236256777,130.203789018304,FALSE
"Vynnycky-high","max","5_5_5_4_4",0.632120558828558,0.77686983985157,0.0119925480371788,132.626606753566,FALSE
"Vynnycky-high","max","3_3_3_5_4",0.451188363905974,0.593430340259401,0.00967901112021363,123.472130362281,FALSE
"Vynnycky-high","max","4_3_3_5_4",0.477954223238984,0.613258976545499,0.00961560523892013,110.765352108854,FALSE
"Vynnycky-high","max","5_3_3_5_4",0.50341469620859,0.632120558828558,0.00985320571294612,116.350004264559,FALSE
"Vynnycky-high","max","3_4_3_5_4",0.527633447258985,0.667128916301921,0.0105213043282759,132.944990192292,FALSE
"Vynnycky-high","max","4_4_3_5_4",0.550671035882778,0.683363230620947,0.010565581661539,122.962003725041,FALSE
"Vynnycky-high","max","5_4_3_5_4",0.572585068051273,0.698805788087798,0.0106962267245712,126.02988070017,FALSE
"Vynnycky-high","max","3_5_3_5_4",0.593430340259401,0.727468206965987,0.0114906297132613,123.658667018043,FALSE
"Vynnycky-high","max","4_5_3_5_4",0.613258976545499,0.740759739354109,0.0114556408956895,122.284292144209,FALSE
"Vynnycky-high","max","5_5_3_5_4",0.632120558828558,0.753403036058394,0.0113379228788399,120.680680783558,FALSE
"Vynnycky-high","max","3_3_4_5_4",0.451188363905974,0.613258976545499,0.00993730621552824,134.514017621159,FALSE
"Vynnycky-high","max","4_3_4_5_4",0.477954223238984,0.632120558828558,0.0101552176980001,124.365654433091,FALSE
"Vynnycky-high","max","5_3_4_5_4",0.50341469620859,0.650062250888845,0.0103217941173797,124.199774331802,FALSE
"Vynnycky-high","max","3_4_4_5_4",0.527633447258985,0.683363230620947,0.0107987745155732,125.745158741165,FALSE
"Vynnycky-high","max","4_4_4_5_4",0.550671035882778,0.698805788087798,0.0108954243779035,130.138781279914,FALSE
"Vynnycky-high","max","5_4_4_5_4",0.572585068051273,0.71349520313981,0.01083940402188,134.143340532106,FALSE
"Vynnycky-high","max","3_5_4_5_4",0.593430340259401,0.740759739354109,0.0118181457794516,134.911384952981,FALSE
"Vynnycky-high","max","4_5_4_5_4",0.613258976545499,0.753403036058394,0.0118192214754158,127.946906817928,FALSE
"Vynnycky-high","max","5_5_4_5_4",0.632120558828558,0.765429711906202,0.0114766998567112,128.872226027312,FALSE
"Vynnycky-high","max","3_3_5_5_4",0.451188363905974,0.632120558828558,0.0106282920819014,136.690125744679,FALSE
"Vynnycky-high","max","4_3_5_5_4",0.477954223238984,0.650062250888845,0.0105620004177742,122.044762650647,FALSE
"Vynnycky-high","max","5_3_5_5_4",0.50341469620859,0.667128916301921,0.0105111103151827,132.256632163535,FALSE
"Vynnycky-high","max","3_4_5_5_4",0.527633447258985,0.698805788087798,0.0112188484654921,131.736808738867,FALSE
"Vynnycky-high","max","4_4_5_5_4",0.550671035882778,0.71349520313981,0.0111221945024692,126.508522885898,FALSE
"Vynnycky-high","max","5_4_5_5_4",0.572585068051273,0.727468206965987,0.0112125737360195,135.110814720469,FALSE
"Vynnycky-high","max","3_5_5_5_4",0.593430340259401,0.753403036058394,0.0120091871552447,128.670181631602,FALSE
"Vynnycky-high","max","4_5_5_5_4",0.613258976545499,0.765429711906202,0.0117757354962648,117.084164873598,FALSE
"Vynnycky-high","max","5_5_5_5_4",0.632120558828558,0.77686983985157,0.0116103674322829,122.155905819359,FALSE
"Vynnycky-high","max","3_3_3_3_5",0.451188363905974,0.593430340259401,0.00953310735490942,117.510026224528,FALSE
"Vynnycky-high","max","4_3_3_3_5",0.477954223238984,0.613258976545499,0.00944814422632823,107.324378294056,FALSE
"Vynnycky-high","max","5_3_3_3_5",0.50341469620859,0.632120558828558,0.00943076021923483,114.712168457277,FALSE
"Vynnycky-high","max","3_4_3_3_5",0.527633447258985,0.667128916301921,0.0104734306451946,113.508158659528,FALSE
"Vynnycky-high","max","4_4_3_3_5",0.550671035882778,0.683363230620947,0.010240324232626,118.21097033187,FALSE
"Vynnycky-high","max","5_4_3_3_5",0.572585068051273,0.698805788087798,0.0102369658592,106.081987294955,FALSE
"Vynnycky-high","max","3_5_3_3_5",0.593430340259401,0.727468206965987,0.0110261883911332,118.506588889883,FALSE
"Vynnycky-high","max","4_5_3_3_5",0.613258976545499,0.740759739354109,0.0111959579405607,123.098967332966,FALSE
"Vynnycky-high","max","5_5_3_3_5",0.632120558828558,0.753403036058394,0.0110062384701388,113.139223974909,FALSE
"Vynnycky-high","max","3_3_4_3_5",0.451188363905974,0.613258976545499,0.00977040715127786,123.4303111644,FALSE
"Vynnycky-high","max","4_3_4_3_5",0.477954223238984,0.632120558828558,0.00973949266582996,124.11609070533,FALSE
"Vynnycky-high","max","5_3_4_3_5",0.50341469620859,0.650062250888845,0.0100228138124541,111.375929170228,FALSE
"Vynnycky-high","max","3_4_4_3_5",0.527633447258985,0.683363230620947,0.0107161378799658,121.555181523176,FALSE
"Vynnycky-high","max","4_4_4_3_5",0.550671035882778,0.698805788087798,0.0107285401824591,117.532415121151,FALSE
"Vynnycky-high","max","5_4_4_3_5",0.572585068051273,0.71349520313981,0.0106447299440685,118.500897527453,FALSE
"Vynnycky-high","max","3_5_4_3_5",0.593430340259401,0.740759739354109,0.0114310778546196,125.77999273095,FALSE
"Vynnycky-high","max","4_5_4_3_5",0.613258976545499,0.753403036058394,0.0112592054572231,116.112516387057,FALSE
"Vynnycky-high","max","5_5_4_3_5",0.632120558828558,0.765429711906202,0.0114432468108497,113.624204350633,FALSE
"Vynnycky-high","max","3_3_5_3_5",0.451188363905974,0.632120558828558,0.0102360482635212,126.144323270613,FALSE
"Vynnycky-high","max","4_3_5_3_5",0.477954223238984,0.650062250888845,0.0102953205201127,126.211177469802,FALSE
"Vynnycky-high","max","5_3_5_3_5",0.50341469620859,0.667128916301921,0.0102652248747306,122.485555075977,FALSE
"Vynnycky-high","max","3_4_5_3_5",0.527633447258985,0.698805788087798,0.0110721239264459,123.305144142561,FALSE
"Vynnycky-high","max","4_4_5_3_5",0.550671035882778,0.71349520313981,0.010957232780986,133.043495334455,FALSE
"Vynnycky-high","max","5_4_5_3_5",0.572585068051273,0.727468206965987,0.0109383055454982,118.814129983128,FALSE
"Vynnycky-high","max","3_5_5_3_5",0.593430340259401,0.753403036058394,0.0118899186674677,129.412486892577,FALSE
"Vynnycky-high","max","4_5_5_3_5",0.613258976545499,0.765429711906202,0.0115993536644747,118.664811718498,FALSE
"Vynnycky-high","max","5_5_5_3_5",0.632120558828558,0.77686983985157,0.0114603490561246,130.028946092487,FALSE
"Vynnycky-high","max","3_3_3_4_5",0.451188363905974,0.593430340259401,0.00962056522348576,114.054349371736,FALSE
"Vynnycky-high","max","4_3_3_4_5",0.477954223238984,0.613258976545499,0.0096529904799395,114.589717657694,FALSE
"Vynnycky-high","max","5_3_3_4_5",0.50341469620859,0.632120558828558,0.00956636657444554,115.284585826931,FALSE
"Vynnycky-high","max","3_4_3_4_5",0.527633447258985,0.667128916301921,0.010386474435192,126.526941235307,FALSE
"Vynnycky-high","max","4_4_3_4_5",0.550671035882778,0.683363230620947,0.0105936397978824,126.476224379245,FALSE
"Vynnycky-high","max","5_4_3_4_5",0.572585068051273,0.698805788087798,0.0107243441958302,108.793059346392,FALSE
"Vynnycky-high","max","3_5_3_4_5",0.593430340259401,0.727468206965987,0.011273983164931,124.903509940303,FALSE
"Vynnycky-high","max","4_5_3_4_5",0.613258976545499,0.740759739354109,0.0114248311796227,124.937798720951,FALSE
"Vynnycky-high","max","5_5_3_4_5",0.632120558828558,0.753403036058394,0.0112704387397649,113.127061778447,FALSE
"Vynnycky-high","max","3_3_4_4_5",0.451188363905974,0.613258976545499,0.00987219227165537,118.593394599365,FALSE
"Vynnycky-high","max","4_3_4_4_5",0.477954223238984,0.632120558828558,0.0100555241256356,125.646293141716,FALSE
"Vynnycky-high","max","5_3_4_4_5",0.50341469620859,0.650062250888845,0.0100775052171124,121.06007494707,FALSE
"Vynnycky-high","max","3_4_4_4_5",0.527633447258985,0.683363230620947,0.0109849351932763,120.31147486186,FALSE
"Vynnycky-high","max","4_4_4_4_5",0.550671035882778,0.698805788087798,0.0109544063673679,112.766062697802,FALSE
"Vynnycky-high","max","5_4_4_4_5",0.572585068051273,0.71349520313981,0.0109966757534715,118.61967150525,FALSE
"Vynnycky-high","max","3_5_4_4_5",0.593430340259401,0.740759739354109,0.0116997081687755,123.274548682509,FALSE
"Vynnycky-high","max","4_5_4_4_5",0.613258976545499,0.753403036058394,0.0116411096765653,122.630604233093,FALSE
"Vynnycky-high","max","5_5_4_4_5",0.632120558828558,0.765429711906202,0.0117016615256043,125.09411830047,FALSE
"Vynnycky-high","max","3_3_5_4_5",0.451188363905974,0.632120558828558,0.0102766092132028,133.341243031437,FALSE
"Vynnycky-high","max","4_3_5_4_5",0.477954223238984,0.650062250888845,0.0103758225181324,122.941787525735,FALSE
"Vynnycky-high","max","5_3_5_4_5",0.50341469620859,0.667128916301921,0.0103880088632118,126.579328678251,FALSE
"Vynnycky-high","max","3_4_5_4_5",0.527633447258985,0.698805788087798,0.0112016715177156,134.578686458726,FALSE
"Vynnycky-high","max","4_4_5_4_5",0.550671035882778,0.71349520313981,0.011254874055359,124.122281732188,FALSE
"Vynnycky-high","max","5_4_5_4_5",0.572585068051273,0.727468206965987,0.0110373819896092,125.895492221598,FALSE
"Vynnycky-high","max","3_5_5_4_5",0.593430340259401,0.753403036058394,0.0117880581070756,135.801707763897,FALSE
"Vynnycky-high","max","4_5_5_4_5",0.613258976545499,0.765429711906202,0.0116715940617975,122.181144460945,FALSE
"Vynnycky-high","max","5_5_5_4_5",0.632120558828558,0.77686983985157,0.0118131051480064,129.890433697305,FALSE
"Vynnycky-high","max","3_3_3_5_5",0.451188363905974,0.593430340259401,0.00971799837500587,134.76795306438,FALSE
"Vynnycky-high","max","4_3_3_5_5",0.477954223238984,0.613258976545499,0.00973870205862881,114.941779661253,FALSE
"Vynnycky-high","max","5_3_3_5_5",0.50341469620859,0.632120558828558,0.0096993503811601,109.918198364235,FALSE
"Vynnycky-high","max","3_4_3_5_5",0.527633447258985,0.667128916301921,0.010646191426876,126.816469997745,FALSE
"Vynnycky-high","max","4_4_3_5_5",0.550671035882778,0.683363230620947,0.0106932235624242,115.353887716899,FALSE
"Vynnycky-high","max","5_4_3_5_5",0.572585068051273,0.698805788087798,0.0107314479983804,121.356400516496,FALSE
"Vynnycky-high","max","3_5_3_5_5",0.593430340259401,0.727468206965987,0.0113504329303693,126.073065957096,FALSE
"Vynnycky-high","max","4_5_3_5_5",0.613258976545499,0.740759739354109,0.0113166292412983,116.923434298814,FALSE
"Vynnycky-high","max","5_5_3_5_5",0.632120558828558,0.753403036058394,0.0112923473339681,113.023344151355,FALSE
"Vynnycky-high","max","3_3_4_5_5",0.451188363905974,0.613258976545499,0.0101330908657528,135.201315521413,FALSE
"Vynnycky-high","max","4_3_4_5_5",0.477954223238984,0.632120558828558,0.0102239399109898,115.970658387594,FALSE
"Vynnycky-high","max","5_3_4_5_5",0.50341469620859,0.650062250888845,0.0103092967204078,118.724491852326,FALSE
"Vynnycky-high","max","3_4_4_5_5",0.527633447258985,0.683363230620947,0.01108010209677,140.804095507719,FALSE
"Vynnycky-high","max","4_4_4_5_5",0.550671035882778,0.698805788087798,0.011090472289756,137.614411792819,FALSE
"Vynnycky-high","max","5_4_4_5_5",0.572585068051273,0.71349520313981,0.0108846782216121,127.044981790707,FALSE
"Vynnycky-high","max","3_5_4_5_5",0.593430340259401,0.740759739354109,0.0117345176586912,130.978411539505,FALSE
"Vynnycky-high","max","4_5_4_5_5",0.613258976545499,0.753403036058394,0.011672407418762,132.955523932559,FALSE
"Vynnycky-high","max","5_5_4_5_5",0.632120558828558,0.765429711906202,0.011643585814848,114.630252264826,FALSE
"Vynnycky-high","max","3_3_5_5_5",0.451188363905974,0.632120558828558,0.0103858532655541,128.828511889885,FALSE
"Vynnycky-high","max","4_3_5_5_5",0.477954223238984,0.650062250888845,0.0104248728939448,117.177157575094,FALSE
"Vynnycky-high","max","5_3_5_5_5",0.50341469620859,0.667128916301921,0.0104583444745886,116.893094558292,FALSE
"Vynnycky-high","max","3_4_5_5_5",0.527633447258985,0.698805788087798,0.0112333254755453,132.766920647998,FALSE
"Vynnycky-high","max","4_4_5_5_5",0.550671035882778,0.71349520313981,0.0112048883202456,144.379831048241,FALSE
"Vynnycky-high","max","5_4_5_5_5",0.572585068051273,0.727468206965987,0.011233947772885,126.803359535494,FALSE
"Vynnycky-high","max","3_5_5_5_5",0.593430340259401,0.753403036058394,0.0119343625470807,140.281952625322,FALSE
"Vynnycky-high","max","4_5_5_5_5",0.613258976545499,0.765429711906202,0.0118957374573962,135.956783123497,FALSE
"Vynnycky-high","0.003","1_1_1_1_1",0.181269246922018,0.259181779318282,0.00386458486090979,45.4737969087447,FALSE
"Vynnycky-high","0.003","2_2_2_2_2",0.329679953964361,0.451188363905974,0.00669525108935398,67.8733907806844,FALSE
"Vynnycky-high","0.003","3_3_3_3_3",0.451188363905974,0.593430340259401,0.0086434082205803,86.7594504598631,FALSE
"Vynnycky-high","0.003","4_4_4_4_4",0.550671035882778,0.698805788087798,0.00996228859026216,97.9303384573613,FALSE
"Vynnycky-high","0.003","5_5_5_5_5",0.632120558828558,0.77686983985157,0.01078791082915,98.3759075233736,FALSE
"Vynnycky-high","0.003","4_3_3_3_3",0.477954223238984,0.613258976545499,0.00865954034724992,79.961809742166,FALSE
"Vynnycky-high","0.003","5_3_3_3_3",0.50341469620859,0.632120558828558,0.00863853222146738,83.1346238729275,FALSE
"Vynnycky-high","0.003","3_4_3_3_3",0.527633447258985,0.667128916301921,0.00940180132326218,92.4162874528892,FALSE
"Vynnycky-high","0.003","4_4_3_3_3",0.550671035882778,0.683363230620947,0.00955937623796799,85.7413197230092,FALSE
"Vynnycky-high","0.003","5_4_3_3_3",0.572585068051273,0.698805788087798,0.00938618002716729,78.5835675583166,FALSE
"Vynnycky-high","0.003","3_5_3_3_3",0.593430340259401,0.727468206965987,0.0101986363230298,88.4635300033948,FALSE
"Vynnycky-high","0.003","4_5_3_3_3",0.613258976545499,0.740759739354109,0.010279564332608,88.0933146984977,FALSE
"Vynnycky-high","0.003","5_5_3_3_3",0.632120558828558,0.753403036058394,0.00991684328864628,83.4037914728764,FALSE
"Vynnycky-high","0.003","3_3_4_3_3",0.451188363905974,0.613258976545499,0.00900794563079865,82.4202538607976,FALSE
"Vynnycky-high","0.003","4_3_4_3_3",0.477954223238984,0.632120558828558,0.00910105583085774,81.7543294303024,FALSE
"Vynnycky-high","0.003","5_3_4_3_3",0.50341469620859,0.650062250888845,0.00899925552474801,89.6883145886249,FALSE
"Vynnycky-high","0.003","3_4_4_3_3",0.527633447258985,0.683363230620947,0.00984444105105142,96.0519697639134,FALSE
"Vynnycky-high","0.003","4_4_4_3_3",0.550671035882778,0.698805788087798,0.00982190016230433,95.2515213979162,FALSE
"Vynnycky-high","0.003","5_4_4_3_3",0.572585068051273,0.71349520313981,0.00987922958802001,90.5131779839899,FALSE
"Vynnycky-high","0.003","3_5_4_3_3",0.593430340259401,0.740759739354109,0.0105508572452565,101.151249411287,FALSE
"Vynnycky-high","0.003","4_5_4_3_3",0.613258976545499,0.753403036058394,0.010434150232095,89.6185350089029,FALSE
"Vynnycky-high","0.003","5_5_4_3_3",0.632120558828558,0.765429711906202,0.0103084390648015,86.0164818493039,FALSE
"Vynnycky-high","0.003","3_3_5_3_3",0.451188363905974,0.632120558828558,0.0094438591659759,95.7398319575676,FALSE
"Vynnycky-high","0.003","4_3_5_3_3",0.477954223238984,0.650062250888845,0.00944021086991442,83.0621705419902,FALSE
"Vynnycky-high","0.003","5_3_5_3_3",0.50341469620859,0.667128916301921,0.00935197665802812,86.4501977811595,FALSE
"Vynnycky-high","0.003","3_4_5_3_3",0.527633447258985,0.698805788087798,0.0101152243395539,91.2689754440008,FALSE
"Vynnycky-high","0.003","4_4_5_3_3",0.550671035882778,0.71349520313981,0.0100518792568391,94.9791317927287,FALSE
"Vynnycky-high","0.003","5_4_5_3_3",0.572585068051273,0.727468206965987,0.0099901323111955,91.0471790340429,FALSE
"Vynnycky-high","0.003","3_5_5_3_3",0.593430340259401,0.753403036058394,0.010776798996335,110.80353404456,FALSE
"Vynnycky-high","0.003","4_5_5_3_3",0.613258976545499,0.765429711906202,0.0106858458179833,88.9782921628209,FALSE
"Vynnycky-high","0.003","5_5_5_3_3",0.632120558828558,0.77686983985157,0.0104632589816854,85.3827787250832,FALSE
"Vynnycky-high","0.003","3_3_3_4_3",0.451188363905974,0.593430340259401,0.00889455518960491,84.1220238932615,FALSE
"Vynnycky-high","0.003","4_3_3_4_3",0.477954223238984,0.613258976545499,0.00880176597496296,86.1643979734487,FALSE
"Vynnycky-high","0.003","5_3_3_4_3",0.50341469620859,0.632120558828558,0.00883248779362755,79.7094937396258,FALSE
"Vynnycky-high","0.003","3_4_3_4_3",0.527633447258985,0.667128916301921,0.00959609767556802,90.4190204903599,FALSE
"Vynnycky-high","0.003","4_4_3_4_3",0.550671035882778,0.683363230620947,0.00970648096904136,88.2100739405801,FALSE
"Vynnycky-high","0.003","5_4_3_4_3",0.572585068051273,0.698805788087798,0.00950126447961874,90.0989338521201,FALSE
"Vynnycky-high","0.003","3_5_3_4_3",0.593430340259401,0.727468206965987,0.0103414462835604,91.1323241549055,FALSE
"Vynnycky-high","0.003","4_5_3_4_3",0.613258976545499,0.740759739354109,0.0102206560718653,83.6431587038866,FALSE
"Vynnycky-high","0.003","5_5_3_4_3",0.632120558828558,0.753403036058394,0.0101156436407561,93.6722115099865,FALSE
"Vynnycky-high","0.003","3_3_4_4_3",0.451188363905974,0.613258976545499,0.00929556638465767,94.1448303493933,FALSE
"Vynnycky-high","0.003","4_3_4_4_3",0.477954223238984,0.632120558828558,0.00925504155610268,95.6520552112445,FALSE
"Vynnycky-high","0.003","5_3_4_4_3",0.50341469620859,0.650062250888845,0.00914626446003708,81.5104418082735,FALSE
"Vynnycky-high","0.003","3_4_4_4_3",0.527633447258985,0.683363230620947,0.0100741890340671,96.1863566723614,FALSE
"Vynnycky-high","0.003","4_4_4_4_3",0.550671035882778,0.698805788087798,0.00992771606478426,88.7124292454513,FALSE
"Vynnycky-high","0.003","5_4_4_4_3",0.572585068051273,0.71349520313981,0.009879435325435,85.0682064407677,FALSE
"Vynnycky-high","0.003","3_5_4_4_3",0.593430340259401,0.740759739354109,0.0106602589608306,90.56900335782,FALSE
"Vynnycky-high","0.003","4_5_4_4_3",0.613258976545499,0.753403036058394,0.010534581066307,86.3157547121879,FALSE
"Vynnycky-high","0.003","5_5_4_4_3",0.632120558828558,0.765429711906202,0.0104189330554656,84.3970440777937,FALSE
"Vynnycky-high","0.003","3_3_5_4_3",0.451188363905974,0.632120558828558,0.00965085120894937,91.4066940549078,FALSE
"Vynnycky-high","0.003","4_3_5_4_3",0.477954223238984,0.650062250888845,0.0096085298110522,96.0342665363221,FALSE
"Vynnycky-high","0.003","5_3_5_4_3",0.50341469620859,0.667128916301921,0.0095233003200198,93.9951106121817,FALSE
"Vynnycky-high","0.003","3_4_5_4_3",0.527633447258985,0.698805788087798,0.0102487928306388,96.5096351905657,FALSE
"Vynnycky-high","0.003","4_4_5_4_3",0.550671035882778,0.71349520313981,0.0101690473292001,93.0263320982371,FALSE
"Vynnycky-high","0.003","5_4_5_4_3",0.572585068051273,0.727468206965987,0.0101651704185426,99.1834057367542,FALSE
"Vynnycky-high","0.003","3_5_5_4_3",0.593430340259401,0.753403036058394,0.0108506235972085,92.5418298460403,FALSE
"Vynnycky-high","0.003","4_5_5_4_3",0.613258976545499,0.765429711906202,0.0107715826116772,103.611918553639,FALSE
"Vynnycky-high","0.003","5_5_5_4_3",0.632120558828558,0.77686983985157,0.0106612620153578,91.8255475784021,FALSE
"Vynnycky-high","0.003","3_3_3_5_3",0.451188363905974,0.593430340259401,0.00900074428643971,103.143162970706,FALSE
"Vynnycky-high","0.003","4_3_3_5_3",0.477954223238984,0.613258976545499,0.00893384277598153,91.6411695167107,FALSE
"Vynnycky-high","0.003","5_3_3_5_3",0.50341469620859,0.632120558828558,0.00898565696770026,93.7286741608473,FALSE
"Vynnycky-high","0.003","3_4_3_5_3",0.527633447258985,0.667128916301921,0.00989570680524465,77.9247859194383,FALSE
"Vynnycky-high","0.003","4_4_3_5_3",0.550671035882778,0.683363230620947,0.00971958033251152,85.1178759043272,FALSE
"Vynnycky-high","0.003","5_4_3_5_3",0.572585068051273,0.698805788087798,0.00981216816143726,85.964996658082,FALSE
"Vynnycky-high","0.003","3_5_3_5_3",0.593430340259401,0.727468206965987,0.0103300271788551,86.6109628348556,FALSE
"Vynnycky-high","0.003","4_5_3_5_3",0.613258976545499,0.740759739354109,0.0102859293899232,90.4158356349992,FALSE
"Vynnycky-high","0.003","5_5_3_5_3",0.632120558828558,0.753403036058394,0.0103242431658045,82.2925357564821,FALSE
"Vynnycky-high","0.003","3_3_4_5_3",0.451188363905974,0.613258976545499,0.00931309759585774,97.3502520683501,FALSE
"Vynnycky-high","0.003","4_3_4_5_3",0.477954223238984,0.632120558828558,0.00935663336203529,90.5270655965892,FALSE
"Vynnycky-high","0.003","5_3_4_5_3",0.50341469620859,0.650062250888845,0.00947988028970337,100.665046890994,FALSE
"Vynnycky-high","0.003","3_4_4_5_3",0.527633447258985,0.683363230620947,0.0100773759267744,102.148837306157,FALSE
"Vynnycky-high","0.003","4_4_4_5_3",0.550671035882778,0.698805788087798,0.0100859714882583,99.645937462658,FALSE
"Vynnycky-high","0.003","5_4_4_5_3",0.572585068051273,0.71349520313981,0.0100132832184905,90.4051670317417,FALSE
"Vynnycky-high","0.003","3_5_4_5_3",0.593430340259401,0.740759739354109,0.0106704896494338,93.881839232384,FALSE
"Vynnycky-high","0.003","4_5_4_5_3",0.613258976545499,0.753403036058394,0.0106694362256108,91.0447926654511,FALSE
"Vynnycky-high","0.003","5_5_4_5_3",0.632120558828558,0.765429711906202,0.0105074946709726,85.2910256622837,FALSE
"Vynnycky-high","0.003","3_3_5_5_3",0.451188363905974,0.632120558828558,0.00975107795083674,105.596929756775,FALSE
"Vynnycky-high","0.003","4_3_5_5_3",0.477954223238984,0.650062250888845,0.00956910313518244,100.958655815296,FALSE
"Vynnycky-high","0.003","5_3_5_5_3",0.50341469620859,0.667128916301921,0.00958386966070035,91.2157292413969,FALSE
"Vynnycky-high","0.003","3_4_5_5_3",0.527633447258985,0.698805788087798,0.0103618127946956,92.2524776717538,FALSE
"Vynnycky-high","0.003","4_4_5_5_3",0.550671035882778,0.71349520313981,0.0104102925906532,88.7886942677372,FALSE
"Vynnycky-high","0.003","5_4_5_5_3",0.572585068051273,0.727468206965987,0.0102826698954317,90.0023224907216,FALSE
"Vynnycky-high","0.003","3_5_5_5_3",0.593430340259401,0.753403036058394,0.0107838753092874,98.0763598562545,FALSE
"Vynnycky-high","0.003","4_5_5_5_3",0.613258976545499,0.765429711906202,0.0109345372962684,90.5898736128253,FALSE
"Vynnycky-high","0.003","5_5_5_5_3",0.632120558828558,0.77686983985157,0.0107833111613685,87.2822250101572,FALSE
"Vynnycky-high","0.003","3_3_3_3_4",0.451188363905974,0.593430340259401,0.00868317230776394,83.181597015381,FALSE
"Vynnycky-high","0.003","4_3_3_3_4",0.477954223238984,0.613258976545499,0.00853060077650014,75.8626428969441,FALSE
"Vynnycky-high","0.003","5_3_3_3_4",0.50341469620859,0.632120558828558,0.00875199037620622,83.5227100766978,FALSE
"Vynnycky-high","0.003","3_4_3_3_4",0.527633447258985,0.667128916301921,0.00945992767967918,87.6043492444625,FALSE
"Vynnycky-high","0.003","4_4_3_3_4",0.550671035882778,0.683363230620947,0.00958824432999572,79.896708477104,FALSE
"Vynnycky-high","0.003","5_4_3_3_4",0.572585068051273,0.698805788087798,0.00939961051028393,74.2742717743915,FALSE
"Vynnycky-high","0.003","3_5_3_3_4",0.593430340259401,0.727468206965987,0.0100724361113289,91.2465596954555,FALSE
"Vynnycky-high","0.003","4_5_3_3_4",0.613258976545499,0.740759739354109,0.0100678084874636,86.1684962773276,FALSE
"Vynnycky-high","0.003","5_5_3_3_4",0.632120558828558,0.753403036058394,0.0100641595704081,85.569938803016,FALSE
"Vynnycky-high","0.003","3_3_4_3_4",0.451188363905974,0.613258976545499,0.00906841626655597,83.2496576487795,FALSE
"Vynnycky-high","0.003","4_3_4_3_4",0.477954223238984,0.632120558828558,0.00905776150505688,87.9696947495438,FALSE
"Vynnycky-high","0.003","5_3_4_3_4",0.50341469620859,0.650062250888845,0.00889062905865445,85.8947765453181,FALSE
"Vynnycky-high","0.003","3_4_4_3_4",0.527633447258985,0.683363230620947,0.00992067463937152,92.8865028958405,FALSE
"Vynnycky-high","0.003","4_4_4_3_4",0.550671035882778,0.698805788087798,0.00980545973816893,86.0911939098954,FALSE
"Vynnycky-high","0.003","5_4_4_3_4",0.572585068051273,0.71349520313981,0.00973181944089851,88.0226912805487,FALSE
"Vynnycky-high","0.003","3_5_4_3_4",0.593430340259401,0.740759739354109,0.0104828713577479,96.1348288612044,FALSE
"Vynnycky-high","0.003","4_5_4_3_4",0.613258976545499,0.753403036058394,0.0105088000128896,93.4097214256117,FALSE
"Vynnycky-high","0.003","5_5_4_3_4",0.632120558828558,0.765429711906202,0.0102921504143507,88.580225026338,FALSE
"Vynnycky-high","0.003","3_3_5_3_4",0.451188363905974,0.632120558828558,0.00930278584278732,93.4700975424685,FALSE
"Vynnycky-high","0.003","4_3_5_3_4",0.477954223238984,0.650062250888845,0.00933231463454065,97.7730734582775,FALSE
"Vynnycky-high","0.003","5_3_5_3_4",0.50341469620859,0.667128916301921,0.00927191199704336,91.4250109709499,FALSE
"Vynnycky-high","0.003","3_4_5_3_4",0.527633447258985,0.698805788087798,0.0100436423089391,98.7485454437977,FALSE
"Vynnycky-high","0.003","4_4_5_3_4",0.550671035882778,0.71349520313981,0.0103135486287897,87.8573279634158,FALSE
"Vynnycky-high","0.003","5_4_5_3_4",0.572585068051273,0.727468206965987,0.0100262119974942,86.5364850326609,FALSE
"Vynnycky-high","0.003","3_5_5_3_4",0.593430340259401,0.753403036058394,0.0107895413877949,106.845179178179,FALSE
"Vynnycky-high","0.003","4_5_5_3_4",0.613258976545499,0.765429711906202,0.0106809433707712,82.7108442283208,FALSE
"Vynnycky-high","0.003","5_5_5_3_4",0.632120558828558,0.77686983985157,0.0105980055450062,94.7016827632365,FALSE
"Vynnycky-high","0.003","3_3_3_4_4",0.451188363905974,0.593430340259401,0.00883700566455103,96.2484357240828,FALSE
"Vynnycky-high","0.003","4_3_3_4_4",0.477954223238984,0.613258976545499,0.00896300439581743,90.1396704130309,FALSE
"Vynnycky-high","0.003","5_3_3_4_4",0.50341469620859,0.632120558828558,0.00886431826368272,85.7790293088428,FALSE
"Vynnycky-high","0.003","3_4_3_4_4",0.527633447258985,0.667128916301921,0.00962020601794578,88.4550532002568,FALSE
"Vynnycky-high","0.003","4_4_3_4_4",0.550671035882778,0.683363230620947,0.00966269027785482,87.542612098948,FALSE
"Vynnycky-high","0.003","5_4_3_4_4",0.572585068051273,0.698805788087798,0.0094680040405466,89.6110473012404,FALSE
"Vynnycky-high","0.003","3_5_3_4_4",0.593430340259401,0.727468206965987,0.0103500243211071,81.1753313296028,FALSE
"Vynnycky-high","0.003","4_5_3_4_4",0.613258976545499,0.740759739354109,0.0102116905911892,91.7800393224436,FALSE
"Vynnycky-high","0.003","5_5_3_4_4",0.632120558828558,0.753403036058394,0.0100769213591673,84.5060405051911,FALSE
"Vynnycky-high","0.003","3_3_4_4_4",0.451188363905974,0.613258976545499,0.00935401050261409,94.2957821782414,FALSE
"Vynnycky-high","0.003","4_3_4_4_4",0.477954223238984,0.632120558828558,0.00923393386666882,94.0014868418405,FALSE
"Vynnycky-high","0.003","5_3_4_4_4",0.50341469620859,0.650062250888845,0.00907556325330849,84.6426831346096,FALSE
"Vynnycky-high","0.003","3_4_4_4_4",0.527633447258985,0.683363230620947,0.0101986252623381,91.715786879166,FALSE
"Vynnycky-high","0.003","5_4_4_4_4",0.572585068051273,0.71349520313981,0.00988951955277251,88.2612536589481,FALSE
"Vynnycky-high","0.003","3_5_4_4_4",0.593430340259401,0.740759739354109,0.0106431090617477,101.073002104233,FALSE
"Vynnycky-high","0.003","4_5_4_4_4",0.613258976545499,0.753403036058394,0.0106286709679173,86.9143882511523,FALSE
"Vynnycky-high","0.003","5_5_4_4_4",0.632120558828558,0.765429711906202,0.0105587335037128,83.5592933018674,FALSE
"Vynnycky-high","0.003","3_3_5_4_4",0.451188363905974,0.632120558828558,0.00966872844376765,102.540431471575,FALSE
"Vynnycky-high","0.003","4_3_5_4_4",0.477954223238984,0.650062250888845,0.0095272643305373,93.7652855133849,FALSE
"Vynnycky-high","0.003","5_3_5_4_4",0.50341469620859,0.667128916301921,0.00956739650532812,86.4649203338827,FALSE
"Vynnycky-high","0.003","3_4_5_4_4",0.527633447258985,0.698805788087798,0.0102953421772068,98.562614115837,FALSE
"Vynnycky-high","0.003","4_4_5_4_4",0.550671035882778,0.71349520313981,0.0102409760450307,92.7997933962269,FALSE
"Vynnycky-high","0.003","5_4_5_4_4",0.572585068051273,0.727468206965987,0.0101399176774087,88.5074623768974,FALSE
"Vynnycky-high","0.003","3_5_5_4_4",0.593430340259401,0.753403036058394,0.0108913444158648,99.6346117840095,FALSE
"Vynnycky-high","0.003","4_5_5_4_4",0.613258976545499,0.765429711906202,0.0107608424994327,89.1281018180143,FALSE
"Vynnycky-high","0.003","5_5_5_4_4",0.632120558828558,0.77686983985157,0.0105652107652514,94.6510113803844,FALSE
"Vynnycky-high","0.003","3_3_3_5_4",0.451188363905974,0.593430340259401,0.00900618242564077,85.5908005647404,FALSE
"Vynnycky-high","0.003","4_3_3_5_4",0.477954223238984,0.613258976545499,0.00908042848447776,90.5397025686837,FALSE
"Vynnycky-high","0.003","5_3_3_5_4",0.50341469620859,0.632120558828558,0.00912522912722413,82.6011256861719,FALSE
"Vynnycky-high","0.003","3_4_3_5_4",0.527633447258985,0.667128916301921,0.00970960328576231,98.6616145345498,FALSE
"Vynnycky-high","0.003","4_4_3_5_4",0.550671035882778,0.683363230620947,0.00981459709074084,93.1280990377872,FALSE
"Vynnycky-high","0.003","5_4_3_5_4",0.572585068051273,0.698805788087798,0.00974494309782059,89.4677411667197,FALSE
"Vynnycky-high","0.003","3_5_3_5_4",0.593430340259401,0.727468206965987,0.0105060280766966,105.188112883681,FALSE
"Vynnycky-high","0.003","4_5_3_5_4",0.613258976545499,0.740759739354109,0.0103728234845963,92.6779357613576,FALSE
"Vynnycky-high","0.003","5_5_3_5_4",0.632120558828558,0.753403036058394,0.0103164292237331,81.2723002488821,FALSE
"Vynnycky-high","0.003","3_3_4_5_4",0.451188363905974,0.613258976545499,0.00946179203003084,108.129292263741,FALSE
"Vynnycky-high","0.003","4_3_4_5_4",0.477954223238984,0.632120558828558,0.00934376349829646,97.0668122148931,FALSE
"Vynnycky-high","0.003","5_3_4_5_4",0.50341469620859,0.650062250888845,0.00935410126190261,102.237695407494,FALSE
"Vynnycky-high","0.003","3_4_4_5_4",0.527633447258985,0.683363230620947,0.00996648910729525,94.9250372877778,FALSE
"Vynnycky-high","0.003","4_4_4_5_4",0.550671035882778,0.698805788087798,0.0100840383505222,90.2738186695323,FALSE
"Vynnycky-high","0.003","5_4_4_5_4",0.572585068051273,0.71349520313981,0.00999700908652479,87.4233157144283,FALSE
"Vynnycky-high","0.003","3_5_4_5_4",0.593430340259401,0.740759739354109,0.0108451942739843,98.3744675619637,FALSE
"Vynnycky-high","0.003","4_5_4_5_4",0.613258976545499,0.753403036058394,0.0104278117919231,93.9150086999036,FALSE
"Vynnycky-high","0.003","5_5_4_5_4",0.632120558828558,0.765429711906202,0.010479827202764,87.7029012654399,FALSE
"Vynnycky-high","0.003","3_3_5_5_4",0.451188363905974,0.632120558828558,0.00972611044864502,99.538816889657,FALSE
"Vynnycky-high","0.003","4_3_5_5_4",0.477954223238984,0.650062250888845,0.00958801020666167,94.4891561280484,FALSE
"Vynnycky-high","0.003","5_3_5_5_4",0.50341469620859,0.667128916301921,0.00963268813370932,90.7150793512065,FALSE
"Vynnycky-high","0.003","3_4_5_5_4",0.527633447258985,0.698805788087798,0.0103104525439346,98.2024610817827,FALSE
"Vynnycky-high","0.003","4_4_5_5_4",0.550671035882778,0.71349520313981,0.0103920977895543,87.9592666609222,FALSE
"Vynnycky-high","0.003","5_4_5_5_4",0.572585068051273,0.727468206965987,0.0102041788639897,85.3574179210591,FALSE
"Vynnycky-high","0.003","3_5_5_5_4",0.593430340259401,0.753403036058394,0.0110217651842683,90.7894029319482,FALSE
"Vynnycky-high","0.003","4_5_5_5_4",0.613258976545499,0.765429711906202,0.0107622229599573,92.5116992350478,FALSE
"Vynnycky-high","0.003","5_5_5_5_4",0.632120558828558,0.77686983985157,0.0107744116335772,94.0961730986042,FALSE
"Vynnycky-high","0.003","3_3_3_3_5",0.451188363905974,0.593430340259401,0.00873027632030088,88.4554691646543,FALSE
"Vynnycky-high","0.003","4_3_3_3_5",0.477954223238984,0.613258976545499,0.0086575545521107,80.4668401195959,FALSE
"Vynnycky-high","0.003","5_3_3_3_5",0.50341469620859,0.632120558828558,0.00861583543774735,81.1169348029975,FALSE
"Vynnycky-high","0.003","3_4_3_3_5",0.527633447258985,0.667128916301921,0.00947434195157526,99.8938314955569,FALSE
"Vynnycky-high","0.003","4_4_3_3_5",0.550671035882778,0.683363230620947,0.00950656437902597,84.7335257658573,FALSE
"Vynnycky-high","0.003","5_4_3_3_5",0.572585068051273,0.698805788087798,0.00944518677648321,80.6662237002989,FALSE
"Vynnycky-high","0.003","3_5_3_3_5",0.593430340259401,0.727468206965987,0.0101580645947871,87.0173714548156,FALSE
"Vynnycky-high","0.003","4_5_3_3_5",0.613258976545499,0.740759739354109,0.0101287419598605,83.3170319166383,FALSE
"Vynnycky-high","0.003","5_5_3_3_5",0.632120558828558,0.753403036058394,0.0100722534524732,72.755156799908,FALSE
"Vynnycky-high","0.003","3_3_4_3_5",0.451188363905974,0.613258976545499,0.0090351722207398,90.7034713496403,FALSE
"Vynnycky-high","0.003","4_3_4_3_5",0.477954223238984,0.632120558828558,0.00901283333169689,76.8072213249521,FALSE
"Vynnycky-high","0.003","5_3_4_3_5",0.50341469620859,0.650062250888845,0.00897430261325838,91.0355008739577,FALSE
"Vynnycky-high","0.003","3_4_4_3_5",0.527633447258985,0.683363230620947,0.0100076965067047,92.6881085534448,FALSE
"Vynnycky-high","0.003","4_4_4_3_5",0.550671035882778,0.698805788087798,0.00974528546499431,90.7744490712483,FALSE
"Vynnycky-high","0.003","5_4_4_3_5",0.572585068051273,0.71349520313981,0.00983897639985676,87.813098057417,FALSE
"Vynnycky-high","0.003","3_5_4_3_5",0.593430340259401,0.740759739354109,0.0105031054861165,88.7706233219188,FALSE
"Vynnycky-high","0.003","4_5_4_3_5",0.613258976545499,0.753403036058394,0.0105289691750444,79.5534931074602,FALSE
"Vynnycky-high","0.003","5_5_4_3_5",0.632120558828558,0.765429711906202,0.0104233058324195,81.0411376569619,FALSE
"Vynnycky-high","0.003","3_3_5_3_5",0.451188363905974,0.632120558828558,0.00944699314357667,101.283774830864,FALSE
"Vynnycky-high","0.003","4_3_5_3_5",0.477954223238984,0.650062250888845,0.00940866248391781,90.3895983892187,FALSE
"Vynnycky-high","0.003","5_3_5_3_5",0.50341469620859,0.667128916301921,0.00935784767417069,92.0206465327086,FALSE
"Vynnycky-high","0.003","3_4_5_3_5",0.527633447258985,0.698805788087798,0.0101797654521113,97.2570347609735,FALSE
"Vynnycky-high","0.003","4_4_5_3_5",0.550671035882778,0.71349520313981,0.0101009209067827,94.2167215770946,FALSE
"Vynnycky-high","0.003","5_4_5_3_5",0.572585068051273,0.727468206965987,0.00993041215076329,91.9259732422457,FALSE
"Vynnycky-high","0.003","3_5_5_3_5",0.593430340259401,0.753403036058394,0.01075312644093,90.3970804205425,FALSE
"Vynnycky-high","0.003","4_5_5_3_5",0.613258976545499,0.765429711906202,0.0106079706203309,90.2170356636937,FALSE
"Vynnycky-high","0.003","5_5_5_3_5",0.632120558828558,0.77686983985157,0.0104496536951417,93.0758730885793,FALSE
"Vynnycky-high","0.003","3_3_3_4_5",0.451188363905974,0.593430340259401,0.00878601253571754,86.4557569823525,FALSE
"Vynnycky-high","0.003","4_3_3_4_5",0.477954223238984,0.613258976545499,0.00870055893730204,92.9989142437402,FALSE
"Vynnycky-high","0.003","5_3_3_4_5",0.50341469620859,0.632120558828558,0.00870775845643235,83.2722360578967,FALSE
"Vynnycky-high","0.003","3_4_3_4_5",0.527633447258985,0.667128916301921,0.00981117884165239,81.9528578765045,FALSE
"Vynnycky-high","0.003","4_4_3_4_5",0.550671035882778,0.683363230620947,0.00953784890321929,91.5967138216533,FALSE
"Vynnycky-high","0.003","5_4_3_4_5",0.572585068051273,0.698805788087798,0.00967899540141381,90.3895983892187,FALSE
"Vynnycky-high","0.003","3_5_3_4_5",0.593430340259401,0.727468206965987,0.0102998971309848,92.0385175379963,FALSE
"Vynnycky-high","0.003","4_5_3_4_5",0.613258976545499,0.740759739354109,0.0104110376627686,87.5573318341018,FALSE
"Vynnycky-high","0.003","5_5_3_4_5",0.632120558828558,0.753403036058394,0.0102001804197561,80.5330315254934,FALSE
"Vynnycky-high","0.003","3_3_4_4_5",0.451188363905974,0.613258976545499,0.00927877702803737,92.1525265847321,FALSE
"Vynnycky-high","0.003","4_3_4_4_5",0.477954223238984,0.632120558828558,0.00922876357940072,84.4919859035392,FALSE
"Vynnycky-high","0.003","5_3_4_4_5",0.50341469620859,0.650062250888845,0.00909251444169401,81.4745815171128,FALSE
"Vynnycky-high","0.003","3_4_4_4_5",0.527633447258985,0.683363230620947,0.00988656127604082,89.1918071692448,FALSE
"Vynnycky-high","0.003","4_4_4_4_5",0.550671035882778,0.698805788087798,0.00999087313665459,103.600271359003,FALSE
"Vynnycky-high","0.003","5_4_4_4_5",0.572585068051273,0.71349520313981,0.00982938925526455,93.1733003138595,FALSE
"Vynnycky-high","0.003","3_5_4_4_5",0.593430340259401,0.740759739354109,0.01065573644901,89.6516877416486,FALSE
"Vynnycky-high","0.003","4_5_4_4_5",0.613258976545499,0.753403036058394,0.0105636892953488,88.9772689228685,FALSE
"Vynnycky-high","0.003","5_5_4_4_5",0.632120558828558,0.765429711906202,0.0104234559786902,81.4258431320231,FALSE
"Vynnycky-high","0.003","3_3_5_4_5",0.451188363905974,0.632120558828558,0.00964943325042045,103.3882258988,FALSE
"Vynnycky-high","0.003","4_3_5_4_5",0.477954223238984,0.650062250888845,0.00950720357270107,99.0422531465062,FALSE
"Vynnycky-high","0.003","5_3_5_4_5",0.50341469620859,0.667128916301921,0.00941995171677057,97.9995413504753,FALSE
"Vynnycky-high","0.003","3_4_5_4_5",0.527633447258985,0.698805788087798,0.0105647713483501,100.967949960648,FALSE
"Vynnycky-high","0.003","4_4_5_4_5",0.550671035882778,0.71349520313981,0.0100956769358397,93.503554430121,FALSE
"Vynnycky-high","0.003","5_4_5_4_5",0.572585068051273,0.727468206965987,0.0101844186179417,81.9166080253771,FALSE
"Vynnycky-high","0.003","3_5_5_4_5",0.593430340259401,0.753403036058394,0.0108567236277781,97.199124177741,FALSE
"Vynnycky-high","0.003","4_5_5_4_5",0.613258976545499,0.765429711906202,0.0108665196783233,95.2217095178704,FALSE
"Vynnycky-high","0.003","5_5_5_4_5",0.632120558828558,0.77686983985157,0.0107425646467124,90.311889905224,FALSE
"Vynnycky-high","0.003","3_3_3_5_5",0.451188363905974,0.593430340259401,0.00903352179836991,85.6164433173672,FALSE
"Vynnycky-high","0.003","4_3_3_5_5",0.477954223238984,0.613258976545499,0.00892543127207768,93.9432127009895,FALSE
"Vynnycky-high","0.003","5_3_3_5_5",0.50341469620859,0.632120558828558,0.00900720118729192,78.0611901302262,FALSE
"Vynnycky-high","0.003","3_4_3_5_5",0.527633447258985,0.667128916301921,0.00976956669327467,94.1985518979057,FALSE
"Vynnycky-high","0.003","4_4_3_5_5",0.550671035882778,0.683363230620947,0.00974136429424377,103.966096155087,FALSE
"Vynnycky-high","0.003","5_4_3_5_5",0.572585068051273,0.698805788087798,0.00971035277445487,87.5287531113142,FALSE
"Vynnycky-high","0.003","3_5_3_5_5",0.593430340259401,0.727468206965987,0.010545126187644,84.8055434325758,FALSE
"Vynnycky-high","0.003","4_5_3_5_5",0.613258976545499,0.740759739354109,0.0103606821196163,95.4635009382151,FALSE
"Vynnycky-high","0.003","5_5_3_5_5",0.632120558828558,0.753403036058394,0.0103737691952016,85.7692048921331,FALSE
"Vynnycky-high","0.003","3_3_4_5_5",0.451188363905974,0.613258976545499,0.00938684406836421,96.1373767185237,FALSE
"Vynnycky-high","0.003","4_3_4_5_5",0.477954223238984,0.632120558828558,0.00934439680035559,97.7498602103066,FALSE
"Vynnycky-high","0.003","5_3_4_5_5",0.50341469620859,0.650062250888845,0.00918386556912754,88.9908515882957,FALSE
"Vynnycky-high","0.003","3_4_4_5_5",0.527633447258985,0.683363230620947,0.0100591338672203,92.7031347348123,FALSE
"Vynnycky-high","0.003","4_4_4_5_5",0.550671035882778,0.698805788087798,0.0100199853495427,96.0796566956133,FALSE
"Vynnycky-high","0.003","5_4_4_5_5",0.572585068051273,0.71349520313981,0.00998696697626644,93.7029181255301,FALSE
"Vynnycky-high","0.003","3_5_4_5_5",0.593430340259401,0.740759739354109,0.0107480240198978,99.9284014265673,FALSE
"Vynnycky-high","0.003","4_5_4_5_5",0.613258976545499,0.753403036058394,0.0106147286567443,89.5327336051763,FALSE
"Vynnycky-high","0.003","5_5_4_5_5",0.632120558828558,0.765429711906202,0.0105579442768646,92.8124242173725,FALSE
"Vynnycky-high","0.003","3_3_5_5_5",0.451188363905974,0.632120558828558,0.00976819625131531,102.171521064441,FALSE
"Vynnycky-high","0.003","4_3_5_5_5",0.477954223238984,0.650062250888845,0.00974552822941166,92.6670860171031,FALSE
"Vynnycky-high","0.003","5_3_5_5_5",0.50341469620859,0.667128916301921,0.00970775379971744,90.170399231616,FALSE
"Vynnycky-high","0.003","3_4_5_5_5",0.527633447258985,0.698805788087798,0.0104676620512871,102.539556416908,FALSE
"Vynnycky-high","0.003","4_4_5_5_5",0.550671035882778,0.71349520313981,0.0103168279803002,90.7802567590183,FALSE
"Vynnycky-high","0.003","5_4_5_5_5",0.572585068051273,0.727468206965987,0.010244197326104,97.3573881578765,FALSE
"Vynnycky-high","0.003","3_5_5_5_5",0.593430340259401,0.753403036058394,0.0110225368064336,96.757001294472,FALSE
"Vynnycky-high","0.003","4_5_5_5_5",0.613258976545499,0.765429711906202,0.0108924557439699,91.2183323551862,FALSE
