"parameter","direction","sigma","rep","n_overall","n_tested","n_enrolled","n_trial_cases"
"baseline","baseline",0.5,1,64467,57755,362,50
"baseline","baseline",0.5,2,64240,57357,401,50
"baseline","baseline",0.5,3,57882,51861,355,50
"baseline","baseline",0.5,4,62203,55626,365,50
"baseline","baseline",0.5,5,60530,54112,352,50
"baseline","baseline",0.5,6,67959,60872,389,50
"baseline","baseline",0.5,7,54899,49110,338,50
"baseline","baseline",0.5,8,55246,49450,335,50
"baseline","baseline",0.5,9,54315,48498,333,50
"baseline","baseline",0.5,10,51426,45997,303,50
"baseline","baseline",0.5,11,60009,53839,383,50
"baseline","baseline",0.5,12,64332,57582,370,50
"baseline","baseline",0.5,13,68434,61204,377,50
"baseline","baseline",0.5,14,63770,56993,380,50
"baseline","baseline",0.5,15,63341,56638,373,50
"baseline","baseline",0.5,16,66278,59220,385,50
"baseline","baseline",0.5,17,42092,37604,253,50
"baseline","baseline",0.5,18,57262,51328,352,50
"baseline","baseline",0.5,19,64796,58050,387,50
"baseline","baseline",0.5,20,57533,51384,359,50
"baseline","baseline",0.5,21,56279,50385,317,50
"baseline","baseline",0.5,22,58426,52238,356,50
"baseline","baseline",0.5,23,65000,58042,372,50
"baseline","baseline",0.5,24,70852,63413,424,50
"baseline","baseline",0.5,25,62334,55702,386,50
"baseline","baseline",0.5,26,71597,64031,400,50
"baseline","baseline",0.5,27,54734,48993,333,50
"baseline","baseline",0.5,28,56078,50077,360,50
"baseline","baseline",0.5,29,84081,75251,491,50
"baseline","baseline",0.5,30,93421,83321,512,50
"baseline","baseline",0.5,31,73196,65376,431,50
"baseline","baseline",0.5,32,68218,61073,388,50
"baseline","baseline",0.5,33,68245,61043,380,50
"baseline","baseline",0.5,34,60716,54267,345,50
"baseline","baseline",0.5,35,59704,53386,334,50
"baseline","baseline",0.5,36,73029,65239,448,50
"baseline","baseline",0.5,37,57600,51654,340,50
"baseline","baseline",0.5,38,65065,58210,414,50
"baseline","baseline",0.5,39,63307,56614,363,50
"baseline","baseline",0.5,40,53648,48015,298,50
"baseline","baseline",0.5,41,59949,53683,354,50
"baseline","baseline",0.5,42,60861,54457,365,50
"baseline","baseline",0.5,43,77400,69322,463,50
"baseline","baseline",0.5,44,60549,54198,357,50
"baseline","baseline",0.5,45,63592,56832,371,50
"baseline","baseline",0.5,46,69701,62434,422,50
"baseline","baseline",0.5,47,59698,53450,361,50
"baseline","baseline",0.5,48,58476,52398,350,50
"baseline","baseline",0.5,49,57936,51809,328,50
"baseline","baseline",0.5,50,71544,63767,402,50
"baseline","baseline",0.5,51,63704,56988,357,50
"baseline","baseline",0.5,52,69427,62147,434,50
"baseline","baseline",0.5,53,60479,54173,385,50
"baseline","baseline",0.5,54,59655,53489,330,50
"baseline","baseline",0.5,55,55004,49280,338,50
"baseline","baseline",0.5,56,62869,56400,363,50
"baseline","baseline",0.5,57,63519,56902,374,50
"baseline","baseline",0.5,58,78195,69908,459,50
"baseline","baseline",0.5,59,68257,61106,402,50
"baseline","baseline",0.5,60,44534,39784,287,50
"baseline","baseline",0.5,61,77470,69459,483,50
"baseline","baseline",0.5,62,68457,61266,400,50
"baseline","baseline",0.5,63,56099,50235,336,50
"baseline","baseline",0.5,64,75656,67599,431,50
"baseline","baseline",0.5,65,68691,61467,404,50
"baseline","baseline",0.5,66,69823,62321,444,50
"baseline","baseline",0.5,67,64607,57840,393,50
"baseline","baseline",0.5,68,67329,60319,391,50
"baseline","baseline",0.5,69,65406,58516,387,50
"baseline","baseline",0.5,70,55507,49703,335,50
"baseline","baseline",0.5,71,62085,55472,369,50
"baseline","baseline",0.5,72,54781,48977,342,50
"baseline","baseline",0.5,73,46194,41343,274,50
"baseline","baseline",0.5,74,52969,47277,311,50
"baseline","baseline",0.5,75,54807,48898,349,50
"baseline","baseline",0.5,76,63911,57156,372,50
"baseline","baseline",0.5,77,68928,61769,415,50
"baseline","baseline",0.5,78,60578,54185,341,50
"baseline","baseline",0.5,79,71696,64122,438,50
"baseline","baseline",0.5,80,42343,38005,261,50
"baseline","baseline",0.5,81,59945,53758,392,50
"baseline","baseline",0.5,82,51405,46020,321,50
"baseline","baseline",0.5,83,56991,50925,377,50
"baseline","baseline",0.5,84,52837,47365,345,50
"baseline","baseline",0.5,85,67280,60069,407,50
"baseline","baseline",0.5,86,54372,48575,341,50
"baseline","baseline",0.5,87,91078,81370,533,50
"baseline","baseline",0.5,88,74639,66778,439,50
"baseline","baseline",0.5,89,70817,63435,425,50
"baseline","baseline",0.5,90,67622,60477,406,50
"baseline","baseline",0.5,91,57773,51681,338,50
"baseline","baseline",0.5,92,48702,43521,292,50
"baseline","baseline",0.5,93,66311,59279,380,50
"baseline","baseline",0.5,94,66899,59903,400,50
"baseline","baseline",0.5,95,66463,59333,395,50
"baseline","baseline",0.5,96,45637,40887,285,50
"baseline","baseline",0.5,97,66104,59092,381,50
"baseline","baseline",0.5,98,65809,58801,382,50
"baseline","baseline",0.5,99,58343,52214,356,50
"baseline","baseline",0.5,100,86428,77240,476,50
"baseline","baseline",2,1,37069,33234,800,50
"baseline","baseline",2,2,36136,32311,796,50
"baseline","baseline",2,3,32701,29232,735,50
"baseline","baseline",2,4,28039,25098,608,50
"baseline","baseline",2,5,42334,37888,914,50
"baseline","baseline",2,6,36691,32850,775,50
"baseline","baseline",2,7,32551,29088,675,50
"baseline","baseline",2,8,35975,32236,730,50
"baseline","baseline",2,9,34913,31292,746,50
"baseline","baseline",2,10,29181,26135,626,50
"baseline","baseline",2,11,31621,28271,680,50
"baseline","baseline",2,12,36517,32638,835,50
"baseline","baseline",2,13,29397,26380,620,50
"baseline","baseline",2,14,39348,35203,863,50
"baseline","baseline",2,15,33339,29895,765,50
"baseline","baseline",2,16,31436,27980,696,50
"baseline","baseline",2,17,33438,29819,699,50
"baseline","baseline",2,18,36684,32903,788,50
"baseline","baseline",2,19,30730,27486,691,50
"baseline","baseline",2,20,33023,29471,653,50
"baseline","baseline",2,21,29541,26383,635,50
"baseline","baseline",2,22,32067,28686,707,50
"baseline","baseline",2,23,38532,34479,859,50
"baseline","baseline",2,24,26899,24048,583,50
"baseline","baseline",2,25,29418,26358,602,50
"baseline","baseline",2,26,32278,28852,703,50
"baseline","baseline",2,27,27152,24235,621,50
"baseline","baseline",2,28,40360,36086,872,50
"baseline","baseline",2,29,34266,30678,740,50
"baseline","baseline",2,30,35660,31973,828,50
"baseline","baseline",2,31,32185,28834,735,50
"baseline","baseline",2,32,36995,33039,836,50
"baseline","baseline",2,33,33282,29726,718,50
"baseline","baseline",2,34,27443,24545,620,50
"baseline","baseline",2,35,34514,30883,738,50
"baseline","baseline",2,36,37353,33416,750,50
"baseline","baseline",2,37,28352,25440,648,50
"baseline","baseline",2,38,28158,25118,638,50
"baseline","baseline",2,39,35393,31712,766,50
"baseline","baseline",2,40,33566,29967,790,50
"baseline","baseline",2,41,35354,31632,774,50
"baseline","baseline",2,42,36287,32441,745,50
"baseline","baseline",2,43,47464,42387,1089,50
"baseline","baseline",2,44,31983,28624,647,50
"baseline","baseline",2,45,38273,34169,788,50
"baseline","baseline",2,46,36299,32462,773,50
"baseline","baseline",2,47,25982,23200,559,50
"baseline","baseline",2,48,39697,35507,871,50
"baseline","baseline",2,49,31358,28050,685,50
"baseline","baseline",2,50,39383,35258,828,50
"baseline","baseline",2,51,26747,23906,597,50
"baseline","baseline",2,52,31434,28119,685,50
"baseline","baseline",2,53,34936,31285,772,50
"baseline","baseline",2,54,41813,37415,891,50
"baseline","baseline",2,55,33897,30291,715,50
"baseline","baseline",2,56,26990,24098,578,50
"baseline","baseline",2,57,25890,23192,572,50
"baseline","baseline",2,58,36849,33003,775,50
"baseline","baseline",2,59,38857,34690,860,50
"baseline","baseline",2,60,27254,24366,588,50
"baseline","baseline",2,61,39874,35674,871,50
"baseline","baseline",2,62,27441,24586,637,50
"baseline","baseline",2,63,30830,27574,662,50
"baseline","baseline",2,64,34295,30739,722,50
"baseline","baseline",2,65,38629,34467,865,50
"baseline","baseline",2,66,24381,21876,555,50
"baseline","baseline",2,67,27022,24211,631,50
"baseline","baseline",2,68,34250,30636,773,50
"baseline","baseline",2,69,28803,25782,618,50
"baseline","baseline",2,70,34958,31167,731,50
"baseline","baseline",2,71,29499,26338,668,50
"baseline","baseline",2,72,28043,25065,636,50
"baseline","baseline",2,73,34843,31197,768,50
"baseline","baseline",2,74,37503,33405,805,50
"baseline","baseline",2,75,32392,29032,710,50
"baseline","baseline",2,76,34373,30733,794,50
"baseline","baseline",2,77,40631,36347,871,50
"baseline","baseline",2,78,28953,25877,618,50
"baseline","baseline",2,79,35116,31341,745,50
"baseline","baseline",2,80,31315,27950,719,50
"baseline","baseline",2,81,28346,25358,669,50
"baseline","baseline",2,82,30195,27090,671,50
"baseline","baseline",2,83,33823,30271,754,50
"baseline","baseline",2,84,33565,29990,776,50
"baseline","baseline",2,85,34720,31073,784,50
"baseline","baseline",2,86,35698,31907,777,50
"baseline","baseline",2,87,34782,31111,738,50
"baseline","baseline",2,88,33319,29774,720,50
"baseline","baseline",2,89,31989,28657,714,50
"baseline","baseline",2,90,29491,26347,688,50
"baseline","baseline",2,91,30891,27585,685,50
"baseline","baseline",2,92,36034,32252,823,50
"baseline","baseline",2,93,36677,32817,865,50
"baseline","baseline",2,94,32949,29461,746,50
"baseline","baseline",2,95,32466,29057,760,50
"baseline","baseline",2,96,42705,38192,934,50
"baseline","baseline",2,97,28959,25870,659,50
"baseline","baseline",2,98,40766,36487,879,50
"baseline","baseline",2,99,27693,24767,647,50
"baseline","baseline",2,100,30266,26991,673,50
"baseline","baseline",50,1,6700,5998,4238,50
"baseline","baseline",50,2,6417,5791,4053,50
"baseline","baseline",50,3,6738,6038,4268,50
"baseline","baseline",50,4,6839,6123,4320,50
"baseline","baseline",50,5,6670,5977,4284,50
"baseline","baseline",50,6,8025,7197,5106,50
"baseline","baseline",50,7,6537,5852,4095,50
"baseline","baseline",50,8,6913,6190,4355,50
"baseline","baseline",50,9,5393,4817,3377,50
"baseline","baseline",50,10,8134,7283,5130,50
"baseline","baseline",50,11,8399,7509,5347,50
"baseline","baseline",50,12,7554,6780,4765,50
"baseline","baseline",50,13,5348,4804,3373,50
"baseline","baseline",50,14,7641,6815,4826,50
"baseline","baseline",50,15,8639,7755,5497,50
"baseline","baseline",50,16,6711,6030,4283,50
"baseline","baseline",50,17,6247,5579,3887,50
"baseline","baseline",50,18,6446,5770,4075,50
"baseline","baseline",50,19,7516,6712,4684,50
"baseline","baseline",50,20,7018,6244,4412,50
"baseline","baseline",50,21,7715,6941,4961,50
"baseline","baseline",50,22,4602,4102,2836,50
"baseline","baseline",50,23,7973,7138,5019,50
"baseline","baseline",50,24,7323,6569,4605,50
"baseline","baseline",50,25,8563,7652,5345,50
"baseline","baseline",50,26,6609,5958,4221,50
"baseline","baseline",50,27,7330,6579,4659,50
"baseline","baseline",50,28,7681,6907,4880,50
"baseline","baseline",50,29,7503,6734,4732,50
"baseline","baseline",50,30,6808,6053,4290,50
"baseline","baseline",50,31,7739,6891,4922,50
"baseline","baseline",50,32,6504,5824,4163,50
"baseline","baseline",50,33,7184,6422,4481,50
"baseline","baseline",50,34,6153,5546,3967,50
"baseline","baseline",50,35,8083,7232,5162,50
"baseline","baseline",50,36,7523,6678,4693,50
"baseline","baseline",50,37,7362,6525,4611,50
"baseline","baseline",50,38,6980,6215,4324,50
"baseline","baseline",50,39,6681,5981,4194,50
"baseline","baseline",50,40,6425,5736,4053,50
"baseline","baseline",50,41,5518,4937,3474,50
"baseline","baseline",50,42,8302,7417,5237,50
"baseline","baseline",50,43,6594,5889,4148,50
"baseline","baseline",50,44,9182,8196,5745,50
"baseline","baseline",50,45,6615,5939,4145,50
"baseline","baseline",50,46,8328,7466,5321,50
"baseline","baseline",50,47,6169,5566,3961,50
"baseline","baseline",50,48,9200,8243,5912,50
"baseline","baseline",50,49,6294,5618,3968,50
"baseline","baseline",50,50,7478,6715,4755,50
"baseline","baseline",50,51,7386,6639,4679,50
"baseline","baseline",50,52,7002,6291,4442,50
"baseline","baseline",50,53,6199,5567,3935,50
"baseline","baseline",50,54,8970,8023,5685,50
"baseline","baseline",50,55,6567,5842,4126,50
"baseline","baseline",50,56,7099,6371,4513,50
"baseline","baseline",50,57,5829,5219,3701,50
"baseline","baseline",50,58,8244,7414,5178,50
"baseline","baseline",50,59,7327,6598,4680,50
"baseline","baseline",50,60,7694,6923,4919,50
"baseline","baseline",50,61,8975,8024,5722,50
"baseline","baseline",50,62,7238,6456,4611,50
"baseline","baseline",50,63,6127,5490,3855,50
"baseline","baseline",50,64,8397,7554,5297,50
"baseline","baseline",50,65,7573,6800,4767,50
"baseline","baseline",50,66,6507,5790,4045,50
"baseline","baseline",50,67,7264,6535,4595,50
"baseline","baseline",50,68,7691,6853,4828,50
"baseline","baseline",50,69,6939,6211,4451,50
"baseline","baseline",50,70,7067,6331,4516,50
"baseline","baseline",50,71,7928,7025,5007,50
"baseline","baseline",50,72,4637,4169,2942,50
"baseline","baseline",50,73,9104,8159,5754,50
"baseline","baseline",50,74,6378,5746,4077,50
"baseline","baseline",50,75,6859,6132,4296,50
"baseline","baseline",50,76,6672,5951,4290,50
"baseline","baseline",50,77,6324,5609,3975,50
"baseline","baseline",50,78,7204,6452,4531,50
"baseline","baseline",50,79,7479,6673,4768,50
"baseline","baseline",50,80,6020,5368,3781,50
"baseline","baseline",50,81,7435,6606,4659,50
"baseline","baseline",50,82,7376,6589,4623,50
"baseline","baseline",50,83,7602,6843,4817,50
"baseline","baseline",50,84,6097,5442,3861,50
"baseline","baseline",50,85,8054,7167,5056,50
"baseline","baseline",50,86,6686,5953,4160,50
"baseline","baseline",50,87,6783,6060,4279,50
"baseline","baseline",50,88,7732,6931,4938,50
"baseline","baseline",50,89,6291,5673,3979,50
"baseline","baseline",50,90,4820,4278,3024,50
"baseline","baseline",50,91,7253,6474,4540,50
"baseline","baseline",50,92,9134,8230,5726,50
"baseline","baseline",50,93,6945,6212,4393,50
"baseline","baseline",50,94,7492,6720,4715,50
"baseline","baseline",50,95,5155,4618,3283,50
"baseline","baseline",50,96,9145,8147,5766,50
"baseline","baseline",50,97,5661,5052,3594,50
"baseline","baseline",50,98,6477,5765,3987,50
"baseline","baseline",50,99,7896,7056,4979,50
"baseline","baseline",50,100,7297,6497,4600,50
"mu_fast","high",0.5,1,65963,59011,406,50
"mu_fast","high",0.5,2,66896,60020,387,50
"mu_fast","high",0.5,3,58325,52194,343,50
"mu_fast","high",0.5,4,70121,62862,392,50
"mu_fast","high",0.5,5,50509,45169,295,50
"mu_fast","high",0.5,6,67277,60141,381,50
"mu_fast","high",0.5,7,47217,42228,290,50
"mu_fast","high",0.5,8,67115,60081,387,50
"mu_fast","high",0.5,9,57611,51404,362,50
"mu_fast","high",0.5,10,75500,67556,478,50
"mu_fast","high",0.5,11,96359,86345,537,50
"mu_fast","high",0.5,12,66905,59857,393,50
"mu_fast","high",0.5,13,41012,36678,256,50
"mu_fast","high",0.5,14,65432,58720,359,50
"mu_fast","high",0.5,15,74330,66580,417,50
"mu_fast","high",0.5,16,60333,54028,377,50
"mu_fast","high",0.5,17,69520,62250,407,50
"mu_fast","high",0.5,18,52869,47273,350,50
"mu_fast","high",0.5,19,64476,57709,400,50
"mu_fast","high",0.5,20,67524,60388,409,50
"mu_fast","high",0.5,21,73770,66052,423,50
"mu_fast","high",0.5,22,65851,59025,376,50
"mu_fast","high",0.5,23,52082,46563,319,50
"mu_fast","high",0.5,24,61826,55421,378,50
"mu_fast","high",0.5,25,84446,75370,489,50
"mu_fast","high",0.5,26,58280,52114,318,50
"mu_fast","high",0.5,27,65313,58487,367,50
"mu_fast","high",0.5,28,63506,56837,361,50
"mu_fast","high",0.5,29,70779,63265,409,50
"mu_fast","high",0.5,30,58337,52222,344,50
"mu_fast","high",0.5,31,83650,74729,452,50
"mu_fast","high",0.5,32,67950,60819,414,50
"mu_fast","high",0.5,33,71686,64138,400,50
"mu_fast","high",0.5,34,68041,60798,420,50
"mu_fast","high",0.5,35,81519,72751,465,50
"mu_fast","high",0.5,36,80006,71626,455,50
"mu_fast","high",0.5,37,59981,53669,360,50
"mu_fast","high",0.5,38,75384,67421,414,50
"mu_fast","high",0.5,39,57797,51516,330,50
"mu_fast","high",0.5,40,72010,64400,432,50
"mu_fast","high",0.5,41,77658,69494,446,50
"mu_fast","high",0.5,42,60676,54172,362,50
"mu_fast","high",0.5,43,70565,63165,394,50
"mu_fast","high",0.5,44,73515,65680,420,50
"mu_fast","high",0.5,45,58476,52376,325,50
"mu_fast","high",0.5,46,53108,47517,313,50
"mu_fast","high",0.5,47,62623,56066,371,50
"mu_fast","high",0.5,48,61532,54998,384,50
"mu_fast","high",0.5,49,75480,67450,458,50
"mu_fast","high",0.5,50,72975,65366,422,50
"mu_fast","high",0.5,51,81136,72611,497,50
"mu_fast","high",0.5,52,83103,74390,490,50
"mu_fast","high",0.5,53,62546,55777,395,50
"mu_fast","high",0.5,54,68674,61288,401,50
"mu_fast","high",0.5,55,58352,52192,329,50
"mu_fast","high",0.5,56,56599,50668,355,50
"mu_fast","high",0.5,57,78162,70045,448,50
"mu_fast","high",0.5,58,59002,52719,360,50
"mu_fast","high",0.5,59,70520,63025,393,50
"mu_fast","high",0.5,60,60807,54325,366,50
"mu_fast","high",0.5,61,64262,57369,374,50
"mu_fast","high",0.5,62,55984,49925,315,50
"mu_fast","high",0.5,63,57819,51665,374,50
"mu_fast","high",0.5,64,66097,59114,373,50
"mu_fast","high",0.5,65,65019,58009,400,50
"mu_fast","high",0.5,66,82306,73697,456,50
"mu_fast","high",0.5,67,50649,45169,322,50
"mu_fast","high",0.5,68,65507,58581,399,50
"mu_fast","high",0.5,69,66111,59192,417,50
"mu_fast","high",0.5,70,76540,68685,411,50
"mu_fast","high",0.5,71,66826,59788,387,50
"mu_fast","high",0.5,72,69375,62025,415,50
"mu_fast","high",0.5,73,55129,49190,334,50
"mu_fast","high",0.5,74,61606,55166,364,50
"mu_fast","high",0.5,75,62985,56322,352,50
"mu_fast","high",0.5,76,80356,71879,428,50
"mu_fast","high",0.5,77,69429,61993,424,50
"mu_fast","high",0.5,78,74857,66861,432,50
"mu_fast","high",0.5,79,71644,63944,407,50
"mu_fast","high",0.5,80,62165,55617,393,50
"mu_fast","high",0.5,81,75422,67385,459,50
"mu_fast","high",0.5,82,47710,42680,338,50
"mu_fast","high",0.5,83,66498,59470,381,50
"mu_fast","high",0.5,84,72808,65074,434,50
"mu_fast","high",0.5,85,50500,45050,285,50
"mu_fast","high",0.5,86,73985,66114,438,50
"mu_fast","high",0.5,87,67679,60540,416,50
"mu_fast","high",0.5,88,67966,60623,402,50
"mu_fast","high",0.5,89,73444,65712,428,50
"mu_fast","high",0.5,90,61121,54502,388,50
"mu_fast","high",0.5,91,89024,79540,502,50
"mu_fast","high",0.5,92,77700,69552,440,50
"mu_fast","high",0.5,93,70531,63120,383,50
"mu_fast","high",0.5,94,65911,58957,413,50
"mu_fast","high",0.5,95,65089,58246,418,50
"mu_fast","high",0.5,96,73511,65623,428,50
"mu_fast","high",0.5,97,59750,53437,366,50
"mu_fast","high",0.5,98,92560,82875,489,50
"mu_fast","high",0.5,99,60993,54636,339,50
"mu_fast","high",0.5,100,60949,54470,363,50
"mu_fast","high",2,1,34879,31095,726,50
"mu_fast","high",2,2,42809,38229,943,50
"mu_fast","high",2,3,45963,41112,972,50
"mu_fast","high",2,4,34882,31142,762,50
"mu_fast","high",2,5,35874,32034,770,50
"mu_fast","high",2,6,40069,35851,864,50
"mu_fast","high",2,7,44689,40048,916,50
"mu_fast","high",2,8,28532,25461,603,50
"mu_fast","high",2,9,39543,35408,930,50
"mu_fast","high",2,10,39870,35641,854,50
"mu_fast","high",2,11,37392,33404,818,50
"mu_fast","high",2,12,38938,34787,883,50
"mu_fast","high",2,13,47085,42123,1010,50
"mu_fast","high",2,14,41120,36812,862,50
"mu_fast","high",2,15,35274,31561,767,50
"mu_fast","high",2,16,33799,30180,712,50
"mu_fast","high",2,17,35930,32053,794,50
"mu_fast","high",2,18,44613,39956,990,50
"mu_fast","high",2,19,46698,41699,986,50
"mu_fast","high",2,20,30187,26929,613,50
"mu_fast","high",2,21,38551,34411,807,50
"mu_fast","high",2,22,29504,26337,682,50
"mu_fast","high",2,23,40243,35935,853,50
"mu_fast","high",2,24,34174,30568,762,50
"mu_fast","high",2,25,42517,38025,918,50
"mu_fast","high",2,26,37758,33750,823,50
"mu_fast","high",2,27,42843,38259,902,50
"mu_fast","high",2,28,30764,27468,688,50
"mu_fast","high",2,29,38951,34807,829,50
"mu_fast","high",2,30,44096,39276,946,50
"mu_fast","high",2,31,34130,30427,757,50
"mu_fast","high",2,32,47667,42611,997,50
"mu_fast","high",2,33,33862,30379,750,50
"mu_fast","high",2,34,38084,33980,824,50
"mu_fast","high",2,35,36221,32415,751,50
"mu_fast","high",2,36,38222,34238,785,50
"mu_fast","high",2,37,48694,43474,1054,50
"mu_fast","high",2,38,31940,28637,675,50
"mu_fast","high",2,39,32062,28577,692,50
"mu_fast","high",2,40,34825,31170,777,50
"mu_fast","high",2,41,43491,38950,963,50
"mu_fast","high",2,42,49248,44045,1086,50
"mu_fast","high",2,43,47159,42174,1029,50
"mu_fast","high",2,44,37807,33755,788,50
"mu_fast","high",2,45,36590,32681,771,50
"mu_fast","high",2,46,32926,29386,747,50
"mu_fast","high",2,47,31989,28662,687,50
"mu_fast","high",2,48,36978,33072,842,50
"mu_fast","high",2,49,29752,26564,661,50
"mu_fast","high",2,50,35544,31765,780,50
"mu_fast","high",2,51,35275,31564,755,50
"mu_fast","high",2,52,34801,30974,739,50
"mu_fast","high",2,53,42277,37909,915,50
"mu_fast","high",2,54,47246,42260,1019,50
"mu_fast","high",2,55,32423,28973,689,50
"mu_fast","high",2,56,40287,36022,848,50
"mu_fast","high",2,57,45910,41121,966,50
"mu_fast","high",2,58,49855,44620,1062,50
"mu_fast","high",2,59,46690,41559,995,50
"mu_fast","high",2,60,35487,31800,742,50
"mu_fast","high",2,61,45188,40275,972,50
"mu_fast","high",2,62,40330,36124,861,50
"mu_fast","high",2,63,37762,33729,861,50
"mu_fast","high",2,64,48612,43438,1085,50
"mu_fast","high",2,65,39123,34966,859,50
"mu_fast","high",2,66,35899,32092,764,50
"mu_fast","high",2,67,42223,37696,926,50
"mu_fast","high",2,68,38163,34088,813,50
"mu_fast","high",2,69,44433,39722,954,50
"mu_fast","high",2,70,40571,36380,883,50
"mu_fast","high",2,71,41344,37097,906,50
"mu_fast","high",2,72,42044,37634,869,50
"mu_fast","high",2,73,51536,46154,1119,50
"mu_fast","high",2,74,31172,28006,698,50
"mu_fast","high",2,75,36959,33024,817,50
"mu_fast","high",2,76,42579,37973,931,50
"mu_fast","high",2,77,34671,31060,748,50
"mu_fast","high",2,78,27229,24438,618,50
"mu_fast","high",2,79,40577,36314,867,50
"mu_fast","high",2,80,33050,29484,726,50
"mu_fast","high",2,81,42155,37658,943,50
"mu_fast","high",2,82,45128,40511,1010,50
"mu_fast","high",2,83,40002,35788,890,50
"mu_fast","high",2,84,46722,41678,998,50
"mu_fast","high",2,85,31520,28073,667,50
"mu_fast","high",2,86,32119,28684,737,50
"mu_fast","high",2,87,44064,39472,927,50
"mu_fast","high",2,88,40175,35928,908,50
"mu_fast","high",2,89,47271,42255,991,50
"mu_fast","high",2,90,39129,35006,916,50
"mu_fast","high",2,91,46971,41952,1002,50
"mu_fast","high",2,92,31139,27819,700,50
"mu_fast","high",2,93,31650,28294,726,50
"mu_fast","high",2,94,33600,30021,683,50
"mu_fast","high",2,95,39956,35809,861,50
"mu_fast","high",2,96,32290,28953,732,50
"mu_fast","high",2,97,39792,35564,811,50
"mu_fast","high",2,98,44198,39522,976,50
"mu_fast","high",2,99,26873,24028,610,50
"mu_fast","high",2,100,31132,27771,652,50
"mu_fast","high",50,1,7102,6331,4505,50
"mu_fast","high",50,2,6573,5883,4090,50
"mu_fast","high",50,3,8787,7874,5517,50
"mu_fast","high",50,4,7095,6370,4457,50
"mu_fast","high",50,5,5897,5327,3771,50
"mu_fast","high",50,6,8200,7338,5222,50
"mu_fast","high",50,7,6790,6075,4298,50
"mu_fast","high",50,8,6902,6176,4305,50
"mu_fast","high",50,9,6625,5899,4175,50
"mu_fast","high",50,10,6853,6140,4421,50
"mu_fast","high",50,11,8467,7586,5442,50
"mu_fast","high",50,12,6363,5696,3980,50
"mu_fast","high",50,13,6892,6200,4366,50
"mu_fast","high",50,14,7038,6296,4506,50
"mu_fast","high",50,15,8268,7371,5203,50
"mu_fast","high",50,16,6406,5728,4057,50
"mu_fast","high",50,17,9644,8625,6096,50
"mu_fast","high",50,18,6276,5620,3891,50
"mu_fast","high",50,19,7266,6508,4590,50
"mu_fast","high",50,20,7443,6654,4723,50
"mu_fast","high",50,21,7082,6387,4528,50
"mu_fast","high",50,22,8718,7788,5476,50
"mu_fast","high",50,23,6376,5710,3997,50
"mu_fast","high",50,24,6010,5407,3818,50
"mu_fast","high",50,25,6436,5731,4067,50
"mu_fast","high",50,26,7846,7039,4967,50
"mu_fast","high",50,27,8206,7355,5130,50
"mu_fast","high",50,28,6137,5523,3884,50
"mu_fast","high",50,29,7006,6259,4363,50
"mu_fast","high",50,30,7858,7042,4990,50
"mu_fast","high",50,31,7963,7107,5029,50
"mu_fast","high",50,32,6829,6083,4271,50
"mu_fast","high",50,33,7370,6593,4651,50
"mu_fast","high",50,34,7590,6780,4813,50
"mu_fast","high",50,35,6724,6005,4258,50
"mu_fast","high",50,36,7881,7044,5000,50
"mu_fast","high",50,37,7835,6972,4859,50
"mu_fast","high",50,38,5884,5273,3695,50
"mu_fast","high",50,39,7152,6385,4556,50
"mu_fast","high",50,40,7228,6448,4567,50
"mu_fast","high",50,41,5635,4994,3554,50
"mu_fast","high",50,42,6394,5715,4064,50
"mu_fast","high",50,43,5945,5315,3747,50
"mu_fast","high",50,44,7554,6806,4858,50
"mu_fast","high",50,45,6988,6264,4361,50
"mu_fast","high",50,46,7423,6641,4689,50
"mu_fast","high",50,47,7337,6556,4610,50
"mu_fast","high",50,48,7210,6417,4562,50
"mu_fast","high",50,49,8874,7943,5636,50
"mu_fast","high",50,50,8264,7416,5269,50
"mu_fast","high",50,51,6565,5915,4164,50
"mu_fast","high",50,52,7457,6630,4671,50
"mu_fast","high",50,53,6082,5422,3885,50
"mu_fast","high",50,54,6984,6241,4408,50
"mu_fast","high",50,55,9059,8084,5703,50
"mu_fast","high",50,56,6135,5494,3810,50
"mu_fast","high",50,57,7296,6504,4592,50
"mu_fast","high",50,58,7854,7004,4931,50
"mu_fast","high",50,59,9402,8364,5969,50
"mu_fast","high",50,60,8022,7175,5027,50
"mu_fast","high",50,61,7285,6512,4551,50
"mu_fast","high",50,62,6039,5423,3805,50
"mu_fast","high",50,63,7480,6652,4759,50
"mu_fast","high",50,64,7691,6902,4900,50
"mu_fast","high",50,65,7011,6203,4331,50
"mu_fast","high",50,66,6800,6049,4240,50
"mu_fast","high",50,67,8292,7396,5288,50
"mu_fast","high",50,68,8680,7743,5466,50
"mu_fast","high",50,69,7650,6808,4825,50
"mu_fast","high",50,70,9571,8581,6142,50
"mu_fast","high",50,71,6910,6160,4396,50
"mu_fast","high",50,72,6540,5858,4132,50
"mu_fast","high",50,73,6761,6042,4239,50
"mu_fast","high",50,74,7771,6977,4964,50
"mu_fast","high",50,75,6836,6163,4400,50
"mu_fast","high",50,76,7167,6426,4545,50
"mu_fast","high",50,77,8057,7226,5142,50
"mu_fast","high",50,78,6282,5607,4105,50
"mu_fast","high",50,79,7615,6748,4731,50
"mu_fast","high",50,80,8417,7558,5307,50
"mu_fast","high",50,81,6395,5742,4057,50
"mu_fast","high",50,82,8262,7378,5230,50
"mu_fast","high",50,83,7441,6638,4644,50
"mu_fast","high",50,84,6489,5813,4160,50
"mu_fast","high",50,85,8174,7303,5157,50
"mu_fast","high",50,86,6038,5419,3799,50
"mu_fast","high",50,87,7693,6890,4884,50
"mu_fast","high",50,88,8297,7430,5248,50
"mu_fast","high",50,89,7948,7079,4965,50
"mu_fast","high",50,90,6434,5727,4027,50
"mu_fast","high",50,91,8224,7360,5162,50
"mu_fast","high",50,92,8141,7258,5096,50
"mu_fast","high",50,93,7662,6913,4889,50
"mu_fast","high",50,94,8445,7569,5320,50
"mu_fast","high",50,95,6009,5332,3726,50
"mu_fast","high",50,96,6642,5933,4161,50
"mu_fast","high",50,97,9973,8942,6381,50
"mu_fast","high",50,98,7207,6466,4645,50
"mu_fast","high",50,99,7610,6821,4819,50
"mu_fast","high",50,100,6395,5704,4027,50
"mu_fast","low",0.5,1,66254,59334,378,50
"mu_fast","low",0.5,2,69228,62062,404,50
"mu_fast","low",0.5,3,64672,57837,386,50
"mu_fast","low",0.5,4,63418,56693,386,50
"mu_fast","low",0.5,5,63274,56626,409,50
"mu_fast","low",0.5,6,64563,57899,356,50
"mu_fast","low",0.5,7,60688,54369,359,50
"mu_fast","low",0.5,8,60830,54401,370,50
"mu_fast","low",0.5,9,56687,50716,334,50
"mu_fast","low",0.5,10,49576,44430,309,50
"mu_fast","low",0.5,11,62520,56034,345,50
"mu_fast","low",0.5,12,42152,37696,270,50
"mu_fast","low",0.5,13,65065,58164,363,50
"mu_fast","low",0.5,14,57374,51492,334,50
"mu_fast","low",0.5,15,54283,48509,344,50
"mu_fast","low",0.5,16,67643,60532,416,50
"mu_fast","low",0.5,17,61548,55089,360,50
"mu_fast","low",0.5,18,73092,65552,420,50
"mu_fast","low",0.5,19,57115,51125,365,50
"mu_fast","low",0.5,20,60872,54488,308,50
"mu_fast","low",0.5,21,46146,41296,280,50
"mu_fast","low",0.5,22,65987,59132,382,50
"mu_fast","low",0.5,23,66014,59030,368,50
"mu_fast","low",0.5,24,63730,56996,378,50
"mu_fast","low",0.5,25,65395,58574,357,50
"mu_fast","low",0.5,26,51570,46125,336,50
"mu_fast","low",0.5,27,58358,52137,385,50
"mu_fast","low",0.5,28,59303,53153,360,50
"mu_fast","low",0.5,29,62686,56065,364,50
"mu_fast","low",0.5,30,46034,41232,298,50
"mu_fast","low",0.5,31,59993,53653,370,50
"mu_fast","low",0.5,32,58952,52844,346,50
"mu_fast","low",0.5,33,63495,56878,378,50
"mu_fast","low",0.5,34,75155,67233,431,50
"mu_fast","low",0.5,35,50856,45537,301,50
"mu_fast","low",0.5,36,55826,50044,340,50
"mu_fast","low",0.5,37,67147,60010,405,50
"mu_fast","low",0.5,38,61824,55261,389,50
"mu_fast","low",0.5,39,45218,40497,240,50
"mu_fast","low",0.5,40,54413,48824,351,50
"mu_fast","low",0.5,41,60929,54572,366,50
"mu_fast","low",0.5,42,75333,67397,440,50
"mu_fast","low",0.5,43,56374,50491,342,50
"mu_fast","low",0.5,44,52273,46723,304,50
"mu_fast","low",0.5,45,77259,69119,443,50
"mu_fast","low",0.5,46,53263,47780,361,50
"mu_fast","low",0.5,47,73011,65451,437,50
"mu_fast","low",0.5,48,60170,53910,351,50
"mu_fast","low",0.5,49,58977,52656,329,50
"mu_fast","low",0.5,50,56564,50616,347,50
"mu_fast","low",0.5,51,56847,50933,331,50
"mu_fast","low",0.5,52,53784,48271,314,50
"mu_fast","low",0.5,53,61938,55413,334,50
"mu_fast","low",0.5,54,61447,55118,355,50
"mu_fast","low",0.5,55,70772,63262,415,50
"mu_fast","low",0.5,56,60790,54575,365,50
"mu_fast","low",0.5,57,50232,44989,290,50
"mu_fast","low",0.5,58,62483,55819,359,50
"mu_fast","low",0.5,59,58017,51891,328,50
"mu_fast","low",0.5,60,63921,57207,366,50
"mu_fast","low",0.5,61,65244,58259,396,50
"mu_fast","low",0.5,62,56474,50388,347,50
"mu_fast","low",0.5,63,70484,63081,361,50
"mu_fast","low",0.5,64,60586,54256,366,50
"mu_fast","low",0.5,65,64802,58079,376,50
"mu_fast","low",0.5,66,68099,60941,418,50
"mu_fast","low",0.5,67,69216,61951,392,50
"mu_fast","low",0.5,68,65846,58903,379,50
"mu_fast","low",0.5,69,67465,60418,397,50
"mu_fast","low",0.5,70,63702,57098,379,50
"mu_fast","low",0.5,71,71446,63783,409,50
"mu_fast","low",0.5,72,65154,58442,407,50
"mu_fast","low",0.5,73,50823,45451,308,50
"mu_fast","low",0.5,74,58135,51994,361,50
"mu_fast","low",0.5,75,48273,43304,274,50
"mu_fast","low",0.5,76,62842,56183,335,50
"mu_fast","low",0.5,77,59978,53765,382,50
"mu_fast","low",0.5,78,56974,51038,338,50
"mu_fast","low",0.5,79,67848,60716,408,50
"mu_fast","low",0.5,80,52657,47140,329,50
"mu_fast","low",0.5,81,64530,57782,363,50
"mu_fast","low",0.5,82,50751,45429,302,50
"mu_fast","low",0.5,83,74335,66586,422,50
"mu_fast","low",0.5,84,68547,61360,411,50
"mu_fast","low",0.5,85,75013,67144,415,50
"mu_fast","low",0.5,86,54055,48329,288,50
"mu_fast","low",0.5,87,58344,52041,310,50
"mu_fast","low",0.5,88,54748,49078,341,50
"mu_fast","low",0.5,89,45049,40445,299,50
"mu_fast","low",0.5,90,64007,57369,401,50
"mu_fast","low",0.5,91,60841,54555,380,50
"mu_fast","low",0.5,92,60126,53858,355,50
"mu_fast","low",0.5,93,59661,53412,335,50
"mu_fast","low",0.5,94,61283,54778,392,50
"mu_fast","low",0.5,95,57578,51578,352,50
"mu_fast","low",0.5,96,69128,62008,393,50
"mu_fast","low",0.5,97,75942,68041,448,50
"mu_fast","low",0.5,98,60334,53806,348,50
"mu_fast","low",0.5,99,57835,51664,353,50
"mu_fast","low",0.5,100,63408,56860,371,50
"mu_fast","low",2,1,34912,31297,732,50
"mu_fast","low",2,2,35271,31636,774,50
"mu_fast","low",2,3,33710,30222,734,50
"mu_fast","low",2,4,21896,19585,487,50
"mu_fast","low",2,5,31803,28478,704,50
"mu_fast","low",2,6,32869,29435,761,50
"mu_fast","low",2,7,29594,26568,710,50
"mu_fast","low",2,8,37482,33618,817,50
"mu_fast","low",2,9,24378,21848,582,50
"mu_fast","low",2,10,28760,25758,671,50
"mu_fast","low",2,11,29304,26202,606,50
"mu_fast","low",2,12,34709,30984,763,50
"mu_fast","low",2,13,30325,27093,689,50
"mu_fast","low",2,14,27673,24810,582,50
"mu_fast","low",2,15,34049,30473,716,50
"mu_fast","low",2,16,26707,23876,605,50
"mu_fast","low",2,17,21791,19519,509,50
"mu_fast","low",2,18,30411,27197,708,50
"mu_fast","low",2,19,29433,26231,622,50
"mu_fast","low",2,20,30430,27203,721,50
"mu_fast","low",2,21,24212,21751,529,50
"mu_fast","low",2,22,21328,19104,473,50
"mu_fast","low",2,23,40619,36276,881,50
"mu_fast","low",2,24,19538,17530,433,50
"mu_fast","low",2,25,34506,30951,785,50
"mu_fast","low",2,26,30073,26837,640,50
"mu_fast","low",2,27,22573,20206,519,50
"mu_fast","low",2,28,35343,31631,798,50
"mu_fast","low",2,29,31420,28056,697,50
"mu_fast","low",2,30,27210,24321,647,50
"mu_fast","low",2,31,26619,23745,569,50
"mu_fast","low",2,32,33754,30215,675,50
"mu_fast","low",2,33,31760,28375,695,50
"mu_fast","low",2,34,28473,25507,580,50
"mu_fast","low",2,35,23463,21010,545,50
"mu_fast","low",2,36,36566,32659,766,50
"mu_fast","low",2,37,33007,29644,753,50
"mu_fast","low",2,38,32766,29327,728,50
"mu_fast","low",2,39,26399,23633,644,50
"mu_fast","low",2,40,27316,24386,622,50
"mu_fast","low",2,41,28058,25019,687,50
"mu_fast","low",2,42,25980,23250,542,50
"mu_fast","low",2,43,31505,28143,706,50
"mu_fast","low",2,44,22171,19868,511,50
"mu_fast","low",2,45,25968,23311,596,50
"mu_fast","low",2,46,31825,28406,691,50
"mu_fast","low",2,47,27743,24798,619,50
"mu_fast","low",2,48,26399,23634,598,50
"mu_fast","low",2,49,30166,27003,636,50
"mu_fast","low",2,50,25814,23076,562,50
"mu_fast","low",2,51,29928,26773,640,50
"mu_fast","low",2,52,29818,26720,691,50
"mu_fast","low",2,53,23780,21311,505,50
"mu_fast","low",2,54,27184,24366,615,50
"mu_fast","low",2,55,26040,23367,562,50
"mu_fast","low",2,56,27924,24988,611,50
"mu_fast","low",2,57,31858,28566,680,50
"mu_fast","low",2,58,27713,24836,610,50
"mu_fast","low",2,59,30598,27325,681,50
"mu_fast","low",2,60,23174,20799,539,50
"mu_fast","low",2,61,32046,28706,708,50
"mu_fast","low",2,62,27663,24723,620,50
"mu_fast","low",2,63,27804,24842,598,50
"mu_fast","low",2,64,23682,21175,539,50
"mu_fast","low",2,65,24660,22117,564,50
"mu_fast","low",2,66,30404,27203,674,50
"mu_fast","low",2,67,34966,31352,769,50
"mu_fast","low",2,68,29455,26464,678,50
"mu_fast","low",2,69,24601,22118,588,50
"mu_fast","low",2,70,28289,25337,626,50
"mu_fast","low",2,71,28116,25236,598,50
"mu_fast","low",2,72,28112,25126,623,50
"mu_fast","low",2,73,34677,30946,771,50
"mu_fast","low",2,74,27367,24506,646,50
"mu_fast","low",2,75,20326,18098,445,50
"mu_fast","low",2,76,24224,21670,541,50
"mu_fast","low",2,77,30384,27225,703,50
"mu_fast","low",2,78,25235,22606,555,50
"mu_fast","low",2,79,24671,22127,562,50
"mu_fast","low",2,80,28691,25782,636,50
"mu_fast","low",2,81,24957,22478,578,50
"mu_fast","low",2,82,24241,21718,555,50
"mu_fast","low",2,83,26989,24142,628,50
"mu_fast","low",2,84,26008,23304,599,50
"mu_fast","low",2,85,24159,21630,553,50
"mu_fast","low",2,86,25930,23193,557,50
"mu_fast","low",2,87,31331,28111,681,50
"mu_fast","low",2,88,30334,27171,680,50
"mu_fast","low",2,89,29435,26272,660,50
"mu_fast","low",2,90,28252,25285,634,50
"mu_fast","low",2,91,35838,32119,785,50
"mu_fast","low",2,92,26417,23651,584,50
"mu_fast","low",2,93,25808,23139,589,50
"mu_fast","low",2,94,30479,27259,686,50
"mu_fast","low",2,95,29802,26736,714,50
"mu_fast","low",2,96,37705,33633,830,50
"mu_fast","low",2,97,29021,25962,632,50
"mu_fast","low",2,98,29359,26281,650,50
"mu_fast","low",2,99,27351,24447,594,50
"mu_fast","low",2,100,31102,27831,690,50
"mu_fast","low",50,1,6495,5850,4149,50
"mu_fast","low",50,2,6357,5662,4052,50
"mu_fast","low",50,3,6738,6082,4268,50
"mu_fast","low",50,4,6735,6051,4274,50
"mu_fast","low",50,5,6428,5742,4037,50
"mu_fast","low",50,6,7621,6844,4800,50
"mu_fast","low",50,7,6271,5619,3959,50
"mu_fast","low",50,8,5695,5067,3557,50
"mu_fast","low",50,9,6613,5928,4196,50
"mu_fast","low",50,10,7806,6985,4950,50
"mu_fast","low",50,11,6217,5577,3917,50
"mu_fast","low",50,12,6938,6228,4416,50
"mu_fast","low",50,13,6663,5959,4207,50
"mu_fast","low",50,14,6556,5840,4119,50
"mu_fast","low",50,15,6067,5510,3915,50
"mu_fast","low",50,16,5231,4690,3249,50
"mu_fast","low",50,17,6935,6197,4369,50
"mu_fast","low",50,18,7646,6844,4867,50
"mu_fast","low",50,19,6658,5953,4169,50
"mu_fast","low",50,20,6570,5901,4169,50
"mu_fast","low",50,21,6473,5786,4165,50
"mu_fast","low",50,22,6467,5797,4100,50
"mu_fast","low",50,23,6969,6189,4387,50
"mu_fast","low",50,24,5764,5126,3595,50
"mu_fast","low",50,25,7295,6501,4565,50
"mu_fast","low",50,26,5793,5188,3660,50
"mu_fast","low",50,27,5522,4981,3523,50
"mu_fast","low",50,28,8232,7392,5227,50
"mu_fast","low",50,29,6420,5728,4055,50
"mu_fast","low",50,30,4918,4383,3120,50
"mu_fast","low",50,31,5893,5230,3698,50
"mu_fast","low",50,32,4996,4446,3156,50
"mu_fast","low",50,33,6282,5591,3931,50
"mu_fast","low",50,34,5437,4880,3437,50
"mu_fast","low",50,35,6352,5649,4008,50
"mu_fast","low",50,36,5803,5182,3683,50
"mu_fast","low",50,37,7722,6889,4874,50
"mu_fast","low",50,38,7989,7145,5030,50
"mu_fast","low",50,39,7598,6750,4712,50
"mu_fast","low",50,40,5215,4687,3327,50
"mu_fast","low",50,41,6271,5622,3982,50
"mu_fast","low",50,42,5176,4644,3275,50
"mu_fast","low",50,43,7321,6593,4635,50
"mu_fast","low",50,44,5680,5068,3592,50
"mu_fast","low",50,45,6242,5596,3979,50
"mu_fast","low",50,46,6910,6146,4300,50
"mu_fast","low",50,47,7695,6863,4824,50
"mu_fast","low",50,48,8232,7403,5232,50
"mu_fast","low",50,49,7054,6293,4484,50
"mu_fast","low",50,50,5966,5315,3748,50
"mu_fast","low",50,51,5984,5379,3811,50
"mu_fast","low",50,52,5911,5300,3760,50
"mu_fast","low",50,53,6039,5428,3860,50
"mu_fast","low",50,54,5360,4775,3415,50
"mu_fast","low",50,55,8098,7230,5137,50
"mu_fast","low",50,56,7240,6455,4551,50
"mu_fast","low",50,57,8107,7208,5072,50
"mu_fast","low",50,58,6252,5603,3957,50
"mu_fast","low",50,59,6278,5653,4013,50
"mu_fast","low",50,60,8126,7191,5096,50
"mu_fast","low",50,61,5830,5223,3678,50
"mu_fast","low",50,62,6637,5916,4165,50
"mu_fast","low",50,63,6961,6222,4364,50
"mu_fast","low",50,64,8549,7673,5372,50
"mu_fast","low",50,65,7451,6684,4694,50
"mu_fast","low",50,66,7402,6634,4766,50
"mu_fast","low",50,67,5824,5228,3696,50
"mu_fast","low",50,68,8027,7188,5012,50
"mu_fast","low",50,69,6534,5877,4112,50
"mu_fast","low",50,70,6651,5920,4149,50
"mu_fast","low",50,71,5416,4849,3400,50
"mu_fast","low",50,72,7117,6386,4502,50
"mu_fast","low",50,73,4753,4282,3032,50
"mu_fast","low",50,74,4620,4131,2939,50
"mu_fast","low",50,75,5539,4964,3541,50
"mu_fast","low",50,76,6281,5659,3985,50
"mu_fast","low",50,77,6551,5810,4119,50
"mu_fast","low",50,78,8155,7349,5210,50
"mu_fast","low",50,79,6724,6050,4256,50
"mu_fast","low",50,80,6803,6117,4227,50
"mu_fast","low",50,81,6412,5687,3981,50
"mu_fast","low",50,82,6432,5725,4099,50
"mu_fast","low",50,83,6261,5643,3976,50
"mu_fast","low",50,84,8911,7994,5643,50
"mu_fast","low",50,85,6587,5907,4209,50
"mu_fast","low",50,86,7254,6456,4568,50
"mu_fast","low",50,87,8143,7319,5124,50
"mu_fast","low",50,88,6621,5964,4178,50
"mu_fast","low",50,89,5912,5255,3731,50
"mu_fast","low",50,90,8099,7252,5066,50
"mu_fast","low",50,91,7158,6374,4533,50
"mu_fast","low",50,92,8023,7198,5130,50
"mu_fast","low",50,93,5743,5139,3618,50
"mu_fast","low",50,94,6061,5415,3846,50
"mu_fast","low",50,95,8542,7614,5433,50
"mu_fast","low",50,96,8560,7655,5483,50
"mu_fast","low",50,97,5906,5304,3797,50
"mu_fast","low",50,98,8437,7605,5320,50
"mu_fast","low",50,99,5344,4799,3394,50
"mu_fast","low",50,100,6517,5819,4089,50
"mu_revert","high",0.5,1,55097,49309,324,50
"mu_revert","high",0.5,2,76414,68475,440,50
"mu_revert","high",0.5,3,55556,49714,316,50
"mu_revert","high",0.5,4,66256,59349,398,50
"mu_revert","high",0.5,5,48276,43256,279,50
"mu_revert","high",0.5,6,58130,51825,342,50
"mu_revert","high",0.5,7,72623,64920,407,50
"mu_revert","high",0.5,8,57472,51413,331,50
"mu_revert","high",0.5,9,54791,48922,328,50
"mu_revert","high",0.5,10,54513,48737,342,50
"mu_revert","high",0.5,11,53292,47702,328,50
"mu_revert","high",0.5,12,56952,50925,330,50
"mu_revert","high",0.5,13,66144,59259,374,50
"mu_revert","high",0.5,14,66743,59619,409,50
"mu_revert","high",0.5,15,64714,57962,360,50
"mu_revert","high",0.5,16,68838,61647,398,50
"mu_revert","high",0.5,17,59030,52864,356,50
"mu_revert","high",0.5,18,67131,60053,379,50
"mu_revert","high",0.5,19,53916,48267,335,50
"mu_revert","high",0.5,20,61006,54616,375,50
"mu_revert","high",0.5,21,62439,55909,344,50
"mu_revert","high",0.5,22,66839,59740,396,50
"mu_revert","high",0.5,23,48085,42923,295,50
"mu_revert","high",0.5,24,55160,49251,346,50
"mu_revert","high",0.5,25,72085,64341,426,50
"mu_revert","high",0.5,26,71530,63998,401,50
"mu_revert","high",0.5,27,79455,71114,463,50
"mu_revert","high",0.5,28,59070,52868,366,50
"mu_revert","high",0.5,29,59248,52962,337,50
"mu_revert","high",0.5,30,66765,59688,383,50
"mu_revert","high",0.5,31,61880,55297,364,50
"mu_revert","high",0.5,32,60191,53858,331,50
"mu_revert","high",0.5,33,62754,55986,359,50
"mu_revert","high",0.5,34,71666,64084,448,50
"mu_revert","high",0.5,35,66772,59791,412,50
"mu_revert","high",0.5,36,73119,65389,397,50
"mu_revert","high",0.5,37,65844,58920,394,50
"mu_revert","high",0.5,38,86774,77690,488,50
"mu_revert","high",0.5,39,61397,54984,368,50
"mu_revert","high",0.5,40,60693,54196,345,50
"mu_revert","high",0.5,41,55653,49710,352,50
"mu_revert","high",0.5,42,68235,61036,377,50
"mu_revert","high",0.5,43,70124,62830,403,50
"mu_revert","high",0.5,44,45936,41154,291,50
"mu_revert","high",0.5,45,44519,39782,297,50
"mu_revert","high",0.5,46,53068,47563,313,50
"mu_revert","high",0.5,47,55285,49468,328,50
"mu_revert","high",0.5,48,56011,50178,330,50
"mu_revert","high",0.5,49,67308,60077,374,50
"mu_revert","high",0.5,50,54556,48829,309,50
"mu_revert","high",0.5,51,63169,56407,381,50
"mu_revert","high",0.5,52,60527,54145,356,50
"mu_revert","high",0.5,53,77230,69067,459,50
"mu_revert","high",0.5,54,57436,51414,327,50
"mu_revert","high",0.5,55,55416,49693,318,50
"mu_revert","high",0.5,56,59819,53442,392,50
"mu_revert","high",0.5,57,65442,58499,361,50
"mu_revert","high",0.5,58,64455,57656,399,50
"mu_revert","high",0.5,59,66329,59349,419,50
"mu_revert","high",0.5,60,61891,55367,355,50
"mu_revert","high",0.5,61,70537,63317,410,50
"mu_revert","high",0.5,62,64109,57355,371,50
"mu_revert","high",0.5,63,63758,57148,386,50
"mu_revert","high",0.5,64,75477,67621,418,50
"mu_revert","high",0.5,65,50877,45524,316,50
"mu_revert","high",0.5,66,41528,37104,297,50
"mu_revert","high",0.5,67,61494,55040,356,50
"mu_revert","high",0.5,68,76421,68368,425,50
"mu_revert","high",0.5,69,82870,73953,489,50
"mu_revert","high",0.5,70,74095,66181,441,50
"mu_revert","high",0.5,71,56269,50357,359,50
"mu_revert","high",0.5,72,50990,45667,326,50
"mu_revert","high",0.5,73,74155,66468,428,50
"mu_revert","high",0.5,74,61068,54651,354,50
"mu_revert","high",0.5,75,60989,54598,340,50
"mu_revert","high",0.5,76,68943,61801,375,50
"mu_revert","high",0.5,77,49358,44184,335,50
"mu_revert","high",0.5,78,77815,69608,461,50
"mu_revert","high",0.5,79,68309,61167,384,50
"mu_revert","high",0.5,80,70920,63475,405,50
"mu_revert","high",0.5,81,64076,57398,382,50
"mu_revert","high",0.5,82,63076,56495,403,50
"mu_revert","high",0.5,83,83805,75072,497,50
"mu_revert","high",0.5,84,55390,49607,361,50
"mu_revert","high",0.5,85,59376,53226,359,50
"mu_revert","high",0.5,86,54728,48932,332,50
"mu_revert","high",0.5,87,69581,62313,387,50
"mu_revert","high",0.5,88,45660,40819,281,50
"mu_revert","high",0.5,89,57499,51507,350,50
"mu_revert","high",0.5,90,56443,50479,343,50
"mu_revert","high",0.5,91,77121,69066,437,50
"mu_revert","high",0.5,92,64809,57999,417,50
"mu_revert","high",0.5,93,69021,61863,383,50
"mu_revert","high",0.5,94,50969,45620,331,50
"mu_revert","high",0.5,95,64846,57993,398,50
"mu_revert","high",0.5,96,58240,52041,334,50
"mu_revert","high",0.5,97,65594,58764,379,50
"mu_revert","high",0.5,98,74665,66756,420,50
"mu_revert","high",0.5,99,58100,51903,347,50
"mu_revert","high",0.5,100,61210,54847,374,50
"mu_revert","high",2,1,31487,28205,730,50
"mu_revert","high",2,2,41710,37335,869,50
"mu_revert","high",2,3,36127,32384,779,50
"mu_revert","high",2,4,38949,34882,878,50
"mu_revert","high",2,5,35077,31438,764,50
"mu_revert","high",2,6,43972,39250,919,50
"mu_revert","high",2,7,37378,33524,793,50
"mu_revert","high",2,8,36522,32843,825,50
"mu_revert","high",2,9,31321,28093,733,50
"mu_revert","high",2,10,35164,31495,782,50
"mu_revert","high",2,11,29912,26850,669,50
"mu_revert","high",2,12,29912,26909,681,50
"mu_revert","high",2,13,41188,36867,851,50
"mu_revert","high",2,14,30584,27484,694,50
"mu_revert","high",2,15,29153,26131,676,50
"mu_revert","high",2,16,35006,31276,739,50
"mu_revert","high",2,17,29781,26649,654,50
"mu_revert","high",2,18,34178,30582,753,50
"mu_revert","high",2,19,36781,32981,777,50
"mu_revert","high",2,20,30791,27504,689,50
"mu_revert","high",2,21,42654,38092,976,50
"mu_revert","high",2,22,32084,28707,726,50
"mu_revert","high",2,23,30037,26787,700,50
"mu_revert","high",2,24,28503,25561,636,50
"mu_revert","high",2,25,27516,24685,590,50
"mu_revert","high",2,26,40956,36683,942,50
"mu_revert","high",2,27,33378,29856,715,50
"mu_revert","high",2,28,31570,28277,705,50
"mu_revert","high",2,29,38956,34868,860,50
"mu_revert","high",2,30,38134,34089,780,50
"mu_revert","high",2,31,25729,23008,576,50
"mu_revert","high",2,32,38878,34800,779,50
"mu_revert","high",2,33,33223,29790,740,50
"mu_revert","high",2,34,31576,28207,649,50
"mu_revert","high",2,35,32650,29237,712,50
"mu_revert","high",2,36,29978,26851,632,50
"mu_revert","high",2,37,34085,30509,757,50
"mu_revert","high",2,38,32711,29245,736,50
"mu_revert","high",2,39,25993,23317,607,50
"mu_revert","high",2,40,37798,33895,817,50
"mu_revert","high",2,41,36325,32471,781,50
"mu_revert","high",2,42,27329,24496,627,50
"mu_revert","high",2,43,27094,24133,625,50
"mu_revert","high",2,44,42301,37798,964,50
"mu_revert","high",2,45,39461,35252,899,50
"mu_revert","high",2,46,26421,23722,584,50
"mu_revert","high",2,47,29181,26191,642,50
"mu_revert","high",2,48,40150,35815,852,50
"mu_revert","high",2,49,36629,32770,793,50
"mu_revert","high",2,50,32660,29323,684,50
"mu_revert","high",2,51,28331,25360,673,50
"mu_revert","high",2,52,36363,32522,803,50
"mu_revert","high",2,53,32649,29305,676,50
"mu_revert","high",2,54,33310,29795,699,50
"mu_revert","high",2,55,36476,32599,811,50
"mu_revert","high",2,56,38102,34049,838,50
"mu_revert","high",2,57,30979,27753,666,50
"mu_revert","high",2,58,32367,28891,699,50
"mu_revert","high",2,59,31342,28135,698,50
"mu_revert","high",2,60,27456,24557,616,50
"mu_revert","high",2,61,33800,30258,744,50
"mu_revert","high",2,62,28743,25734,641,50
"mu_revert","high",2,63,28370,25433,627,50
"mu_revert","high",2,64,34379,30740,753,50
"mu_revert","high",2,65,34274,30672,750,50
"mu_revert","high",2,66,40621,36323,933,50
"mu_revert","high",2,67,33758,30276,745,50
"mu_revert","high",2,68,26555,23696,564,50
"mu_revert","high",2,69,29575,26510,666,50
"mu_revert","high",2,70,29479,26394,632,50
"mu_revert","high",2,71,33861,30241,725,50
"mu_revert","high",2,72,36679,32766,777,50
"mu_revert","high",2,73,32930,29481,706,50
"mu_revert","high",2,74,34652,30951,803,50
"mu_revert","high",2,75,34082,30461,736,50
"mu_revert","high",2,76,34908,31232,721,50
"mu_revert","high",2,77,34936,31302,710,50
"mu_revert","high",2,78,29103,26026,606,50
"mu_revert","high",2,79,45194,40473,984,50
"mu_revert","high",2,80,42443,38002,919,50
"mu_revert","high",2,81,32882,29429,691,50
"mu_revert","high",2,82,28554,25531,605,50
"mu_revert","high",2,83,37291,33389,816,50
"mu_revert","high",2,84,37402,33395,819,50
"mu_revert","high",2,85,32723,29294,672,50
"mu_revert","high",2,86,44987,40343,962,50
"mu_revert","high",2,87,42000,37558,868,50
"mu_revert","high",2,88,42367,38002,880,50
"mu_revert","high",2,89,36204,32429,761,50
"mu_revert","high",2,90,35566,31866,802,50
"mu_revert","high",2,91,28330,25373,650,50
"mu_revert","high",2,92,39061,34944,842,50
"mu_revert","high",2,93,41423,37216,935,50
"mu_revert","high",2,94,21475,19248,473,50
"mu_revert","high",2,95,31100,27751,656,50
"mu_revert","high",2,96,29552,26441,649,50
"mu_revert","high",2,97,36787,33005,827,50
"mu_revert","high",2,98,44773,39992,1003,50
"mu_revert","high",2,99,28165,25158,615,50
"mu_revert","high",2,100,34953,31251,707,50
"mu_revert","high",50,1,7898,7075,4993,50
"mu_revert","high",50,2,8478,7586,5333,50
"mu_revert","high",50,3,6823,6161,4355,50
"mu_revert","high",50,4,7486,6700,4805,50
"mu_revert","high",50,5,9368,8361,5894,50
"mu_revert","high",50,6,6548,5839,4188,50
"mu_revert","high",50,7,5943,5338,3787,50
"mu_revert","high",50,8,6661,5948,4220,50
"mu_revert","high",50,9,5979,5307,3730,50
"mu_revert","high",50,10,7306,6536,4704,50
"mu_revert","high",50,11,6256,5639,3936,50
"mu_revert","high",50,12,6931,6203,4375,50
"mu_revert","high",50,13,6626,5872,4086,50
"mu_revert","high",50,14,7387,6607,4661,50
"mu_revert","high",50,15,6083,5421,3799,50
"mu_revert","high",50,16,5809,5176,3683,50
"mu_revert","high",50,17,8997,8046,5686,50
"mu_revert","high",50,18,7291,6539,4648,50
"mu_revert","high",50,19,6300,5667,4035,50
"mu_revert","high",50,20,6046,5419,3810,50
"mu_revert","high",50,21,6871,6099,4278,50
"mu_revert","high",50,22,7328,6569,4595,50
"mu_revert","high",50,23,7076,6319,4395,50
"mu_revert","high",50,24,5273,4686,3305,50
"mu_revert","high",50,25,9030,8081,5663,50
"mu_revert","high",50,26,7631,6857,4868,50
"mu_revert","high",50,27,7379,6558,4632,50
"mu_revert","high",50,28,6093,5457,3857,50
"mu_revert","high",50,29,6750,6042,4232,50
"mu_revert","high",50,30,8119,7279,5185,50
"mu_revert","high",50,31,7853,6968,4895,50
"mu_revert","high",50,32,7087,6296,4465,50
"mu_revert","high",50,33,7607,6768,4761,50
"mu_revert","high",50,34,6537,5863,4139,50
"mu_revert","high",50,35,6569,5841,4094,50
"mu_revert","high",50,36,6767,6055,4272,50
"mu_revert","high",50,37,6204,5560,3946,50
"mu_revert","high",50,38,8134,7294,5150,50
"mu_revert","high",50,39,5368,4815,3445,50
"mu_revert","high",50,40,8780,7843,5545,50
"mu_revert","high",50,41,7221,6445,4473,50
"mu_revert","high",50,42,6285,5598,3950,50
"mu_revert","high",50,43,5650,5050,3556,50
"mu_revert","high",50,44,6599,5950,4232,50
"mu_revert","high",50,45,6909,6201,4393,50
"mu_revert","high",50,46,6189,5515,3870,50
"mu_revert","high",50,47,5927,5351,3709,50
"mu_revert","high",50,48,6287,5617,3936,50
"mu_revert","high",50,49,6110,5484,3896,50
"mu_revert","high",50,50,6948,6243,4448,50
"mu_revert","high",50,51,6341,5658,4052,50
"mu_revert","high",50,52,8410,7525,5355,50
"mu_revert","high",50,53,7894,7093,5042,50
"mu_revert","high",50,54,7125,6355,4520,50
"mu_revert","high",50,55,7765,6953,4923,50
"mu_revert","high",50,56,5775,5209,3700,50
"mu_revert","high",50,57,7450,6727,4768,50
"mu_revert","high",50,58,6178,5523,3918,50
"mu_revert","high",50,59,7624,6806,4760,50
"mu_revert","high",50,60,5823,5149,3586,50
"mu_revert","high",50,61,7862,7020,4919,50
"mu_revert","high",50,62,7272,6534,4589,50
"mu_revert","high",50,63,6630,5993,4251,50
"mu_revert","high",50,64,7139,6404,4517,50
"mu_revert","high",50,65,8075,7222,5041,50
"mu_revert","high",50,66,6629,5920,4200,50
"mu_revert","high",50,67,6043,5407,3821,50
"mu_revert","high",50,68,7361,6557,4666,50
"mu_revert","high",50,69,6605,5918,4159,50
"mu_revert","high",50,70,8631,7694,5372,50
"mu_revert","high",50,71,5703,5101,3652,50
"mu_revert","high",50,72,5082,4557,3188,50
"mu_revert","high",50,73,6407,5737,4066,50
"mu_revert","high",50,74,6255,5626,3954,50
"mu_revert","high",50,75,9658,8621,6091,50
"mu_revert","high",50,76,8590,7667,5438,50
"mu_revert","high",50,77,4918,4400,3128,50
"mu_revert","high",50,78,7774,6937,4904,50
"mu_revert","high",50,79,6419,5774,4146,50
"mu_revert","high",50,80,8098,7223,5053,50
"mu_revert","high",50,81,7360,6567,4685,50
"mu_revert","high",50,82,7844,7069,5039,50
"mu_revert","high",50,83,6551,5830,4108,50
"mu_revert","high",50,84,7580,6793,4788,50
"mu_revert","high",50,85,7411,6642,4753,50
"mu_revert","high",50,86,6336,5651,3947,50
"mu_revert","high",50,87,8092,7254,5124,50
"mu_revert","high",50,88,6459,5748,4060,50
"mu_revert","high",50,89,5674,5036,3542,50
"mu_revert","high",50,90,7771,6925,4902,50
"mu_revert","high",50,91,7228,6426,4499,50
"mu_revert","high",50,92,7627,6845,4842,50
"mu_revert","high",50,93,6472,5823,4116,50
"mu_revert","high",50,94,6501,5812,4084,50
"mu_revert","high",50,95,7250,6479,4609,50
"mu_revert","high",50,96,6374,5709,3990,50
"mu_revert","high",50,97,7352,6542,4619,50
"mu_revert","high",50,98,7279,6534,4576,50
"mu_revert","high",50,99,7925,7090,5013,50
"mu_revert","high",50,100,6837,6126,4379,50
"mu_revert","low",0.5,1,53252,47702,302,50
"mu_revert","low",0.5,2,71617,64081,412,50
"mu_revert","low",0.5,3,59555,53233,343,50
"mu_revert","low",0.5,4,82238,73590,485,50
"mu_revert","low",0.5,5,53325,47645,337,50
"mu_revert","low",0.5,6,66842,59819,394,50
"mu_revert","low",0.5,7,64258,57394,383,50
"mu_revert","low",0.5,8,60014,53743,358,50
"mu_revert","low",0.5,9,72281,64628,380,50
"mu_revert","low",0.5,10,60442,54009,351,50
"mu_revert","low",0.5,11,64144,57480,392,50
"mu_revert","low",0.5,12,61191,54736,371,50
"mu_revert","low",0.5,13,59342,53022,375,50
"mu_revert","low",0.5,14,77093,69062,494,50
"mu_revert","low",0.5,15,57824,51751,353,50
"mu_revert","low",0.5,16,63641,56957,376,50
"mu_revert","low",0.5,17,52471,47036,323,50
"mu_revert","low",0.5,18,63375,56765,434,50
"mu_revert","low",0.5,19,69322,62073,427,50
"mu_revert","low",0.5,20,71645,64130,379,50
"mu_revert","low",0.5,21,80653,72000,465,50
"mu_revert","low",0.5,22,59330,52972,325,50
"mu_revert","low",0.5,23,67235,60099,397,50
"mu_revert","low",0.5,24,62703,56025,373,50
"mu_revert","low",0.5,25,60986,54551,350,50
"mu_revert","low",0.5,26,62251,55633,360,50
"mu_revert","low",0.5,27,65061,58151,389,50
"mu_revert","low",0.5,28,59145,52882,358,50
"mu_revert","low",0.5,29,55333,49402,318,50
"mu_revert","low",0.5,30,63076,56326,337,50
"mu_revert","low",0.5,31,71408,63918,445,50
"mu_revert","low",0.5,32,62738,56191,368,50
"mu_revert","low",0.5,33,68022,60745,438,50
"mu_revert","low",0.5,34,62724,56175,391,50
"mu_revert","low",0.5,35,57855,51790,354,50
"mu_revert","low",0.5,36,49581,44233,315,50
"mu_revert","low",0.5,37,59091,52893,383,50
"mu_revert","low",0.5,38,73689,65884,425,50
"mu_revert","low",0.5,39,65635,58653,388,50
"mu_revert","low",0.5,40,51239,45834,316,50
"mu_revert","low",0.5,41,72469,64801,417,50
"mu_revert","low",0.5,42,51627,46157,328,50
"mu_revert","low",0.5,43,52258,46759,301,50
"mu_revert","low",0.5,44,75411,67367,436,50
"mu_revert","low",0.5,45,72972,65237,430,50
"mu_revert","low",0.5,46,47430,42440,336,50
"mu_revert","low",0.5,47,54495,48700,338,50
"mu_revert","low",0.5,48,57582,51549,346,50
"mu_revert","low",0.5,49,64424,57621,375,50
"mu_revert","low",0.5,50,65087,58190,382,50
"mu_revert","low",0.5,51,50733,45402,333,50
"mu_revert","low",0.5,52,63420,56656,393,50
"mu_revert","low",0.5,53,73970,66221,449,50
"mu_revert","low",0.5,54,58388,52225,329,50
"mu_revert","low",0.5,55,63241,56508,354,50
"mu_revert","low",0.5,56,64626,57773,388,50
"mu_revert","low",0.5,57,82906,74146,495,50
"mu_revert","low",0.5,58,67998,60895,383,50
"mu_revert","low",0.5,59,62017,55431,373,50
"mu_revert","low",0.5,60,66246,59214,376,50
"mu_revert","low",0.5,61,72078,64398,438,50
"mu_revert","low",0.5,62,72070,64407,405,50
"mu_revert","low",0.5,63,56731,50732,335,50
"mu_revert","low",0.5,64,73663,65805,439,50
"mu_revert","low",0.5,65,55280,49393,327,50
"mu_revert","low",0.5,66,59670,53421,361,50
"mu_revert","low",0.5,67,45479,40677,276,50
"mu_revert","low",0.5,68,65872,58849,375,50
"mu_revert","low",0.5,69,68896,61674,386,50
"mu_revert","low",0.5,70,75227,67363,469,50
"mu_revert","low",0.5,71,76394,68276,437,50
"mu_revert","low",0.5,72,67126,59922,405,50
"mu_revert","low",0.5,73,65852,58794,413,50
"mu_revert","low",0.5,74,51580,46123,326,50
"mu_revert","low",0.5,75,58018,51890,363,50
"mu_revert","low",0.5,76,55321,49449,343,50
"mu_revert","low",0.5,77,65748,58759,406,50
"mu_revert","low",0.5,78,67204,60117,419,50
"mu_revert","low",0.5,79,76730,68596,426,50
"mu_revert","low",0.5,80,67295,60214,413,50
"mu_revert","low",0.5,81,76630,68541,454,50
"mu_revert","low",0.5,82,65751,58772,366,50
"mu_revert","low",0.5,83,73538,65710,422,50
"mu_revert","low",0.5,84,65712,58686,362,50
"mu_revert","low",0.5,85,74159,66324,421,50
"mu_revert","low",0.5,86,58091,51996,364,50
"mu_revert","low",0.5,87,66720,59787,365,50
"mu_revert","low",0.5,88,69305,62038,401,50
"mu_revert","low",0.5,89,68123,60934,358,50
"mu_revert","low",0.5,90,71761,64367,439,50
"mu_revert","low",0.5,91,50994,45675,292,50
"mu_revert","low",0.5,92,49399,44186,321,50
"mu_revert","low",0.5,93,62060,55422,359,50
"mu_revert","low",0.5,94,60005,53537,328,50
"mu_revert","low",0.5,95,76346,68343,423,50
"mu_revert","low",0.5,96,64471,57580,375,50
"mu_revert","low",0.5,97,67791,60566,380,50
"mu_revert","low",0.5,98,76130,68086,435,50
"mu_revert","low",0.5,99,59104,52724,343,50
"mu_revert","low",0.5,100,77444,69272,428,50
"mu_revert","low",2,1,34106,30489,734,50
"mu_revert","low",2,2,33359,29764,731,50
"mu_revert","low",2,3,31725,28425,710,50
"mu_revert","low",2,4,35938,32282,729,50
"mu_revert","low",2,5,32622,29184,709,50
"mu_revert","low",2,6,30327,27100,665,50
"mu_revert","low",2,7,25937,23114,538,50
"mu_revert","low",2,8,33564,30004,744,50
"mu_revert","low",2,9,41329,36994,914,50
"mu_revert","low",2,10,33471,30017,722,50
"mu_revert","low",2,11,30664,27385,669,50
"mu_revert","low",2,12,31181,27916,682,50
"mu_revert","low",2,13,25338,22703,580,50
"mu_revert","low",2,14,38023,34015,796,50
"mu_revert","low",2,15,34316,30632,745,50
"mu_revert","low",2,16,31625,28294,696,50
"mu_revert","low",2,17,31298,28033,677,50
"mu_revert","low",2,18,35355,31551,724,50
"mu_revert","low",2,19,42725,38175,911,50
"mu_revert","low",2,20,35905,32032,779,50
"mu_revert","low",2,21,37220,33227,831,50
"mu_revert","low",2,22,30454,27224,663,50
"mu_revert","low",2,23,26790,23963,628,50
"mu_revert","low",2,24,30394,27197,678,50
"mu_revert","low",2,25,30605,27349,695,50
"mu_revert","low",2,26,42108,37683,953,50
"mu_revert","low",2,27,31751,28338,651,50
"mu_revert","low",2,28,39924,35803,883,50
"mu_revert","low",2,29,27600,24646,634,50
"mu_revert","low",2,30,29902,26723,625,50
"mu_revert","low",2,31,34431,30762,794,50
"mu_revert","low",2,32,35392,31574,764,50
"mu_revert","low",2,33,30291,27070,664,50
"mu_revert","low",2,34,27732,24829,595,50
"mu_revert","low",2,35,38795,34695,874,50
"mu_revert","low",2,36,41523,37052,872,50
"mu_revert","low",2,37,35517,31820,811,50
"mu_revert","low",2,38,42221,37744,905,50
"mu_revert","low",2,39,29303,26176,662,50
"mu_revert","low",2,40,30480,27257,653,50
"mu_revert","low",2,41,25336,22766,600,50
"mu_revert","low",2,42,27015,24121,578,50
"mu_revert","low",2,43,22680,20296,555,50
"mu_revert","low",2,44,30091,26975,644,50
"mu_revert","low",2,45,33266,29826,745,50
"mu_revert","low",2,46,32932,29568,702,50
"mu_revert","low",2,47,27462,24565,607,50
"mu_revert","low",2,48,34861,31224,784,50
"mu_revert","low",2,49,35394,31620,772,50
"mu_revert","low",2,50,37846,33862,799,50
"mu_revert","low",2,51,29649,26559,659,50
"mu_revert","low",2,52,42579,38158,878,50
"mu_revert","low",2,53,39616,35519,897,50
"mu_revert","low",2,54,33404,29893,690,50
"mu_revert","low",2,55,35409,31656,758,50
"mu_revert","low",2,56,33956,30372,666,50
"mu_revert","low",2,57,34323,30653,708,50
"mu_revert","low",2,58,35707,31863,805,50
"mu_revert","low",2,59,34488,30929,766,50
"mu_revert","low",2,60,23586,21104,543,50
"mu_revert","low",2,61,34609,30924,789,50
"mu_revert","low",2,62,27673,24750,587,50
"mu_revert","low",2,63,35947,32234,774,50
"mu_revert","low",2,64,35413,31669,739,50
"mu_revert","low",2,65,30982,27705,678,50
"mu_revert","low",2,66,33923,30347,725,50
"mu_revert","low",2,67,28434,25443,598,50
"mu_revert","low",2,68,37944,34039,836,50
"mu_revert","low",2,69,31014,27703,714,50
"mu_revert","low",2,70,29781,26632,669,50
"mu_revert","low",2,71,31338,28067,653,50
"mu_revert","low",2,72,34257,30658,741,50
"mu_revert","low",2,73,33036,29486,751,50
"mu_revert","low",2,74,32239,28820,703,50
"mu_revert","low",2,75,31082,27776,695,50
"mu_revert","low",2,76,32710,29189,723,50
"mu_revert","low",2,77,37596,33635,811,50
"mu_revert","low",2,78,29124,26105,634,50
"mu_revert","low",2,79,39631,35411,824,50
"mu_revert","low",2,80,32320,28916,732,50
"mu_revert","low",2,81,35560,31809,822,50
"mu_revert","low",2,82,34906,31247,796,50
"mu_revert","low",2,83,32475,28987,709,50
"mu_revert","low",2,84,28331,25320,665,50
"mu_revert","low",2,85,29774,26596,654,50
"mu_revert","low",2,86,31467,28110,707,50
"mu_revert","low",2,87,24153,21531,554,50
"mu_revert","low",2,88,36273,32396,803,50
"mu_revert","low",2,89,37193,33271,803,50
"mu_revert","low",2,90,26561,23759,594,50
"mu_revert","low",2,91,27830,24859,642,50
"mu_revert","low",2,92,34734,30986,809,50
"mu_revert","low",2,93,31932,28541,741,50
"mu_revert","low",2,94,30361,27149,677,50
"mu_revert","low",2,95,34412,30705,758,50
"mu_revert","low",2,96,30276,27019,679,50
"mu_revert","low",2,97,35961,32101,769,50
"mu_revert","low",2,98,30831,27485,718,50
"mu_revert","low",2,99,31307,27960,673,50
"mu_revert","low",2,100,29386,26264,633,50
"mu_revert","low",50,1,6639,5919,4158,50
"mu_revert","low",50,2,6665,5971,4265,50
"mu_revert","low",50,3,7207,6462,4548,50
"mu_revert","low",50,4,6677,5955,4193,50
"mu_revert","low",50,5,8385,7477,5297,50
"mu_revert","low",50,6,8156,7294,5113,50
"mu_revert","low",50,7,7680,6934,4864,50
"mu_revert","low",50,8,8340,7482,5283,50
"mu_revert","low",50,9,7216,6490,4588,50
"mu_revert","low",50,10,6865,6119,4305,50
"mu_revert","low",50,11,6726,5991,4203,50
"mu_revert","low",50,12,9930,8838,6221,50
"mu_revert","low",50,13,7712,6921,4921,50
"mu_revert","low",50,14,7496,6673,4679,50
"mu_revert","low",50,15,8563,7637,5421,50
"mu_revert","low",50,16,7818,6996,4971,50
"mu_revert","low",50,17,7613,6797,4785,50
"mu_revert","low",50,18,9232,8248,5786,50
"mu_revert","low",50,19,7864,7056,4957,50
"mu_revert","low",50,20,7844,7006,5012,50
"mu_revert","low",50,21,6780,6065,4219,50
"mu_revert","low",50,22,7564,6761,4672,50
"mu_revert","low",50,23,8688,7825,5475,50
"mu_revert","low",50,24,4874,4306,3015,50
"mu_revert","low",50,25,7321,6514,4590,50
"mu_revert","low",50,26,7435,6687,4716,50
"mu_revert","low",50,27,8805,7850,5558,50
"mu_revert","low",50,28,5713,5144,3676,50
"mu_revert","low",50,29,7691,6864,4887,50
"mu_revert","low",50,30,6097,5483,3908,50
"mu_revert","low",50,31,7516,6749,4748,50
"mu_revert","low",50,32,8548,7607,5382,50
"mu_revert","low",50,33,9354,8357,5886,50
"mu_revert","low",50,34,7539,6746,4739,50
"mu_revert","low",50,35,6299,5640,3958,50
"mu_revert","low",50,36,7373,6588,4717,50
"mu_revert","low",50,37,8753,7846,5616,50
"mu_revert","low",50,38,7375,6581,4644,50
"mu_revert","low",50,39,6879,6144,4327,50
"mu_revert","low",50,40,6514,5823,4092,50
"mu_revert","low",50,41,7238,6485,4576,50
"mu_revert","low",50,42,6897,6206,4447,50
"mu_revert","low",50,43,8658,7724,5462,50
"mu_revert","low",50,44,6535,5863,4155,50
"mu_revert","low",50,45,8656,7731,5439,50
"mu_revert","low",50,46,7522,6703,4800,50
"mu_revert","low",50,47,6763,6042,4209,50
"mu_revert","low",50,48,5724,5129,3582,50
"mu_revert","low",50,49,8035,7198,5060,50
"mu_revert","low",50,50,7428,6637,4697,50
"mu_revert","low",50,51,5257,4740,3299,50
"mu_revert","low",50,52,7898,7094,5047,50
"mu_revert","low",50,53,5781,5097,3596,50
"mu_revert","low",50,54,7520,6757,4755,50
"mu_revert","low",50,55,6906,6190,4392,50
"mu_revert","low",50,56,7106,6371,4421,50
"mu_revert","low",50,57,8640,7712,5505,50
"mu_revert","low",50,58,7045,6311,4468,50
"mu_revert","low",50,59,7300,6545,4619,50
"mu_revert","low",50,60,7982,7152,5071,50
"mu_revert","low",50,61,7589,6748,4818,50
"mu_revert","low",50,62,7495,6703,4715,50
"mu_revert","low",50,63,6858,6123,4322,50
"mu_revert","low",50,64,6362,5733,4060,50
"mu_revert","low",50,65,6934,6196,4354,50
"mu_revert","low",50,66,6214,5494,3944,50
"mu_revert","low",50,67,9828,8749,6149,50
"mu_revert","low",50,68,6814,6126,4354,50
"mu_revert","low",50,69,7540,6772,4782,50
"mu_revert","low",50,70,7072,6304,4436,50
"mu_revert","low",50,71,8294,7409,5243,50
"mu_revert","low",50,72,6809,6093,4358,50
"mu_revert","low",50,73,8243,7398,5300,50
"mu_revert","low",50,74,6050,5399,3830,50
"mu_revert","low",50,75,6148,5519,3865,50
"mu_revert","low",50,76,6713,6045,4258,50
"mu_revert","low",50,77,6455,5785,4074,50
"mu_revert","low",50,78,7432,6637,4708,50
"mu_revert","low",50,79,8215,7293,5184,50
"mu_revert","low",50,80,7072,6318,4470,50
"mu_revert","low",50,81,7359,6563,4611,50
"mu_revert","low",50,82,7083,6356,4492,50
"mu_revert","low",50,83,7013,6296,4479,50
"mu_revert","low",50,84,6128,5453,3836,50
"mu_revert","low",50,85,5782,5191,3717,50
"mu_revert","low",50,86,7856,7056,4942,50
"mu_revert","low",50,87,7179,6449,4550,50
"mu_revert","low",50,88,6938,6218,4449,50
"mu_revert","low",50,89,6932,6240,4352,50
"mu_revert","low",50,90,9295,8345,5855,50
"mu_revert","low",50,91,5239,4664,3261,50
"mu_revert","low",50,92,6342,5700,4057,50
"mu_revert","low",50,93,5757,5138,3608,50
"mu_revert","low",50,94,4678,4185,2919,50
"mu_revert","low",50,95,8433,7517,5419,50
"mu_revert","low",50,96,7257,6510,4591,50
"mu_revert","low",50,97,7050,6249,4489,50
"mu_revert","low",50,98,7480,6702,4753,50
"mu_revert","low",50,99,7651,6804,4809,50
"mu_revert","low",50,100,6596,5899,4144,50
"mu_slow","high",0.5,1,57328,50916,346,50
"mu_slow","high",0.5,2,64805,57301,353,50
"mu_slow","high",0.5,3,48435,42984,282,50
"mu_slow","high",0.5,4,56489,49988,332,50
"mu_slow","high",0.5,5,55379,49126,343,50
"mu_slow","high",0.5,6,62427,55257,384,50
"mu_slow","high",0.5,7,67807,60156,370,50
"mu_slow","high",0.5,8,75169,66569,448,50
"mu_slow","high",0.5,9,67939,60345,406,50
"mu_slow","high",0.5,10,67305,59677,355,50
"mu_slow","high",0.5,11,62999,55821,349,50
"mu_slow","high",0.5,12,60513,53510,366,50
"mu_slow","high",0.5,13,57089,50710,351,50
"mu_slow","high",0.5,14,57541,51002,366,50
"mu_slow","high",0.5,15,51532,45607,300,50
"mu_slow","high",0.5,16,63465,56229,377,50
"mu_slow","high",0.5,17,61939,54811,385,50
"mu_slow","high",0.5,18,68348,60783,410,50
"mu_slow","high",0.5,19,58674,51901,352,50
"mu_slow","high",0.5,20,63482,56072,362,50
"mu_slow","high",0.5,21,55697,49372,355,50
"mu_slow","high",0.5,22,63876,56696,385,50
"mu_slow","high",0.5,23,64046,56863,379,50
"mu_slow","high",0.5,24,64296,57018,387,50
"mu_slow","high",0.5,25,60524,53680,349,50
"mu_slow","high",0.5,26,70130,62150,409,50
"mu_slow","high",0.5,27,60062,53299,364,50
"mu_slow","high",0.5,28,62644,55521,386,50
"mu_slow","high",0.5,29,66585,59060,386,50
"mu_slow","high",0.5,30,58462,51799,351,50
"mu_slow","high",0.5,31,60562,53671,368,50
"mu_slow","high",0.5,32,55559,49252,323,50
"mu_slow","high",0.5,33,53533,47544,342,50
"mu_slow","high",0.5,34,66869,59251,400,50
"mu_slow","high",0.5,35,54046,47900,322,50
"mu_slow","high",0.5,36,54125,47947,319,50
"mu_slow","high",0.5,37,66298,58887,409,50
"mu_slow","high",0.5,38,67575,59909,398,50
"mu_slow","high",0.5,39,77369,68643,451,50
"mu_slow","high",0.5,40,70453,62429,402,50
"mu_slow","high",0.5,41,72822,64488,435,50
"mu_slow","high",0.5,42,61754,54752,359,50
"mu_slow","high",0.5,43,56235,49885,341,50
"mu_slow","high",0.5,44,51679,45780,296,50
"mu_slow","high",0.5,45,63388,56232,392,50
"mu_slow","high",0.5,46,88245,78101,469,50
"mu_slow","high",0.5,47,56240,49946,338,50
"mu_slow","high",0.5,48,60169,53376,339,50
"mu_slow","high",0.5,49,67535,59775,369,50
"mu_slow","high",0.5,50,75949,67391,463,50
"mu_slow","high",0.5,51,60306,53550,347,50
"mu_slow","high",0.5,52,66048,58511,370,50
"mu_slow","high",0.5,53,65541,58186,418,50
"mu_slow","high",0.5,54,61135,54247,373,50
"mu_slow","high",0.5,55,49645,44084,338,50
"mu_slow","high",0.5,56,63707,56404,420,50
"mu_slow","high",0.5,57,63972,56666,377,50
"mu_slow","high",0.5,58,59535,52803,341,50
"mu_slow","high",0.5,59,45986,40824,259,50
"mu_slow","high",0.5,60,65434,58139,375,50
"mu_slow","high",0.5,61,62034,55041,390,50
"mu_slow","high",0.5,62,62824,55673,380,50
"mu_slow","high",0.5,63,82305,73076,452,50
"mu_slow","high",0.5,64,74462,65972,427,50
"mu_slow","high",0.5,65,60898,53900,354,50
"mu_slow","high",0.5,66,54042,47865,312,50
"mu_slow","high",0.5,67,58914,52166,390,50
"mu_slow","high",0.5,68,62273,55142,362,50
"mu_slow","high",0.5,69,54926,48813,326,50
"mu_slow","high",0.5,70,73417,65230,413,50
"mu_slow","high",0.5,71,73202,64850,422,50
"mu_slow","high",0.5,72,64523,57146,384,50
"mu_slow","high",0.5,73,80590,71415,454,50
"mu_slow","high",0.5,74,56552,50129,324,50
"mu_slow","high",0.5,75,52964,47045,320,50
"mu_slow","high",0.5,76,68282,60395,398,50
"mu_slow","high",0.5,77,51954,46046,328,50
"mu_slow","high",0.5,78,71519,63465,444,50
"mu_slow","high",0.5,79,49644,43994,319,50
"mu_slow","high",0.5,80,65225,57774,379,50
"mu_slow","high",0.5,81,59375,52736,358,50
"mu_slow","high",0.5,82,63207,56070,391,50
"mu_slow","high",0.5,83,49024,43532,298,50
"mu_slow","high",0.5,84,72272,64036,408,50
"mu_slow","high",0.5,85,60925,53953,369,50
"mu_slow","high",0.5,86,64942,57584,415,50
"mu_slow","high",0.5,87,68216,60514,402,50
"mu_slow","high",0.5,88,67607,59969,389,50
"mu_slow","high",0.5,89,56991,50474,334,50
"mu_slow","high",0.5,90,79140,70236,408,50
"mu_slow","high",0.5,91,59576,52875,351,50
"mu_slow","high",0.5,92,72820,64384,407,50
"mu_slow","high",0.5,93,64825,57539,406,50
"mu_slow","high",0.5,94,72245,63990,419,50
"mu_slow","high",0.5,95,67201,59687,395,50
"mu_slow","high",0.5,96,51424,45494,313,50
"mu_slow","high",0.5,97,63033,55947,377,50
"mu_slow","high",0.5,98,73794,65463,420,50
"mu_slow","high",0.5,99,68842,60978,406,50
"mu_slow","high",0.5,100,60808,54014,357,50
"mu_slow","high",2,1,27699,24633,619,50
"mu_slow","high",2,2,32790,29047,723,50
"mu_slow","high",2,3,38012,33685,811,50
"mu_slow","high",2,4,39349,34901,892,50
"mu_slow","high",2,5,26708,23605,605,50
"mu_slow","high",2,6,33540,29701,711,50
"mu_slow","high",2,7,28054,24946,615,50
"mu_slow","high",2,8,23281,20593,508,50
"mu_slow","high",2,9,46334,41059,1012,50
"mu_slow","high",2,10,31148,27732,691,50
"mu_slow","high",2,11,26338,23342,585,50
"mu_slow","high",2,12,27862,24669,589,50
"mu_slow","high",2,13,31268,27820,682,50
"mu_slow","high",2,14,27547,24441,594,50
"mu_slow","high",2,15,39007,34534,811,50
"mu_slow","high",2,16,29823,26514,639,50
"mu_slow","high",2,17,38731,34405,827,50
"mu_slow","high",2,18,25187,22295,532,50
"mu_slow","high",2,19,36765,32562,824,50
"mu_slow","high",2,20,31348,27720,722,50
"mu_slow","high",2,21,29413,26070,651,50
"mu_slow","high",2,22,28005,24846,617,50
"mu_slow","high",2,23,33804,29921,764,50
"mu_slow","high",2,24,30557,27112,663,50
"mu_slow","high",2,25,33773,29978,732,50
"mu_slow","high",2,26,33160,29392,697,50
"mu_slow","high",2,27,24682,21887,580,50
"mu_slow","high",2,28,32278,28617,705,50
"mu_slow","high",2,29,28609,25369,613,50
"mu_slow","high",2,30,26398,23391,542,50
"mu_slow","high",2,31,36661,32494,769,50
"mu_slow","high",2,32,30735,27233,662,50
"mu_slow","high",2,33,24503,21695,533,50
"mu_slow","high",2,34,33143,29398,707,50
"mu_slow","high",2,35,38198,33863,844,50
"mu_slow","high",2,36,37265,32963,795,50
"mu_slow","high",2,37,31473,27998,693,50
"mu_slow","high",2,38,38091,33771,818,50
"mu_slow","high",2,39,34748,30780,730,50
"mu_slow","high",2,40,37566,33480,852,50
"mu_slow","high",2,41,31381,27915,665,50
"mu_slow","high",2,42,37514,33252,843,50
"mu_slow","high",2,43,32103,28436,663,50
"mu_slow","high",2,44,29587,26210,658,50
"mu_slow","high",2,45,29090,25774,653,50
"mu_slow","high",2,46,36046,32053,745,50
"mu_slow","high",2,47,29541,26244,649,50
"mu_slow","high",2,48,27851,24671,606,50
"mu_slow","high",2,49,33357,29552,728,50
"mu_slow","high",2,50,28441,25245,627,50
"mu_slow","high",2,51,27909,24758,615,50
"mu_slow","high",2,52,37219,32904,772,50
"mu_slow","high",2,53,31745,28160,701,50
"mu_slow","high",2,54,32296,28599,660,50
"mu_slow","high",2,55,32148,28506,760,50
"mu_slow","high",2,56,36480,32339,831,50
"mu_slow","high",2,57,33047,29237,738,50
"mu_slow","high",2,58,37486,33273,799,50
"mu_slow","high",2,59,33880,30050,754,50
"mu_slow","high",2,60,30983,27496,699,50
"mu_slow","high",2,61,29436,26087,626,50
"mu_slow","high",2,62,36361,32213,767,50
"mu_slow","high",2,63,31341,27746,730,50
"mu_slow","high",2,64,34220,30294,766,50
"mu_slow","high",2,65,38817,34420,822,50
"mu_slow","high",2,66,35967,31793,793,50
"mu_slow","high",2,67,30807,27296,680,50
"mu_slow","high",2,68,29123,25789,605,50
"mu_slow","high",2,69,33362,29592,731,50
"mu_slow","high",2,70,25682,22751,590,50
"mu_slow","high",2,71,36058,31907,781,50
"mu_slow","high",2,72,27900,24801,640,50
"mu_slow","high",2,73,32850,29193,735,50
"mu_slow","high",2,74,33185,29327,727,50
"mu_slow","high",2,75,30551,27135,641,50
"mu_slow","high",2,76,27471,24346,621,50
"mu_slow","high",2,77,34421,30500,761,50
"mu_slow","high",2,78,26770,23839,588,50
"mu_slow","high",2,79,29133,25756,603,50
"mu_slow","high",2,80,30908,27359,708,50
"mu_slow","high",2,81,40947,36283,850,50
"mu_slow","high",2,82,33933,30122,757,50
"mu_slow","high",2,83,31462,27761,688,50
"mu_slow","high",2,84,30658,27157,647,50
"mu_slow","high",2,85,24493,21644,551,50
"mu_slow","high",2,86,29895,26551,612,50
"mu_slow","high",2,87,28589,25277,599,50
"mu_slow","high",2,88,32103,28481,708,50
"mu_slow","high",2,89,38883,34444,834,50
"mu_slow","high",2,90,23390,20806,548,50
"mu_slow","high",2,91,29028,25631,649,50
"mu_slow","high",2,92,35323,31247,772,50
"mu_slow","high",2,93,27318,24199,641,50
"mu_slow","high",2,94,40698,36136,902,50
"mu_slow","high",2,95,41452,36693,904,50
"mu_slow","high",2,96,31094,27627,660,50
"mu_slow","high",2,97,29646,26349,659,50
"mu_slow","high",2,98,30663,27210,715,50
"mu_slow","high",2,99,27223,24174,569,50
"mu_slow","high",2,100,34492,30615,773,50
"mu_slow","high",50,1,4521,4034,2820,50
"mu_slow","high",50,2,5389,4797,3410,50
"mu_slow","high",50,3,5459,4828,3398,50
"mu_slow","high",50,4,6839,6063,4231,50
"mu_slow","high",50,5,5842,5219,3648,50
"mu_slow","high",50,6,6736,5974,4210,50
"mu_slow","high",50,7,5241,4656,3241,50
"mu_slow","high",50,8,5593,4977,3531,50
"mu_slow","high",50,9,6307,5616,3961,50
"mu_slow","high",50,10,6249,5531,3902,50
"mu_slow","high",50,11,5960,5289,3698,50
"mu_slow","high",50,12,5718,5075,3655,50
"mu_slow","high",50,13,7866,6967,4867,50
"mu_slow","high",50,14,6466,5779,4072,50
"mu_slow","high",50,15,6079,5421,3856,50
"mu_slow","high",50,16,6516,5769,4073,50
"mu_slow","high",50,17,5506,4867,3451,50
"mu_slow","high",50,18,5947,5282,3671,50
"mu_slow","high",50,19,6802,6044,4291,50
"mu_slow","high",50,20,8195,7237,5075,50
"mu_slow","high",50,21,6459,5718,4034,50
"mu_slow","high",50,22,6729,6000,4216,50
"mu_slow","high",50,23,4960,4417,3100,50
"mu_slow","high",50,24,6386,5664,3898,50
"mu_slow","high",50,25,6276,5527,3927,50
"mu_slow","high",50,26,6836,6031,4214,50
"mu_slow","high",50,27,6723,6008,4256,50
"mu_slow","high",50,28,7025,6184,4281,50
"mu_slow","high",50,29,5118,4548,3215,50
"mu_slow","high",50,30,5855,5190,3660,50
"mu_slow","high",50,31,7376,6549,4586,50
"mu_slow","high",50,32,5286,4677,3270,50
"mu_slow","high",50,33,5046,4479,3151,50
"mu_slow","high",50,34,5522,4873,3400,50
"mu_slow","high",50,35,4634,4098,2934,50
"mu_slow","high",50,36,5527,4928,3429,50
"mu_slow","high",50,37,5993,5327,3748,50
"mu_slow","high",50,38,7244,6459,4561,50
"mu_slow","high",50,39,5718,5086,3597,50
"mu_slow","high",50,40,5953,5318,3802,50
"mu_slow","high",50,41,5937,5260,3705,50
"mu_slow","high",50,42,7360,6519,4530,50
"mu_slow","high",50,43,5830,5168,3655,50
"mu_slow","high",50,44,6434,5693,3994,50
"mu_slow","high",50,45,6455,5729,3975,50
"mu_slow","high",50,46,6191,5513,3823,50
"mu_slow","high",50,47,6491,5776,4033,50
"mu_slow","high",50,48,6761,5979,4212,50
"mu_slow","high",50,49,6841,6061,4273,50
"mu_slow","high",50,50,6075,5392,3757,50
"mu_slow","high",50,51,5552,4912,3483,50
"mu_slow","high",50,52,5341,4750,3351,50
"mu_slow","high",50,53,5419,4797,3370,50
"mu_slow","high",50,54,5342,4741,3315,50
"mu_slow","high",50,55,6422,5736,4066,50
"mu_slow","high",50,56,5731,5061,3517,50
"mu_slow","high",50,57,5798,5087,3575,50
"mu_slow","high",50,58,5544,4910,3460,50
"mu_slow","high",50,59,7274,6457,4549,50
"mu_slow","high",50,60,6221,5476,3910,50
"mu_slow","high",50,61,4957,4395,3111,50
"mu_slow","high",50,62,6978,6175,4312,50
"mu_slow","high",50,63,4894,4345,3043,50
"mu_slow","high",50,64,7117,6301,4403,50
"mu_slow","high",50,65,6185,5525,3863,50
"mu_slow","high",50,66,7824,6933,4907,50
"mu_slow","high",50,67,6311,5590,3893,50
"mu_slow","high",50,68,6703,5929,4183,50
"mu_slow","high",50,69,7022,6276,4437,50
"mu_slow","high",50,70,7049,6264,4376,50
"mu_slow","high",50,71,5506,4926,3437,50
"mu_slow","high",50,72,7407,6568,4614,50
"mu_slow","high",50,73,4490,3986,2858,50
"mu_slow","high",50,74,7298,6470,4562,50
"mu_slow","high",50,75,5723,5076,3594,50
"mu_slow","high",50,76,7132,6248,4383,50
"mu_slow","high",50,77,6647,5885,4141,50
"mu_slow","high",50,78,6922,6122,4280,50
"mu_slow","high",50,79,6057,5373,3764,50
"mu_slow","high",50,80,6972,6225,4313,50
"mu_slow","high",50,81,5974,5306,3751,50
"mu_slow","high",50,82,6502,5809,4095,50
"mu_slow","high",50,83,5339,4696,3299,50
"mu_slow","high",50,84,7131,6319,4429,50
"mu_slow","high",50,85,7875,6952,4908,50
"mu_slow","high",50,86,5654,4994,3579,50
"mu_slow","high",50,87,4822,4303,3010,50
"mu_slow","high",50,88,6214,5488,3845,50
"mu_slow","high",50,89,6006,5326,3740,50
"mu_slow","high",50,90,6246,5552,3851,50
"mu_slow","high",50,91,6296,5595,3922,50
"mu_slow","high",50,92,6704,5918,4165,50
"mu_slow","high",50,93,6677,5939,4210,50
"mu_slow","high",50,94,6364,5572,3904,50
"mu_slow","high",50,95,6190,5503,3905,50
"mu_slow","high",50,96,5309,4681,3374,50
"mu_slow","high",50,97,6043,5354,3689,50
"mu_slow","high",50,98,7910,7055,4900,50
"mu_slow","high",50,99,6372,5632,3941,50
"mu_slow","high",50,100,5760,5115,3612,50
"mu_slow","low",0.5,1,65446,59191,380,50
"mu_slow","low",0.5,2,54817,49494,341,50
"mu_slow","low",0.5,3,75525,68197,429,50
"mu_slow","low",0.5,4,57429,51867,339,50
"mu_slow","low",0.5,5,63038,56813,380,50
"mu_slow","low",0.5,6,71172,64170,420,50
"mu_slow","low",0.5,7,60566,54688,362,50
"mu_slow","low",0.5,8,60624,54755,332,50
"mu_slow","low",0.5,9,72198,65222,416,50
"mu_slow","low",0.5,10,59199,53409,333,50
"mu_slow","low",0.5,11,79040,71340,453,50
"mu_slow","low",0.5,12,70165,63259,402,50
"mu_slow","low",0.5,13,65747,59365,395,50
"mu_slow","low",0.5,14,74877,67622,425,50
"mu_slow","low",0.5,15,81582,73672,485,50
"mu_slow","low",0.5,16,70678,63743,423,50
"mu_slow","low",0.5,17,68585,61805,400,50
"mu_slow","low",0.5,18,65440,59080,413,50
"mu_slow","low",0.5,19,70466,63513,411,50
"mu_slow","low",0.5,20,62039,56059,359,50
"mu_slow","low",0.5,21,67594,60960,421,50
"mu_slow","low",0.5,22,61225,55230,380,50
"mu_slow","low",0.5,23,75481,68043,413,50
"mu_slow","low",0.5,24,62959,56839,369,50
"mu_slow","low",0.5,25,66502,60056,351,50
"mu_slow","low",0.5,26,57307,51684,326,50
"mu_slow","low",0.5,27,71229,64239,422,50
"mu_slow","low",0.5,28,50051,45186,332,50
"mu_slow","low",0.5,29,44882,40341,281,50
"mu_slow","low",0.5,30,68294,61691,370,50
"mu_slow","low",0.5,31,71744,64849,430,50
"mu_slow","low",0.5,32,69260,62367,418,50
"mu_slow","low",0.5,33,60776,54874,376,50
"mu_slow","low",0.5,34,61633,55677,339,50
"mu_slow","low",0.5,35,60668,54768,370,50
"mu_slow","low",0.5,36,68486,61752,388,50
"mu_slow","low",0.5,37,62318,56332,351,50
"mu_slow","low",0.5,38,58887,53164,349,50
"mu_slow","low",0.5,39,52063,46952,302,50
"mu_slow","low",0.5,40,53299,48122,328,50
"mu_slow","low",0.5,41,73990,66832,391,50
"mu_slow","low",0.5,42,79497,71726,460,50
"mu_slow","low",0.5,43,74413,67212,432,50
"mu_slow","low",0.5,44,67297,60563,381,50
"mu_slow","low",0.5,45,72227,65215,383,50
"mu_slow","low",0.5,46,56594,51017,343,50
"mu_slow","low",0.5,47,79407,71638,433,50
"mu_slow","low",0.5,48,57146,51666,345,50
"mu_slow","low",0.5,49,68550,61717,384,50
"mu_slow","low",0.5,50,54023,48603,332,50
"mu_slow","low",0.5,51,54833,49642,319,50
"mu_slow","low",0.5,52,67664,61193,430,50
"mu_slow","low",0.5,53,83507,75285,500,50
"mu_slow","low",0.5,54,69576,62798,406,50
"mu_slow","low",0.5,55,76448,68959,442,50
"mu_slow","low",0.5,56,60061,54324,342,50
"mu_slow","low",0.5,57,65399,59158,398,50
"mu_slow","low",0.5,58,57465,51874,385,50
"mu_slow","low",0.5,59,57942,52292,314,50
"mu_slow","low",0.5,60,72207,65269,418,50
"mu_slow","low",0.5,61,63275,57186,380,50
"mu_slow","low",0.5,62,66346,59886,355,50
"mu_slow","low",0.5,63,69416,62513,402,50
"mu_slow","low",0.5,64,62524,56456,347,50
"mu_slow","low",0.5,65,62925,56781,372,50
"mu_slow","low",0.5,66,72921,65685,419,50
"mu_slow","low",0.5,67,55837,50399,343,50
"mu_slow","low",0.5,68,59512,53561,342,50
"mu_slow","low",0.5,69,57060,51387,349,50
"mu_slow","low",0.5,70,53464,48303,345,50
"mu_slow","low",0.5,71,66733,60245,402,50
"mu_slow","low",0.5,72,55884,50453,322,50
"mu_slow","low",0.5,73,56678,51248,319,50
"mu_slow","low",0.5,74,64038,57891,374,50
"mu_slow","low",0.5,75,75158,67815,479,50
"mu_slow","low",0.5,76,64195,57894,376,50
"mu_slow","low",0.5,77,63623,57388,407,50
"mu_slow","low",0.5,78,64228,57869,359,50
"mu_slow","low",0.5,79,44669,40293,295,50
"mu_slow","low",0.5,80,65035,58723,413,50
"mu_slow","low",0.5,81,56436,50941,345,50
"mu_slow","low",0.5,82,72189,65285,415,50
"mu_slow","low",0.5,83,60903,54914,331,50
"mu_slow","low",0.5,84,61358,55518,358,50
"mu_slow","low",0.5,85,65771,59289,381,50
"mu_slow","low",0.5,86,69217,62464,392,50
"mu_slow","low",0.5,87,53257,48046,338,50
"mu_slow","low",0.5,88,68932,62261,398,50
"mu_slow","low",0.5,89,65176,58834,370,50
"mu_slow","low",0.5,90,69395,62566,443,50
"mu_slow","low",0.5,91,68022,61461,385,50
"mu_slow","low",0.5,92,62185,56256,382,50
"mu_slow","low",0.5,93,59001,53266,403,50
"mu_slow","low",0.5,94,66813,60338,415,50
"mu_slow","low",0.5,95,63253,56950,374,50
"mu_slow","low",0.5,96,43752,39387,293,50
"mu_slow","low",0.5,97,64845,58607,376,50
"mu_slow","low",0.5,98,63846,57736,368,50
"mu_slow","low",0.5,99,67479,60916,407,50
"mu_slow","low",0.5,100,59360,53714,360,50
"mu_slow","low",2,1,34204,30888,726,50
"mu_slow","low",2,2,46643,41957,985,50
"mu_slow","low",2,3,36410,32899,786,50
"mu_slow","low",2,4,33719,30429,727,50
"mu_slow","low",2,5,35258,31783,813,50
"mu_slow","low",2,6,31740,28779,685,50
"mu_slow","low",2,7,32028,28869,677,50
"mu_slow","low",2,8,29273,26416,665,50
"mu_slow","low",2,9,27307,24703,565,50
"mu_slow","low",2,10,29197,26314,679,50
"mu_slow","low",2,11,34216,30876,806,50
"mu_slow","low",2,12,29563,26682,655,50
"mu_slow","low",2,13,34642,31159,739,50
"mu_slow","low",2,14,37402,33756,787,50
"mu_slow","low",2,15,32128,28964,724,50
"mu_slow","low",2,16,36114,32623,789,50
"mu_slow","low",2,17,32025,28780,735,50
"mu_slow","low",2,18,38199,34406,795,50
"mu_slow","low",2,19,26706,24085,612,50
"mu_slow","low",2,20,38045,34343,817,50
"mu_slow","low",2,21,32748,29587,717,50
"mu_slow","low",2,22,33304,29987,755,50
"mu_slow","low",2,23,30005,27069,675,50
"mu_slow","low",2,24,32761,29564,690,50
"mu_slow","low",2,25,32836,29638,698,50
"mu_slow","low",2,26,27495,24863,599,50
"mu_slow","low",2,27,22880,20612,528,50
"mu_slow","low",2,28,32033,28901,707,50
"mu_slow","low",2,29,37390,33713,821,50
"mu_slow","low",2,30,31584,28466,726,50
"mu_slow","low",2,31,39955,36107,888,50
"mu_slow","low",2,32,33084,29914,712,50
"mu_slow","low",2,33,39246,35469,892,50
"mu_slow","low",2,34,35592,32029,770,50
"mu_slow","low",2,35,34179,30970,758,50
"mu_slow","low",2,36,37406,33781,879,50
"mu_slow","low",2,37,34202,30868,724,50
"mu_slow","low",2,38,36588,33004,824,50
"mu_slow","low",2,39,34590,31291,731,50
"mu_slow","low",2,40,37651,33879,849,50
"mu_slow","low",2,41,34536,31180,704,50
"mu_slow","low",2,42,36596,33045,787,50
"mu_slow","low",2,43,26256,23730,612,50
"mu_slow","low",2,44,30144,27201,634,50
"mu_slow","low",2,45,37821,34137,806,50
"mu_slow","low",2,46,33421,30253,733,50
"mu_slow","low",2,47,33714,30387,725,50
"mu_slow","low",2,48,32280,29148,749,50
"mu_slow","low",2,49,34304,30922,784,50
"mu_slow","low",2,50,25329,22737,572,50
"mu_slow","low",2,51,34500,31159,747,50
"mu_slow","low",2,52,35418,32002,752,50
"mu_slow","low",2,53,35804,32430,770,50
"mu_slow","low",2,54,31435,28403,684,50
"mu_slow","low",2,55,37160,33549,795,50
"mu_slow","low",2,56,32253,29113,655,50
"mu_slow","low",2,57,30280,27250,695,50
"mu_slow","low",2,58,35798,32249,810,50
"mu_slow","low",2,59,32458,29307,710,50
"mu_slow","low",2,60,28383,25630,605,50
"mu_slow","low",2,61,43256,38985,932,50
"mu_slow","low",2,62,42101,37941,884,50
"mu_slow","low",2,63,30917,27896,683,50
"mu_slow","low",2,64,40328,36332,838,50
"mu_slow","low",2,65,33740,30419,739,50
"mu_slow","low",2,66,31753,28787,681,50
"mu_slow","low",2,67,39215,35433,894,50
"mu_slow","low",2,68,36149,32612,826,50
"mu_slow","low",2,69,31820,28761,679,50
"mu_slow","low",2,70,34882,31402,758,50
"mu_slow","low",2,71,34642,31325,754,50
"mu_slow","low",2,72,40972,37030,898,50
"mu_slow","low",2,73,34181,30878,750,50
"mu_slow","low",2,74,28566,25786,606,50
"mu_slow","low",2,75,32827,29706,709,50
"mu_slow","low",2,76,23773,21409,497,50
"mu_slow","low",2,77,36690,33065,822,50
"mu_slow","low",2,78,33472,30130,733,50
"mu_slow","low",2,79,27253,24607,658,50
"mu_slow","low",2,80,34914,31501,761,50
"mu_slow","low",2,81,40109,36143,790,50
"mu_slow","low",2,82,33068,29789,718,50
"mu_slow","low",2,83,27310,24667,619,50
"mu_slow","low",2,84,35406,31996,785,50
"mu_slow","low",2,85,34024,30737,814,50
"mu_slow","low",2,86,32165,29156,675,50
"mu_slow","low",2,87,27953,25189,595,50
"mu_slow","low",2,88,37585,33990,805,50
"mu_slow","low",2,89,37747,34148,855,50
"mu_slow","low",2,90,44007,39790,938,50
"mu_slow","low",2,91,32922,29770,756,50
"mu_slow","low",2,92,30827,27845,669,50
"mu_slow","low",2,93,34104,30691,791,50
"mu_slow","low",2,94,41527,37542,950,50
"mu_slow","low",2,95,33092,29887,737,50
"mu_slow","low",2,96,36237,32742,800,50
"mu_slow","low",2,97,26544,24005,624,50
"mu_slow","low",2,98,33444,30165,770,50
"mu_slow","low",2,99,37417,33749,816,50
"mu_slow","low",2,100,36892,33244,769,50
"mu_slow","low",50,1,8252,7465,5273,50
"mu_slow","low",50,2,9323,8402,5981,50
"mu_slow","low",50,3,9232,8345,5993,50
"mu_slow","low",50,4,6358,5723,4067,50
"mu_slow","low",50,5,8220,7419,5253,50
"mu_slow","low",50,6,7496,6792,4775,50
"mu_slow","low",50,7,6294,5654,4030,50
"mu_slow","low",50,8,7740,6984,4949,50
"mu_slow","low",50,9,7945,7208,5092,50
"mu_slow","low",50,10,10242,9205,6470,50
"mu_slow","low",50,11,7038,6373,4548,50
"mu_slow","low",50,12,6229,5636,4026,50
"mu_slow","low",50,13,7484,6739,4773,50
"mu_slow","low",50,14,8426,7584,5367,50
"mu_slow","low",50,15,9166,8278,5800,50
"mu_slow","low",50,16,8577,7743,5530,50
"mu_slow","low",50,17,8220,7429,5292,50
"mu_slow","low",50,18,8109,7315,5143,50
"mu_slow","low",50,19,7001,6328,4429,50
"mu_slow","low",50,20,7166,6493,4571,50
"mu_slow","low",50,21,9260,8368,5939,50
"mu_slow","low",50,22,6161,5558,4001,50
"mu_slow","low",50,23,8751,7912,5622,50
"mu_slow","low",50,24,9026,8152,5760,50
"mu_slow","low",50,25,8814,7928,5652,50
"mu_slow","low",50,26,7475,6777,4822,50
"mu_slow","low",50,27,9110,8238,5889,50
"mu_slow","low",50,28,6257,5642,3988,50
"mu_slow","low",50,29,11110,10028,7053,50
"mu_slow","low",50,30,8550,7730,5425,50
"mu_slow","low",50,31,6962,6292,4473,50
"mu_slow","low",50,32,9931,8966,6341,50
"mu_slow","low",50,33,5569,5009,3607,50
"mu_slow","low",50,34,8434,7634,5418,50
"mu_slow","low",50,35,7040,6333,4576,50
"mu_slow","low",50,36,7307,6642,4718,50
"mu_slow","low",50,37,8053,7301,5156,50
"mu_slow","low",50,38,7128,6469,4542,50
"mu_slow","low",50,39,9197,8298,5871,50
"mu_slow","low",50,40,9540,8585,6060,50
"mu_slow","low",50,41,6503,5846,4128,50
"mu_slow","low",50,42,9357,8454,5991,50
"mu_slow","low",50,43,5828,5252,3803,50
"mu_slow","low",50,44,8836,7950,5640,50
"mu_slow","low",50,45,9331,8433,5998,50
"mu_slow","low",50,46,8300,7514,5353,50
"mu_slow","low",50,47,8433,7565,5364,50
"mu_slow","low",50,48,7064,6391,4557,50
"mu_slow","low",50,49,8051,7264,5085,50
"mu_slow","low",50,50,9499,8610,6067,50
"mu_slow","low",50,51,8365,7560,5399,50
"mu_slow","low",50,52,8871,7966,5571,50
"mu_slow","low",50,53,7173,6483,4611,50
"mu_slow","low",50,54,8510,7726,5485,50
"mu_slow","low",50,55,8610,7753,5486,50
"mu_slow","low",50,56,7069,6396,4535,50
"mu_slow","low",50,57,8116,7378,5321,50
"mu_slow","low",50,58,7342,6623,4683,50
"mu_slow","low",50,59,9268,8377,5952,50
"mu_slow","low",50,60,9640,8692,6108,50
"mu_slow","low",50,61,9849,8903,6361,50
"mu_slow","low",50,62,6824,6169,4358,50
"mu_slow","low",50,63,8925,8089,5768,50
"mu_slow","low",50,64,9873,8931,6276,50
"mu_slow","low",50,65,8161,7336,5192,50
"mu_slow","low",50,66,7717,6977,4920,50
"mu_slow","low",50,67,7740,7010,4967,50
"mu_slow","low",50,68,9616,8697,6177,50
"mu_slow","low",50,69,8309,7431,5266,50
"mu_slow","low",50,70,8422,7603,5417,50
"mu_slow","low",50,71,7459,6744,4756,50
"mu_slow","low",50,72,8625,7795,5522,50
"mu_slow","low",50,73,9315,8371,5926,50
"mu_slow","low",50,74,7853,7165,5071,50
"mu_slow","low",50,75,8644,7798,5469,50
"mu_slow","low",50,76,8407,7595,5373,50
"mu_slow","low",50,77,10114,9097,6419,50
"mu_slow","low",50,78,10351,9360,6627,50
"mu_slow","low",50,79,9157,8256,5855,50
"mu_slow","low",50,80,8287,7451,5279,50
"mu_slow","low",50,81,7786,7040,4986,50
"mu_slow","low",50,82,8697,7860,5530,50
"mu_slow","low",50,83,8430,7602,5402,50
"mu_slow","low",50,84,8051,7287,5171,50
"mu_slow","low",50,85,10284,9271,6571,50
"mu_slow","low",50,86,8253,7439,5274,50
"mu_slow","low",50,87,10665,9633,6772,50
"mu_slow","low",50,88,10058,9060,6441,50
"mu_slow","low",50,89,9830,8916,6271,50
"mu_slow","low",50,90,8634,7767,5492,50
"mu_slow","low",50,91,8983,8125,5704,50
"mu_slow","low",50,92,8317,7481,5246,50
"mu_slow","low",50,93,7907,7130,5041,50
"mu_slow","low",50,94,9359,8465,6023,50
"mu_slow","low",50,95,7895,7112,5066,50
"mu_slow","low",50,96,7349,6653,4759,50
"mu_slow","low",50,97,9219,8275,5813,50
"mu_slow","low",50,98,8611,7799,5596,50
"mu_slow","low",50,99,11346,10223,7254,50
"mu_slow","low",50,100,8268,7461,5293,50
"p_revert","high",0.5,1,75459,67640,458,50
"p_revert","high",0.5,2,54846,49089,311,50
"p_revert","high",0.5,3,65721,58902,382,50
"p_revert","high",0.5,4,80417,71915,458,50
"p_revert","high",0.5,5,85507,76644,508,50
"p_revert","high",0.5,6,53972,48436,331,50
"p_revert","high",0.5,7,65130,58299,398,50
"p_revert","high",0.5,8,67743,60721,423,50
"p_revert","high",0.5,9,63966,57413,358,50
"p_revert","high",0.5,10,64141,57301,374,50
"p_revert","high",0.5,11,59147,52889,364,50
"p_revert","high",0.5,12,52863,47542,345,50
"p_revert","high",0.5,13,79313,71039,454,50
"p_revert","high",0.5,14,65121,58303,387,50
"p_revert","high",0.5,15,63170,56679,352,50
"p_revert","high",0.5,16,61547,55080,356,50
"p_revert","high",0.5,17,79385,71072,446,50
"p_revert","high",0.5,18,62928,56315,365,50
"p_revert","high",0.5,19,54388,48584,316,50
"p_revert","high",0.5,20,63154,56525,338,50
"p_revert","high",0.5,21,50926,45607,311,50
"p_revert","high",0.5,22,63848,57162,379,50
"p_revert","high",0.5,23,61200,54821,343,50
"p_revert","high",0.5,24,51056,45745,306,50
"p_revert","high",0.5,25,79512,71244,472,50
"p_revert","high",0.5,26,61028,54718,366,50
"p_revert","high",0.5,27,63718,57135,369,50
"p_revert","high",0.5,28,64460,57928,400,50
"p_revert","high",0.5,29,67318,60162,382,50
"p_revert","high",0.5,30,71156,63704,411,50
"p_revert","high",0.5,31,68504,61496,379,50
"p_revert","high",0.5,32,71579,64079,426,50
"p_revert","high",0.5,33,73582,65829,448,50
"p_revert","high",0.5,34,56737,50838,324,50
"p_revert","high",0.5,35,71894,64403,431,50
"p_revert","high",0.5,36,69374,62220,434,50
"p_revert","high",0.5,37,64910,58064,365,50
"p_revert","high",0.5,38,74979,67034,451,50
"p_revert","high",0.5,39,74227,66541,462,50
"p_revert","high",0.5,40,76289,68312,441,50
"p_revert","high",0.5,41,67452,60478,396,50
"p_revert","high",0.5,42,60258,53934,335,50
"p_revert","high",0.5,43,63552,56956,380,50
"p_revert","high",0.5,44,53711,48207,345,50
"p_revert","high",0.5,45,71025,63635,434,50
"p_revert","high",0.5,46,64372,57687,381,50
"p_revert","high",0.5,47,81843,73340,467,50
"p_revert","high",0.5,48,49000,43854,316,50
"p_revert","high",0.5,49,70460,62936,391,50
"p_revert","high",0.5,50,59230,53049,382,50
"p_revert","high",0.5,51,71218,63858,422,50
"p_revert","high",0.5,52,51026,45605,294,50
"p_revert","high",0.5,53,75295,67534,434,50
"p_revert","high",0.5,54,61327,55018,382,50
"p_revert","high",0.5,55,51514,46095,319,50
"p_revert","high",0.5,56,53860,48171,339,50
"p_revert","high",0.5,57,71767,64391,423,50
"p_revert","high",0.5,58,63350,56778,384,50
"p_revert","high",0.5,59,52766,47194,328,50
"p_revert","high",0.5,60,75514,67690,441,50
"p_revert","high",0.5,61,42708,38162,241,50
"p_revert","high",0.5,62,63093,56513,376,50
"p_revert","high",0.5,63,49838,44561,291,50
"p_revert","high",0.5,64,56095,50190,360,50
"p_revert","high",0.5,65,73725,65953,435,50
"p_revert","high",0.5,66,47454,42641,325,50
"p_revert","high",0.5,67,66636,59596,359,50
"p_revert","high",0.5,68,77776,69700,429,50
"p_revert","high",0.5,69,68650,61397,427,50
"p_revert","high",0.5,70,72292,64685,413,50
"p_revert","high",0.5,71,58268,52193,340,50
"p_revert","high",0.5,72,56877,50954,351,50
"p_revert","high",0.5,73,45596,40865,291,50
"p_revert","high",0.5,74,66400,59416,351,50
"p_revert","high",0.5,75,73641,65923,427,50
"p_revert","high",0.5,76,62143,55499,377,50
"p_revert","high",0.5,77,74765,67065,430,50
"p_revert","high",0.5,78,64377,57504,364,50
"p_revert","high",0.5,79,57572,51490,343,50
"p_revert","high",0.5,80,58270,52115,339,50
"p_revert","high",0.5,81,56019,50211,353,50
"p_revert","high",0.5,82,68930,61808,406,50
"p_revert","high",0.5,83,61423,55010,347,50
"p_revert","high",0.5,84,75106,67167,454,50
"p_revert","high",0.5,85,68556,61344,415,50
"p_revert","high",0.5,86,72532,65015,413,50
"p_revert","high",0.5,87,58958,52740,338,50
"p_revert","high",0.5,88,66305,59320,382,50
"p_revert","high",0.5,89,52366,46861,333,50
"p_revert","high",0.5,90,60772,54461,371,50
"p_revert","high",0.5,91,62894,56212,368,50
"p_revert","high",0.5,92,75095,67419,411,50
"p_revert","high",0.5,93,46785,41867,274,50
"p_revert","high",0.5,94,59448,53160,353,50
"p_revert","high",0.5,95,69150,61865,396,50
"p_revert","high",0.5,96,71007,63563,401,50
"p_revert","high",0.5,97,59117,52970,363,50
"p_revert","high",0.5,98,58108,51995,371,50
"p_revert","high",0.5,99,59002,52684,356,50
"p_revert","high",0.5,100,70963,63507,417,50
"p_revert","high",2,1,28130,25228,616,50
"p_revert","high",2,2,39833,35802,872,50
"p_revert","high",2,3,43356,38825,884,50
"p_revert","high",2,4,30501,27289,661,50
"p_revert","high",2,5,29779,26718,619,50
"p_revert","high",2,6,29709,26497,617,50
"p_revert","high",2,7,29608,26509,656,50
"p_revert","high",2,8,33619,30109,769,50
"p_revert","high",2,9,44118,39602,935,50
"p_revert","high",2,10,33231,29745,729,50
"p_revert","high",2,11,34180,30620,720,50
"p_revert","high",2,12,36042,32329,775,50
"p_revert","high",2,13,34615,31048,770,50
"p_revert","high",2,14,36364,32521,750,50
"p_revert","high",2,15,43965,39368,951,50
"p_revert","high",2,16,43576,39007,989,50
"p_revert","high",2,17,29412,26344,631,50
"p_revert","high",2,18,34359,30743,818,50
"p_revert","high",2,19,33588,30202,704,50
"p_revert","high",2,20,38123,34225,813,50
"p_revert","high",2,21,33387,29847,713,50
"p_revert","high",2,22,33402,29993,766,50
"p_revert","high",2,23,30914,27647,642,50
"p_revert","high",2,24,32757,29199,668,50
"p_revert","high",2,25,23185,20858,544,50
"p_revert","high",2,26,34661,31151,789,50
"p_revert","high",2,27,32640,29134,639,50
"p_revert","high",2,28,27861,24942,609,50
"p_revert","high",2,29,41263,36962,859,50
"p_revert","high",2,30,26834,24085,609,50
"p_revert","high",2,31,21343,19184,495,50
"p_revert","high",2,32,26500,23711,548,50
"p_revert","high",2,33,42458,37989,908,50
"p_revert","high",2,34,39891,35793,823,50
"p_revert","high",2,35,34311,30741,752,50
"p_revert","high",2,36,34426,30903,775,50
"p_revert","high",2,37,34054,30524,718,50
"p_revert","high",2,38,40008,35760,845,50
"p_revert","high",2,39,36962,33120,789,50
"p_revert","high",2,40,34225,30595,740,50
"p_revert","high",2,41,26374,23620,566,50
"p_revert","high",2,42,34598,31078,703,50
"p_revert","high",2,43,30484,27317,676,50
"p_revert","high",2,44,31840,28537,711,50
"p_revert","high",2,45,46332,41444,1005,50
"p_revert","high",2,46,33984,30346,740,50
"p_revert","high",2,47,30400,27264,665,50
"p_revert","high",2,48,31805,28493,679,50
"p_revert","high",2,49,39652,35526,862,50
"p_revert","high",2,50,33521,29998,745,50
"p_revert","high",2,51,31051,27857,680,50
"p_revert","high",2,52,33092,29723,729,50
"p_revert","high",2,53,41048,36765,883,50
"p_revert","high",2,54,31432,28125,721,50
"p_revert","high",2,55,35069,31432,775,50
"p_revert","high",2,56,32787,29438,681,50
"p_revert","high",2,57,42830,38377,913,50
"p_revert","high",2,58,39242,35090,871,50
"p_revert","high",2,59,35403,31849,774,50
"p_revert","high",2,60,34746,31109,784,50
"p_revert","high",2,61,35222,31467,759,50
"p_revert","high",2,62,31148,27882,673,50
"p_revert","high",2,63,46495,41626,1031,50
"p_revert","high",2,64,40953,36727,886,50
"p_revert","high",2,65,36259,32389,778,50
"p_revert","high",2,66,31056,27806,694,50
"p_revert","high",2,67,26968,24174,603,50
"p_revert","high",2,68,39359,35244,819,50
"p_revert","high",2,69,38081,34135,823,50
"p_revert","high",2,70,41179,36910,861,50
"p_revert","high",2,71,30375,27124,669,50
"p_revert","high",2,72,39355,35344,874,50
"p_revert","high",2,73,37033,33108,800,50
"p_revert","high",2,74,36906,33018,796,50
"p_revert","high",2,75,24552,22055,552,50
"p_revert","high",2,76,27175,24296,626,50
"p_revert","high",2,77,30702,27511,671,50
"p_revert","high",2,78,43093,38672,946,50
"p_revert","high",2,79,33287,29796,714,50
"p_revert","high",2,80,32193,28727,749,50
"p_revert","high",2,81,35613,31861,795,50
"p_revert","high",2,82,30788,27539,628,50
"p_revert","high",2,83,23622,21189,501,50
"p_revert","high",2,84,36403,32593,735,50
"p_revert","high",2,85,24493,22023,541,50
"p_revert","high",2,86,24195,21712,544,50
"p_revert","high",2,87,26707,23937,583,50
"p_revert","high",2,88,40618,36294,875,50
"p_revert","high",2,89,34069,30532,755,50
"p_revert","high",2,90,33985,30344,774,50
"p_revert","high",2,91,26523,23759,585,50
"p_revert","high",2,92,31570,28212,700,50
"p_revert","high",2,93,20635,18453,452,50
"p_revert","high",2,94,25857,23225,522,50
"p_revert","high",2,95,22564,20177,542,50
"p_revert","high",2,96,44893,40089,954,50
"p_revert","high",2,97,41235,36907,930,50
"p_revert","high",2,98,43993,39423,945,50
"p_revert","high",2,99,39489,35289,837,50
"p_revert","high",2,100,35572,31845,793,50
"p_revert","high",50,1,7553,6751,4663,50
"p_revert","high",50,2,8039,7195,5018,50
"p_revert","high",50,3,6528,5883,4076,50
"p_revert","high",50,4,6721,6030,4193,50
"p_revert","high",50,5,7715,6849,4674,50
"p_revert","high",50,6,7466,6693,4626,50
"p_revert","high",50,7,7327,6566,4535,50
"p_revert","high",50,8,6786,6110,4253,50
"p_revert","high",50,9,6118,5499,3787,50
"p_revert","high",50,10,9349,8381,5816,50
"p_revert","high",50,11,8576,7656,5324,50
"p_revert","high",50,12,5711,5102,3606,50
"p_revert","high",50,13,10305,9257,6404,50
"p_revert","high",50,14,6818,6116,4284,50
"p_revert","high",50,15,7507,6749,4647,50
"p_revert","high",50,16,8207,7382,5092,50
"p_revert","high",50,17,5782,5224,3654,50
"p_revert","high",50,18,6742,6015,4099,50
"p_revert","high",50,19,7488,6705,4624,50
"p_revert","high",50,20,6037,5400,3795,50
"p_revert","high",50,21,7391,6613,4583,50
"p_revert","high",50,22,7395,6586,4511,50
"p_revert","high",50,23,6265,5582,3875,50
"p_revert","high",50,24,5667,5070,3491,50
"p_revert","high",50,25,6442,5758,4051,50
"p_revert","high",50,26,6548,5870,4031,50
"p_revert","high",50,27,6377,5739,3997,50
"p_revert","high",50,28,7547,6754,4722,50
"p_revert","high",50,29,7628,6783,4618,50
"p_revert","high",50,30,8987,8035,5579,50
"p_revert","high",50,31,7184,6449,4508,50
"p_revert","high",50,32,7913,7081,4946,50
"p_revert","high",50,33,7381,6599,4604,50
"p_revert","high",50,34,6864,6124,4217,50
"p_revert","high",50,35,6354,5675,3974,50
"p_revert","high",50,36,7101,6323,4350,50
"p_revert","high",50,37,7290,6544,4507,50
"p_revert","high",50,38,6708,6006,4209,50
"p_revert","high",50,39,5548,4953,3471,50
"p_revert","high",50,40,4794,4294,2959,50
"p_revert","high",50,41,9351,8375,5836,50
"p_revert","high",50,42,7391,6640,4693,50
"p_revert","high",50,43,7426,6623,4644,50
"p_revert","high",50,44,7018,6276,4410,50
"p_revert","high",50,45,8282,7402,5158,50
"p_revert","high",50,46,6332,5670,3942,50
"p_revert","high",50,47,7836,7042,4860,50
"p_revert","high",50,48,8081,7242,5010,50
"p_revert","high",50,49,6210,5576,3885,50
"p_revert","high",50,50,7746,6961,4831,50
"p_revert","high",50,51,6348,5664,3951,50
"p_revert","high",50,52,6067,5443,3809,50
"p_revert","high",50,53,6982,6283,4331,50
"p_revert","high",50,54,8181,7292,5041,50
"p_revert","high",50,55,7501,6743,4637,50
"p_revert","high",50,56,7185,6410,4417,50
"p_revert","high",50,57,6617,5898,4121,50
"p_revert","high",50,58,7671,6884,4806,50
"p_revert","high",50,59,8707,7842,5423,50
"p_revert","high",50,60,7316,6524,4543,50
"p_revert","high",50,61,6300,5651,3891,50
"p_revert","high",50,62,6594,5879,3970,50
"p_revert","high",50,63,6639,5958,4147,50
"p_revert","high",50,64,7973,7123,4964,50
"p_revert","high",50,65,7161,6420,4433,50
"p_revert","high",50,66,7035,6325,4476,50
"p_revert","high",50,67,7076,6321,4342,50
"p_revert","high",50,68,6802,6142,4310,50
"p_revert","high",50,69,8751,7800,5430,50
"p_revert","high",50,70,7591,6809,4748,50
"p_revert","high",50,71,6505,5850,4002,50
"p_revert","high",50,72,8699,7769,5437,50
"p_revert","high",50,73,7083,6381,4416,50
"p_revert","high",50,74,6690,5962,4179,50
"p_revert","high",50,75,8513,7584,5297,50
"p_revert","high",50,76,8243,7383,5145,50
"p_revert","high",50,77,6301,5648,3973,50
"p_revert","high",50,78,7625,6850,4696,50
"p_revert","high",50,79,7872,7066,4903,50
"p_revert","high",50,80,5927,5309,3686,50
"p_revert","high",50,81,8199,7403,5191,50
"p_revert","high",50,82,7111,6321,4382,50
"p_revert","high",50,83,10172,9136,6286,50
"p_revert","high",50,84,5272,4724,3282,50
"p_revert","high",50,85,6624,5929,4126,50
"p_revert","high",50,86,5990,5385,3711,50
"p_revert","high",50,87,8962,8061,5554,50
"p_revert","high",50,88,7964,7089,4898,50
"p_revert","high",50,89,6313,5646,3855,50
"p_revert","high",50,90,7691,6871,4753,50
"p_revert","high",50,91,8080,7324,5119,50
"p_revert","high",50,92,7279,6563,4614,50
"p_revert","high",50,93,6787,6060,4257,50
"p_revert","high",50,94,5690,5081,3509,50
"p_revert","high",50,95,6848,6134,4265,50
"p_revert","high",50,96,7515,6722,4597,50
"p_revert","high",50,97,7669,6873,4734,50
"p_revert","high",50,98,8553,7694,5294,50
"p_revert","high",50,99,7263,6472,4537,50
"p_revert","high",50,100,6571,5896,4096,50
"p_revert","low",0.5,1,70700,63190,420,50
"p_revert","low",0.5,2,69696,62384,405,50
"p_revert","low",0.5,3,56529,50457,304,50
"p_revert","low",0.5,4,61384,54855,340,50
"p_revert","low",0.5,5,59061,52705,305,50
"p_revert","low",0.5,6,49961,44619,283,50
"p_revert","low",0.5,7,71705,63990,392,50
"p_revert","low",0.5,8,73506,65686,430,50
"p_revert","low",0.5,9,65427,58571,367,50
"p_revert","low",0.5,10,46670,41647,279,50
"p_revert","low",0.5,11,61014,54536,356,50
"p_revert","low",0.5,12,66724,59527,398,50
"p_revert","low",0.5,13,78625,70029,465,50
"p_revert","low",0.5,14,66845,59739,391,50
"p_revert","low",0.5,15,61006,54508,377,50
"p_revert","low",0.5,16,57131,50959,329,50
"p_revert","low",0.5,17,68381,61209,406,50
"p_revert","low",0.5,18,63907,57185,398,50
"p_revert","low",0.5,19,62894,56095,376,50
"p_revert","low",0.5,20,89766,80208,470,50
"p_revert","low",0.5,21,68899,61531,405,50
"p_revert","low",0.5,22,64091,57287,364,50
"p_revert","low",0.5,23,47307,42268,267,50
"p_revert","low",0.5,24,82203,73546,478,50
"p_revert","low",0.5,25,54792,48951,307,50
"p_revert","low",0.5,26,68891,61535,405,50
"p_revert","low",0.5,27,74422,66444,422,50
"p_revert","low",0.5,28,70245,62744,398,50
"p_revert","low",0.5,29,78830,70365,461,50
"p_revert","low",0.5,30,72014,64284,426,50
"p_revert","low",0.5,31,56191,50305,338,50
"p_revert","low",0.5,32,55557,49717,323,50
"p_revert","low",0.5,33,66661,59648,418,50
"p_revert","low",0.5,34,59738,53361,325,50
"p_revert","low",0.5,35,60642,54247,377,50
"p_revert","low",0.5,36,66529,59539,369,50
"p_revert","low",0.5,37,63413,56686,373,50
"p_revert","low",0.5,38,58169,51920,354,50
"p_revert","low",0.5,39,65286,58211,387,50
"p_revert","low",0.5,40,68826,61507,385,50
"p_revert","low",0.5,41,64908,58069,378,50
"p_revert","low",0.5,42,52965,47303,329,50
"p_revert","low",0.5,43,57130,51070,319,50
"p_revert","low",0.5,44,69760,62394,412,50
"p_revert","low",0.5,45,68154,60914,414,50
"p_revert","low",0.5,46,55748,49775,324,50
"p_revert","low",0.5,47,57779,51585,333,50
"p_revert","low",0.5,48,71366,63809,386,50
"p_revert","low",0.5,49,60507,53972,333,50
"p_revert","low",0.5,50,73903,66081,434,50
"p_revert","low",0.5,51,70138,62765,398,50
"p_revert","low",0.5,52,44014,39301,286,50
"p_revert","low",0.5,53,60782,54359,376,50
"p_revert","low",0.5,54,69009,61566,383,50
"p_revert","low",0.5,55,52703,47143,358,50
"p_revert","low",0.5,56,76627,68360,462,50
"p_revert","low",0.5,57,62998,56245,383,50
"p_revert","low",0.5,58,74313,66288,441,50
"p_revert","low",0.5,59,68790,61504,399,50
"p_revert","low",0.5,60,53947,48144,316,50
"p_revert","low",0.5,61,55982,50078,356,50
"p_revert","low",0.5,62,70825,63332,425,50
"p_revert","low",0.5,63,62851,56091,390,50
"p_revert","low",0.5,64,62794,56079,417,50
"p_revert","low",0.5,65,57213,51122,341,50
"p_revert","low",0.5,66,67069,60127,421,50
"p_revert","low",0.5,67,65014,58073,379,50
"p_revert","low",0.5,68,57211,51237,346,50
"p_revert","low",0.5,69,54982,49043,361,50
"p_revert","low",0.5,70,42397,37954,264,50
"p_revert","low",0.5,71,48640,43485,289,50
"p_revert","low",0.5,72,70918,63440,404,50
"p_revert","low",0.5,73,75521,67383,433,50
"p_revert","low",0.5,74,49805,44518,320,50
"p_revert","low",0.5,75,69106,61735,401,50
"p_revert","low",0.5,76,68528,61200,422,50
"p_revert","low",0.5,77,57856,51806,372,50
"p_revert","low",0.5,78,69750,62282,407,50
"p_revert","low",0.5,79,61240,54784,348,50
"p_revert","low",0.5,80,48412,43293,286,50
"p_revert","low",0.5,81,61498,54856,376,50
"p_revert","low",0.5,82,65149,58168,362,50
"p_revert","low",0.5,83,71726,63982,398,50
"p_revert","low",0.5,84,64752,57889,373,50
"p_revert","low",0.5,85,56049,49961,377,50
"p_revert","low",0.5,86,64670,57908,358,50
"p_revert","low",0.5,87,60292,53981,383,50
"p_revert","low",0.5,88,53053,47491,328,50
"p_revert","low",0.5,89,59120,52952,356,50
"p_revert","low",0.5,90,65778,58833,384,50
"p_revert","low",0.5,91,71380,63721,433,50
"p_revert","low",0.5,92,52925,47300,319,50
"p_revert","low",0.5,93,58620,52377,357,50
"p_revert","low",0.5,94,52826,47224,311,50
"p_revert","low",0.5,95,52140,46620,326,50
"p_revert","low",0.5,96,54178,48463,317,50
"p_revert","low",0.5,97,67703,60425,390,50
"p_revert","low",0.5,98,62470,55922,374,50
"p_revert","low",0.5,99,71129,63449,415,50
"p_revert","low",0.5,100,53575,47835,340,50
"p_revert","low",2,1,35155,31454,782,50
"p_revert","low",2,2,33933,30341,749,50
"p_revert","low",2,3,26465,23660,571,50
"p_revert","low",2,4,28662,25694,652,50
"p_revert","low",2,5,31811,28392,676,50
"p_revert","low",2,6,29659,26540,677,50
"p_revert","low",2,7,30855,27442,685,50
"p_revert","low",2,8,34770,31031,739,50
"p_revert","low",2,9,33714,30162,761,50
"p_revert","low",2,10,29469,26325,645,50
"p_revert","low",2,11,38914,34763,829,50
"p_revert","low",2,12,31020,27683,683,50
"p_revert","low",2,13,27001,24243,625,50
"p_revert","low",2,14,29940,26774,644,50
"p_revert","low",2,15,28729,25719,622,50
"p_revert","low",2,16,31313,28009,720,50
"p_revert","low",2,17,29994,26775,689,50
"p_revert","low",2,18,33520,29881,750,50
"p_revert","low",2,19,34419,30810,779,50
"p_revert","low",2,20,43319,38647,921,50
"p_revert","low",2,21,38739,34624,883,50
"p_revert","low",2,22,30526,27270,619,50
"p_revert","low",2,23,38179,34180,819,50
"p_revert","low",2,24,32325,28883,714,50
"p_revert","low",2,25,34230,30667,740,50
"p_revert","low",2,26,22251,19877,486,50
"p_revert","low",2,27,36597,32734,831,50
"p_revert","low",2,28,40046,35817,846,50
"p_revert","low",2,29,31735,28352,673,50
"p_revert","low",2,30,33407,29875,684,50
"p_revert","low",2,31,27316,24500,623,50
"p_revert","low",2,32,33223,29638,718,50
"p_revert","low",2,33,41069,36697,883,50
"p_revert","low",2,34,36132,32306,811,50
"p_revert","low",2,35,33836,30301,723,50
"p_revert","low",2,36,28432,25384,606,50
"p_revert","low",2,37,32360,28882,700,50
"p_revert","low",2,38,31720,28360,694,50
"p_revert","low",2,39,32766,29330,715,50
"p_revert","low",2,40,33644,30050,761,50
"p_revert","low",2,41,29245,26116,682,50
"p_revert","low",2,42,28055,25073,604,50
"p_revert","low",2,43,42462,37805,948,50
"p_revert","low",2,44,41663,37244,907,50
"p_revert","low",2,45,31382,28020,671,50
"p_revert","low",2,46,33924,30249,782,50
"p_revert","low",2,47,38138,34033,817,50
"p_revert","low",2,48,35104,31390,787,50
"p_revert","low",2,49,27130,24310,560,50
"p_revert","low",2,50,28980,25928,650,50
"p_revert","low",2,51,26822,24011,568,50
"p_revert","low",2,52,36013,32170,783,50
"p_revert","low",2,53,28510,25443,636,50
"p_revert","low",2,54,32761,29263,759,50
"p_revert","low",2,55,37077,33109,817,50
"p_revert","low",2,56,35328,31467,801,50
"p_revert","low",2,57,37585,33535,808,50
"p_revert","low",2,58,36375,32553,786,50
"p_revert","low",2,59,36679,32800,821,50
"p_revert","low",2,60,28880,25818,663,50
"p_revert","low",2,61,33728,30068,722,50
"p_revert","low",2,62,33687,30050,792,50
"p_revert","low",2,63,39481,35328,853,50
"p_revert","low",2,64,28579,25586,603,50
"p_revert","low",2,65,30723,27448,686,50
"p_revert","low",2,66,30658,27373,658,50
"p_revert","low",2,67,39370,35202,872,50
"p_revert","low",2,68,35528,31798,787,50
"p_revert","low",2,69,32245,28815,740,50
"p_revert","low",2,70,24571,21933,551,50
"p_revert","low",2,71,29661,26486,671,50
"p_revert","low",2,72,30658,27364,673,50
"p_revert","low",2,73,31732,28243,677,50
"p_revert","low",2,74,27462,24641,616,50
"p_revert","low",2,75,31677,28384,711,50
"p_revert","low",2,76,33804,30200,782,50
"p_revert","low",2,77,30877,27473,708,50
"p_revert","low",2,78,40842,36417,900,50
"p_revert","low",2,79,36370,32587,765,50
"p_revert","low",2,80,34812,31055,780,50
"p_revert","low",2,81,30823,27584,675,50
"p_revert","low",2,82,40451,36166,890,50
"p_revert","low",2,83,36344,32464,786,50
"p_revert","low",2,84,37966,34024,838,50
"p_revert","low",2,85,33159,29557,731,50
"p_revert","low",2,86,30702,27430,732,50
"p_revert","low",2,87,33164,29642,711,50
"p_revert","low",2,88,36197,32351,813,50
"p_revert","low",2,89,33672,30167,807,50
"p_revert","low",2,90,34162,30526,733,50
"p_revert","low",2,91,35703,31918,763,50
"p_revert","low",2,92,42471,38028,946,50
"p_revert","low",2,93,33239,29744,724,50
"p_revert","low",2,94,27773,24851,633,50
"p_revert","low",2,95,43442,38764,920,50
"p_revert","low",2,96,31700,28354,711,50
"p_revert","low",2,97,30329,27089,654,50
"p_revert","low",2,98,31575,28309,699,50
"p_revert","low",2,99,37689,33557,822,50
"p_revert","low",2,100,33822,30301,782,50
"p_revert","low",50,1,6502,5799,4149,50
"p_revert","low",50,2,7178,6455,4600,50
"p_revert","low",50,3,7290,6552,4674,50
"p_revert","low",50,4,8159,7241,5155,50
"p_revert","low",50,5,5909,5295,3772,50
"p_revert","low",50,6,6402,5726,4134,50
"p_revert","low",50,7,5820,5219,3770,50
"p_revert","low",50,8,7793,6927,4991,50
"p_revert","low",50,9,7780,6963,5030,50
"p_revert","low",50,10,8237,7351,5279,50
"p_revert","low",50,11,9610,8606,6169,50
"p_revert","low",50,12,6889,6167,4391,50
"p_revert","low",50,13,8114,7291,5180,50
"p_revert","low",50,14,7191,6394,4654,50
"p_revert","low",50,15,7383,6595,4755,50
"p_revert","low",50,16,8584,7649,5449,50
"p_revert","low",50,17,6994,6219,4390,50
"p_revert","low",50,18,5979,5369,3835,50
"p_revert","low",50,19,7335,6567,4754,50
"p_revert","low",50,20,6767,6024,4352,50
"p_revert","low",50,21,7134,6395,4612,50
"p_revert","low",50,22,6841,6104,4395,50
"p_revert","low",50,23,4967,4448,3161,50
"p_revert","low",50,24,6905,6167,4466,50
"p_revert","low",50,25,7538,6724,4847,50
"p_revert","low",50,26,5699,5062,3650,50
"p_revert","low",50,27,7981,7074,5112,50
"p_revert","low",50,28,7234,6456,4573,50
"p_revert","low",50,29,7357,6570,4741,50
"p_revert","low",50,30,7138,6391,4650,50
"p_revert","low",50,31,7466,6722,4831,50
"p_revert","low",50,32,8130,7222,5205,50
"p_revert","low",50,33,5691,5069,3671,50
"p_revert","low",50,34,7914,7096,5121,50
"p_revert","low",50,35,7167,6405,4598,50
"p_revert","low",50,36,6025,5387,3786,50
"p_revert","low",50,37,8031,7178,5155,50
"p_revert","low",50,38,8470,7557,5382,50
"p_revert","low",50,39,9294,8290,5931,50
"p_revert","low",50,40,7116,6370,4537,50
"p_revert","low",50,41,5871,5263,3800,50
"p_revert","low",50,42,6714,6052,4354,50
"p_revert","low",50,43,6455,5766,4100,50
"p_revert","low",50,44,7786,6956,5021,50
"p_revert","low",50,45,8030,7165,5094,50
"p_revert","low",50,46,7710,6842,4928,50
"p_revert","low",50,47,5478,4900,3588,50
"p_revert","low",50,48,7640,6798,4921,50
"p_revert","low",50,49,7304,6500,4682,50
"p_revert","low",50,50,6530,5846,4174,50
"p_revert","low",50,51,6911,6181,4425,50
"p_revert","low",50,52,8131,7254,5262,50
"p_revert","low",50,53,8044,7167,5119,50
"p_revert","low",50,54,6141,5466,3923,50
"p_revert","low",50,55,5775,5150,3696,50
"p_revert","low",50,56,6375,5659,4112,50
"p_revert","low",50,57,7280,6495,4611,50
"p_revert","low",50,58,5159,4597,3326,50
"p_revert","low",50,59,5174,4594,3311,50
"p_revert","low",50,60,7646,6856,4912,50
"p_revert","low",50,61,7244,6432,4612,50
"p_revert","low",50,62,6515,5824,4200,50
"p_revert","low",50,63,8386,7491,5310,50
"p_revert","low",50,64,6957,6192,4456,50
"p_revert","low",50,65,7972,7122,5074,50
"p_revert","low",50,66,7155,6378,4640,50
"p_revert","low",50,67,7928,7071,5098,50
"p_revert","low",50,68,8372,7460,5380,50
"p_revert","low",50,69,6999,6268,4506,50
"p_revert","low",50,70,6470,5815,4226,50
"p_revert","low",50,71,8285,7385,5340,50
"p_revert","low",50,72,6266,5590,4063,50
"p_revert","low",50,73,6863,6134,4385,50
"p_revert","low",50,74,5344,4811,3440,50
"p_revert","low",50,75,5236,4646,3301,50
"p_revert","low",50,76,6877,6128,4424,50
"p_revert","low",50,77,6045,5389,3897,50
"p_revert","low",50,78,6696,5997,4287,50
"p_revert","low",50,79,6951,6243,4493,50
"p_revert","low",50,80,5630,5066,3620,50
"p_revert","low",50,81,6625,5915,4255,50
"p_revert","low",50,82,8344,7438,5335,50
"p_revert","low",50,83,5823,5250,3776,50
"p_revert","low",50,84,7441,6674,4783,50
"p_revert","low",50,85,6423,5788,4243,50
"p_revert","low",50,86,6402,5704,4050,50
"p_revert","low",50,87,6829,6093,4364,50
"p_revert","low",50,88,7637,6771,4881,50
"p_revert","low",50,89,6108,5471,3947,50
"p_revert","low",50,90,7396,6598,4731,50
"p_revert","low",50,91,8509,7602,5486,50
"p_revert","low",50,92,8633,7696,5511,50
"p_revert","low",50,93,8193,7311,5240,50
"p_revert","low",50,94,6779,6075,4355,50
"p_revert","low",50,95,7057,6277,4567,50
"p_revert","low",50,96,7974,7068,5076,50
"p_revert","low",50,97,6610,5911,4265,50
"p_revert","low",50,98,5943,5286,3780,50
"p_revert","low",50,99,7051,6298,4587,50
"p_revert","low",50,100,6849,6157,4424,50
"p_slow","high",0.5,1,52681,46524,319,50
"p_slow","high",0.5,2,57356,50585,304,50
"p_slow","high",0.5,3,47190,41690,320,50
"p_slow","high",0.5,4,52007,45872,330,50
"p_slow","high",0.5,5,39767,35093,241,50
"p_slow","high",0.5,6,49214,43316,292,50
"p_slow","high",0.5,7,45341,40031,285,50
"p_slow","high",0.5,8,43490,38258,250,50
"p_slow","high",0.5,9,53156,46950,339,50
"p_slow","high",0.5,10,54325,47939,281,50
"p_slow","high",0.5,11,56474,49755,295,50
"p_slow","high",0.5,12,50137,44079,276,50
"p_slow","high",0.5,13,55075,48584,311,50
"p_slow","high",0.5,14,62001,54639,356,50
"p_slow","high",0.5,15,61659,54276,389,50
"p_slow","high",0.5,16,67938,59904,351,50
"p_slow","high",0.5,17,55678,49258,322,50
"p_slow","high",0.5,18,61650,54397,366,50
"p_slow","high",0.5,19,48488,42738,283,50
"p_slow","high",0.5,20,36743,32469,217,50
"p_slow","high",0.5,21,52061,45970,295,50
"p_slow","high",0.5,22,40807,36027,267,50
"p_slow","high",0.5,23,42756,37679,264,50
"p_slow","high",0.5,24,60678,53547,324,50
"p_slow","high",0.5,25,52865,46794,289,50
"p_slow","high",0.5,26,56334,49894,297,50
"p_slow","high",0.5,27,57165,50410,322,50
"p_slow","high",0.5,28,64321,56768,401,50
"p_slow","high",0.5,29,48896,43283,285,50
"p_slow","high",0.5,30,44004,38688,258,50
"p_slow","high",0.5,31,55961,49406,338,50
"p_slow","high",0.5,32,66248,58468,372,50
"p_slow","high",0.5,33,55446,49103,312,50
"p_slow","high",0.5,34,53098,46775,293,50
"p_slow","high",0.5,35,49504,43724,288,50
"p_slow","high",0.5,36,58735,51811,315,50
"p_slow","high",0.5,37,44383,39172,263,50
"p_slow","high",0.5,38,46784,41387,271,50
"p_slow","high",0.5,39,54177,47743,309,50
"p_slow","high",0.5,40,43818,38572,278,50
"p_slow","high",0.5,41,57108,50379,321,50
"p_slow","high",0.5,42,41955,36885,248,50
"p_slow","high",0.5,43,44008,38895,268,50
"p_slow","high",0.5,44,51618,45514,297,50
"p_slow","high",0.5,45,61159,53824,355,50
"p_slow","high",0.5,46,54515,48092,300,50
"p_slow","high",0.5,47,35832,31680,217,50
"p_slow","high",0.5,48,50820,44923,295,50
"p_slow","high",0.5,49,44092,38934,272,50
"p_slow","high",0.5,50,40105,35361,249,50
"p_slow","high",0.5,51,46682,41178,284,50
"p_slow","high",0.5,52,50075,44181,270,50
"p_slow","high",0.5,53,46927,41288,258,50
"p_slow","high",0.5,54,50520,44618,309,50
"p_slow","high",0.5,55,54067,47715,319,50
"p_slow","high",0.5,56,46396,40940,276,50
"p_slow","high",0.5,57,49339,43631,299,50
"p_slow","high",0.5,58,64695,57000,377,50
"p_slow","high",0.5,59,59163,52142,305,50
"p_slow","high",0.5,60,57048,50391,320,50
"p_slow","high",0.5,61,42889,37832,252,50
"p_slow","high",0.5,62,55525,49099,298,50
"p_slow","high",0.5,63,52907,46739,314,50
"p_slow","high",0.5,64,59567,52697,353,50
"p_slow","high",0.5,65,56000,49461,333,50
"p_slow","high",0.5,66,59402,52358,404,50
"p_slow","high",0.5,67,49943,44066,276,50
"p_slow","high",0.5,68,59543,52701,352,50
"p_slow","high",0.5,69,54980,48375,328,50
"p_slow","high",0.5,70,58913,51951,314,50
"p_slow","high",0.5,71,49206,43445,288,50
"p_slow","high",0.5,72,58042,51187,327,50
"p_slow","high",0.5,73,55619,49119,294,50
"p_slow","high",0.5,74,60134,53118,340,50
"p_slow","high",0.5,75,49876,43997,304,50
"p_slow","high",0.5,76,58288,51497,315,50
"p_slow","high",0.5,77,56131,49510,319,50
"p_slow","high",0.5,78,51417,45361,285,50
"p_slow","high",0.5,79,50215,44320,280,50
"p_slow","high",0.5,80,68828,60744,388,50
"p_slow","high",0.5,81,69289,61098,389,50
"p_slow","high",0.5,82,57792,50986,326,50
"p_slow","high",0.5,83,42601,37540,262,50
"p_slow","high",0.5,84,48007,42357,266,50
"p_slow","high",0.5,85,49139,43353,290,50
"p_slow","high",0.5,86,61475,54195,355,50
"p_slow","high",0.5,87,67060,59105,404,50
"p_slow","high",0.5,88,34430,30367,216,50
"p_slow","high",0.5,89,57625,50858,340,50
"p_slow","high",0.5,90,46708,41363,255,50
"p_slow","high",0.5,91,56469,49995,309,50
"p_slow","high",0.5,92,50113,44154,289,50
"p_slow","high",0.5,93,48677,42893,282,50
"p_slow","high",0.5,94,48353,42598,264,50
"p_slow","high",0.5,95,63561,56088,359,50
"p_slow","high",0.5,96,53320,47085,313,50
"p_slow","high",0.5,97,64324,56746,345,50
"p_slow","high",0.5,98,68961,60808,399,50
"p_slow","high",0.5,99,46049,40727,287,50
"p_slow","high",0.5,100,47690,42081,271,50
"p_slow","high",2,1,35111,30939,688,50
"p_slow","high",2,2,28445,25143,621,50
"p_slow","high",2,3,19923,17603,409,50
"p_slow","high",2,4,31151,27517,636,50
"p_slow","high",2,5,31114,27369,687,50
"p_slow","high",2,6,26620,23435,570,50
"p_slow","high",2,7,29722,26189,641,50
"p_slow","high",2,8,31729,27988,752,50
"p_slow","high",2,9,27412,24127,587,50
"p_slow","high",2,10,35847,31649,732,50
"p_slow","high",2,11,31987,28197,679,50
"p_slow","high",2,12,24683,21838,584,50
"p_slow","high",2,13,28015,24804,558,50
"p_slow","high",2,14,28915,25578,607,50
"p_slow","high",2,15,25521,22509,516,50
"p_slow","high",2,16,30178,26609,592,50
"p_slow","high",2,17,24564,21712,526,50
"p_slow","high",2,18,23859,21030,497,50
"p_slow","high",2,19,29663,26180,613,50
"p_slow","high",2,20,37708,33189,814,50
"p_slow","high",2,21,32150,28304,640,50
"p_slow","high",2,22,32059,28194,724,50
"p_slow","high",2,23,31493,27743,667,50
"p_slow","high",2,24,36328,32077,814,50
"p_slow","high",2,25,21490,18941,504,50
"p_slow","high",2,26,28548,25202,632,50
"p_slow","high",2,27,22419,19739,540,50
"p_slow","high",2,28,38885,34186,835,50
"p_slow","high",2,29,33014,29148,695,50
"p_slow","high",2,30,33299,29451,718,50
"p_slow","high",2,31,30073,26555,613,50
"p_slow","high",2,32,28446,25106,606,50
"p_slow","high",2,33,28823,25391,551,50
"p_slow","high",2,34,23343,20488,504,50
"p_slow","high",2,35,35128,31006,746,50
"p_slow","high",2,36,32404,28544,671,50
"p_slow","high",2,37,27363,24165,554,50
"p_slow","high",2,38,27570,24423,608,50
"p_slow","high",2,39,32741,28824,675,50
"p_slow","high",2,40,28151,24755,590,50
"p_slow","high",2,41,27523,24257,577,50
"p_slow","high",2,42,29740,26291,633,50
"p_slow","high",2,43,32537,28703,705,50
"p_slow","high",2,44,19103,16824,416,50
"p_slow","high",2,45,32161,28473,674,50
"p_slow","high",2,46,25859,22872,544,50
"p_slow","high",2,47,24478,21497,555,50
"p_slow","high",2,48,25253,22273,534,50
"p_slow","high",2,49,24977,22053,503,50
"p_slow","high",2,50,20119,17777,437,50
"p_slow","high",2,51,29181,25792,633,50
"p_slow","high",2,52,27711,24329,597,50
"p_slow","high",2,53,26578,23452,532,50
"p_slow","high",2,54,30515,26908,667,50
"p_slow","high",2,55,25890,22908,525,50
"p_slow","high",2,56,25927,22924,546,50
"p_slow","high",2,57,31190,27524,634,50
"p_slow","high",2,58,25555,22473,538,50
"p_slow","high",2,59,24897,21972,540,50
"p_slow","high",2,60,30439,26879,654,50
"p_slow","high",2,61,29823,26307,603,50
"p_slow","high",2,62,22758,20107,507,50
"p_slow","high",2,63,32410,28624,663,50
"p_slow","high",2,64,27341,24167,554,50
"p_slow","high",2,65,24555,21569,508,50
"p_slow","high",2,66,22800,20090,478,50
"p_slow","high",2,67,27307,24098,597,50
"p_slow","high",2,68,30767,27170,638,50
"p_slow","high",2,69,21405,18875,505,50
"p_slow","high",2,70,31342,27697,640,50
"p_slow","high",2,71,21188,18686,478,50
"p_slow","high",2,72,27164,23959,582,50
"p_slow","high",2,73,30745,27248,622,50
"p_slow","high",2,74,36492,32150,824,50
"p_slow","high",2,75,36412,32120,760,50
"p_slow","high",2,76,28451,25038,571,50
"p_slow","high",2,77,31470,27799,662,50
"p_slow","high",2,78,32951,29128,716,50
"p_slow","high",2,79,30218,26636,670,50
"p_slow","high",2,80,26882,23796,572,50
"p_slow","high",2,81,23937,21182,506,50
"p_slow","high",2,82,25371,22454,540,50
"p_slow","high",2,83,30230,26721,655,50
"p_slow","high",2,84,25239,22238,495,50
"p_slow","high",2,85,29292,25770,612,50
"p_slow","high",2,86,28522,25175,632,50
"p_slow","high",2,87,30328,26756,622,50
"p_slow","high",2,88,28167,24924,591,50
"p_slow","high",2,89,31098,27516,637,50
"p_slow","high",2,90,26059,23056,541,50
"p_slow","high",2,91,30974,27317,626,50
"p_slow","high",2,92,24773,21832,544,50
"p_slow","high",2,93,27635,24456,525,50
"p_slow","high",2,94,32910,29087,725,50
"p_slow","high",2,95,33396,29400,711,50
"p_slow","high",2,96,30740,27178,657,50
"p_slow","high",2,97,29418,25996,596,50
"p_slow","high",2,98,25336,22340,581,50
"p_slow","high",2,99,37703,33329,801,50
"p_slow","high",2,100,19242,16959,416,50
"p_slow","high",50,1,9386,8278,5845,50
"p_slow","high",50,2,6181,5458,3808,50
"p_slow","high",50,3,7893,7007,4964,50
"p_slow","high",50,4,6430,5666,3960,50
"p_slow","high",50,5,7090,6251,4420,50
"p_slow","high",50,6,8585,7590,5313,50
"p_slow","high",50,7,6765,5929,4124,50
"p_slow","high",50,8,7111,6273,4419,50
"p_slow","high",50,9,7204,6389,4486,50
"p_slow","high",50,10,6127,5422,3822,50
"p_slow","high",50,11,7127,6290,4479,50
"p_slow","high",50,12,5731,5030,3503,50
"p_slow","high",50,13,7597,6693,4701,50
"p_slow","high",50,14,6728,5966,4181,50
"p_slow","high",50,15,9551,8444,5950,50
"p_slow","high",50,16,7567,6646,4677,50
"p_slow","high",50,17,7710,6835,4757,50
"p_slow","high",50,18,7761,6903,4853,50
"p_slow","high",50,19,8323,7367,5235,50
"p_slow","high",50,20,7065,6242,4359,50
"p_slow","high",50,21,8415,7363,5188,50
"p_slow","high",50,22,6244,5501,3899,50
"p_slow","high",50,23,7983,7076,5047,50
"p_slow","high",50,24,7731,6791,4786,50
"p_slow","high",50,25,6595,5783,4087,50
"p_slow","high",50,26,7535,6665,4672,50
"p_slow","high",50,27,7204,6402,4432,50
"p_slow","high",50,28,6599,5807,4127,50
"p_slow","high",50,29,7785,6908,4826,50
"p_slow","high",50,30,7748,6848,4857,50
"p_slow","high",50,31,5023,4418,3105,50
"p_slow","high",50,32,6514,5771,4080,50
"p_slow","high",50,33,8671,7642,5415,50
"p_slow","high",50,34,5642,4980,3490,50
"p_slow","high",50,35,5463,4809,3394,50
"p_slow","high",50,36,6725,5933,4170,50
"p_slow","high",50,37,6864,6110,4314,50
"p_slow","high",50,38,9521,8411,5843,50
"p_slow","high",50,39,7488,6590,4682,50
"p_slow","high",50,40,7060,6233,4406,50
"p_slow","high",50,41,6261,5523,3890,50
"p_slow","high",50,42,7380,6532,4548,50
"p_slow","high",50,43,6208,5494,3872,50
"p_slow","high",50,44,7291,6360,4417,50
"p_slow","high",50,45,7398,6530,4638,50
"p_slow","high",50,46,6883,6097,4282,50
"p_slow","high",50,47,7414,6534,4679,50
"p_slow","high",50,48,7171,6324,4460,50
"p_slow","high",50,49,7347,6497,4612,50
"p_slow","high",50,50,7930,7040,4955,50
"p_slow","high",50,51,6330,5622,3939,50
"p_slow","high",50,52,6982,6158,4316,50
"p_slow","high",50,53,4815,4249,2969,50
"p_slow","high",50,54,7519,6592,4641,50
"p_slow","high",50,55,5018,4433,3109,50
"p_slow","high",50,56,6693,5920,4189,50
"p_slow","high",50,57,6179,5469,3788,50
"p_slow","high",50,58,5650,4961,3508,50
"p_slow","high",50,59,6185,5425,3812,50
"p_slow","high",50,60,6903,6100,4288,50
"p_slow","high",50,61,6365,5573,3901,50
"p_slow","high",50,62,8206,7246,5071,50
"p_slow","high",50,63,6953,6171,4384,50
"p_slow","high",50,64,6516,5717,4046,50
"p_slow","high",50,65,6109,5402,3780,50
"p_slow","high",50,66,5663,5010,3458,50
"p_slow","high",50,67,6981,6173,4338,50
"p_slow","high",50,68,5686,5011,3544,50
"p_slow","high",50,69,6962,6149,4362,50
"p_slow","high",50,70,6601,5803,4032,50
"p_slow","high",50,71,7656,6741,4705,50
"p_slow","high",50,72,5480,4876,3395,50
"p_slow","high",50,73,10015,8797,6172,50
"p_slow","high",50,74,6669,5902,4131,50
"p_slow","high",50,75,6943,6094,4258,50
"p_slow","high",50,76,7743,6910,4852,50
"p_slow","high",50,77,5899,5205,3577,50
"p_slow","high",50,78,7073,6226,4409,50
"p_slow","high",50,79,6625,5811,4099,50
"p_slow","high",50,80,7153,6337,4454,50
"p_slow","high",50,81,6052,5362,3753,50
"p_slow","high",50,82,8158,7201,4977,50
"p_slow","high",50,83,7069,6267,4417,50
"p_slow","high",50,84,7005,6203,4385,50
"p_slow","high",50,85,6687,5878,4153,50
"p_slow","high",50,86,5497,4857,3409,50
"p_slow","high",50,87,6762,6011,4190,50
"p_slow","high",50,88,6857,6008,4250,50
"p_slow","high",50,89,6102,5379,3798,50
"p_slow","high",50,90,8415,7401,5196,50
"p_slow","high",50,91,5356,4773,3408,50
"p_slow","high",50,92,7063,6264,4416,50
"p_slow","high",50,93,5958,5227,3637,50
"p_slow","high",50,94,7226,6339,4467,50
"p_slow","high",50,95,7881,6968,4922,50
"p_slow","high",50,96,6592,5796,4120,50
"p_slow","high",50,97,6591,5804,4059,50
"p_slow","high",50,98,6428,5700,4029,50
"p_slow","high",50,99,6931,6107,4265,50
"p_slow","high",50,100,7321,6458,4502,50
"p_slow","low",0.5,1,101695,92238,582,50
"p_slow","low",0.5,2,81438,73755,507,50
"p_slow","low",0.5,3,82981,75326,509,50
"p_slow","low",0.5,4,91291,82771,514,50
"p_slow","low",0.5,5,69406,62884,454,50
"p_slow","low",0.5,6,73514,66695,450,50
"p_slow","low",0.5,7,73911,67098,426,50
"p_slow","low",0.5,8,118193,107179,680,50
"p_slow","low",0.5,9,65362,59192,423,50
"p_slow","low",0.5,10,97747,88652,587,50
"p_slow","low",0.5,11,65693,59621,402,50
"p_slow","low",0.5,12,75982,69000,438,50
"p_slow","low",0.5,13,78134,70874,463,50
"p_slow","low",0.5,14,81608,74089,489,50
"p_slow","low",0.5,15,76038,69002,448,50
"p_slow","low",0.5,16,97459,88112,563,50
"p_slow","low",0.5,17,104003,94200,570,50
"p_slow","low",0.5,18,103961,94358,625,50
"p_slow","low",0.5,19,68012,61747,393,50
"p_slow","low",0.5,20,66902,60848,424,50
"p_slow","low",0.5,21,76580,69509,461,50
"p_slow","low",0.5,22,87045,78974,491,50
"p_slow","low",0.5,23,59418,53807,361,50
"p_slow","low",0.5,24,85530,77514,506,50
"p_slow","low",0.5,25,73190,66303,421,50
"p_slow","low",0.5,26,78129,70991,493,50
"p_slow","low",0.5,27,95177,86288,567,50
"p_slow","low",0.5,28,76844,69598,455,50
"p_slow","low",0.5,29,85400,77359,508,50
"p_slow","low",0.5,30,62207,56220,381,50
"p_slow","low",0.5,31,72919,66175,403,50
"p_slow","low",0.5,32,75155,68064,432,50
"p_slow","low",0.5,33,82524,74691,477,50
"p_slow","low",0.5,34,84953,76769,503,50
"p_slow","low",0.5,35,87557,79332,468,50
"p_slow","low",0.5,36,79445,72054,494,50
"p_slow","low",0.5,37,63505,57533,390,50
"p_slow","low",0.5,38,99990,90621,574,50
"p_slow","low",0.5,39,82402,74764,499,50
"p_slow","low",0.5,40,99074,89742,628,50
"p_slow","low",0.5,41,84752,76869,504,50
"p_slow","low",0.5,42,82830,75048,508,50
"p_slow","low",0.5,43,79543,72142,457,50
"p_slow","low",0.5,44,83324,75514,496,50
"p_slow","low",0.5,45,72014,65293,432,50
"p_slow","low",0.5,46,56708,51549,326,50
"p_slow","low",0.5,47,85208,77210,510,50
"p_slow","low",0.5,48,75100,68040,475,50
"p_slow","low",0.5,49,66826,60664,373,50
"p_slow","low",0.5,50,84214,76266,447,50
"p_slow","low",0.5,51,75306,68380,440,50
"p_slow","low",0.5,52,86428,78394,515,50
"p_slow","low",0.5,53,85154,77244,485,50
"p_slow","low",0.5,54,90190,81667,556,50
"p_slow","low",0.5,55,83472,75550,480,50
"p_slow","low",0.5,56,61320,55591,389,50
"p_slow","low",0.5,57,86060,78092,531,50
"p_slow","low",0.5,58,82867,75175,501,50
"p_slow","low",0.5,59,78452,71040,472,50
"p_slow","low",0.5,60,103905,94058,575,50
"p_slow","low",0.5,61,70399,63812,408,50
"p_slow","low",0.5,62,84152,76269,500,50
"p_slow","low",0.5,63,70749,64140,417,50
"p_slow","low",0.5,64,72620,65910,416,50
"p_slow","low",0.5,65,83680,75853,487,50
"p_slow","low",0.5,66,75943,68954,442,50
"p_slow","low",0.5,67,57550,52124,386,50
"p_slow","low",0.5,68,87361,79090,552,50
"p_slow","low",0.5,69,68182,61968,381,50
"p_slow","low",0.5,70,79816,72170,531,50
"p_slow","low",0.5,71,81215,73565,496,50
"p_slow","low",0.5,72,75813,68782,466,50
"p_slow","low",0.5,73,92621,84136,579,50
"p_slow","low",0.5,74,94321,85270,517,50
"p_slow","low",0.5,75,78124,70756,465,50
"p_slow","low",0.5,76,68354,62118,423,50
"p_slow","low",0.5,77,77926,70707,444,50
"p_slow","low",0.5,78,84433,76509,498,50
"p_slow","low",0.5,79,74509,67613,453,50
"p_slow","low",0.5,80,86992,79015,544,50
"p_slow","low",0.5,81,73500,66573,463,50
"p_slow","low",0.5,82,86256,78163,523,50
"p_slow","low",0.5,83,91166,82559,511,50
"p_slow","low",0.5,84,74723,67740,452,50
"p_slow","low",0.5,85,74813,67730,448,50
"p_slow","low",0.5,86,69410,63031,431,50
"p_slow","low",0.5,87,67394,61100,435,50
"p_slow","low",0.5,88,101819,92424,605,50
"p_slow","low",0.5,89,81134,73530,501,50
"p_slow","low",0.5,90,84878,76970,519,50
"p_slow","low",0.5,91,62817,56868,365,50
"p_slow","low",0.5,92,81732,74021,444,50
"p_slow","low",0.5,93,71716,65022,436,50
"p_slow","low",0.5,94,63971,57975,387,50
"p_slow","low",0.5,95,84216,76439,477,50
"p_slow","low",0.5,96,88322,80077,540,50
"p_slow","low",0.5,97,67744,61367,391,50
"p_slow","low",0.5,98,76714,69541,435,50
"p_slow","low",0.5,99,83535,75785,473,50
"p_slow","low",0.5,100,94547,85861,569,50
"p_slow","low",2,1,44936,40769,1028,50
"p_slow","low",2,2,36111,32766,842,50
"p_slow","low",2,3,41945,37864,974,50
"p_slow","low",2,4,45287,40968,1017,50
"p_slow","low",2,5,42891,38864,918,50
"p_slow","low",2,6,42645,38715,968,50
"p_slow","low",2,7,37850,34326,837,50
"p_slow","low",2,8,36120,32705,828,50
"p_slow","low",2,9,45503,41187,1025,50
"p_slow","low",2,10,35152,31807,818,50
"p_slow","low",2,11,40265,36387,904,50
"p_slow","low",2,12,42757,38809,927,50
"p_slow","low",2,13,39552,35829,866,50
"p_slow","low",2,14,40001,36308,929,50
"p_slow","low",2,15,35776,32405,802,50
"p_slow","low",2,16,38703,35125,822,50
"p_slow","low",2,17,36900,33391,825,50
"p_slow","low",2,18,42797,38867,964,50
"p_slow","low",2,19,54977,49901,1221,50
"p_slow","low",2,20,42513,38641,985,50
"p_slow","low",2,21,44199,40159,986,50
"p_slow","low",2,22,38295,34708,853,50
"p_slow","low",2,23,41227,37294,905,50
"p_slow","low",2,24,42028,38118,985,50
"p_slow","low",2,25,49753,45047,1074,50
"p_slow","low",2,26,42978,39045,954,50
"p_slow","low",2,27,46385,41959,988,50
"p_slow","low",2,28,34677,31457,785,50
"p_slow","low",2,29,45879,41713,1044,50
"p_slow","low",2,30,45155,41003,996,50
"p_slow","low",2,31,31940,28912,688,50
"p_slow","low",2,32,37593,34160,896,50
"p_slow","low",2,33,34142,31014,785,50
"p_slow","low",2,34,36833,33410,859,50
"p_slow","low",2,35,41988,38194,923,50
"p_slow","low",2,36,44361,40317,961,50
"p_slow","low",2,37,37400,33912,823,50
"p_slow","low",2,38,42768,38816,947,50
"p_slow","low",2,39,34681,31445,752,50
"p_slow","low",2,40,47764,43327,1105,50
"p_slow","low",2,41,38407,34872,846,50
"p_slow","low",2,42,30855,27997,700,50
"p_slow","low",2,43,47329,42838,1053,50
"p_slow","low",2,44,31966,28964,760,50
"p_slow","low",2,45,26850,24301,616,50
"p_slow","low",2,46,39770,36037,929,50
"p_slow","low",2,47,33091,29936,713,50
"p_slow","low",2,48,40928,37100,925,50
"p_slow","low",2,49,39963,36213,915,50
"p_slow","low",2,50,51506,46649,1115,50
"p_slow","low",2,51,47737,43259,1042,50
"p_slow","low",2,52,34088,30830,806,50
"p_slow","low",2,53,40208,36448,883,50
"p_slow","low",2,54,27018,24437,619,50
"p_slow","low",2,55,48485,43903,1123,50
"p_slow","low",2,56,49181,44568,1056,50
"p_slow","low",2,57,30937,28073,730,50
"p_slow","low",2,58,50926,46190,1185,50
"p_slow","low",2,59,51410,46645,1144,50
"p_slow","low",2,60,41753,37944,897,50
"p_slow","low",2,61,43828,39649,996,50
"p_slow","low",2,62,43701,39668,961,50
"p_slow","low",2,63,36084,32787,795,50
"p_slow","low",2,64,43535,39532,948,50
"p_slow","low",2,65,46798,42378,1062,50
"p_slow","low",2,66,41287,37462,970,50
"p_slow","low",2,67,33160,30177,811,50
"p_slow","low",2,68,36250,32890,797,50
"p_slow","low",2,69,36075,32650,810,50
"p_slow","low",2,70,31924,28939,703,50
"p_slow","low",2,71,32840,29818,741,50
"p_slow","low",2,72,39824,36200,839,50
"p_slow","low",2,73,43329,39236,906,50
"p_slow","low",2,74,40537,36725,931,50
"p_slow","low",2,75,38785,35176,879,50
"p_slow","low",2,76,46069,41709,1060,50
"p_slow","low",2,77,42551,38590,986,50
"p_slow","low",2,78,32183,29201,731,50
"p_slow","low",2,79,44870,40738,1083,50
"p_slow","low",2,80,36108,32744,775,50
"p_slow","low",2,81,44468,40205,970,50
"p_slow","low",2,82,40711,36994,978,50
"p_slow","low",2,83,45726,41488,997,50
"p_slow","low",2,84,42732,38708,937,50
"p_slow","low",2,85,36176,32687,833,50
"p_slow","low",2,86,39563,35810,918,50
"p_slow","low",2,87,37631,34181,840,50
"p_slow","low",2,88,52026,47166,1141,50
"p_slow","low",2,89,38222,34698,874,50
"p_slow","low",2,90,34958,31716,821,50
"p_slow","low",2,91,42628,38619,971,50
"p_slow","low",2,92,41110,37319,932,50
"p_slow","low",2,93,33439,30325,752,50
"p_slow","low",2,94,31314,28428,704,50
"p_slow","low",2,95,32055,29101,736,50
"p_slow","low",2,96,42042,38122,969,50
"p_slow","low",2,97,44801,40587,945,50
"p_slow","low",2,98,37209,33713,874,50
"p_slow","low",2,99,36830,33440,781,50
"p_slow","low",2,100,32024,29034,744,50
"p_slow","low",50,1,6522,5913,4195,50
"p_slow","low",50,2,6356,5754,4159,50
"p_slow","low",50,3,7034,6383,4592,50
"p_slow","low",50,4,7425,6737,4794,50
"p_slow","low",50,5,4559,4129,2916,50
"p_slow","low",50,6,7006,6364,4515,50
"p_slow","low",50,7,5998,5434,3851,50
"p_slow","low",50,8,7775,7031,5009,50
"p_slow","low",50,9,5827,5283,3699,50
"p_slow","low",50,10,7391,6709,4799,50
"p_slow","low",50,11,7322,6660,4733,50
"p_slow","low",50,12,9516,8658,6138,50
"p_slow","low",50,13,7955,7185,5058,50
"p_slow","low",50,14,4703,4246,2996,50
"p_slow","low",50,15,8702,7929,5616,50
"p_slow","low",50,16,6718,6103,4294,50
"p_slow","low",50,17,6114,5572,3966,50
"p_slow","low",50,18,7329,6651,4696,50
"p_slow","low",50,19,6564,5958,4157,50
"p_slow","low",50,20,6902,6256,4444,50
"p_slow","low",50,21,6763,6142,4346,50
"p_slow","low",50,22,6047,5497,3964,50
"p_slow","low",50,23,6772,6172,4370,50
"p_slow","low",50,24,8096,7299,5167,50
"p_slow","low",50,25,7668,6942,4842,50
"p_slow","low",50,26,6728,6088,4298,50
"p_slow","low",50,27,8839,8021,5703,50
"p_slow","low",50,28,6477,5885,4201,50
"p_slow","low",50,29,5805,5276,3731,50
"p_slow","low",50,30,7051,6434,4527,50
"p_slow","low",50,31,6445,5807,4141,50
"p_slow","low",50,32,6557,5933,4183,50
"p_slow","low",50,33,8699,7893,5632,50
"p_slow","low",50,34,8343,7591,5409,50
"p_slow","low",50,35,6390,5782,4097,50
"p_slow","low",50,36,8112,7351,5260,50
"p_slow","low",50,37,9436,8516,6005,50
"p_slow","low",50,38,6704,6103,4357,50
"p_slow","low",50,39,6438,5819,4102,50
"p_slow","low",50,40,7882,7141,5071,50
"p_slow","low",50,41,6266,5707,4090,50
"p_slow","low",50,42,6395,5812,4140,50
"p_slow","low",50,43,6635,6013,4208,50
"p_slow","low",50,44,5761,5224,3761,50
"p_slow","low",50,45,5322,4807,3450,50
"p_slow","low",50,46,6102,5528,3945,50
"p_slow","low",50,47,6202,5608,3961,50
"p_slow","low",50,48,7121,6456,4600,50
"p_slow","low",50,49,8844,8009,5706,50
"p_slow","low",50,50,6632,6049,4287,50
"p_slow","low",50,51,8753,7923,5592,50
"p_slow","low",50,52,6232,5649,3992,50
"p_slow","low",50,53,5711,5172,3662,50
"p_slow","low",50,54,9075,8215,5844,50
"p_slow","low",50,55,7869,7164,5076,50
"p_slow","low",50,56,8154,7356,5256,50
"p_slow","low",50,57,6978,6312,4470,50
"p_slow","low",50,58,6202,5673,4072,50
"p_slow","low",50,59,7163,6498,4582,50
"p_slow","low",50,60,6894,6257,4475,50
"p_slow","low",50,61,7186,6499,4587,50
"p_slow","low",50,62,7989,7270,5124,50
"p_slow","low",50,63,8409,7634,5415,50
"p_slow","low",50,64,7722,6977,4921,50
"p_slow","low",50,65,7580,6865,4937,50
"p_slow","low",50,66,6739,6094,4343,50
"p_slow","low",50,67,6339,5766,4110,50
"p_slow","low",50,68,6962,6336,4535,50
"p_slow","low",50,69,6647,5998,4312,50
"p_slow","low",50,70,7985,7250,5207,50
"p_slow","low",50,71,5650,5149,3687,50
"p_slow","low",50,72,7184,6565,4667,50
"p_slow","low",50,73,8064,7288,5166,50
"p_slow","low",50,74,7428,6729,4754,50
"p_slow","low",50,75,7334,6639,4701,50
"p_slow","low",50,76,9585,8674,6090,50
"p_slow","low",50,77,8410,7564,5428,50
"p_slow","low",50,78,7060,6420,4529,50
"p_slow","low",50,79,7175,6495,4508,50
"p_slow","low",50,80,6843,6216,4395,50
"p_slow","low",50,81,6705,6084,4444,50
"p_slow","low",50,82,5541,4994,3577,50
"p_slow","low",50,83,7513,6837,4827,50
"p_slow","low",50,84,6836,6131,4317,50
"p_slow","low",50,85,6868,6212,4415,50
"p_slow","low",50,86,7224,6532,4665,50
"p_slow","low",50,87,7007,6298,4481,50
"p_slow","low",50,88,6713,6118,4338,50
"p_slow","low",50,89,8811,7982,5657,50
"p_slow","low",50,90,7859,7126,5044,50
"p_slow","low",50,91,7341,6643,4707,50
"p_slow","low",50,92,8176,7438,5298,50
"p_slow","low",50,93,7837,7092,5040,50
"p_slow","low",50,94,5844,5325,3796,50
"p_slow","low",50,95,6190,5622,3986,50
"p_slow","low",50,96,6589,5939,4227,50
"p_slow","low",50,97,7700,7010,4944,50
"p_slow","low",50,98,9103,8260,5828,50
"p_slow","low",50,99,7708,7002,4930,50
"p_slow","low",50,100,6570,5966,4260,50
"rho","high",0.5,1,60050,53452,343,50
"rho","high",0.5,2,85881,76452,429,50
"rho","high",0.5,3,55553,49618,325,50
"rho","high",0.5,4,90108,80171,446,50
"rho","high",0.5,5,73502,65488,349,50
"rho","high",0.5,6,64978,57953,342,50
"rho","high",0.5,7,74877,66799,355,50
"rho","high",0.5,8,82918,74045,425,50
"rho","high",0.5,9,69984,62373,372,50
"rho","high",0.5,10,67040,59731,342,50
"rho","high",0.5,11,74963,66850,378,50
"rho","high",0.5,12,59849,53263,332,50
"rho","high",0.5,13,60872,54188,328,50
"rho","high",0.5,14,87116,77700,479,50
"rho","high",0.5,15,70630,62895,366,50
"rho","high",0.5,16,80666,71816,371,50
"rho","high",0.5,17,65629,58323,348,50
"rho","high",0.5,18,91321,81359,444,50
"rho","high",0.5,19,54626,48552,314,50
"rho","high",0.5,20,77408,68939,387,50
"rho","high",0.5,21,82429,73370,432,50
"rho","high",0.5,22,53985,48121,307,50
"rho","high",0.5,23,58942,52396,315,50
"rho","high",0.5,24,65276,58106,352,50
"rho","high",0.5,25,82113,73241,437,50
"rho","high",0.5,26,83865,74591,415,50
"rho","high",0.5,27,74785,66697,400,50
"rho","high",0.5,28,67886,60430,364,50
"rho","high",0.5,29,59562,53089,335,50
"rho","high",0.5,30,64725,57555,356,50
"rho","high",0.5,31,75365,67007,416,50
"rho","high",0.5,32,69100,61468,358,50
"rho","high",0.5,33,66022,58662,368,50
"rho","high",0.5,34,67147,59726,363,50
"rho","high",0.5,35,86271,76869,449,50
"rho","high",0.5,36,85885,76606,449,50
"rho","high",0.5,37,71119,63382,378,50
"rho","high",0.5,38,72620,64566,406,50
"rho","high",0.5,39,81688,72777,431,50
"rho","high",0.5,40,64409,57417,318,50
"rho","high",0.5,41,68039,60653,367,50
"rho","high",0.5,42,76142,67630,422,50
"rho","high",0.5,43,71459,63707,358,50
"rho","high",0.5,44,77111,68734,389,50
"rho","high",0.5,45,60789,54135,327,50
"rho","high",0.5,46,73610,65634,368,50
"rho","high",0.5,47,66299,59085,338,50
"rho","high",0.5,48,45489,40516,240,50
"rho","high",0.5,49,57749,51443,336,50
"rho","high",0.5,50,71105,63337,378,50
"rho","high",0.5,51,69461,61851,351,50
"rho","high",0.5,52,80327,71623,413,50
"rho","high",0.5,53,61747,54970,329,50
"rho","high",0.5,54,76014,67720,418,50
"rho","high",0.5,55,94471,84211,507,50
"rho","high",0.5,56,75145,66814,386,50
"rho","high",0.5,57,69830,62043,356,50
"rho","high",0.5,58,65780,58517,353,50
"rho","high",0.5,59,64238,57090,338,50
"rho","high",0.5,60,76984,68573,402,50
"rho","high",0.5,61,79799,71176,413,50
"rho","high",0.5,62,59712,53195,314,50
"rho","high",0.5,63,72335,64458,356,50
"rho","high",0.5,64,74397,66279,387,50
"rho","high",0.5,65,80160,71261,431,50
"rho","high",0.5,66,62475,55648,329,50
"rho","high",0.5,67,63998,57079,356,50
"rho","high",0.5,68,69673,62119,410,50
"rho","high",0.5,69,72836,64773,358,50
"rho","high",0.5,70,70631,62984,391,50
"rho","high",0.5,71,78996,70173,425,50
"rho","high",0.5,72,65437,58379,358,50
"rho","high",0.5,73,87961,78288,462,50
"rho","high",0.5,74,71439,63449,360,50
"rho","high",0.5,75,94112,83875,488,50
"rho","high",0.5,76,73197,65188,408,50
"rho","high",0.5,77,71099,63307,404,50
"rho","high",0.5,78,57695,51376,314,50
"rho","high",0.5,79,74567,66237,391,50
"rho","high",0.5,80,69167,61408,348,50
"rho","high",0.5,81,68614,61077,357,50
"rho","high",0.5,82,63630,56630,332,50
"rho","high",0.5,83,88985,79149,461,50
"rho","high",0.5,84,95549,85096,502,50
"rho","high",0.5,85,88422,78674,398,50
"rho","high",0.5,86,79513,70611,428,50
"rho","high",0.5,87,85303,75891,472,50
"rho","high",0.5,88,84277,75010,412,50
"rho","high",0.5,89,69980,62491,400,50
"rho","high",0.5,90,90266,80341,486,50
"rho","high",0.5,91,78897,70332,411,50
"rho","high",0.5,92,75576,67204,366,50
"rho","high",0.5,93,67717,60524,346,50
"rho","high",0.5,94,54610,48506,289,50
"rho","high",0.5,95,64626,57622,346,50
"rho","high",0.5,96,72843,64843,373,50
"rho","high",0.5,97,77687,69051,443,50
"rho","high",0.5,98,62010,55186,333,50
"rho","high",0.5,99,63848,56815,352,50
"rho","high",0.5,100,81137,72122,400,50
"rho","high",2,1,38874,34729,770,50
"rho","high",2,2,36982,32981,702,50
"rho","high",2,3,35412,31534,702,50
"rho","high",2,4,30242,26987,609,50
"rho","high",2,5,41991,37422,822,50
"rho","high",2,6,32041,28547,612,50
"rho","high",2,7,39202,34943,801,50
"rho","high",2,8,42118,37488,840,50
"rho","high",2,9,42700,37947,843,50
"rho","high",2,10,43769,38971,857,50
"rho","high",2,11,33125,29512,630,50
"rho","high",2,12,39141,34873,781,50
"rho","high",2,13,37403,33350,752,50
"rho","high",2,14,43587,38767,857,50
"rho","high",2,15,40840,36291,824,50
"rho","high",2,16,39226,34999,747,50
"rho","high",2,17,28998,25816,572,50
"rho","high",2,18,35353,31526,740,50
"rho","high",2,19,29175,26032,568,50
"rho","high",2,20,30814,27362,576,50
"rho","high",2,21,43193,38386,871,50
"rho","high",2,22,47344,42186,980,50
"rho","high",2,23,45929,40855,839,50
"rho","high",2,24,33028,29464,663,50
"rho","high",2,25,32668,29096,648,50
"rho","high",2,26,34863,30982,680,50
"rho","high",2,27,30703,27334,647,50
"rho","high",2,28,45336,40442,854,50
"rho","high",2,29,37954,33948,757,50
"rho","high",2,30,34973,31257,696,50
"rho","high",2,31,39794,35422,779,50
"rho","high",2,32,37630,33550,765,50
"rho","high",2,33,44650,39886,898,50
"rho","high",2,34,42161,37379,829,50
"rho","high",2,35,47184,41965,926,50
"rho","high",2,36,31475,27978,633,50
"rho","high",2,37,40253,35810,762,50
"rho","high",2,38,37732,33542,762,50
"rho","high",2,39,33050,29470,717,50
"rho","high",2,40,30692,27302,623,50
"rho","high",2,41,43560,38803,877,50
"rho","high",2,42,42539,37875,804,50
"rho","high",2,43,28873,25725,587,50
"rho","high",2,44,29021,25858,597,50
"rho","high",2,45,36448,32434,759,50
"rho","high",2,46,42271,37542,863,50
"rho","high",2,47,36894,32901,699,50
"rho","high",2,48,29805,26457,587,50
"rho","high",2,49,40118,35784,786,50
"rho","high",2,50,41666,37096,793,50
"rho","high",2,51,36609,32621,739,50
"rho","high",2,52,29972,26678,572,50
"rho","high",2,53,33688,30019,673,50
"rho","high",2,54,39590,35193,777,50
"rho","high",2,55,32347,28742,665,50
"rho","high",2,56,30672,27293,629,50
"rho","high",2,57,30203,26895,590,50
"rho","high",2,58,39439,35104,773,50
"rho","high",2,59,29320,26107,590,50
"rho","high",2,60,41769,37202,839,50
"rho","high",2,61,36644,32615,763,50
"rho","high",2,62,36149,32228,685,50
"rho","high",2,63,45716,40717,855,50
"rho","high",2,64,37658,33540,745,50
"rho","high",2,65,32433,28808,653,50
"rho","high",2,66,48612,43264,1027,50
"rho","high",2,67,32819,29162,628,50
"rho","high",2,68,37841,33527,748,50
"rho","high",2,69,34785,30967,648,50
"rho","high",2,70,33614,29926,681,50
"rho","high",2,71,40868,36495,789,50
"rho","high",2,72,42003,37416,775,50
"rho","high",2,73,39835,35414,789,50
"rho","high",2,74,25878,23004,543,50
"rho","high",2,75,35469,31590,687,50
"rho","high",2,76,45027,40047,837,50
"rho","high",2,77,40958,36493,795,50
"rho","high",2,78,34491,30812,655,50
"rho","high",2,79,43227,38455,857,50
"rho","high",2,80,42118,37551,850,50
"rho","high",2,81,38345,34078,784,50
"rho","high",2,82,42220,37525,808,50
"rho","high",2,83,41797,37055,851,50
"rho","high",2,84,39055,34770,773,50
"rho","high",2,85,27653,24617,548,50
"rho","high",2,86,33940,30232,700,50
"rho","high",2,87,34918,31044,752,50
"rho","high",2,88,39595,35186,774,50
"rho","high",2,89,35326,31441,708,50
"rho","high",2,90,37923,33728,741,50
"rho","high",2,91,45079,40177,873,50
"rho","high",2,92,31220,27844,650,50
"rho","high",2,93,32869,29201,668,50
"rho","high",2,94,41444,36939,821,50
"rho","high",2,95,51948,46366,944,50
"rho","high",2,96,34722,30884,695,50
"rho","high",2,97,33028,29504,641,50
"rho","high",2,98,39029,34730,824,50
"rho","high",2,99,36402,32323,764,50
"rho","high",2,100,44866,39983,885,50
"rho","high",50,1,8355,7422,5628,50
"rho","high",50,2,5328,4751,3632,50
"rho","high",50,3,5756,5114,3846,50
"rho","high",50,4,6335,5609,4268,50
"rho","high",50,5,7061,6267,4736,50
"rho","high",50,6,5623,5037,3809,50
"rho","high",50,7,6814,6114,4628,50
"rho","high",50,8,6184,5511,4204,50
"rho","high",50,9,6365,5694,4390,50
"rho","high",50,10,7930,7037,5361,50
"rho","high",50,11,6220,5518,4194,50
"rho","high",50,12,6894,6168,4627,50
"rho","high",50,13,5803,5183,3881,50
"rho","high",50,14,7684,6804,5164,50
"rho","high",50,15,7271,6486,4959,50
"rho","high",50,16,5774,5163,3975,50
"rho","high",50,17,6237,5528,4220,50
"rho","high",50,18,8495,7535,5704,50
"rho","high",50,19,7182,6393,4851,50
"rho","high",50,20,7994,7118,5401,50
"rho","high",50,21,5824,5185,3941,50
"rho","high",50,22,7852,6988,5286,50
"rho","high",50,23,6707,5970,4566,50
"rho","high",50,24,8103,7188,5425,50
"rho","high",50,25,6373,5645,4296,50
"rho","high",50,26,5580,4977,3781,50
"rho","high",50,27,5836,5225,3965,50
"rho","high",50,28,5615,4998,3725,50
"rho","high",50,29,8888,7888,5994,50
"rho","high",50,30,5835,5192,3893,50
"rho","high",50,31,7276,6534,4973,50
"rho","high",50,32,7017,6224,4685,50
"rho","high",50,33,7259,6479,4912,50
"rho","high",50,34,5967,5303,3974,50
"rho","high",50,35,7748,6907,5223,50
"rho","high",50,36,5763,5144,3903,50
"rho","high",50,37,6709,6004,4507,50
"rho","high",50,38,8781,7792,5851,50
"rho","high",50,39,5903,5254,3998,50
"rho","high",50,40,6333,5655,4278,50
"rho","high",50,41,6111,5450,4127,50
"rho","high",50,42,5554,4967,3752,50
"rho","high",50,43,7318,6497,4867,50
"rho","high",50,44,5316,4730,3567,50
"rho","high",50,45,8564,7664,5777,50
"rho","high",50,46,7509,6708,5064,50
"rho","high",50,47,6419,5749,4426,50
"rho","high",50,48,6422,5704,4346,50
"rho","high",50,49,5500,4874,3659,50
"rho","high",50,50,5572,4948,3792,50
"rho","high",50,51,6261,5602,4190,50
"rho","high",50,52,8298,7389,5630,50
"rho","high",50,53,7813,6945,5218,50
"rho","high",50,54,9374,8340,6307,50
"rho","high",50,55,6934,6204,4714,50
"rho","high",50,56,7527,6633,5082,50
"rho","high",50,57,5704,5070,3842,50
"rho","high",50,58,5903,5251,3976,50
"rho","high",50,59,6599,5841,4394,50
"rho","high",50,60,5030,4504,3415,50
"rho","high",50,61,6721,5941,4545,50
"rho","high",50,62,7883,7059,5354,50
"rho","high",50,63,7958,7083,5371,50
"rho","high",50,64,6558,5849,4457,50
"rho","high",50,65,6645,5898,4462,50
"rho","high",50,66,6925,6140,4693,50
"rho","high",50,67,9033,8031,6106,50
"rho","high",50,68,7795,6953,5321,50
"rho","high",50,69,5785,5146,3883,50
"rho","high",50,70,7967,7080,5319,50
"rho","high",50,71,8269,7334,5491,50
"rho","high",50,72,5700,5115,3876,50
"rho","high",50,73,7749,6871,5236,50
"rho","high",50,74,6818,6077,4593,50
"rho","high",50,75,4691,4170,3132,50
"rho","high",50,76,6564,5842,4424,50
"rho","high",50,77,7298,6519,4901,50
"rho","high",50,78,7010,6276,4740,50
"rho","high",50,79,5577,4969,3801,50
"rho","high",50,80,7181,6426,4845,50
"rho","high",50,81,6787,6052,4582,50
"rho","high",50,82,7741,6879,5182,50
"rho","high",50,83,8802,7892,5985,50
"rho","high",50,84,6378,5716,4383,50
"rho","high",50,85,8194,7299,5504,50
"rho","high",50,86,7719,6872,5145,50
"rho","high",50,87,6559,5788,4430,50
"rho","high",50,88,6210,5530,4203,50
"rho","high",50,89,7609,6783,5133,50
"rho","high",50,90,7069,6258,4733,50
"rho","high",50,91,6622,5908,4476,50
"rho","high",50,92,5813,5153,3876,50
"rho","high",50,93,7438,6580,4955,50
"rho","high",50,94,6637,5960,4505,50
"rho","high",50,95,6579,5855,4367,50
"rho","high",50,96,7548,6754,5118,50
"rho","high",50,97,6996,6224,4656,50
"rho","high",50,98,7340,6535,4948,50
"rho","high",50,99,7705,6800,5147,50
"rho","high",50,100,6178,5502,4111,50
"rho","low",0.5,1,57578,51933,369,50
"rho","low",0.5,2,52271,47193,357,50
"rho","low",0.5,3,59670,53699,381,50
"rho","low",0.5,4,50400,45291,298,50
"rho","low",0.5,5,53072,47761,318,50
"rho","low",0.5,6,53393,48100,337,50
"rho","low",0.5,7,55067,49588,349,50
"rho","low",0.5,8,61308,55235,400,50
"rho","low",0.5,9,53672,48357,328,50
"rho","low",0.5,10,69239,62457,451,50
"rho","low",0.5,11,64188,57842,403,50
"rho","low",0.5,12,63971,57635,376,50
"rho","low",0.5,13,60979,55014,361,50
"rho","low",0.5,14,59833,53934,382,50
"rho","low",0.5,15,61998,56058,384,50
"rho","low",0.5,16,57156,51544,350,50
"rho","low",0.5,17,55751,50239,347,50
"rho","low",0.5,18,66846,60171,406,50
"rho","low",0.5,19,62568,56450,381,50
"rho","low",0.5,20,63459,57217,421,50
"rho","low",0.5,21,59413,53653,413,50
"rho","low",0.5,22,61093,55101,408,50
"rho","low",0.5,23,57146,51522,364,50
"rho","low",0.5,24,68969,62147,447,50
"rho","low",0.5,25,56396,50890,335,50
"rho","low",0.5,26,52319,47148,324,50
"rho","low",0.5,27,65884,59290,429,50
"rho","low",0.5,28,60682,54737,382,50
"rho","low",0.5,29,58019,52286,354,50
"rho","low",0.5,30,67999,61345,438,50
"rho","low",0.5,31,60186,54313,410,50
"rho","low",0.5,32,67341,60657,432,50
"rho","low",0.5,33,57562,51894,365,50
"rho","low",0.5,34,52181,47055,347,50
"rho","low",0.5,35,55954,50483,366,50
"rho","low",0.5,36,57753,52110,367,50
"rho","low",0.5,37,68313,61592,431,50
"rho","low",0.5,38,51872,46827,347,50
"rho","low",0.5,39,68011,61310,451,50
"rho","low",0.5,40,67416,60833,429,50
"rho","low",0.5,41,72628,65525,471,50
"rho","low",0.5,42,61844,55782,399,50
"rho","low",0.5,43,75573,68047,459,50
"rho","low",0.5,44,50916,45945,311,50
"rho","low",0.5,45,50085,45190,328,50
"rho","low",0.5,46,48722,43834,298,50
"rho","low",0.5,47,53001,47624,358,50
"rho","low",0.5,48,83779,75362,532,50
"rho","low",0.5,49,64521,58062,409,50
"rho","low",0.5,50,70515,63474,439,50
"rho","low",0.5,51,72807,65511,459,50
"rho","low",0.5,52,56254,50719,376,50
"rho","low",0.5,53,53010,47719,339,50
"rho","low",0.5,54,52164,47027,345,50
"rho","low",0.5,55,57727,52072,371,50
"rho","low",0.5,56,60818,54916,396,50
"rho","low",0.5,57,58619,52818,380,50
"rho","low",0.5,58,71036,64056,460,50
"rho","low",0.5,59,65058,58569,420,50
"rho","low",0.5,60,59807,53900,388,50
"rho","low",0.5,61,56430,50929,356,50
"rho","low",0.5,62,52530,47329,354,50
"rho","low",0.5,63,60632,54540,357,50
"rho","low",0.5,64,54216,48922,345,50
"rho","low",0.5,65,61397,55351,407,50
"rho","low",0.5,66,49710,44814,323,50
"rho","low",0.5,67,56436,50930,357,50
"rho","low",0.5,68,55619,50143,396,50
"rho","low",0.5,69,71876,64647,429,50
"rho","low",0.5,70,47023,42357,317,50
"rho","low",0.5,71,52572,47267,314,50
"rho","low",0.5,72,64364,57948,424,50
"rho","low",0.5,73,55671,50366,388,50
"rho","low",0.5,74,47990,43419,325,50
"rho","low",0.5,75,63446,57252,395,50
"rho","low",0.5,76,76672,68952,500,50
"rho","low",0.5,77,61365,55315,399,50
"rho","low",0.5,78,52329,46919,320,50
"rho","low",0.5,79,53126,47889,317,50
"rho","low",0.5,80,46520,41807,307,50
"rho","low",0.5,81,55699,50250,347,50
"rho","low",0.5,82,73582,66241,462,50
"rho","low",0.5,83,55535,50108,349,50
"rho","low",0.5,84,60731,54758,361,50
"rho","low",0.5,85,55738,50224,373,50
"rho","low",0.5,86,49559,44719,339,50
"rho","low",0.5,87,53288,48039,345,50
"rho","low",0.5,88,56176,50815,366,50
"rho","low",0.5,89,64473,58183,421,50
"rho","low",0.5,90,62543,56370,421,50
"rho","low",0.5,91,62016,55855,413,50
"rho","low",0.5,92,41273,37149,271,50
"rho","low",0.5,93,45251,40697,305,50
"rho","low",0.5,94,68220,61505,424,50
"rho","low",0.5,95,60855,54954,357,50
"rho","low",0.5,96,49487,44622,316,50
"rho","low",0.5,97,59426,53682,368,50
"rho","low",0.5,98,57129,51451,376,50
"rho","low",0.5,99,76085,68537,477,50
"rho","low",0.5,100,56410,50746,370,50
"rho","low",2,1,37683,34015,831,50
"rho","low",2,2,29932,26960,683,50
"rho","low",2,3,34665,31179,789,50
"rho","low",2,4,24636,22201,565,50
"rho","low",2,5,27363,24744,612,50
"rho","low",2,6,27111,24445,635,50
"rho","low",2,7,34855,31413,776,50
"rho","low",2,8,36368,32767,833,50
"rho","low",2,9,39755,35885,895,50
"rho","low",2,10,31117,28121,711,50
"rho","low",2,11,36267,32745,884,50
"rho","low",2,12,24052,21649,539,50
"rho","low",2,13,28525,25710,691,50
"rho","low",2,14,34780,31336,840,50
"rho","low",2,15,28778,25845,654,50
"rho","low",2,16,30739,27691,710,50
"rho","low",2,17,29926,27097,684,50
"rho","low",2,18,29912,26901,697,50
"rho","low",2,19,34861,31431,815,50
"rho","low",2,20,28612,25744,680,50
"rho","low",2,21,27256,24592,663,50
"rho","low",2,22,31148,28094,710,50
"rho","low",2,23,29653,26690,682,50
"rho","low",2,24,33172,29877,716,50
"rho","low",2,25,29680,26737,631,50
"rho","low",2,26,30769,27670,683,50
"rho","low",2,27,27939,25187,632,50
"rho","low",2,28,28881,26016,677,50
"rho","low",2,29,35365,31809,781,50
"rho","low",2,30,17961,16178,439,50
"rho","low",2,31,27388,24641,638,50
"rho","low",2,32,32951,29698,729,50
"rho","low",2,33,34200,30788,759,50
"rho","low",2,34,31843,28708,769,50
"rho","low",2,35,32901,29658,740,50
"rho","low",2,36,30520,27554,755,50
"rho","low",2,37,25936,23328,610,50
"rho","low",2,38,30053,27050,757,50
"rho","low",2,39,27184,24481,658,50
"rho","low",2,40,29984,26993,733,50
"rho","low",2,41,31507,28437,757,50
"rho","low",2,42,28816,25893,672,50
"rho","low",2,43,23315,20999,591,50
"rho","low",2,44,26481,23934,631,50
"rho","low",2,45,32160,28986,757,50
"rho","low",2,46,35537,32002,855,50
"rho","low",2,47,27123,24438,629,50
"rho","low",2,48,31814,28660,740,50
"rho","low",2,49,40079,36140,923,50
"rho","low",2,50,28294,25550,667,50
"rho","low",2,51,35299,31811,814,50
"rho","low",2,52,31815,28634,750,50
"rho","low",2,53,39213,35297,901,50
"rho","low",2,54,31987,28855,739,50
"rho","low",2,55,35099,31628,789,50
"rho","low",2,56,37600,33895,909,50
"rho","low",2,57,32723,29470,793,50
"rho","low",2,58,31976,28782,785,50
"rho","low",2,59,34829,31331,876,50
"rho","low",2,60,35480,32022,808,50
"rho","low",2,61,24705,22340,612,50
"rho","low",2,62,29899,27024,705,50
"rho","low",2,63,23301,20978,558,50
"rho","low",2,64,27234,24526,668,50
"rho","low",2,65,29736,26781,709,50
"rho","low",2,66,26207,23552,644,50
"rho","low",2,67,26094,23461,622,50
"rho","low",2,68,31397,28364,670,50
"rho","low",2,69,25463,22999,610,50
"rho","low",2,70,31606,28499,715,50
"rho","low",2,71,36952,33303,870,50
"rho","low",2,72,25729,23203,591,50
"rho","low",2,73,37725,33995,903,50
"rho","low",2,74,29267,26488,699,50
"rho","low",2,75,37633,34015,829,50
"rho","low",2,76,29690,26663,693,50
"rho","low",2,77,29777,26898,675,50
"rho","low",2,78,27647,24890,660,50
"rho","low",2,79,39686,35760,917,50
"rho","low",2,80,31704,28710,727,50
"rho","low",2,81,21342,19319,486,50
"rho","low",2,82,29796,26837,713,50
"rho","low",2,83,28235,25460,624,50
"rho","low",2,84,29631,26715,742,50
"rho","low",2,85,29564,26682,674,50
"rho","low",2,86,25366,22918,643,50
"rho","low",2,87,32411,29220,798,50
"rho","low",2,88,31525,28446,731,50
"rho","low",2,89,27193,24532,625,50
"rho","low",2,90,33658,30277,800,50
"rho","low",2,91,31336,28328,721,50
"rho","low",2,92,31012,27868,683,50
"rho","low",2,93,31488,28438,739,50
"rho","low",2,94,34242,30860,780,50
"rho","low",2,95,24346,21997,566,50
"rho","low",2,96,32657,29436,741,50
"rho","low",2,97,32372,29112,755,50
"rho","low",2,98,32941,29649,779,50
"rho","low",2,99,29054,26207,623,50
"rho","low",2,100,30852,27856,746,50
"rho","low",50,1,7650,6893,4382,50
"rho","low",50,2,6546,5899,3708,50
"rho","low",50,3,7331,6611,4195,50
"rho","low",50,4,7053,6355,4064,50
"rho","low",50,5,9344,8416,5349,50
"rho","low",50,6,7939,7207,4598,50
"rho","low",50,7,7795,7023,4565,50
"rho","low",50,8,7387,6630,4268,50
"rho","low",50,9,7257,6517,4163,50
"rho","low",50,10,7173,6466,4092,50
"rho","low",50,11,7206,6522,4141,50
"rho","low",50,12,9225,8315,5293,50
"rho","low",50,13,6023,5460,3504,50
"rho","low",50,14,6532,5911,3759,50
"rho","low",50,15,6768,6100,3856,50
"rho","low",50,16,6753,6104,3837,50
"rho","low",50,17,8058,7276,4582,50
"rho","low",50,18,5696,5105,3261,50
"rho","low",50,19,6221,5579,3622,50
"rho","low",50,20,7203,6515,4160,50
"rho","low",50,21,8016,7239,4543,50
"rho","low",50,22,6990,6301,4037,50
"rho","low",50,23,6183,5556,3592,50
"rho","low",50,24,7023,6385,4030,50
"rho","low",50,25,7369,6663,4244,50
"rho","low",50,26,8818,8004,5136,50
"rho","low",50,27,8317,7496,4793,50
"rho","low",50,28,8784,7942,5062,50
"rho","low",50,29,7993,7201,4578,50
"rho","low",50,30,6674,6016,3801,50
"rho","low",50,31,6207,5557,3559,50
"rho","low",50,32,8387,7495,4732,50
"rho","low",50,33,8777,7885,4944,50
"rho","low",50,34,9340,8427,5358,50
"rho","low",50,35,6906,6251,3987,50
"rho","low",50,36,7961,7113,4520,50
"rho","low",50,37,6961,6288,3997,50
"rho","low",50,38,7675,6955,4380,50
"rho","low",50,39,7806,7021,4426,50
"rho","low",50,40,6333,5750,3651,50
"rho","low",50,41,7032,6351,4094,50
"rho","low",50,42,7417,6664,4263,50
"rho","low",50,43,5546,4994,3269,50
"rho","low",50,44,6649,5949,3758,50
"rho","low",50,45,7974,7140,4539,50
"rho","low",50,46,6911,6224,3951,50
"rho","low",50,47,7857,7069,4492,50
"rho","low",50,48,8514,7718,4922,50
"rho","low",50,49,8535,7652,4891,50
"rho","low",50,50,8233,7387,4773,50
"rho","low",50,51,7570,6847,4351,50
"rho","low",50,52,7152,6441,4104,50
"rho","low",50,53,8631,7811,4962,50
"rho","low",50,54,7346,6618,4192,50
"rho","low",50,55,7708,6958,4365,50
"rho","low",50,56,7807,7067,4508,50
"rho","low",50,57,7813,7028,4463,50
"rho","low",50,58,7120,6446,4057,50
"rho","low",50,59,5575,4983,3201,50
"rho","low",50,60,6178,5583,3551,50
"rho","low",50,61,6653,6016,3842,50
"rho","low",50,62,6737,6029,3821,50
"rho","low",50,63,7239,6528,4092,50
"rho","low",50,64,6450,5826,3757,50
"rho","low",50,65,7458,6730,4242,50
"rho","low",50,66,6058,5459,3474,50
"rho","low",50,67,6494,5824,3700,50
"rho","low",50,68,7350,6658,4193,50
"rho","low",50,69,6849,6138,3863,50
"rho","low",50,70,6672,6022,3786,50
"rho","low",50,71,7151,6402,4068,50
"rho","low",50,72,8823,7937,5097,50
"rho","low",50,73,9527,8577,5488,50
"rho","low",50,74,8250,7408,4779,50
"rho","low",50,75,6866,6222,3971,50
"rho","low",50,76,6448,5847,3710,50
"rho","low",50,77,8440,7641,4919,50
"rho","low",50,78,10239,9244,5853,50
"rho","low",50,79,8386,7536,4748,50
"rho","low",50,80,6523,5878,3758,50
"rho","low",50,81,7546,6830,4401,50
"rho","low",50,82,8747,7924,5047,50
"rho","low",50,83,7629,6899,4394,50
"rho","low",50,84,7473,6719,4221,50
"rho","low",50,85,7324,6609,4236,50
"rho","low",50,86,6483,5833,3683,50
"rho","low",50,87,8765,7899,5021,50
"rho","low",50,88,8192,7344,4734,50
"rho","low",50,89,7057,6369,4125,50
"rho","low",50,90,7544,6783,4301,50
"rho","low",50,91,7930,7152,4547,50
"rho","low",50,92,6948,6244,3979,50
"rho","low",50,93,7497,6789,4304,50
"rho","low",50,94,9812,8835,5590,50
"rho","low",50,95,7210,6517,4191,50
"rho","low",50,96,7618,6882,4413,50
"rho","low",50,97,6624,5938,3815,50
"rho","low",50,98,7582,6834,4344,50
"rho","low",50,99,6883,6167,3957,50
"rho","low",50,100,8075,7294,4624,50
