"country","foi_structure","inf_prev_15to24","inf_prev_25to34","ARTI","cases","progression_structure","slow_structure","conditions_met"
"South Africa","3_6_5_7_4",0.588847712517251,0.737468628808458,0.0399723256991619,235.40434230763,"Vynnycky-high","0.003",FALSE
"South Africa","3_6_5_7_5",0.58831030916211,0.73602653499085,0.0399615233274154,233.182268415116,"Vynnycky-high","0.003",FALSE
"South Africa","3_6_6_5_3",0.588093472058247,0.744002315337166,0.0400926733917666,230.617415185635,"Vynnycky-high","0.003",FALSE
"South Africa","3_6_6_5_5",0.587921657403579,0.745621756067644,0.0402329196536505,232.500754569304,"Vynnycky-high","0.003",FALSE
"South Africa","3_6_6_5_6",0.587264684795989,0.744953018307476,0.040269720884902,232.240433444885,"Vynnycky-high","0.003",FALSE
"South Africa","3_6_6_5_7",0.587426262787258,0.745406515819658,0.0402585602616947,232.466325860884,"Vynnycky-high","0.003",FALSE
"South Africa","3_6_6_6_4",0.587927435541846,0.746016107638181,0.0404500258622013,237.593849994115,"Vynnycky-high","0.003",FALSE
"South Africa","3_6_6_6_5",0.587972313591218,0.745771466608329,0.040493612396075,236.005481503015,"Vynnycky-high","0.003",FALSE
"South Africa","3_6_6_6_6",0.588145300242712,0.745953012275538,0.0404625603258139,233.312592404002,"Vynnycky-high","0.003",FALSE
"South Africa","3_6_6_6_7",0.587718478138402,0.745661872744702,0.0404086888726856,233.754384976542,"Vynnycky-high","0.003",FALSE
"South Africa","3_6_6_7_3",0.587950768630221,0.745656546057089,0.0405702300654561,235.322066448373,"Vynnycky-high","0.003",FALSE
"South Africa","3_6_6_7_4",0.588071964149937,0.744780871798225,0.0405783102803516,237.857618097139,"Vynnycky-high","0.003",FALSE
"South Africa","3_6_6_7_5",0.58709034156262,0.745592286472935,0.0405577969582596,238.37175888132,"Vynnycky-high","0.003",FALSE
"South Africa","3_6_6_7_7",0.586930730315944,0.744941930530257,0.0405977329507827,240.137306017115,"Vynnycky-high","0.003",FALSE
"South Africa","3_6_7_3_3",0.587319718099151,0.75184133663842,0.0402983160092455,232.223310439357,"Vynnycky-high","0.003",FALSE
"South Africa","3_6_7_3_4",0.587350179973738,0.752789889207207,0.0404098013025562,229.874409089134,"Vynnycky-high","0.003",FALSE
"South Africa","3_6_7_3_7",0.587389089405219,0.751935560382493,0.0403596944396722,228.703150108703,"Vynnycky-high","0.003",FALSE
"South Africa","3_6_7_4_4",0.586413831568752,0.753158377441757,0.0406274496541637,231.082474696789,"Vynnycky-high","0.003",FALSE
"South Africa","3_6_7_4_5",0.587711233767598,0.751729607116076,0.0406361994884018,234.033933293609,"Vynnycky-high","0.003",FALSE
"South Africa","3_6_7_4_6",0.586850038501681,0.752972312093537,0.0405874792360372,235.637947081694,"Vynnycky-high","0.003",FALSE
"South Africa","3_6_7_4_7",0.586804155740403,0.752280473866428,0.0405929926345258,235.222224731968,"Vynnycky-high","0.003",FALSE
"South Africa","3_6_7_5_3",0.58604432179045,0.749562168767603,0.0407218717053642,238.505059570154,"Vynnycky-high","0.003",FALSE
"South Africa","3_6_7_5_4",0.58696045979283,0.752670040107844,0.040870710334667,235.587910805275,"Vynnycky-high","0.003",FALSE
"South Africa","3_6_7_5_5",0.588626636732695,0.75248103460966,0.0408440568140636,238.556072692811,"Vynnycky-high","0.003",FALSE
"South Africa","3_6_7_5_6",0.587687426766586,0.752913070097658,0.0408062002302924,235.621357787136,"Vynnycky-high","0.003",FALSE
"South Africa","3_6_7_5_7",0.587527455419132,0.752871600443,0.0408324548724912,235.521421695899,"Vynnycky-high","0.003",FALSE
"South Africa","3_6_7_6_3",0.587984793127283,0.752336831764224,0.0410391396514204,234.775414612258,"Vynnycky-high","0.003",FALSE
"South Africa","3_6_7_6_4",0.588272265517396,0.753129643136937,0.0410738723416492,235.95531245895,"Vynnycky-high","0.003",FALSE
"South Africa","3_6_7_6_6",0.588192791567494,0.752716949848595,0.0410249821146,233.852711444588,"Vynnycky-high","0.003",FALSE
"South Africa","3_6_7_7_3",0.588396254484576,0.753181716722341,0.0412068137071467,239.653261205162,"Vynnycky-high","0.003",FALSE
"South Africa","3_6_7_7_4",0.587690984610106,0.754422543280162,0.0413178909826347,232.110438292002,"Vynnycky-high","0.003",FALSE
"South Africa","3_6_7_7_5",0.587866058708482,0.753395304414819,0.0412324843759688,236.33957745044,"Vynnycky-high","0.003",FALSE
"South Africa","3_6_7_7_6",0.587829129295212,0.752899868860781,0.0412572971588772,236.541212874972,"Vynnycky-high","0.003",FALSE
"South Africa","3_7_3_3_3",0.633455829449985,0.75537154204167,0.0411364062930926,226.405248460869,"Vynnycky-high","0.003",FALSE
"South Africa","3_7_3_3_4",0.632936156193196,0.757506045734201,0.0410402573138802,227.298684538738,"Vynnycky-high","0.003",FALSE
"South Africa","3_7_3_3_5",0.632597348561959,0.757409854883708,0.041206297646777,225.240897719903,"Vynnycky-high","0.003",FALSE
"South Africa","3_7_3_3_6",0.632352163212359,0.757138211943704,0.0410885763857301,219.602337449652,"Vynnycky-high","0.003",FALSE
"South Africa","3_7_3_3_7",0.633760807205236,0.756890559732665,0.0410130811964543,226.449292083823,"Vynnycky-high","0.003",FALSE
"South Africa","3_7_3_4_3",0.632642349318106,0.756838270825613,0.0414031620629542,230.059770636712,"Vynnycky-high","0.003",FALSE
"South Africa","3_7_3_4_4",0.632699735863496,0.756729781220998,0.0414326786002411,228.029643366942,"Vynnycky-high","0.003",FALSE
"South Africa","3_7_3_4_5",0.633080756027368,0.757393669153435,0.0413936708532991,231.147518028641,"Vynnycky-high","0.003",FALSE
"South Africa","3_7_3_4_6",0.632481949835149,0.757576296396551,0.0414298271672632,226.557022491617,"Vynnycky-high","0.003",FALSE
"South Africa","3_7_3_4_7",0.633130985393299,0.756769117612048,0.0413938397812738,225.139578631648,"Vynnycky-high","0.003",FALSE
"South Africa","3_7_3_5_3",0.633356246072369,0.756348503198011,0.0417159947867719,232.466235410105,"Vynnycky-high","0.003",FALSE
"South Africa","3_7_3_5_4",0.632678113477667,0.757232576642459,0.0416340389874811,234.1004172186,"Vynnycky-high","0.003",FALSE
"South Africa","3_7_3_5_5",0.631935721649303,0.757657423669653,0.041624805110439,229.332541860739,"Vynnycky-high","0.003",FALSE
"South Africa","3_7_3_5_6",0.633092135585815,0.757875345455936,0.0416837359245077,228.060589969154,"Vynnycky-high","0.003",FALSE
"South Africa","3_7_3_5_7",0.633120045569659,0.758164788786644,0.0417700082754499,230.83049965358,"Vynnycky-high","0.003",FALSE
"South Africa","3_7_3_6_3",0.634289821667597,0.758444803360067,0.0420129004891096,232.986786048659,"Vynnycky-high","0.003",FALSE
"South Africa","3_7_3_6_4",0.63339668748303,0.758311890219244,0.0419336895394212,234.214204530655,"Vynnycky-high","0.003",FALSE
"South Africa","3_7_3_6_6",0.633206147989873,0.756680923066856,0.0419528362700143,234.74208206361,"Vynnycky-high","0.003",FALSE
"South Africa","3_7_3_6_7",0.63238433790275,0.75683053049096,0.0419880572361331,235.505608178208,"Vynnycky-high","0.003",FALSE
"South Africa","3_7_3_7_3",0.63363039739917,0.756612454342917,0.0421614327473797,239.377826824361,"Vynnycky-high","0.003",FALSE
"South Africa","3_7_3_7_4",0.632520213505224,0.757737007874016,0.0422867940310259,239.446430812638,"Vynnycky-high","0.003",FALSE
"South Africa","3_7_3_7_5",0.632363566475468,0.757446437487151,0.0422447006701449,229.127002558663,"Vynnycky-high","0.003",FALSE
"South Africa","3_7_3_7_6",0.63254746566661,0.758794459036953,0.0422486506428195,232.174782301656,"Vynnycky-high","0.003",FALSE
"South Africa","3_7_3_7_7",0.631771512199584,0.758269527958374,0.0422059304975954,232.498854290015,"Vynnycky-high","0.003",FALSE
"South Africa","3_7_4_3_3",0.633161157024793,0.763782880940371,0.041885700126113,228.422594114805,"Vynnycky-high","0.003",FALSE
"South Africa","3_7_4_3_4",0.633205302003314,0.765376149788506,0.0420057347860284,232.272799458407,"Vynnycky-high","0.003",FALSE
"South Africa","3_7_4_3_5",0.632752400370178,0.763645073251425,0.0419482522756405,231.357806788625,"Vynnycky-high","0.003",FALSE
"South Africa","3_7_4_3_6",0.634814160917472,0.76484310764953,0.0420152032240468,226.989455224565,"Vynnycky-high","0.003",FALSE
"South Africa","3_7_4_3_7",0.633806694794317,0.764638071813451,0.042014919920001,228.248931773431,"Vynnycky-high","0.003",FALSE
"South Africa","3_7_4_4_3",0.633305548520363,0.764476471981225,0.0421932033568238,229.680055318947,"Vynnycky-high","0.003",FALSE
"South Africa","3_7_4_4_4",0.634400640168245,0.764423671848213,0.042292216362774,236.474389635711,"Vynnycky-high","0.003",FALSE
"South Africa","3_7_4_4_5",0.633556781286037,0.764295594062422,0.0422834203537607,231.747723304567,"Vynnycky-high","0.003",FALSE
"South Africa","3_7_4_4_6",0.634786140485929,0.765159855543375,0.0423491639076409,231.864643301316,"Vynnycky-high","0.003",FALSE
"South Africa","3_7_4_4_7",0.633544380630253,0.764974241338505,0.0422797399441135,231.965028932867,"Vynnycky-high","0.003",FALSE
"South Africa","3_7_4_5_3",0.635461062210456,0.764348492715978,0.0425078449599428,238.555955396712,"Vynnycky-high","0.003",FALSE
"South Africa","3_7_4_5_4",0.635075492867104,0.7648459939752,0.0425544764541635,238.061234205193,"Vynnycky-high","0.003",FALSE
"South Africa","3_7_4_5_5",0.635226152045497,0.764756362345769,0.0426065081238148,234.482638041839,"Vynnycky-high","0.003",FALSE
"South Africa","3_7_4_5_6",0.633236437857917,0.764000856116478,0.0425108285607169,233.674694631648,"Vynnycky-high","0.003",FALSE
"South Africa","3_7_4_5_7",0.634499890949141,0.764331562344249,0.0425727999146076,227.515807402619,"Vynnycky-high","0.003",FALSE
"South Africa","3_7_4_6_3",0.634416014207324,0.764531348971997,0.0426891631124503,237.250693172226,"Vynnycky-high","0.003",FALSE
"South Africa","3_7_4_6_4",0.635621350573232,0.765423667226222,0.0428012831490094,237.485257843748,"Vynnycky-high","0.003",FALSE
"South Africa","3_7_4_6_5",0.635061046128815,0.765208316560948,0.0427123404599526,233.606746053341,"Vynnycky-high","0.003",FALSE
"South Africa","3_7_4_6_6",0.634874770549601,0.764856062916163,0.0427311718762969,236.23907394283,"Vynnycky-high","0.003",FALSE
"South Africa","3_7_4_6_7",0.63471576532801,0.76425873598988,0.0427284329307228,237.584601860022,"Vynnycky-high","0.003",FALSE
"South Africa","3_7_4_7_3",0.635807686399238,0.764707927379776,0.0429933721126238,236.67519174606,"Vynnycky-high","0.003",FALSE
"South Africa","3_7_4_7_4",0.634383703094686,0.764355426220251,0.0429423456413321,238.166324320443,"Vynnycky-high","0.003",FALSE
"South Africa","3_7_4_7_5",0.634696547376463,0.764556954362693,0.0428923295526942,236.071997893302,"Vynnycky-high","0.003",FALSE
"South Africa","3_7_4_7_6",0.634837033164742,0.764000492758214,0.0429016626830934,236.105326937545,"Vynnycky-high","0.003",FALSE
"South Africa","3_7_4_7_7",0.634632786627255,0.764256238216759,0.0429170303855504,239.073784503819,"Vynnycky-high","0.003",FALSE
"South Africa","3_7_5_3_3",0.635330873642989,0.772696990018637,0.0427114166779324,239.670813481824,"Vynnycky-high","0.003",FALSE
"South Africa","3_7_5_3_4",0.634453841777999,0.77057232762519,0.0427056541521997,236.289579785975,"Vynnycky-high","0.003",FALSE
"South Africa","3_7_5_3_5",0.636431445233036,0.77111404445039,0.0427665559588371,234.444619296797,"Vynnycky-high","0.003",FALSE
"South Africa","3_7_5_3_6",0.634536911955486,0.77146666777478,0.042790499200641,234.033102662105,"Vynnycky-high","0.003",FALSE
"South Africa","3_7_5_3_7",0.635413187149382,0.77129538083069,0.0427349016566851,235.041236229794,"Vynnycky-high","0.003",FALSE
"South Africa","3_7_5_4_3",0.635774300833149,0.771465711223417,0.0429546569946204,235.593192388095,"Vynnycky-high","0.003",FALSE
"South Africa","3_7_5_4_4",0.636559937183738,0.769887805337957,0.0429334147756039,237.705478697846,"Vynnycky-high","0.003",FALSE
"South Africa","3_7_5_4_5",0.635448427681116,0.771082901860451,0.0429688499768804,237.333395842675,"Vynnycky-high","0.003",FALSE
"South Africa","3_7_5_4_6",0.635699603926942,0.771544337007807,0.0429395401992624,235.255511494197,"Vynnycky-high","0.003",FALSE
"South Africa","3_7_5_4_7",0.635867714509604,0.771901788029803,0.0430097028301754,235.421946160519,"Vynnycky-high","0.003",FALSE
"South Africa","3_7_5_5_3",0.635391567115705,0.772407771957337,0.0431569713203302,238.710476569295,"Vynnycky-high","0.003",FALSE
"South Africa","3_7_5_5_4",0.634977777434994,0.770225132974602,0.0432400897841441,238.538726306442,"Vynnycky-high","0.003",FALSE
"South Africa","3_7_5_5_5",0.634219811159131,0.770533146012388,0.043168722619792,234.70884283761,"Vynnycky-high","0.003",FALSE
"South Africa","3_7_5_5_6",0.63526120227466,0.770690780211942,0.0432027275267117,234.791398336003,"Vynnycky-high","0.003",FALSE
"South Africa","3_7_5_5_7",0.634470173694947,0.770629489271499,0.0431906268285605,234.808094896927,"Vynnycky-high","0.003",FALSE
"South Africa","3_7_5_6_3",0.635117475303075,0.770392448770886,0.0433982789593955,243.950922301953,"Vynnycky-high","0.003",FALSE
"South Africa","3_7_5_6_4",0.635260856900332,0.769905237179549,0.0433932644217631,236.33957745044,"Vynnycky-high","0.003",FALSE
"South Africa","3_7_5_6_5",0.635017555132776,0.771063992589126,0.0433672474640907,237.891350626344,"Vynnycky-high","0.003",FALSE
"South Africa","3_7_5_6_6",0.63666234546077,0.770614439978602,0.0433970338355332,237.113853814603,"Vynnycky-high","0.003",FALSE
"South Africa","3_7_5_6_7",0.634908892125313,0.770737767584098,0.0434228992123348,239.430169267602,"Vynnycky-high","0.003",FALSE
"South Africa","3_7_5_7_3",0.634329096817426,0.770557490082988,0.0436447863139108,244.343533180265,"Vynnycky-high","0.003",FALSE
"South Africa","3_7_5_7_4",0.634701493730297,0.769467108062146,0.0435754149386905,240.927159591237,"Vynnycky-high","0.003",FALSE
"South Africa","3_7_5_7_5",0.635299893410275,0.769773135195059,0.0435677625949668,240.223051639224,"Vynnycky-high","0.003",FALSE
"South Africa","3_7_5_7_6",0.635264970693093,0.770142139166565,0.0435836727328123,239.446401158947,"Vynnycky-high","0.003",FALSE
"South Africa","3_7_5_7_7",0.635412790500998,0.770377802130529,0.0436336243534244,240.378848297736,"Vynnycky-high","0.003",FALSE
"South Africa","3_7_6_3_3",0.63558679975212,0.777046886481247,0.0434912968818177,240.569749170757,"Vynnycky-high","0.003",FALSE
"South Africa","3_7_6_3_4",0.635468839710882,0.776341029607935,0.0435014871051171,236.312567044016,"Vynnycky-high","0.003",FALSE
"South Africa","3_7_6_3_5",0.634788316503609,0.776591986606054,0.0434873381266633,236.18972107957,"Vynnycky-high","0.003",FALSE
"South Africa","3_7_6_3_6",0.63568490662415,0.776199409126428,0.0435119998344155,237.299902478474,"Vynnycky-high","0.003",FALSE
"South Africa","3_7_6_3_7",0.635272628798178,0.775689580865937,0.0435002918895386,236.524186765634,"Vynnycky-high","0.003",FALSE
"South Africa","3_7_6_4_3",0.637155184795448,0.777189007124878,0.0436971956508002,244.648319360673,"Vynnycky-high","0.003",FALSE
"South Africa","3_7_6_4_4",0.636408862839389,0.776848499252073,0.0437084872830137,237.485378389365,"Vynnycky-high","0.003",FALSE
"South Africa","3_7_6_4_5",0.635094424783754,0.77697570895161,0.0437127344853617,239.412005352924,"Vynnycky-high","0.003",FALSE
"South Africa","3_7_6_4_6",0.635498595505618,0.777037931513786,0.0436857499221332,237.317046145849,"Vynnycky-high","0.003",FALSE
"South Africa","3_7_6_4_7",0.635802917281636,0.777539395779566,0.0437013632582247,236.290938112712,"Vynnycky-high","0.003",FALSE
"South Africa","3_7_6_5_3",0.636180439514082,0.776500681638803,0.0438818671072339,243.078376466601,"Vynnycky-high","0.003",FALSE
"South Africa","3_7_6_5_4",0.636094162355812,0.777688888888889,0.0439708043617483,236.272568778211,"Vynnycky-high","0.003",FALSE
"South Africa","3_7_6_5_5",0.636219244065129,0.778275170503541,0.0438846408459124,238.419832273584,"Vynnycky-high","0.003",FALSE
"South Africa","3_7_6_5_6",0.637212895725884,0.776277749815379,0.0439418202576802,239.037498618914,"Vynnycky-high","0.003",FALSE
"South Africa","3_7_6_5_7",0.635976961634856,0.777141912839802,0.0439301415099027,239.003219721413,"Vynnycky-high","0.003",FALSE
"South Africa","3_7_6_6_3",0.636290874233527,0.77802077645852,0.0441051917928221,244.612518333463,"Vynnycky-high","0.003",FALSE
"South Africa","3_7_6_6_4",0.636045283365482,0.777908960120734,0.0441275148130033,242.602946123564,"Vynnycky-high","0.003",FALSE
"South Africa","3_7_6_6_5",0.636347339232413,0.778418148005024,0.0441863383640601,242.777558600155,"Vynnycky-high","0.003",FALSE
"South Africa","3_7_6_6_6",0.635453199420617,0.7780971898823,0.0441358329187755,240.657064152699,"Vynnycky-high","0.003",FALSE
"South Africa","3_7_6_6_7",0.635227545369526,0.777761762671022,0.0441407410573055,242.566239682303,"Vynnycky-high","0.003",FALSE
"South Africa","3_7_6_7_3",0.635994487375105,0.777248940885243,0.044313981271398,245.332709072004,"Vynnycky-high","0.003",FALSE
"South Africa","3_7_6_7_4",0.636539930657578,0.777278433575247,0.0442460681038696,246.022258236002,"Vynnycky-high","0.003",FALSE
"South Africa","3_7_6_7_5",0.636748227924926,0.776516537486343,0.0443025049562806,245.911826102361,"Vynnycky-high","0.003",FALSE
"South Africa","3_7_6_7_6",0.636206509539843,0.777212206994789,0.0442811575044159,246.548345052258,"Vynnycky-high","0.003",FALSE
"South Africa","3_7_6_7_7",0.637155351700848,0.776761672863589,0.0443058995176326,245.316215128845,"Vynnycky-high","0.003",FALSE
"South Africa","3_7_7_3_3",0.63638776298012,0.78264560419281,0.0440863065168088,240.74391797161,"Vynnycky-high","0.003",FALSE
"South Africa","3_7_7_3_4",0.636061937436952,0.782645077457585,0.0441406313506183,241.039393237631,"Vynnycky-high","0.003",FALSE
"South Africa","3_7_7_3_5",0.635119926542666,0.783005599648614,0.0441254535881502,240.952059460705,"Vynnycky-high","0.003",FALSE
"South Africa","3_7_7_3_6",0.636074642886632,0.782948592626012,0.0441292277879736,238.88013485809,"Vynnycky-high","0.003",FALSE
"South Africa","3_7_7_3_7",0.636026579890376,0.782599369802698,0.0440986493537377,244.974397141899,"Vynnycky-high","0.003",FALSE
"South Africa","3_7_7_4_3",0.635925480506418,0.784023988461542,0.0443355815477973,243.113864938157,"Vynnycky-high","0.003",FALSE
"South Africa","3_7_7_4_4",0.636095237759087,0.783154785490707,0.0443279129849615,242.287010170264,"Vynnycky-high","0.003",FALSE
"South Africa","3_7_7_4_5",0.635967599913744,0.78247466135089,0.0443124228789298,244.468997845575,"Vynnycky-high","0.003",FALSE
"South Africa","3_7_7_4_6",0.635535824091478,0.782765690222009,0.044333702887963,246.332292024187,"Vynnycky-high","0.003",FALSE
"South Africa","3_7_7_4_7",0.636670308075383,0.782938450815722,0.0443742681855585,247.17775460326,"Vynnycky-high","0.003",FALSE
"South Africa","3_7_7_5_3",0.635684917481534,0.783630395642186,0.0445478442900931,247.282321426557,"Vynnycky-high","0.003",FALSE
"South Africa","3_7_7_5_4",0.636278478409229,0.782187374542033,0.0444712761029515,244.379276637341,"Vynnycky-high","0.003",FALSE
"South Africa","3_7_7_5_5",0.636921186839059,0.781445040255257,0.0445742370382796,241.397187411777,"Vynnycky-high","0.003",FALSE
"South Africa","3_7_7_5_6",0.636143404862464,0.782811515042665,0.0445782891420586,244.271872911893,"Vynnycky-high","0.003",FALSE
"South Africa","3_7_7_5_7",0.635748461486441,0.781985346593342,0.0445476782189434,242.043971424583,"Vynnycky-high","0.003",FALSE
"South Africa","3_7_7_6_3",0.635583804955314,0.78260455712909,0.0446740294653935,242.636079755458,"Vynnycky-high","0.003",FALSE
"South Africa","3_7_7_6_4",0.636363636363636,0.782244420945234,0.0446977833843332,243.683000535643,"Vynnycky-high","0.003",FALSE
"South Africa","3_7_7_6_5",0.635697518443997,0.782503178941657,0.0447687166560648,244.702957016975,"Vynnycky-high","0.003",FALSE
"South Africa","3_7_7_6_6",0.635890577681364,0.782678180509855,0.0447377055437118,245.694797650712,"Vynnycky-high","0.003",FALSE
"South Africa","3_7_7_6_7",0.635296741704093,0.783560880658563,0.0447357083155676,248.552350748122,"Vynnycky-high","0.003",FALSE
"South Africa","3_7_7_7_3",0.635283926810369,0.78366118768556,0.0449462749507766,246.293936843814,"Vynnycky-high","0.003",FALSE
"South Africa","3_7_7_7_4",0.635755477256116,0.783223220895818,0.0448540553181702,246.221890773874,"Vynnycky-high","0.003",FALSE
"South Africa","3_7_7_7_5",0.636634177171153,0.783510397681828,0.0448837290712958,246.921823168023,"Vynnycky-high","0.003",FALSE
"South Africa","3_7_7_7_6",0.635724540971356,0.782647693284412,0.0448593527571802,244.686240358899,"Vynnycky-high","0.003",FALSE
"South Africa","3_7_7_7_7",0.635946907498632,0.783280654398796,0.044864088082987,243.345855216784,"Vynnycky-high","0.003",FALSE
"South Africa","4_6_4_6_7",0.608151142295438,0.738839895275539,0.0401599471675152,236.328472429453,"Vynnycky-high","0.003",FALSE
"South Africa","4_6_4_7_3",0.608572186239334,0.738122345132358,0.0404375853228134,236.627418128291,"Vynnycky-high","0.003",FALSE
"South Africa","4_6_4_7_6",0.608475643273428,0.737302509134701,0.0404123767975419,231.465462183471,"Vynnycky-high","0.003",FALSE
"South Africa","4_6_4_7_7",0.608648528952402,0.737416666666667,0.0404014815226627,234.214051895199,"Vynnycky-high","0.003",FALSE
"South Africa","4_6_5_3_5",0.608775879550385,0.746547702444908,0.0401616440818994,231.629156939401,"Vynnycky-high","0.003",FALSE
"South Africa","4_6_5_3_6",0.609139102140754,0.746250569594321,0.0401141802621557,229.363111997694,"Vynnycky-high","0.003",FALSE
"South Africa","4_6_5_3_7",0.606846826107264,0.746068696610057,0.0401600700173186,230.78005274759,"Vynnycky-high","0.003",FALSE
"South Africa","4_6_5_4_3",0.60776406185517,0.744920693797838,0.0404430607635127,233.59050747893,"Vynnycky-high","0.003",FALSE
"South Africa","4_6_5_4_5",0.607568368788261,0.745895896084101,0.040474046800852,231.998041864189,"Vynnycky-high","0.003",FALSE
"South Africa","4_6_5_5_3",0.608582432545359,0.745871877592405,0.0407809835694384,231.712238050169,"Vynnycky-high","0.003",FALSE
"South Africa","4_6_5_5_4",0.607173489802604,0.745972569900383,0.0407426886219016,231.482624605554,"Vynnycky-high","0.003",FALSE
"South Africa","4_6_5_5_7",0.608621157984914,0.745716275942568,0.0406809877315636,233.312592404002,"Vynnycky-high","0.003",FALSE
"South Africa","4_6_5_6_3",0.608064019309933,0.747252922556096,0.040985935583134,233.770494486617,"Vynnycky-high","0.003",FALSE
"South Africa","4_6_5_6_6",0.60772509638254,0.745894478317714,0.0409536477912763,232.467619314723,"Vynnycky-high","0.003",FALSE
"South Africa","4_6_5_6_7",0.607622786593685,0.745666943959164,0.0409673744715576,231.320913304152,"Vynnycky-high","0.003",FALSE
"South Africa","4_6_5_7_3",0.607914004461312,0.745879024935391,0.0412367719341653,237.68779267767,"Vynnycky-high","0.003",FALSE
"South Africa","4_6_5_7_4",0.607596448094979,0.745731193217187,0.0411680619942908,236.761448064295,"Vynnycky-high","0.003",FALSE
"South Africa","4_6_5_7_6",0.607702186305832,0.745456355574408,0.0411576211361931,237.772577027731,"Vynnycky-high","0.003",FALSE
"South Africa","4_6_5_7_7",0.608083662764719,0.745999738487059,0.0411755336787493,235.355372154623,"Vynnycky-high","0.003",FALSE
"South Africa","4_6_6_3_3",0.607414851015866,0.753024800534528,0.0409182816859693,232.0293689809,"Vynnycky-high","0.003",FALSE
"South Africa","4_6_6_3_4",0.607094212064792,0.753264330014566,0.0409333622552742,234.85769996284,"Vynnycky-high","0.003",FALSE
"South Africa","4_6_6_3_5",0.607736986419829,0.753884384130076,0.0409095058402265,230.154921674926,"Vynnycky-high","0.003",FALSE
"South Africa","4_6_6_3_6",0.607848797891297,0.754253368925482,0.0409368633141635,233.739631522362,"Vynnycky-high","0.003",FALSE
"South Africa","4_6_6_3_7",0.607784127805635,0.753870831276881,0.0409116661184799,233.018768258458,"Vynnycky-high","0.003",FALSE
"South Africa","4_6_6_4_3",0.607674083610787,0.753108553309607,0.0412110195007662,229.869887651532,"Vynnycky-high","0.003",FALSE
"South Africa","4_6_6_4_4",0.608580696751701,0.753656857683703,0.0412186517821502,235.057148076436,"Vynnycky-high","0.003",FALSE
"South Africa","4_6_6_4_5",0.607781532720808,0.753440162698552,0.0411338772650615,228.532544867538,"Vynnycky-high","0.003",FALSE
"South Africa","4_6_6_4_7",0.60814289519832,0.753536653532168,0.0410922386771059,235.758637580197,"Vynnycky-high","0.003",FALSE
"South Africa","4_6_6_5_3",0.607858764649617,0.753808284346699,0.0414593525833237,238.266016899059,"Vynnycky-high","0.003",FALSE
"South Africa","4_6_6_5_4",0.607428550570716,0.753467932907505,0.0413997080889293,237.281936498422,"Vynnycky-high","0.003",FALSE
"South Africa","4_6_6_5_5",0.606683374387407,0.753443917702199,0.0413653996360757,233.215777312264,"Vynnycky-high","0.003",FALSE
"South Africa","4_6_6_5_6",0.607513498345719,0.753178871011335,0.0413545252565858,231.036518405851,"Vynnycky-high","0.003",FALSE
"South Africa","4_6_6_5_7",0.607450058267903,0.753443523269793,0.0413934236957597,235.421720693316,"Vynnycky-high","0.003",FALSE
"South Africa","4_6_6_6_3",0.605917081585331,0.752038436447428,0.0416505215189225,236.843657909442,"Vynnycky-high","0.003",FALSE
"South Africa","4_6_6_6_4",0.606026939608473,0.753644530788799,0.0416187797844589,232.499261490105,"Vynnycky-high","0.003",FALSE
"South Africa","4_6_6_6_5",0.606603285385211,0.75312894680026,0.0416067624730049,236.374308422445,"Vynnycky-high","0.003",FALSE
"South Africa","4_6_6_6_6",0.606461931040021,0.753378995329556,0.0415879138423117,234.527170189653,"Vynnycky-high","0.003",FALSE
"South Africa","4_6_6_6_7",0.606046935460805,0.753746124238212,0.0416096828842693,234.824889417411,"Vynnycky-high","0.003",FALSE
"South Africa","4_6_6_7_3",0.607422146858331,0.753428810407355,0.0418244594621154,233.65643960325,"Vynnycky-high","0.003",FALSE
"South Africa","4_6_6_7_4",0.607429873547724,0.753807709198633,0.0417732701161694,236.559616347342,"Vynnycky-high","0.003",FALSE
"South Africa","4_6_6_7_5",0.607878826772992,0.753642701533364,0.0417978442122363,235.94388204361,"Vynnycky-high","0.003",FALSE
"South Africa","4_6_6_7_6",0.606898552401953,0.754103500037489,0.041835816284968,235.006809133414,"Vynnycky-high","0.003",FALSE
"South Africa","4_6_6_7_7",0.606606643993188,0.754190525703698,0.0418520402394141,233.934638442023,"Vynnycky-high","0.003",FALSE
"South Africa","4_6_7_3_3",0.605808205283763,0.761562834237253,0.0416340836105549,230.061611734959,"Vynnycky-high","0.003",FALSE
"South Africa","4_6_7_3_4",0.607557586999182,0.761572415102797,0.0416774300186257,237.603090508767,"Vynnycky-high","0.003",FALSE
"South Africa","4_6_7_3_5",0.606628564455111,0.760829985583406,0.0415758311200944,234.197662076465,"Vynnycky-high","0.003",FALSE
"South Africa","4_6_7_3_6",0.606380724481048,0.761439833354284,0.0416607925909294,227.811398642352,"Vynnycky-high","0.003",FALSE
"South Africa","4_6_7_3_7",0.606140687740857,0.761287982076367,0.0416154872275235,227.749082679726,"Vynnycky-high","0.003",FALSE
"South Africa","4_6_7_4_3",0.60676825151411,0.760720926808689,0.0418400568080204,234.510650713501,"Vynnycky-high","0.003",FALSE
"South Africa","4_6_7_4_4",0.605651366996613,0.761315848896756,0.0418579090031948,230.522106362173,"Vynnycky-high","0.003",FALSE
"South Africa","4_6_7_4_5",0.606763624241814,0.760415161150455,0.0419099499365576,232.791185925799,"Vynnycky-high","0.003",FALSE
"South Africa","4_6_7_4_6",0.605236089651661,0.75993369084791,0.0418498225992553,229.286275071196,"Vynnycky-high","0.003",FALSE
"South Africa","4_6_7_4_7",0.606491243315965,0.760692080975841,0.0418952412469227,233.102056970795,"Vynnycky-high","0.003",FALSE
"South Africa","4_6_7_5_3",0.606845274877518,0.760749162643003,0.0421063116032086,231.241675299689,"Vynnycky-high","0.003",FALSE
"South Africa","4_6_7_5_4",0.606025645405224,0.761346765476402,0.0421312997847473,237.925466011415,"Vynnycky-high","0.003",FALSE
"South Africa","4_6_7_5_5",0.606600884096021,0.76064510028721,0.0420885880630901,233.183500822215,"Vynnycky-high","0.003",FALSE
"South Africa","4_6_7_5_6",0.606627747089358,0.76002473522854,0.0421093864424895,235.990813436493,"Vynnycky-high","0.003",FALSE
"South Africa","4_6_7_5_7",0.606405712624051,0.760538659615374,0.0421128335631056,233.394674853241,"Vynnycky-high","0.003",FALSE
"South Africa","4_6_7_6_3",0.606255612501917,0.760988566620022,0.0422301607822244,234.809120232353,"Vynnycky-high","0.003",FALSE
"South Africa","4_6_7_6_4",0.605534522546404,0.76074466485108,0.0422915918804921,235.041072623641,"Vynnycky-high","0.003",FALSE
"South Africa","4_6_7_6_5",0.605684319909612,0.760912060205462,0.0422639648453055,231.136974348091,"Vynnycky-high","0.003",FALSE
"South Africa","4_6_7_6_6",0.606524477120623,0.760601327680479,0.0422621724282065,234.148543296385,"Vynnycky-high","0.003",FALSE
"South Africa","4_6_7_6_7",0.605765800803603,0.760421123478146,0.0422741572721368,234.411631453721,"Vynnycky-high","0.003",FALSE
"South Africa","4_6_7_7_3",0.606398041375284,0.760492358886802,0.0424577289364735,238.299616595202,"Vynnycky-high","0.003",FALSE
"South Africa","4_6_7_7_4",0.605422163102514,0.759979713901031,0.0424630303868824,233.41086346231,"Vynnycky-high","0.003",FALSE
"South Africa","4_6_7_7_5",0.605870731636194,0.760204875613734,0.0424622742535722,237.079203636184,"Vynnycky-high","0.003",FALSE
"South Africa","4_6_7_7_6",0.60608808512266,0.760502547633861,0.0424784877172171,236.491006214316,"Vynnycky-high","0.003",FALSE
"South Africa","4_6_7_7_7",0.60609087036314,0.760933429368315,0.0424866395357483,236.541131877583,"Vynnycky-high","0.003",FALSE
"South Africa","4_7_3_3_3",0.649559859577056,0.765690024001544,0.0423237318803124,238.863042726616,"Vynnycky-high","0.003",FALSE
"South Africa","4_7_3_3_4",0.647875064768956,0.765598327199261,0.0423094327838193,234.676055083486,"Vynnycky-high","0.003",FALSE
"South Africa","4_7_3_3_5",0.646991407203279,0.765118162337255,0.0422947718329324,234.774855576589,"Vynnycky-high","0.003",FALSE
"South Africa","4_7_3_3_6",0.647499648173161,0.766053359372495,0.0423415588334576,229.821662763026,"Vynnycky-high","0.003",FALSE
"South Africa","4_7_3_3_7",0.647271676133952,0.766007349967007,0.0422804797266318,235.889135611798,"Vynnycky-high","0.003",FALSE
"South Africa","4_7_3_4_3",0.647206372508286,0.766151584986257,0.0425552869401277,236.35762492413,"Vynnycky-high","0.003",FALSE
"South Africa","4_7_3_4_4",0.648484853581255,0.76708045522403,0.0426642807078721,235.321813120331,"Vynnycky-high","0.003",FALSE
"South Africa","4_7_3_4_5",0.647453750684549,0.765300601335489,0.04255243715914,235.471582977977,"Vynnycky-high","0.003",FALSE
"South Africa","4_7_3_4_6",0.648198176422903,0.767418322054736,0.0426100946661359,234.891172772844,"Vynnycky-high","0.003",FALSE
"South Africa","4_7_3_4_7",0.648547816826411,0.765836898249489,0.0426516284115972,231.85302185911,"Vynnycky-high","0.003",FALSE
"South Africa","4_7_3_5_3",0.648623819041825,0.764505001106508,0.0428239934780115,235.971537215414,"Vynnycky-high","0.003",FALSE
"South Africa","4_7_3_5_4",0.647755362154646,0.766566287965202,0.0428512523314946,237.248231754312,"Vynnycky-high","0.003",FALSE
"South Africa","4_7_3_5_5",0.647827488648956,0.765782828282828,0.0428606265539996,237.248000999002,"Vynnycky-high","0.003",FALSE
"South Africa","4_7_3_5_6",0.648022302230223,0.766871418571997,0.0428830303004408,230.984278125776,"Vynnycky-high","0.003",FALSE
"South Africa","4_7_3_5_7",0.649072899250596,0.766127384181451,0.0428648857929559,233.069646203471,"Vynnycky-high","0.003",FALSE
"South Africa","4_7_3_6_3",0.648668648789946,0.766125239662844,0.0431271390610035,239.394854372314,"Vynnycky-high","0.003",FALSE
"South Africa","4_7_3_6_4",0.648681467759198,0.765716252752285,0.0431643506120064,236.207889616679,"Vynnycky-high","0.003",FALSE
"South Africa","4_7_3_6_5",0.649413751304337,0.766680376935226,0.0431530642046554,234.77485091797,"Vynnycky-high","0.003",FALSE
"South Africa","4_7_3_6_6",0.648335913412969,0.766075201686397,0.0431241443385399,238.375074574885,"Vynnycky-high","0.003",FALSE
"South Africa","4_7_3_6_7",0.648715202843187,0.766497238304477,0.0430897543214918,234.329428279947,"Vynnycky-high","0.003",FALSE
"South Africa","4_7_3_7_3",0.649298210806763,0.765873460246361,0.0433473398224496,236.324443137849,"Vynnycky-high","0.003",FALSE
"South Africa","4_7_3_7_4",0.649140993282855,0.766561466786895,0.0434880570765513,236.259408027463,"Vynnycky-high","0.003",FALSE
"South Africa","4_7_3_7_5",0.648405967300056,0.766118486465848,0.0434012985400706,238.607242047142,"Vynnycky-high","0.003",FALSE
"South Africa","4_7_3_7_6",0.649129331718849,0.766243828574337,0.043409038657464,234.675720087181,"Vynnycky-high","0.003",FALSE
"South Africa","4_7_3_7_7",0.648618304239024,0.765884991125612,0.0433812741824579,234.378680706896,"Vynnycky-high","0.003",FALSE
"South Africa","4_7_4_3_3",0.648969422368202,0.772802670306,0.0431313146915271,229.426884347476,"Vynnycky-high","0.003",FALSE
"South Africa","4_7_4_3_4",0.648159228464613,0.77337305276466,0.0432110749210446,237.298690231509,"Vynnycky-high","0.003",FALSE
"South Africa","4_7_4_3_5",0.649155394596942,0.772511972894459,0.0432126933727318,232.045536015076,"Vynnycky-high","0.003",FALSE
"South Africa","4_7_4_3_6",0.648531693864843,0.77281821334255,0.0430997873356532,236.591252478658,"Vynnycky-high","0.003",FALSE
"South Africa","4_7_4_3_7",0.649084295493272,0.772802294060155,0.0431786723602621,234.560083726611,"Vynnycky-high","0.003",FALSE
"South Africa","4_7_4_4_3",0.648340871802326,0.772729411624808,0.043365088159563,234.395867718042,"Vynnycky-high","0.003",FALSE
"South Africa","4_7_4_4_4",0.648869890412394,0.772102831001534,0.0434761275567728,237.85807833009,"Vynnycky-high","0.003",FALSE
"South Africa","4_7_4_4_5",0.648073594938097,0.773034693541291,0.0434392029569862,235.106051534252,"Vynnycky-high","0.003",FALSE
"South Africa","4_7_4_4_6",0.647997625747975,0.773557406639237,0.0434466029925136,238.063798731364,"Vynnycky-high","0.003",FALSE
"South Africa","4_7_4_4_7",0.647971803103653,0.772741143745773,0.0433696957707578,234.378958811736,"Vynnycky-high","0.003",FALSE
"South Africa","4_7_4_5_3",0.648490661282181,0.773460857938495,0.0436341335884197,239.774924096283,"Vynnycky-high","0.003",FALSE
"South Africa","4_7_4_5_4",0.647865992940945,0.772297211126028,0.0436063860594595,239.928992209121,"Vynnycky-high","0.003",FALSE
"South Africa","4_7_4_5_5",0.648146177381654,0.772112731126008,0.0436084497944381,236.343037239277,"Vynnycky-high","0.003",FALSE
"South Africa","4_7_4_5_6",0.647748973576228,0.772114914966037,0.0436725557489045,238.456345215709,"Vynnycky-high","0.003",FALSE
"South Africa","4_7_4_5_7",0.648304925567726,0.772492733015137,0.0436501074963599,236.357786541557,"Vynnycky-high","0.003",FALSE
"South Africa","4_7_4_6_3",0.647478565597025,0.772902294063216,0.043827465547036,244.648424789504,"Vynnycky-high","0.003",FALSE
"South Africa","4_7_4_6_4",0.648537220759082,0.773087218579995,0.0438247943830094,240.032675556342,"Vynnycky-high","0.003",FALSE
"South Africa","4_7_4_6_5",0.648030692384305,0.772635145817461,0.0438133278095855,234.593099433001,"Vynnycky-high","0.003",FALSE
"South Africa","4_7_4_6_6",0.647929330465765,0.771856836357589,0.0438013990698578,238.743333884963,"Vynnycky-high","0.003",FALSE
"South Africa","4_7_4_6_7",0.647790687680402,0.772274842595127,0.0438155745712236,237.74046954226,"Vynnycky-high","0.003",FALSE
"South Africa","4_7_4_7_3",0.649069302674661,0.772152022831184,0.0440883261915144,240.536758349045,"Vynnycky-high","0.003",FALSE
"South Africa","4_7_4_7_4",0.647999899875527,0.771722622706624,0.0440192769611523,237.755664669465,"Vynnycky-high","0.003",FALSE
"South Africa","4_7_4_7_5",0.648795749704841,0.772796530917172,0.0439841651153893,238.982933047886,"Vynnycky-high","0.003",FALSE
"South Africa","4_7_4_7_6",0.649338028280023,0.772067618626435,0.0440052096800415,237.298738336312,"Vynnycky-high","0.003",FALSE
"South Africa","4_7_4_7_7",0.649263563970394,0.771576589419641,0.0439759570805205,238.914417273386,"Vynnycky-high","0.003",FALSE
"South Africa","4_7_5_3_3",0.649866225735045,0.779177324270343,0.0437774896364713,236.595066608136,"Vynnycky-high","0.003",FALSE
"South Africa","4_7_5_3_4",0.648642127050241,0.778335936144369,0.0438217055459941,239.739183631524,"Vynnycky-high","0.003",FALSE
"South Africa","4_7_5_3_5",0.64854098132183,0.778293179213425,0.0437974220168349,236.843657909442,"Vynnycky-high","0.003",FALSE
"South Africa","4_7_5_3_6",0.647950958250396,0.778465622887078,0.0438124592906686,235.77838419529,"Vynnycky-high","0.003",FALSE
"South Africa","4_7_5_3_7",0.648200107763201,0.777579867578898,0.0438308692827813,235.838994670593,"Vynnycky-high","0.003",FALSE
"South Africa","4_7_5_4_3",0.647691036408315,0.778068964949065,0.0440015818374701,232.401657884694,"Vynnycky-high","0.003",FALSE
"South Africa","4_7_5_4_4",0.648645110218,0.777828338163568,0.0440659383680249,238.420661700641,"Vynnycky-high","0.003",FALSE
"South Africa","4_7_5_4_5",0.647770582055612,0.778987203390667,0.0440811384193358,238.350673468392,"Vynnycky-high","0.003",FALSE
"South Africa","4_7_5_4_6",0.647604427358807,0.778594854465566,0.0440821473606115,241.635373353154,"Vynnycky-high","0.003",FALSE
"South Africa","4_7_5_4_7",0.648698385200577,0.7789211524977,0.0440767119558985,238.013905246503,"Vynnycky-high","0.003",FALSE
"South Africa","4_7_5_5_3",0.648065610261231,0.778362213953342,0.0442865348744268,240.656873483476,"Vynnycky-high","0.003",FALSE
"South Africa","4_7_5_5_4",0.648273986393232,0.776946492403932,0.0442961273837499,241.967031781147,"Vynnycky-high","0.003",FALSE
"South Africa","4_7_5_5_5",0.64881243866655,0.778798453491943,0.0443013839758348,238.316591707775,"Vynnycky-high","0.003",FALSE
"South Africa","4_7_5_5_6",0.648890153969552,0.778501183249825,0.0442831632665129,239.242244859522,"Vynnycky-high","0.003",FALSE
"South Africa","4_7_5_5_7",0.64853701686437,0.778900667423466,0.0442972791325923,242.372931131236,"Vynnycky-high","0.003",FALSE
"South Africa","4_7_5_6_3",0.648403899140928,0.77794913928994,0.0444172340353093,242.360017195896,"Vynnycky-high","0.003",FALSE
"South Africa","4_7_5_6_4",0.649558873060499,0.778994255956783,0.0445696291123404,244.468997845575,"Vynnycky-high","0.003",FALSE
"South Africa","4_7_5_6_5",0.648733784484206,0.778415845211637,0.0444723988400625,241.967031781147,"Vynnycky-high","0.003",FALSE
"South Africa","4_7_5_6_6",0.648780325743489,0.778314409869211,0.044507227147114,242.388990971222,"Vynnycky-high","0.003",FALSE
"South Africa","4_7_5_6_7",0.648500590407853,0.77868980412283,0.0445154127226162,241.549323405642,"Vynnycky-high","0.003",FALSE
"South Africa","4_7_5_7_3",0.650870784916838,0.778137124815256,0.0447410064838945,244.864201368203,"Vynnycky-high","0.003",FALSE
"South Africa","4_7_5_7_4",0.648819894697868,0.779794279588553,0.0447489618356199,243.808046002199,"Vynnycky-high","0.003",FALSE
"South Africa","4_7_5_7_5",0.649339745592021,0.779417297383225,0.0447019356898715,241.896881051833,"Vynnycky-high","0.003",FALSE
"South Africa","4_7_5_7_6",0.649858193549222,0.778761310477454,0.0447474802586609,248.089797191502,"Vynnycky-high","0.003",FALSE
"South Africa","4_7_5_7_7",0.649807235193518,0.779501124041259,0.0447263752779077,241.336162802398,"Vynnycky-high","0.003",FALSE
"South Africa","4_7_6_3_3",0.649183677478081,0.784704170433996,0.0444586861273177,239.12021545493,"Vynnycky-high","0.003",FALSE
"South Africa","4_7_6_3_4",0.64882949178378,0.782432858452417,0.0444938989203032,241.008892393459,"Vynnycky-high","0.003",FALSE
"South Africa","4_7_6_3_5",0.650028527957398,0.78461484271531,0.0445734739849021,244.666407015699,"Vynnycky-high","0.003",FALSE
"South Africa","4_7_6_3_6",0.65012671920755,0.784567531070756,0.0444696615204928,243.486750760054,"Vynnycky-high","0.003",FALSE
"South Africa","4_7_6_3_7",0.649217915130416,0.784580003434634,0.0444819997670884,242.884255847522,"Vynnycky-high","0.003",FALSE
"South Africa","4_7_6_4_3",0.649569386922657,0.784220417263896,0.0446839187524177,244.147540434824,"Vynnycky-high","0.003",FALSE
"South Africa","4_7_6_4_4",0.64843741238154,0.783786629571892,0.0447246632058729,240.257561092819,"Vynnycky-high","0.003",FALSE
"South Africa","4_7_6_4_5",0.650925139323416,0.784247251412258,0.0447408271490053,242.079511738177,"Vynnycky-high","0.003",FALSE
"South Africa","4_7_6_4_6",0.650115676126962,0.784403669724771,0.0447894423328561,245.913549952348,"Vynnycky-high","0.003",FALSE
"South Africa","4_7_6_4_7",0.649028341753636,0.784635438665231,0.0447831181646076,245.047991360188,"Vynnycky-high","0.003",FALSE
"South Africa","4_7_6_5_3",0.651008741406099,0.785229554235476,0.0450130685735234,244.904253394728,"Vynnycky-high","0.003",FALSE
"South Africa","4_7_6_5_4",0.648678611422172,0.785252045314691,0.0450190458303799,248.496794465452,"Vynnycky-high","0.003",FALSE
"South Africa","4_7_6_5_5",0.649364764607721,0.784100760627802,0.0450635995850872,247.648137522624,"Vynnycky-high","0.003",FALSE
"South Africa","4_7_6_5_6",0.648748926349408,0.784525967497743,0.0449975058222061,243.933609443687,"Vynnycky-high","0.003",FALSE
"South Africa","4_7_6_5_7",0.648234198100239,0.784356248955292,0.0450559678010651,245.586080097749,"Vynnycky-high","0.003",FALSE
"South Africa","4_7_6_6_3",0.6501616908273,0.785125573082126,0.0451654837797828,244.846039429169,"Vynnycky-high","0.003",FALSE
"South Africa","4_7_6_6_4",0.649867184041251,0.784650164270048,0.0452234122485849,247.244810345735,"Vynnycky-high","0.003",FALSE
"South Africa","4_7_6_6_5",0.649099062702004,0.783982761638746,0.0451460380595801,247.171127726133,"Vynnycky-high","0.003",FALSE
"South Africa","4_7_6_6_6",0.64912587143267,0.7840361032386,0.0452218524309922,248.256069063075,"Vynnycky-high","0.003",FALSE
"South Africa","4_7_6_6_7",0.648891383117732,0.784006460935844,0.0452039277336865,249.501355853117,"Vynnycky-high","0.003",FALSE
"South Africa","4_7_6_7_3",0.648540786802623,0.783507811768282,0.04536333070245,251.747666102734,"Vynnycky-high","0.003",FALSE
"South Africa","4_7_6_7_4",0.649241169994984,0.784464972569699,0.0454162978924771,250.006251562609,"Vynnycky-high","0.003",FALSE
"South Africa","4_7_6_7_5",0.648646469498387,0.784799731614108,0.0453645276099099,249.576079444573,"Vynnycky-high","0.003",FALSE
"South Africa","4_7_6_7_6",0.648344886777693,0.783996994229543,0.0453880082303765,247.629118137909,"Vynnycky-high","0.003",FALSE
"South Africa","4_7_6_7_7",0.648806281211979,0.784674047833976,0.0453400997397579,248.963657397625,"Vynnycky-high","0.003",FALSE
"South Africa","4_7_7_3_3",0.650266797466416,0.790024500565398,0.0451410714652791,245.368667750833,"Vynnycky-high","0.003",FALSE
"South Africa","4_7_7_3_4",0.648035172844824,0.790053448664596,0.0450904916810637,244.005035095072,"Vynnycky-high","0.003",FALSE
"South Africa","4_7_7_3_5",0.64990315164427,0.791156111103593,0.0451094621898063,245.477916778405,"Vynnycky-high","0.003",FALSE
"South Africa","4_7_7_3_6",0.649352979196071,0.79093318557924,0.0451253259365544,243.843387914866,"Vynnycky-high","0.003",FALSE
"South Africa","4_7_7_3_7",0.649682147478462,0.790703502447332,0.0451376288554137,244.558619168711,"Vynnycky-high","0.003",FALSE
"South Africa","4_7_7_4_3",0.649197439847569,0.790641544567886,0.0452946751796451,244.953969822535,"Vynnycky-high","0.003",FALSE
"South Africa","4_7_7_4_4",0.649638531020801,0.790818913953076,0.0453414327064083,247.574044663726,"Vynnycky-high","0.003",FALSE
"South Africa","4_7_7_4_5",0.649103324663686,0.791145688932281,0.0454069224917871,245.712752598361,"Vynnycky-high","0.003",FALSE
"South Africa","4_7_7_4_6",0.648214060826338,0.791047645713947,0.0453625275481848,243.861097917504,"Vynnycky-high","0.003",FALSE
"South Africa","4_7_7_4_7",0.648508300585452,0.790937916721319,0.0454283834362711,245.478534506563,"Vynnycky-high","0.003",FALSE
"South Africa","4_7_7_5_3",0.648811283732932,0.790965921355256,0.0455245139607656,250.815171955825,"Vynnycky-high","0.003",FALSE
"South Africa","4_7_7_5_4",0.649299636033988,0.791156332063917,0.0455646447960971,245.730819652512,"Vynnycky-high","0.003",FALSE
"South Africa","4_7_7_5_5",0.648988681782417,0.791078677045282,0.0456280355184286,247.997532017716,"Vynnycky-high","0.003",FALSE
"South Africa","4_7_7_5_6",0.650662726160503,0.79066104452896,0.0456021374899135,245.713089052574,"Vynnycky-high","0.003",FALSE
"South Africa","4_7_7_5_7",0.650033396842729,0.790694384614225,0.0455700113100011,246.384537740502,"Vynnycky-high","0.003",FALSE
"South Africa","4_7_7_6_3",0.648961898294403,0.790348030717547,0.045811515267811,249.183924045834,"Vynnycky-high","0.003",FALSE
"South Africa","4_7_7_6_4",0.649806888283544,0.790950166284377,0.0458028133410134,246.591796012437,"Vynnycky-high","0.003",FALSE
"South Africa","4_7_7_6_5",0.649208209997753,0.790287139303803,0.0458493757917346,245.658380536531,"Vynnycky-high","0.003",FALSE
"South Africa","4_7_7_6_6",0.649595642923045,0.790467156601481,0.0458390801944299,246.384537740502,"Vynnycky-high","0.003",FALSE
"South Africa","4_7_7_6_7",0.650216545007186,0.790996525990736,0.0459057725559315,245.062085457808,"Vynnycky-high","0.003",FALSE
"South Africa","4_7_7_7_3",0.650897231018233,0.790820614192243,0.046011464622261,250.570218179586,"Vynnycky-high","0.003",FALSE
"South Africa","4_7_7_7_4",0.649400008979509,0.791134823848239,0.0460614057162552,248.571962417254,"Vynnycky-high","0.003",FALSE
"South Africa","4_7_7_7_5",0.65023378763799,0.79135955652954,0.0460206853916634,245.062005984399,"Vynnycky-high","0.003",FALSE
"South Africa","4_7_7_7_6",0.650629526288904,0.791100051809647,0.0460107211425127,247.207484923442,"Vynnycky-high","0.003",FALSE
"South Africa","4_7_7_7_7",0.650134161686065,0.790798085228033,0.0460053039655121,248.05287354616,"Vynnycky-high","0.003",FALSE
"South Africa","5_6_3_5_4",0.622802340965674,0.739184478392802,0.0401979157092608,218.364458701443,"Vynnycky-high","0.003",FALSE
"South Africa","5_6_3_5_5",0.623316519130277,0.739363516462684,0.0402151318151849,220.094802860802,"Vynnycky-high","0.003",FALSE
"South Africa","5_6_3_5_7",0.622111652557486,0.739278910588602,0.0402012331283089,221.439880747923,"Vynnycky-high","0.003",FALSE
"South Africa","5_6_3_6_6",0.622917061268396,0.739923632586104,0.0404709045366656,229.09528655862,"Vynnycky-high","0.003",FALSE
"South Africa","5_6_3_7_5",0.621997733213921,0.739605589201105,0.040709857861891,225.744327020295,"Vynnycky-high","0.003",FALSE
"South Africa","5_6_4_3_3",0.623980326455222,0.747574482602345,0.0404612945427654,224.225447686031,"Vynnycky-high","0.003",FALSE
"South Africa","5_6_4_3_5",0.621675768628794,0.746803981288882,0.0403336941441517,219.905880283239,"Vynnycky-high","0.003",FALSE
"South Africa","5_6_4_3_7",0.622895572445935,0.747830768633585,0.0404337807769226,222.862605908238,"Vynnycky-high","0.003",FALSE
"South Africa","5_6_4_4_3",0.622410655949716,0.746476268168242,0.0406702197843462,228.985818678744,"Vynnycky-high","0.003",FALSE
"South Africa","5_6_4_4_4",0.623422996699963,0.747284929050357,0.0407583734462678,221.897910346225,"Vynnycky-high","0.003",FALSE
"South Africa","5_6_4_4_5",0.62263722049539,0.747692279275383,0.0407714387676416,220.241677894263,"Vynnycky-high","0.003",FALSE
"South Africa","5_6_4_4_7",0.622643030544585,0.748027299815096,0.0408129681187481,222.374522809345,"Vynnycky-high","0.003",FALSE
"South Africa","5_6_4_5_3",0.622553059695883,0.747517828585863,0.0410966599784298,229.821662763026,"Vynnycky-high","0.003",FALSE
"South Africa","5_6_4_5_5",0.622199888524497,0.746902488150005,0.0410999727551652,222.449660732871,"Vynnycky-high","0.003",FALSE
"South Africa","5_6_4_5_7",0.622268397169531,0.748194957993407,0.0410631199846444,224.845788094361,"Vynnycky-high","0.003",FALSE
"South Africa","5_6_4_6_3",0.622667191514046,0.748841081348363,0.0413198904254312,226.557097845861,"Vynnycky-high","0.003",FALSE
"South Africa","5_6_4_6_4",0.623033258132596,0.747733919513874,0.0412641923659243,223.714678395105,"Vynnycky-high","0.003",FALSE
"South Africa","5_6_4_6_5",0.623112864538676,0.748572632078649,0.0412870097544863,224.270731575563,"Vynnycky-high","0.003",FALSE
"South Africa","5_6_4_6_6",0.621917483261212,0.748069431494514,0.0412445027301062,223.431557194579,"Vynnycky-high","0.003",FALSE
"South Africa","5_6_4_6_7",0.622445963638644,0.748636680494132,0.0413233813688843,222.593934521453,"Vynnycky-high","0.003",FALSE
"South Africa","5_6_4_7_3",0.6228004587055,0.748757204462627,0.0415176689802916,232.288055214667,"Vynnycky-high","0.003",FALSE
"South Africa","5_6_4_7_6",0.622637647666764,0.748135305054564,0.0414935067491965,228.342210586478,"Vynnycky-high","0.003",FALSE
"South Africa","5_6_5_3_3",0.62341067744397,0.755699740685051,0.0411758724331791,225.896959731874,"Vynnycky-high","0.003",FALSE
"South Africa","5_6_5_3_4",0.622519674971584,0.754805316805111,0.041197338434303,220.677488567986,"Vynnycky-high","0.003",FALSE
"South Africa","5_6_5_3_6",0.622342867612647,0.75556164783627,0.0412161985517281,220.138711521812,"Vynnycky-high","0.003",FALSE
"South Africa","5_6_5_3_7",0.621541942886283,0.755720939038956,0.0412204476078492,220.429492858586,"Vynnycky-high","0.003",FALSE
"South Africa","5_6_5_4_4",0.621958693420039,0.75586316256606,0.041506754609054,225.606400687668,"Vynnycky-high","0.003",FALSE
"South Africa","5_6_5_4_5",0.621127955254993,0.755492155530459,0.0414592300022546,223.443718544433,"Vynnycky-high","0.003",FALSE
"South Africa","5_6_5_4_6",0.621454247073059,0.755773173911599,0.0414717499575091,224.319493756491,"Vynnycky-high","0.003",FALSE
"South Africa","5_6_5_4_7",0.620891209120965,0.75583970724259,0.0414998550574023,223.040396181111,"Vynnycky-high","0.003",FALSE
"South Africa","5_6_5_5_3",0.622032089256427,0.754530009307994,0.0417388700333849,232.466642439165,"Vynnycky-high","0.003",FALSE
"South Africa","5_6_5_5_4",0.621793673386516,0.755596367878425,0.0417333519182331,224.255573334871,"Vynnycky-high","0.003",FALSE
"South Africa","5_6_5_5_5",0.621081476773952,0.754200488382509,0.041754190668587,224.709920911803,"Vynnycky-high","0.003",FALSE
"South Africa","5_6_5_5_6",0.621881257275902,0.755126040261428,0.0417747584899268,225.6980547881,"Vynnycky-high","0.003",FALSE
"South Africa","5_6_5_5_7",0.62132755517666,0.756331303185585,0.0417529717626614,223.63877014803,"Vynnycky-high","0.003",FALSE
"South Africa","5_6_5_6_3",0.623816518599078,0.755906162802715,0.0420190924296969,227.967097004686,"Vynnycky-high","0.003",FALSE
"South Africa","5_6_5_6_4",0.622254625885279,0.755478561384413,0.0419743363639954,228.985585268531,"Vynnycky-high","0.003",FALSE
"South Africa","5_6_5_6_5",0.621513368842922,0.755358471908569,0.0419311071935404,227.766840611744,"Vynnycky-high","0.003",FALSE
"South Africa","5_6_5_6_6",0.621937931082955,0.756002251396241,0.0419124001381228,226.7444640326,"Vynnycky-high","0.003",FALSE
"South Africa","5_6_5_6_7",0.621225458508232,0.755906967873543,0.0419171749736204,225.820417617083,"Vynnycky-high","0.003",FALSE
"South Africa","5_6_5_7_3",0.621426442602731,0.755677441124601,0.042284221775089,231.67568958781,"Vynnycky-high","0.003",FALSE
"South Africa","5_6_5_7_4",0.623529411764706,0.755990355670571,0.0421732086056048,232.921064189015,"Vynnycky-high","0.003",FALSE
"South Africa","5_6_5_7_5",0.622807814725292,0.755738372843356,0.0422597773952729,232.353093517601,"Vynnycky-high","0.003",FALSE
"South Africa","5_6_5_7_6",0.622447918408743,0.755674390968509,0.0422150178018833,230.223117126939,"Vynnycky-high","0.003",FALSE
"South Africa","5_6_5_7_7",0.621790372828092,0.755777211503458,0.0422566671493759,229.442153602678,"Vynnycky-high","0.003",FALSE
"South Africa","5_6_6_3_3",0.621782230660789,0.76321537576108,0.0420807631657167,230.506713083619,"Vynnycky-high","0.003",FALSE
"South Africa","5_6_6_3_4",0.621818898620486,0.762410204125747,0.0420477936628151,231.272944127781,"Vynnycky-high","0.003",FALSE
"South Africa","5_6_6_3_5",0.621239984858999,0.763584198080508,0.0421000810120435,227.56983578854,"Vynnycky-high","0.003",FALSE
"South Africa","5_6_6_3_6",0.622381352792385,0.762754626115195,0.0421381902943723,227.889073190236,"Vynnycky-high","0.003",FALSE
"South Africa","5_6_6_3_7",0.621371454213748,0.762881778013204,0.0421170823961007,224.180143558517,"Vynnycky-high","0.003",FALSE
"South Africa","5_6_6_4_3",0.621402391288422,0.764311429064785,0.0423092696919269,233.967893279189,"Vynnycky-high","0.003",FALSE
"South Africa","5_6_6_4_4",0.621555060196203,0.763231734807679,0.0423095036857183,232.03062817213,"Vynnycky-high","0.003",FALSE
"South Africa","5_6_6_4_5",0.620667739664583,0.763471668172702,0.0422982525122793,230.968436121105,"Vynnycky-high","0.003",FALSE
"South Africa","5_6_6_4_6",0.621381277475826,0.76319009053152,0.0423484857120593,231.774462967836,"Vynnycky-high","0.003",FALSE
"South Africa","5_6_6_4_7",0.620831768073889,0.762605867681929,0.042335554149013,234.312765304112,"Vynnycky-high","0.003",FALSE
"South Africa","5_6_6_5_3",0.620787036692659,0.763823051770996,0.0425918656279013,235.52132763191,"Vynnycky-high","0.003",FALSE
"South Africa","5_6_6_5_4",0.621529853029611,0.762579562542379,0.0425623160362329,233.788908521604,"Vynnycky-high","0.003",FALSE
"South Africa","5_6_6_5_5",0.622136157653109,0.762846825429339,0.0425841096365592,235.23893605543,"Vynnycky-high","0.003",FALSE
"South Africa","5_6_6_5_6",0.621830108461722,0.76332832548319,0.042565572149234,236.677496964398,"Vynnycky-high","0.003",FALSE
"South Africa","5_6_6_5_7",0.621763197534468,0.762501300076219,0.0425875641296636,235.139277293327,"Vynnycky-high","0.003",FALSE
"South Africa","5_6_6_6_3",0.62226967464302,0.764627237989056,0.0427881267247136,237.670856113301,"Vynnycky-high","0.003",FALSE
"South Africa","5_6_6_6_4",0.621115379999886,0.763009516559236,0.0428660991817186,235.904770122672,"Vynnycky-high","0.003",FALSE
"South Africa","5_6_6_6_5",0.621417294546982,0.763484326763423,0.0427934712564906,238.268471171388,"Vynnycky-high","0.003",FALSE
"South Africa","5_6_6_6_6",0.621513924737507,0.763373356660346,0.0427170849698235,239.346204951872,"Vynnycky-high","0.003",FALSE
"South Africa","5_6_6_6_7",0.621809311801213,0.763037358377368,0.0428093430737139,238.846387147526,"Vynnycky-high","0.003",FALSE
"South Africa","5_6_6_7_3",0.621705064342051,0.76259029519087,0.0430100358769917,238.983203298234,"Vynnycky-high","0.003",FALSE
"South Africa","5_6_6_7_4",0.621774526698456,0.762695870505457,0.0430142979336215,236.004927831016,"Vynnycky-high","0.003",FALSE
"South Africa","5_6_6_7_5",0.622478332554305,0.762678191190368,0.0429973491898361,241.004608831973,"Vynnycky-high","0.003",FALSE
"South Africa","5_6_6_7_6",0.62240159662004,0.763286957208482,0.0430106787456029,238.061273061238,"Vynnycky-high","0.003",FALSE
"South Africa","5_6_6_7_7",0.622991881273681,0.763258230689485,0.0429945725800305,238.574147571258,"Vynnycky-high","0.003",FALSE
"South Africa","5_6_7_3_3",0.623070895940638,0.770325434224247,0.0428353844256201,233.819972791858,"Vynnycky-high","0.003",FALSE
"South Africa","5_6_7_3_4",0.623008203568671,0.769051012321519,0.0428556820361116,237.604375034136,"Vynnycky-high","0.003",FALSE
"South Africa","5_6_7_3_5",0.62337384601337,0.769462278858684,0.0428712311650504,237.505681521732,"Vynnycky-high","0.003",FALSE
"South Africa","5_6_7_3_6",0.623099681383705,0.769508895754641,0.0428195425074547,234.29740349796,"Vynnycky-high","0.003",FALSE
"South Africa","5_6_7_3_7",0.622633498570092,0.769605382929011,0.0428151830152139,239.549707285579,"Vynnycky-high","0.003",FALSE
"South Africa","5_6_7_4_3",0.621824694306064,0.771270258127219,0.0430170819284825,235.721199586835,"Vynnycky-high","0.003",FALSE
"South Africa","5_6_7_4_4",0.623720063247409,0.769646099807538,0.043089910791999,239.723441383869,"Vynnycky-high","0.003",FALSE
"South Africa","5_6_7_4_5",0.623980430513094,0.769648382916467,0.0430199319529858,241.144048914473,"Vynnycky-high","0.003",FALSE
"South Africa","5_6_7_4_6",0.623096799623356,0.770041615608875,0.0430691141283606,244.218294260196,"Vynnycky-high","0.003",FALSE
"South Africa","5_6_7_4_7",0.623439072444048,0.769996596949006,0.043098548214277,240.952424565571,"Vynnycky-high","0.003",FALSE
"South Africa","5_6_7_5_3",0.622678871550794,0.770635489180209,0.0432040402524943,238.796242766676,"Vynnycky-high","0.003",FALSE
"South Africa","5_6_7_5_4",0.622942610637267,0.768953245396369,0.0432390425682702,241.98583324462,"Vynnycky-high","0.003",FALSE
"South Africa","5_6_7_5_5",0.623524526397679,0.769629099473978,0.0433252907365765,241.458562093676,"Vynnycky-high","0.003",FALSE
"South Africa","5_6_7_5_6",0.623482267544143,0.770232931895236,0.0432731926266614,242.371424188799,"Vynnycky-high","0.003",FALSE
"South Africa","5_6_7_5_7",0.623333089184425,0.769829581254237,0.0432666709645845,240.674132798794,"Vynnycky-high","0.003",FALSE
"South Africa","5_6_7_6_3",0.622868740560009,0.770054394648868,0.0434217313417011,234.758829818746,"Vynnycky-high","0.003",FALSE
"South Africa","5_6_7_6_4",0.623493910492608,0.769084280087242,0.0433943855347171,242.481315339163,"Vynnycky-high","0.003",FALSE
"South Africa","5_6_7_6_5",0.623880544570585,0.769869924203946,0.0433274898107656,242.060636127829,"Vynnycky-high","0.003",FALSE
"South Africa","5_6_7_6_6",0.622398227185526,0.770087967751987,0.0433547991305901,240.189285356398,"Vynnycky-high","0.003",FALSE
"South Africa","5_6_7_6_7",0.622621205695401,0.769945499427675,0.0434369837765541,239.395126022518,"Vynnycky-high","0.003",FALSE
"South Africa","5_6_7_7_3",0.622903539420199,0.770413575204774,0.0435778409689223,240.327089361783,"Vynnycky-high","0.003",FALSE
"South Africa","5_6_7_7_4",0.6230967797807,0.770864400733007,0.0436120041172669,241.706099936371,"Vynnycky-high","0.003",FALSE
"South Africa","5_6_7_7_5",0.622567631703844,0.770805369738671,0.0435594987268405,241.406272378333,"Vynnycky-high","0.003",FALSE
"South Africa","5_6_7_7_6",0.622588360350784,0.770882694923435,0.0435254989261577,237.26515866478,"Vynnycky-high","0.003",FALSE
"South Africa","5_6_7_7_7",0.622167178100241,0.770938116542085,0.0435146903194165,240.172898183442,"Vynnycky-high","0.003",FALSE
"South Africa","5_7_3_3_3",0.660868489524877,0.773131848555577,0.0434298652761732,234.201546587833,"Vynnycky-high","0.003",FALSE
"South Africa","5_7_3_3_4",0.661548132183908,0.774678339339669,0.0434174589618563,228.749354503606,"Vynnycky-high","0.003",FALSE
"South Africa","5_7_3_3_5",0.661559528108824,0.774786147766797,0.0434615797378934,226.834903422944,"Vynnycky-high","0.003",FALSE
"South Africa","5_7_3_3_6",0.663333849709335,0.774644978735689,0.0435482028867538,227.939650259276,"Vynnycky-high","0.003",FALSE
"South Africa","5_7_3_3_7",0.661404410559815,0.774761165545522,0.0435375579048432,225.667495147943,"Vynnycky-high","0.003",FALSE
"South Africa","5_7_3_4_3",0.662466427560225,0.774278936629623,0.0437763761606541,231.851801450922,"Vynnycky-high","0.003",FALSE
"South Africa","5_7_3_4_4",0.662702991958588,0.773154179355837,0.0436379149504781,232.564780803678,"Vynnycky-high","0.003",FALSE
"South Africa","5_7_3_4_5",0.662145740893556,0.774112049482574,0.0436932397146533,229.378859474517,"Vynnycky-high","0.003",FALSE
"South Africa","5_7_3_4_6",0.66285866146116,0.774467488965087,0.0438061992483449,229.791548871964,"Vynnycky-high","0.003",FALSE
"South Africa","5_7_3_4_7",0.662641417909935,0.774295333651253,0.0438410862197953,235.688591441654,"Vynnycky-high","0.003",FALSE
"South Africa","5_7_3_5_3",0.662452266468,0.77480635056335,0.0440759103631539,236.658728375139,"Vynnycky-high","0.003",FALSE
"South Africa","5_7_3_5_4",0.662994671304733,0.774331229761034,0.0440553216303314,238.183718490107,"Vynnycky-high","0.003",FALSE
"South Africa","5_7_3_5_5",0.662602613605473,0.774251825883084,0.0441179318225775,232.338895008588,"Vynnycky-high","0.003",FALSE
"South Africa","5_7_3_5_6",0.662882140219974,0.77384295427903,0.0441161218907305,233.597261898289,"Vynnycky-high","0.003",FALSE
"South Africa","5_7_3_5_7",0.661941978585156,0.774389674875864,0.0441759345878839,234.874149459173,"Vynnycky-high","0.003",FALSE
"South Africa","5_7_3_6_3",0.661488213445131,0.774111796284951,0.0443133500146679,234.149666308764,"Vynnycky-high","0.003",FALSE
"South Africa","5_7_3_6_4",0.662713238361564,0.774027328299173,0.0443472351961616,238.881901499114,"Vynnycky-high","0.003",FALSE
"South Africa","5_7_3_6_5",0.662533388437828,0.773524137394381,0.0443900397079101,238.337124642034,"Vynnycky-high","0.003",FALSE
"South Africa","5_7_3_6_6",0.662393376075499,0.77363778067262,0.0443872990098508,240.18974927887,"Vynnycky-high","0.003",FALSE
"South Africa","5_7_3_6_7",0.663173340829714,0.773657406526846,0.0444049589124761,240.224923101017,"Vynnycky-high","0.003",FALSE
"South Africa","5_7_3_7_3",0.662788825803218,0.775030910676072,0.0445531611838808,238.350887957187,"Vynnycky-high","0.003",FALSE
"South Africa","5_7_3_7_4",0.664038972266865,0.772117727472341,0.0446053546300881,239.965228034788,"Vynnycky-high","0.003",FALSE
"South Africa","5_7_3_7_5",0.663169293274446,0.773891503551658,0.0445685610175524,239.930503774686,"Vynnycky-high","0.003",FALSE
"South Africa","5_7_3_7_6",0.663147258856609,0.77325075538567,0.0445743496357665,240.487547252567,"Vynnycky-high","0.003",FALSE
"South Africa","5_7_3_7_7",0.662490975408429,0.773461654561062,0.0445295438598817,239.601427228131,"Vynnycky-high","0.003",FALSE
"South Africa","5_7_4_3_3",0.664001012973778,0.779639662939436,0.0443255036193266,234.082623262435,"Vynnycky-high","0.003",FALSE
"South Africa","5_7_4_3_4",0.66327699146099,0.779323627328643,0.0442769336507887,231.513747832409,"Vynnycky-high","0.003",FALSE
"South Africa","5_7_4_3_5",0.663854909220715,0.780797513815648,0.0442924746090787,230.489732637074,"Vynnycky-high","0.003",FALSE
"South Africa","5_7_4_3_6",0.664244161849914,0.781012308945516,0.0443008244511772,237.569724199684,"Vynnycky-high","0.003",FALSE
"South Africa","5_7_4_3_7",0.662965745710818,0.78108858237671,0.0443464482235759,232.928898062424,"Vynnycky-high","0.003",FALSE
"South Africa","5_7_4_4_3",0.663025546110959,0.780520263521521,0.0446868566148572,234.693049318225,"Vynnycky-high","0.003",FALSE
"South Africa","5_7_4_4_4",0.663376407679313,0.780264837067081,0.0445830591684993,232.482610420727,"Vynnycky-high","0.003",FALSE
"South Africa","5_7_4_4_5",0.664478169164255,0.780813816783701,0.0445973400542461,237.518890063158,"Vynnycky-high","0.003",FALSE
"South Africa","5_7_4_4_6",0.664399211918697,0.781438855593821,0.044601640307158,234.857821215206,"Vynnycky-high","0.003",FALSE
"South Africa","5_7_4_4_7",0.663979916239131,0.780051041668468,0.0446339106226397,239.171511121062,"Vynnycky-high","0.003",FALSE
"South Africa","5_7_4_5_3",0.664715705101444,0.780420142647902,0.0448152246506493,233.539201886502,"Vynnycky-high","0.003",FALSE
"South Africa","5_7_4_5_4",0.664573568899228,0.779414028050952,0.0448338142907114,235.374355749541,"Vynnycky-high","0.003",FALSE
"South Africa","5_7_4_5_5",0.665202396778606,0.781043609293699,0.0448871532783716,238.080274118292,"Vynnycky-high","0.003",FALSE
"South Africa","5_7_4_5_6",0.664674585655849,0.779907764932249,0.0448787745492992,236.776100214006,"Vynnycky-high","0.003",FALSE
"South Africa","5_7_4_5_7",0.664076941882222,0.780235085961985,0.0448086816928244,237.603698966421,"Vynnycky-high","0.003",FALSE
"South Africa","5_7_4_6_3",0.663825533061678,0.779541021370281,0.0450300372793442,235.388274130049,"Vynnycky-high","0.003",FALSE
"South Africa","5_7_4_6_4",0.663790672511049,0.780862549911593,0.0450505691794135,239.964183406531,"Vynnycky-high","0.003",FALSE
"South Africa","5_7_4_6_5",0.664037698412698,0.7799097242033,0.0451075076510894,238.931705806801,"Vynnycky-high","0.003",FALSE
"South Africa","5_7_4_6_6",0.663857457359096,0.779729685452162,0.0450172440458408,237.062420806382,"Vynnycky-high","0.003",FALSE
"South Africa","5_7_4_6_7",0.664065972703325,0.779630733948791,0.0450304715234645,239.826312121692,"Vynnycky-high","0.003",FALSE
"South Africa","5_7_4_7_3",0.663664854370563,0.77937275648555,0.0452496337319684,241.109133405814,"Vynnycky-high","0.003",FALSE
"South Africa","5_7_4_7_4",0.663818577044893,0.779954117999805,0.0452277932537073,239.773653670935,"Vynnycky-high","0.003",FALSE
"South Africa","5_7_4_7_5",0.664679648204958,0.779884584965034,0.0452938630073073,238.354037087118,"Vynnycky-high","0.003",FALSE
"South Africa","5_7_4_7_6",0.663495995995996,0.779293374011129,0.045271493823151,239.567105649197,"Vynnycky-high","0.003",FALSE
"South Africa","5_7_4_7_7",0.663948230135659,0.779583129566768,0.0452774440230005,242.196333135902,"Vynnycky-high","0.003",FALSE
"South Africa","5_7_5_3_3",0.664993728585757,0.786683647082475,0.0449751831117314,239.912115153616,"Vynnycky-high","0.003",FALSE
"South Africa","5_7_5_3_4",0.664605271741942,0.784402840497052,0.0449460787825028,234.461509939644,"Vynnycky-high","0.003",FALSE
"South Africa","5_7_5_3_5",0.663458630912116,0.784919512887579,0.0449902001424143,241.633656654055,"Vynnycky-high","0.003",FALSE
"South Africa","5_7_5_3_6",0.664298268097737,0.784482392421732,0.0449775408622631,237.163621495891,"Vynnycky-high","0.003",FALSE
"South Africa","5_7_5_3_7",0.664870087122746,0.784452316823981,0.0449303691208165,238.504414857337,"Vynnycky-high","0.003",FALSE
"South Africa","5_7_5_4_3",0.664433176345528,0.786699100180596,0.0452826836080203,240.103697955989,"Vynnycky-high","0.003",FALSE
"South Africa","5_7_5_4_4",0.664101055886827,0.78617575478749,0.0452611726362692,235.988466721533,"Vynnycky-high","0.003",FALSE
"South Africa","5_7_5_4_5",0.664411996054586,0.785636190947654,0.0452130223687981,240.604403262733,"Vynnycky-high","0.003",FALSE
"South Africa","5_7_5_4_6",0.664489007072756,0.786311440955907,0.045202122880934,239.240204019403,"Vynnycky-high","0.003",FALSE
"South Africa","5_7_5_4_7",0.664030840110949,0.785223161926352,0.045196180651091,241.040572972737,"Vynnycky-high","0.003",FALSE
"South Africa","5_7_5_5_3",0.664251739936348,0.784682006600073,0.0454388751039997,241.353542120032,"Vynnycky-high","0.003",FALSE
"South Africa","5_7_5_5_4",0.664833642886043,0.785231725309196,0.0454476233709583,239.773698334097,"Vynnycky-high","0.003",FALSE
"South Africa","5_7_5_5_5",0.664699033538716,0.784685266895455,0.045394876495775,239.446608734932,"Vynnycky-high","0.003",FALSE
"South Africa","5_7_5_5_6",0.662981724918425,0.784817491529786,0.0453855121540769,239.704763162213,"Vynnycky-high","0.003",FALSE
"South Africa","5_7_5_5_7",0.663989707815863,0.784843905872904,0.0454639651947388,239.412064634758,"Vynnycky-high","0.003",FALSE
"South Africa","5_7_5_6_3",0.664109171415091,0.784955849962051,0.0455945194204058,239.102985622949,"Vynnycky-high","0.003",FALSE
"South Africa","5_7_5_6_4",0.663395157364866,0.783124767624696,0.0456745470319821,242.389237054918,"Vynnycky-high","0.003",FALSE
"South Africa","5_7_5_6_5",0.663492083627052,0.78506137654851,0.0456076061747776,241.005878766087,"Vynnycky-high","0.003",FALSE
"South Africa","5_7_5_6_6",0.663569458236787,0.785554577774012,0.0456349773247998,240.482991028931,"Vynnycky-high","0.003",FALSE
"South Africa","5_7_5_6_7",0.663755950019171,0.78573208057513,0.0456735291055746,241.984731397616,"Vynnycky-high","0.003",FALSE
"South Africa","5_7_5_7_3",0.664272915544629,0.786896532053987,0.0458337212248094,241.494065680927,"Vynnycky-high","0.003",FALSE
"South Africa","5_7_5_7_4",0.664333232435928,0.785997129358458,0.0458841474254183,242.989745832726,"Vynnycky-high","0.003",FALSE
"South Africa","5_7_5_7_5",0.663981689619237,0.784968068206701,0.0458587331559022,240.482920934532,"Vynnycky-high","0.003",FALSE
"South Africa","5_7_5_7_6",0.664436740728398,0.785079792933664,0.0458290940590868,239.739168750228,"Vynnycky-high","0.003",FALSE
"South Africa","5_7_5_7_7",0.664267074208838,0.78538472392293,0.0458161854080483,240.154416382966,"Vynnycky-high","0.003",FALSE
"South Africa","5_7_6_3_3",0.663106012440083,0.791998591450641,0.0456749138975839,232.077928598216,"Vynnycky-high","0.003",FALSE
"South Africa","5_7_6_3_4",0.664964896495403,0.792162238957813,0.0456431385952656,237.43384544088,"Vynnycky-high","0.003",FALSE
"South Africa","5_7_6_3_5",0.664460922135842,0.791955730340658,0.0456514856292469,233.874374205142,"Vynnycky-high","0.003",FALSE
"South Africa","5_7_6_3_6",0.66344059834864,0.791965247274355,0.0455719179459474,235.875848653163,"Vynnycky-high","0.003",FALSE
"South Africa","5_7_6_3_7",0.663869095292748,0.791547619047619,0.0455440341010643,238.70081122381,"Vynnycky-high","0.003",FALSE
"South Africa","5_7_6_4_3",0.66389831898319,0.790117804939454,0.0458234717844773,240.588567675802,"Vynnycky-high","0.003",FALSE
"South Africa","5_7_6_4_4",0.665865811908593,0.791108433537765,0.0459520002890215,238.643760446687,"Vynnycky-high","0.003",FALSE
"South Africa","5_7_6_4_5",0.664077360616078,0.791170856488096,0.0457650894038166,241.791194217968,"Vynnycky-high","0.003",FALSE
"South Africa","5_7_6_4_6",0.663950891407944,0.790720792117957,0.0458169798053922,242.830432798377,"Vynnycky-high","0.003",FALSE
"South Africa","5_7_6_4_7",0.663301492776345,0.790095138970216,0.0458361348512565,243.398644858717,"Vynnycky-high","0.003",FALSE
"South Africa","5_7_6_5_3",0.665266912103083,0.79121318762081,0.0460127052982841,241.406561062485,"Vynnycky-high","0.003",FALSE
"South Africa","5_7_6_5_4",0.663482321096106,0.79101686488413,0.0460485784535676,244.9720155434,"Vynnycky-high","0.003",FALSE
"South Africa","5_7_6_5_5",0.662885457496325,0.791456241398644,0.0459398166028902,242.848251682252,"Vynnycky-high","0.003",FALSE
"South Africa","5_7_6_5_6",0.663150604021157,0.790693856629141,0.0459935748709746,246.002803030374,"Vynnycky-high","0.003",FALSE
"South Africa","5_7_6_5_7",0.662672566885959,0.790929605911802,0.0460014333888935,247.060425904194,"Vynnycky-high","0.003",FALSE
"South Africa","5_7_6_6_3",0.663928827930035,0.791011615786953,0.0462333059377134,239.739163789797,"Vynnycky-high","0.003",FALSE
"South Africa","5_7_6_6_4",0.663873462281415,0.790560946841415,0.0461487239088877,241.109658186346,"Vynnycky-high","0.003",FALSE
"South Africa","5_7_6_6_5",0.663282884439258,0.790397623702049,0.0461252633732996,243.700476314523,"Vynnycky-high","0.003",FALSE
"South Africa","5_7_6_6_6",0.663966349336723,0.789924298871955,0.046145400304107,247.042165778626,"Vynnycky-high","0.003",FALSE
"South Africa","5_7_6_6_7",0.66359662869335,0.789084004445734,0.0461677912414723,239.894805532138,"Vynnycky-high","0.003",FALSE
"South Africa","5_7_6_7_3",0.663427598292148,0.791100725470187,0.0464430309782941,241.773662954993,"Vynnycky-high","0.003",FALSE
"South Africa","5_7_6_7_4",0.663405088062622,0.789617016397202,0.0463279360523585,238.030264681292,"Vynnycky-high","0.003",FALSE
"South Africa","5_7_6_7_5",0.663112074691584,0.789877766417356,0.0463929034847642,243.398779826188,"Vynnycky-high","0.003",FALSE
"South Africa","5_7_6_7_6",0.66385165756927,0.79012207764939,0.0464122189379894,245.551880592044,"Vynnycky-high","0.003",FALSE
"South Africa","5_7_6_7_7",0.663389060688056,0.790142046065717,0.0463757141222254,245.05029037964,"Vynnycky-high","0.003",FALSE
"South Africa","5_7_7_3_3",0.664551818802697,0.794986008794472,0.0462052734293566,237.806503351129,"Vynnycky-high","0.003",FALSE
"South Africa","5_7_7_3_5",0.662896901504496,0.79625201268991,0.0462109513833943,235.837951061773,"Vynnycky-high","0.003",FALSE
"South Africa","5_7_7_3_6",0.663615535868022,0.795810352606565,0.0462077706442707,243.453677827613,"Vynnycky-high","0.003",FALSE
"South Africa","5_7_7_3_7",0.66263317157519,0.796424702058505,0.0462021874161859,241.285005660059,"Vynnycky-high","0.003",FALSE
"South Africa","5_7_7_4_4",0.662774822450936,0.79606771673188,0.0464254027347644,239.224782871662,"Vynnycky-high","0.003",FALSE
"South Africa","5_7_7_4_6",0.663422558633628,0.796215517778193,0.0464046911677861,246.039118868755,"Vynnycky-high","0.003",FALSE
"South Africa","5_7_7_4_7",0.664129042873869,0.795671560954898,0.0464663751844178,241.56339958252,"Vynnycky-high","0.003",FALSE
"South Africa","5_7_7_5_3",0.664393209425077,0.796577098731515,0.0467202019139903,242.533283581541,"Vynnycky-high","0.003",FALSE
"South Africa","5_7_7_5_5",0.663272080642732,0.796559439378588,0.0466099681088233,246.32969303483,"Vynnycky-high","0.003",FALSE
"South Africa","5_7_7_5_6",0.663644472782544,0.796688746764124,0.046695033853794,241.250079444732,"Vynnycky-high","0.003",FALSE
"South Africa","5_7_7_6_3",0.663884987134389,0.796443437278719,0.0468017446557933,242.248312788036,"Vynnycky-high","0.003",FALSE
"South Africa","5_7_7_6_4",0.664045598243539,0.796736123606963,0.0468240091578088,242.533545509246,"Vynnycky-high","0.003",FALSE
"South Africa","5_7_7_6_5",0.663782432181333,0.795312710778362,0.0468261608100632,242.125819318105,"Vynnycky-high","0.003",FALSE
"South Africa","5_7_7_6_7",0.663275538366045,0.795943987712511,0.046804677938753,243.646939446094,"Vynnycky-high","0.003",FALSE
"South Africa","5_7_7_7_4",0.663216052179925,0.796789082222625,0.0469959027489191,247.096620207666,"Vynnycky-high","0.003",FALSE
"South Africa","5_7_7_7_5",0.663225699665127,0.796910987069286,0.0470002110265756,243.700392948087,"Vynnycky-high","0.003",FALSE
"South Africa","5_7_7_7_6",0.663358786137406,0.79618702946134,0.0469779289602512,246.075123577997,"Vynnycky-high","0.003",FALSE
"South Africa","6_5_6_6_7",0.595426472681366,0.732343417335456,0.0401238060067846,235.289004652341,"Vynnycky-high","0.003",FALSE
"South Africa","6_5_6_7_6",0.594040297201656,0.732074842250591,0.0403449234260175,235.925230727495,"Vynnycky-high","0.003",FALSE
"South Africa","6_5_7_4_3",0.594546806138162,0.740815975513012,0.0403158459538285,240.691276608456,"Vynnycky-high","0.003",FALSE
"South Africa","6_5_7_4_4",0.595219326757908,0.741590936048687,0.0403981580113849,238.504146228025,"Vynnycky-high","0.003",FALSE
"South Africa","6_5_7_4_5",0.594962406015038,0.741111931980195,0.0403867871951983,236.090884225124,"Vynnycky-high","0.003",FALSE
"South Africa","6_5_7_4_6",0.594962434726242,0.742471661016766,0.0403544728022461,237.876594654209,"Vynnycky-high","0.003",FALSE
"South Africa","6_5_7_5_3",0.595239123102867,0.740606419394419,0.0405782614168956,238.625880086889,"Vynnycky-high","0.003",FALSE
"South Africa","6_5_7_5_4",0.595076509441124,0.741861752075869,0.0405803614406992,241.426230131952,"Vynnycky-high","0.003",FALSE
"South Africa","6_5_7_5_5",0.594269446367252,0.742453772648824,0.0405902589591252,237.874501344564,"Vynnycky-high","0.003",FALSE
"South Africa","6_5_7_5_6",0.59412063921915,0.741891610562527,0.0405732123995898,238.282558656959,"Vynnycky-high","0.003",FALSE
"South Africa","6_5_7_5_7",0.594434010929087,0.741873336433616,0.04058918510049,234.880843253474,"Vynnycky-high","0.003",FALSE
"South Africa","6_5_7_6_4",0.593883495483095,0.741353797152178,0.0407429091466456,240.396177894253,"Vynnycky-high","0.003",FALSE
"South Africa","6_5_7_6_5",0.595005968809535,0.741703281371,0.0407760150614219,237.113493872898,"Vynnycky-high","0.003",FALSE
"South Africa","6_5_7_7_4",0.594531856127611,0.742314801416101,0.0409091554483169,243.719416394051,"Vynnycky-high","0.003",TRUE
"South Africa","6_5_7_7_5",0.594952025545041,0.742183549779659,0.0409552769529592,243.078717727059,"Vynnycky-high","0.003",TRUE
"South Africa","6_5_7_7_6",0.595493782026044,0.742373912413318,0.0409414759542787,242.742034384434,"Vynnycky-high","0.003",TRUE
"South Africa","6_6_3_3_3",0.637829954407495,0.747539944504196,0.0407074309727298,226.574824395271,"Vynnycky-high","0.003",FALSE
"South Africa","6_6_3_3_4",0.638360056323546,0.747002208977039,0.0407162200114039,225.732397690887,"Vynnycky-high","0.003",FALSE
"South Africa","6_6_3_3_5",0.637277849160252,0.747638606955132,0.0407447986237004,226.342292326129,"Vynnycky-high","0.003",FALSE
"South Africa","6_6_3_3_6",0.637544096847041,0.747245323251178,0.0406923578392732,226.081002541547,"Vynnycky-high","0.003",FALSE
"South Africa","6_6_3_3_7",0.638208654382596,0.7474105222305,0.040739614323329,224.709802453574,"Vynnycky-high","0.003",FALSE
"South Africa","6_6_3_4_4",0.636951326134639,0.748340369264452,0.0411130601937524,229.032322229751,"Vynnycky-high","0.003",FALSE
"South Africa","6_6_3_4_5",0.63763017314335,0.746756468827454,0.0410661633289369,231.868574259879,"Vynnycky-high","0.003",FALSE
"South Africa","6_6_3_4_6",0.637995230443612,0.746820359044751,0.0410091716936594,227.873522979063,"Vynnycky-high","0.003",FALSE
"South Africa","6_6_3_4_7",0.637771112079102,0.746958987883278,0.0410265297803285,229.948495915073,"Vynnycky-high","0.003",FALSE
"South Africa","6_6_3_5_5",0.636510534709981,0.74606683275959,0.0412818623234185,229.695946701626,"Vynnycky-high","0.003",FALSE
"South Africa","6_6_3_5_6",0.63833472740791,0.747541500968029,0.0413721883645352,230.298075973976,"Vynnycky-high","0.003",FALSE
"South Africa","6_6_3_6_3",0.637969500281075,0.747604734956267,0.0416694837983697,230.92021817323,"Vynnycky-high","0.003",FALSE
"South Africa","6_6_3_6_4",0.637666906073723,0.747187612447433,0.0415892889458913,233.606709337931,"Vynnycky-high","0.003",FALSE
"South Africa","6_6_3_6_5",0.637383476917869,0.747411836732815,0.0415503682149164,230.441349046002,"Vynnycky-high","0.003",FALSE
"South Africa","6_6_3_6_6",0.637008050007956,0.746495981450846,0.0415641493157148,229.586628824136,"Vynnycky-high","0.003",FALSE
"South Africa","6_6_3_6_7",0.637089015684569,0.7464160978839,0.0415748417494765,229.69688906017,"Vynnycky-high","0.003",FALSE
"South Africa","6_6_3_7_4",0.636905893031717,0.747326876022528,0.0417575080162331,237.729413716135,"Vynnycky-high","0.003",FALSE
"South Africa","6_6_3_7_5",0.638801600949983,0.747096213987134,0.041853332294551,233.852485851925,"Vynnycky-high","0.003",FALSE
"South Africa","6_6_4_3_3",0.636602319213268,0.756161038919505,0.0415059433709624,232.255685079312,"Vynnycky-high","0.003",FALSE
"South Africa","6_6_4_3_4",0.637784633401017,0.754768880769363,0.0415634353800056,229.158112228681,"Vynnycky-high","0.003",FALSE
"South Africa","6_6_4_3_5",0.637422548938548,0.754860584182088,0.0414948836015449,230.840701372063,"Vynnycky-high","0.003",FALSE
"South Africa","6_6_4_3_6",0.638564704846779,0.754492117077823,0.0415165609445746,231.048275973401,"Vynnycky-high","0.003",FALSE
"South Africa","6_6_4_3_7",0.637818823233443,0.754392308879117,0.0414931043190858,231.001229445213,"Vynnycky-high","0.003",FALSE
"South Africa","6_6_4_4_3",0.636428263679448,0.753672681263462,0.0418262615186205,236.577624893224,"Vynnycky-high","0.003",FALSE
"South Africa","6_6_4_4_4",0.637139270547486,0.753865289421409,0.0418843287599394,231.370224349623,"Vynnycky-high","0.003",FALSE
"South Africa","6_6_4_4_5",0.638124519432882,0.75435435368269,0.0418607654863007,231.594089877159,"Vynnycky-high","0.003",FALSE
"South Africa","6_6_4_4_6",0.638653036017557,0.754695449275898,0.0418214326823294,234.727406192112,"Vynnycky-high","0.003",FALSE
"South Africa","6_6_4_4_7",0.637881161236424,0.754327310468049,0.0418539078135824,232.807189085999,"Vynnycky-high","0.003",FALSE
"South Africa","6_6_4_5_3",0.63798716424101,0.753810452056066,0.0420399682768969,234.627240385446,"Vynnycky-high","0.003",FALSE
"South Africa","6_6_4_5_4",0.63781167235085,0.755011307578977,0.0421475960455678,236.574574246192,"Vynnycky-high","0.003",FALSE
"South Africa","6_6_4_5_5",0.638873643127211,0.754016191218445,0.0420541967988439,235.155988497831,"Vynnycky-high","0.003",FALSE
"South Africa","6_6_4_5_6",0.639362892988902,0.754061608161376,0.0421122832234301,234.445064640518,"Vynnycky-high","0.003",FALSE
"South Africa","6_6_4_5_7",0.638517821357287,0.753471278972966,0.0420858301823319,234.230529585171,"Vynnycky-high","0.003",FALSE
"South Africa","6_6_4_6_3",0.637830199216214,0.755884701022471,0.0423852500743627,235.031993384172,"Vynnycky-high","0.003",FALSE
"South Africa","6_6_4_6_4",0.63847188898445,0.754373899626352,0.0422525539086708,236.79307921636,"Vynnycky-high","0.003",FALSE
"South Africa","6_6_4_6_5",0.63801057678303,0.7559942666132,0.0423490720559526,238.555408016442,"Vynnycky-high","0.003",FALSE
"South Africa","6_6_4_6_6",0.637992047103575,0.756288925511029,0.0423589550089677,240.590041598409,"Vynnycky-high","0.003",FALSE
"South Africa","6_6_4_6_7",0.63842442692709,0.755255118030008,0.042362748524849,239.122208924923,"Vynnycky-high","0.003",FALSE
"South Africa","6_6_4_7_3",0.637021441890077,0.75470291741524,0.0425375306170319,239.862665376997,"Vynnycky-high","0.003",FALSE
"South Africa","6_6_4_7_4",0.638096155450371,0.756442604669812,0.0425536201377171,239.482497850318,"Vynnycky-high","0.003",FALSE
"South Africa","6_6_4_7_5",0.638108917099998,0.755583007141686,0.0426075932608818,235.089649155451,"Vynnycky-high","0.003",FALSE
"South Africa","6_6_4_7_6",0.638234921583465,0.755769906539296,0.0426339924223089,235.139244530914,"Vynnycky-high","0.003",FALSE
"South Africa","6_6_4_7_7",0.639553897333178,0.755368166514658,0.0426195272076892,236.239244810741,"Vynnycky-high","0.003",FALSE
"South Africa","6_6_5_3_3",0.639155813637398,0.762760699554661,0.0424025115954877,236.358955897762,"Vynnycky-high","0.003",FALSE
"South Africa","6_6_5_3_4",0.638431911802034,0.763454927153074,0.0424056858940631,235.255370875634,"Vynnycky-high","0.003",FALSE
"South Africa","6_6_5_3_5",0.638808610050089,0.762742369344928,0.0423967193014263,234.263619206665,"Vynnycky-high","0.003",FALSE
"South Africa","6_6_5_3_6",0.638235496651315,0.762074497922093,0.0423607416913662,233.036524565217,"Vynnycky-high","0.003",FALSE
"South Africa","6_6_5_3_7",0.637791429603709,0.761851257356875,0.0423339581192331,236.574521813884,"Vynnycky-high","0.003",FALSE
"South Africa","6_6_5_4_3",0.637744592481975,0.763338749070772,0.0426168783152935,239.465203187464,"Vynnycky-high","0.003",FALSE
"South Africa","6_6_5_4_4",0.637102631968379,0.76176679775751,0.0425218900771939,235.438225569376,"Vynnycky-high","0.003",FALSE
"South Africa","6_6_5_4_5",0.638257291620703,0.762366753015812,0.0425542442718522,236.557643391503,"Vynnycky-high","0.003",FALSE
"South Africa","6_6_5_4_6",0.638821865360103,0.763098304839844,0.0425549046012701,235.177176152948,"Vynnycky-high","0.003",FALSE
"South Africa","6_6_5_4_7",0.63781431668783,0.76389211666473,0.0426212016503515,236.322875172357,"Vynnycky-high","0.003",FALSE
"South Africa","6_6_5_5_3",0.637952674955525,0.765222912303507,0.0428628501440955,237.636997466448,"Vynnycky-high","0.003",FALSE
"South Africa","6_6_5_5_4",0.638725701279528,0.762288274529092,0.0428643041382423,237.823749796384,"Vynnycky-high","0.003",FALSE
"South Africa","6_6_5_5_5",0.638510974886296,0.762937732450741,0.0428415349081692,235.438451084121,"Vynnycky-high","0.003",FALSE
"South Africa","6_6_5_5_6",0.638698203448414,0.762833362276415,0.042871367034588,236.389912401385,"Vynnycky-high","0.003",FALSE
"South Africa","6_6_5_5_7",0.638757392354515,0.762743788996546,0.0428244993624702,237.808924090604,"Vynnycky-high","0.003",FALSE
"South Africa","6_6_5_6_3",0.639215971888176,0.764455513784461,0.043186749374829,237.231040510775,"Vynnycky-high","0.003",FALSE
"South Africa","6_6_5_6_4",0.63832249240644,0.76369240642481,0.043099401636792,239.395777985525,"Vynnycky-high","0.003",FALSE
"South Africa","6_6_5_6_5",0.638067196013214,0.763428075409489,0.0429942891890844,237.756825872979,"Vynnycky-high","0.003",FALSE
"South Africa","6_6_5_6_6",0.639047050123479,0.763318236050458,0.0430589651760211,233.705182644033,"Vynnycky-high","0.003",FALSE
"South Africa","6_6_5_6_7",0.638559895282433,0.763253057358133,0.0430108124213822,236.26249393042,"Vynnycky-high","0.003",FALSE
"South Africa","6_6_5_7_3",0.637166162615804,0.762190757124086,0.0432825269735063,236.675492424166,"Vynnycky-high","0.003",FALSE
"South Africa","6_6_5_7_4",0.638559071773328,0.762253665355697,0.0433128716017523,239.223402890036,"Vynnycky-high","0.003",FALSE
"South Africa","6_6_5_7_5",0.638227883538634,0.763386268856059,0.0432520293123219,240.467163131612,"Vynnycky-high","0.003",FALSE
"South Africa","6_6_5_7_6",0.638953790238837,0.762862862862863,0.0432062603184061,241.967704983531,"Vynnycky-high","0.003",FALSE
"South Africa","6_6_5_7_7",0.639671666080225,0.763531393901316,0.043218718896964,238.640707450787,"Vynnycky-high","0.003",FALSE
"South Africa","6_6_6_3_3",0.637586967115686,0.769610939858685,0.0431103994630277,237.738631359335,"Vynnycky-high","0.003",FALSE
"South Africa","6_6_6_3_4",0.63826405731338,0.770056907733251,0.0430827228099013,237.859943502917,"Vynnycky-high","0.003",FALSE
"South Africa","6_6_6_3_5",0.637728255931433,0.770203914779012,0.043033115880155,234.775228266739,"Vynnycky-high","0.003",FALSE
"South Africa","6_6_6_3_6",0.637689301366962,0.770866291869217,0.0430750881160363,236.138703284024,"Vynnycky-high","0.003",FALSE
"South Africa","6_6_6_3_7",0.638156660706024,0.770567508244289,0.0431494638138307,236.073660332135,"Vynnycky-high","0.003",FALSE
"South Africa","6_6_6_4_3",0.637207139552716,0.770310626519795,0.0432126787568775,236.190480015772,"Vynnycky-high","0.003",FALSE
"South Africa","6_6_6_4_4",0.637476131228817,0.770010154160927,0.0432739413506613,237.670856113301,"Vynnycky-high","0.003",FALSE
"South Africa","6_6_6_4_5",0.636338171867256,0.76967758318558,0.0432116783933187,233.704952882866,"Vynnycky-high","0.003",FALSE
"South Africa","6_6_6_4_6",0.636297264901384,0.770600346682509,0.0432599527361774,235.522456404732,"Vynnycky-high","0.003",FALSE
"South Africa","6_6_6_4_7",0.637090030537664,0.770205761530053,0.043282925680575,234.660135605112,"Vynnycky-high","0.003",FALSE
"South Africa","6_6_6_5_3",0.636955150761806,0.769882376263269,0.0434736705439592,235.189003611606,"Vynnycky-high","0.003",FALSE
"South Africa","6_6_6_5_4",0.63843245408589,0.769738718468754,0.0435112019164991,235.723368590255,"Vynnycky-high","0.003",FALSE
"South Africa","6_6_6_5_5",0.637918247002246,0.770608387158547,0.0434941334374951,236.608374142735,"Vynnycky-high","0.003",FALSE
"South Africa","6_6_6_5_6",0.638075503075991,0.770475305711526,0.0434495182732191,235.040100340346,"Vynnycky-high","0.003",FALSE
"South Africa","6_6_6_5_7",0.637903668815573,0.770849155360332,0.0434620849413028,233.920782781082,"Vynnycky-high","0.003",FALSE
"South Africa","6_6_6_6_3",0.638222273998136,0.768843131486787,0.0437307561122952,236.189199313761,"Vynnycky-high","0.003",FALSE
"South Africa","6_6_6_6_4",0.637614186592123,0.771291874921852,0.0437728898104108,235.272143180436,"Vynnycky-high","0.003",FALSE
"South Africa","6_6_6_6_5",0.63730563186365,0.770708662393511,0.0437025974529877,236.272606764989,"Vynnycky-high","0.003",FALSE
"South Africa","6_6_6_6_6",0.637569084564,0.770356129066976,0.0437177069406706,235.32231977696,"Vynnycky-high","0.003",FALSE
"South Africa","6_6_6_6_7",0.638256161005857,0.77022582467028,0.0437161731909034,237.586202218053,"Vynnycky-high","0.003",FALSE
"South Africa","6_6_6_7_3",0.63732837834728,0.769897664634195,0.0438946367629622,238.027249734845,"Vynnycky-high","0.003",FALSE
"South Africa","6_6_6_7_4",0.637440755490772,0.770395827714744,0.0439021060270435,238.165638586128,"Vynnycky-high","0.003",FALSE
"South Africa","6_6_6_7_5",0.638524723239225,0.770363862409411,0.0438964526749,237.355521741238,"Vynnycky-high","0.003",FALSE
"South Africa","6_6_6_7_6",0.638643338333636,0.769914128755635,0.0438718900140907,236.307132450841,"Vynnycky-high","0.003",FALSE
"South Africa","6_6_6_7_7",0.638683838834374,0.769822976657642,0.0439071796258884,238.146299827515,"Vynnycky-high","0.003",FALSE
"South Africa","6_6_7_3_3",0.637342190584868,0.776180572581262,0.0436605559452326,238.152397198439,"Vynnycky-high","0.003",FALSE
"South Africa","6_6_7_3_4",0.637320987633484,0.775861643040362,0.0436918126468272,238.419451714865,"Vynnycky-high","0.003",FALSE
"South Africa","6_6_7_3_5",0.637538825201747,0.777302664655606,0.0436938325512515,234.13496725564,"Vynnycky-high","0.003",FALSE
"South Africa","6_6_7_3_6",0.637541358519707,0.776555415955464,0.0437048775933329,239.549707285579,"Vynnycky-high","0.003",FALSE
"South Africa","6_6_7_3_7",0.637761933744892,0.777155556754712,0.0437590999134629,238.333883583662,"Vynnycky-high","0.003",FALSE
"South Africa","6_6_7_4_3",0.636760454938405,0.776258540399062,0.0439242830195518,233.705017215947,"Vynnycky-high","0.003",FALSE
"South Africa","6_6_7_4_4",0.636105034318685,0.777075188169898,0.0439902815755193,238.801095941525,"Vynnycky-high","0.003",FALSE
"South Africa","6_6_7_4_5",0.63676781471918,0.777716776601741,0.0439316297916883,234.296801569189,"Vynnycky-high","0.003",FALSE
"South Africa","6_6_7_4_6",0.637117259834517,0.776351792105217,0.0439720453065647,238.085064329595,"Vynnycky-high","0.003",FALSE
"South Africa","6_6_7_4_7",0.638041724011604,0.776693847434906,0.0439131206516888,236.139727188824,"Vynnycky-high","0.003",FALSE
"South Africa","6_6_7_5_3",0.637012387952748,0.777195221909777,0.044224550801542,239.361855723688,"Vynnycky-high","0.003",FALSE
"South Africa","6_6_7_5_4",0.636507602835198,0.777540298035846,0.0441227772831049,237.959499062231,"Vynnycky-high","0.003",FALSE
"South Africa","6_6_7_5_5",0.637342631594682,0.776917195064924,0.0441312295260139,238.939160139899,"Vynnycky-high","0.003",FALSE
"South Africa","6_6_7_5_6",0.637902164444781,0.777804321282582,0.0441946132002283,233.705182644033,"Vynnycky-high","0.003",FALSE
"South Africa","6_6_7_5_7",0.636575600565238,0.776670856393533,0.0441960037861225,237.635691962102,"Vynnycky-high","0.003",FALSE
"South Africa","6_6_7_6_3",0.635915884357136,0.778270259975165,0.0443613115906102,240.607532247453,"Vynnycky-high","0.003",FALSE
"South Africa","6_6_7_6_4",0.636455107368637,0.777347630357658,0.0443901306764455,237.435464536745,"Vynnycky-high","0.003",FALSE
"South Africa","6_6_7_6_5",0.634856743337852,0.777961204592317,0.0443439145322815,239.929757934033,"Vynnycky-high","0.003",FALSE
"South Africa","6_6_7_6_6",0.636764804971176,0.777841980585865,0.044291605953768,239.034951671778,"Vynnycky-high","0.003",FALSE
"South Africa","6_6_7_6_7",0.636792509848955,0.777674099896322,0.0443086190625368,238.440252808069,"Vynnycky-high","0.003",FALSE
"South Africa","6_6_7_7_3",0.637536212765578,0.778019337588173,0.0445860664992872,238.35194090778,"Vynnycky-high","0.003",FALSE
"South Africa","6_6_7_7_4",0.636653871777392,0.778451405152225,0.0445774391086867,240.867965966155,"Vynnycky-high","0.003",FALSE
"South Africa","6_6_7_7_5",0.637017794412161,0.77732676253668,0.0445897748698839,240.12071391704,"Vynnycky-high","0.003",FALSE
"South Africa","6_6_7_7_6",0.636023036181629,0.778103701507681,0.0445227612504423,237.868543054665,"Vynnycky-high","0.003",FALSE
"South Africa","6_6_7_7_7",0.637176214194689,0.777865255731922,0.0445102688443167,240.517745381553,"Vynnycky-high","0.003",FALSE
"South Africa","6_7_3_3_3",0.673027450875673,0.781827049503649,0.0443689450818087,230.107971247655,"Vynnycky-high","0.003",FALSE
"South Africa","6_7_3_3_4",0.674689564526088,0.782300260056706,0.0443272406578083,232.35302577865,"Vynnycky-high","0.003",FALSE
"South Africa","6_7_3_3_5",0.673682547752197,0.782736680217374,0.0443437423429903,227.22784354271,"Vynnycky-high","0.003",FALSE
"South Africa","6_7_3_3_6",0.673735608203506,0.782136491744596,0.0443971511655633,231.131146793581,"Vynnycky-high","0.003",FALSE
"South Africa","6_7_3_3_7",0.674801714942002,0.781935597068102,0.0444200742051998,230.218487218373,"Vynnycky-high","0.003",FALSE
"South Africa","6_7_3_4_3",0.673026480544074,0.781103232665547,0.0447293384980881,226.143853253271,"Vynnycky-high","0.003",FALSE
"South Africa","6_7_3_4_4",0.67397686887278,0.783868197056516,0.0446824255969346,230.427902225092,"Vynnycky-high","0.003",FALSE
"South Africa","6_7_3_4_5",0.674004461184042,0.783233787227047,0.0446778386311402,230.649330340344,"Vynnycky-high","0.003",FALSE
"South Africa","6_7_3_4_6",0.674680199187304,0.781954664612078,0.0446176473546543,229.143360895057,"Vynnycky-high","0.003",FALSE
"South Africa","6_7_3_4_7",0.673649717775015,0.781868251899465,0.044704991770286,231.37596748784,"Vynnycky-high","0.003",FALSE
"South Africa","6_7_3_5_3",0.674170672704153,0.783460491769734,0.0449509155650525,228.388804443713,"Vynnycky-high","0.003",FALSE
"South Africa","6_7_3_5_4",0.674738386503177,0.783229512091817,0.0449372623712791,232.469175096451,"Vynnycky-high","0.003",FALSE
"South Africa","6_7_3_5_5",0.674277281223491,0.783071654530363,0.0449970222998725,238.983065716162,"Vynnycky-high","0.003",FALSE
"South Africa","6_7_3_5_6",0.673820831129448,0.783032112587932,0.0449188669329052,231.229122653576,"Vynnycky-high","0.003",FALSE
"South Africa","6_7_3_5_7",0.673557488956809,0.783213296855429,0.0449941920876058,234.313946257374,"Vynnycky-high","0.003",FALSE
"South Africa","6_7_3_6_3",0.674338404456722,0.782663821607285,0.0452372826906525,234.527801760238,"Vynnycky-high","0.003",FALSE
"South Africa","6_7_3_6_4",0.673734956567483,0.782774314376764,0.045223180394305,230.617110518287,"Vynnycky-high","0.003",FALSE
"South Africa","6_7_3_6_5",0.67371153401727,0.782239919047991,0.04526421165753,235.871426718964,"Vynnycky-high","0.003",FALSE
"South Africa","6_7_3_6_6",0.674016574585635,0.782458324385268,0.0452245144699931,235.754533560181,"Vynnycky-high","0.003",FALSE
"South Africa","6_7_3_6_7",0.67391572337913,0.78237037405987,0.0452322716017636,232.007823934223,"Vynnycky-high","0.003",FALSE
"South Africa","6_7_3_7_3",0.674090176880079,0.782567851818572,0.0454446269717695,236.60856488743,"Vynnycky-high","0.003",FALSE
"South Africa","6_7_3_7_4",0.674640015157256,0.782919814699499,0.0454423753540177,235.954801702763,"Vynnycky-high","0.003",FALSE
"South Africa","6_7_3_7_5",0.673441846374177,0.782644110627319,0.0454746790173752,234.314099087489,"Vynnycky-high","0.003",FALSE
"South Africa","6_7_3_7_6",0.673671469404422,0.782916230602064,0.0454535335945622,232.536180812919,"Vynnycky-high","0.003",FALSE
"South Africa","6_7_3_7_7",0.673809379386486,0.782374047216815,0.0454580686763912,229.837505976758,"Vynnycky-high","0.003",FALSE
"South Africa","6_7_4_3_3",0.673446041686055,0.787853021487635,0.0451768149333008,228.702357729088,"Vynnycky-high","0.003",FALSE
"South Africa","6_7_4_3_4",0.673795555742926,0.78918409915629,0.0451053684880534,230.601033812432,"Vynnycky-high","0.003",FALSE
"South Africa","6_7_4_3_5",0.674370791541237,0.78818233737349,0.0452298475091163,232.388025375554,"Vynnycky-high","0.003",FALSE
"South Africa","6_7_4_3_6",0.674213792136303,0.788681900130913,0.0452071938283896,231.631572817492,"Vynnycky-high","0.003",FALSE
"South Africa","6_7_4_3_7",0.674639564890587,0.789235601868654,0.0451640559795917,236.440632842997,"Vynnycky-high","0.003",FALSE
"South Africa","6_7_4_4_3",0.674769214255045,0.788759561574887,0.0454035677477839,232.370719525623,"Vynnycky-high","0.003",FALSE
"South Africa","6_7_4_4_4",0.674860243857961,0.788936939583143,0.0453861471041078,233.754132079661,"Vynnycky-high","0.003",FALSE
"South Africa","6_7_4_4_5",0.673086512781536,0.788638913322883,0.0454238284566039,231.40162565417,"Vynnycky-high","0.003",FALSE
"South Africa","6_7_4_4_6",0.674701076938003,0.788769497772079,0.04538023827084,235.056558974065,"Vynnycky-high","0.003",FALSE
"South Africa","6_7_4_4_7",0.674517019772446,0.788163132457294,0.0454164721596541,236.373395569902,"Vynnycky-high","0.003",FALSE
"South Africa","6_7_4_5_3",0.673923070021477,0.788660409942713,0.045603959128957,235.605484112317,"Vynnycky-high","0.003",FALSE
"South Africa","6_7_4_5_4",0.674519403245403,0.789321528469647,0.0456639793227709,232.498799996777,"Vynnycky-high","0.003",FALSE
"South Africa","6_7_4_5_5",0.674810445869389,0.788144834791694,0.0457301118438015,234.516932736307,"Vynnycky-high","0.003",FALSE
"South Africa","6_7_4_5_6",0.675230528247839,0.788742592331772,0.0457452160690383,232.041961508235,"Vynnycky-high","0.003",FALSE
"South Africa","6_7_4_5_7",0.675382272618583,0.788104059921794,0.0457184132318642,235.423308367389,"Vynnycky-high","0.003",FALSE
"South Africa","6_7_4_6_3",0.673502398292616,0.788964859917465,0.0458066335092724,241.021938036386,"Vynnycky-high","0.003",FALSE
"South Africa","6_7_4_6_4",0.674459596097614,0.787841729839834,0.0459897675002333,237.609493957392,"Vynnycky-high","0.003",FALSE
"South Africa","6_7_4_6_5",0.673477554829678,0.787576819741852,0.0458559230694365,236.323017713815,"Vynnycky-high","0.003",FALSE
"South Africa","6_7_4_6_6",0.674281867081938,0.787956751767673,0.0458636381783754,236.507336973096,"Vynnycky-high","0.003",FALSE
"South Africa","6_7_4_6_7",0.674024108425457,0.788094299798683,0.045866796915551,239.017284325994,"Vynnycky-high","0.003",FALSE
"South Africa","6_7_4_7_3",0.67486010652629,0.790211979224314,0.0460796960943772,233.820580257655,"Vynnycky-high","0.003",FALSE
"South Africa","6_7_4_7_4",0.673754755195991,0.787278455730902,0.0460989304220851,236.22233364564,"Vynnycky-high","0.003",FALSE
"South Africa","6_7_4_7_5",0.674278217985718,0.788725857480937,0.046099301008812,240.11922367452,"Vynnycky-high","0.003",FALSE
"South Africa","6_7_4_7_6",0.673361818923266,0.788467052664829,0.0460669212023117,240.796042248905,"Vynnycky-high","0.003",FALSE
"South Africa","6_7_4_7_7",0.674064620561906,0.787909971036984,0.0460796806775282,240.691326806134,"Vynnycky-high","0.003",FALSE
"South Africa","6_7_5_3_3",0.673836662654593,0.793041722869972,0.0458926763386119,235.238809525479,"Vynnycky-high","0.003",FALSE
"South Africa","6_7_5_3_4",0.674331159065316,0.79459628326027,0.0458366534831319,233.329988381519,"Vynnycky-high","0.003",FALSE
"South Africa","6_7_5_3_5",0.674208972809453,0.79345000549189,0.0459344807984666,231.913282515573,"Vynnycky-high","0.003",FALSE
"South Africa","6_7_5_3_6",0.674930318452189,0.7933616780758,0.0458831756370557,230.123116963778,"Vynnycky-high","0.003",FALSE
"South Africa","6_7_5_3_7",0.673451533095532,0.793672272742162,0.0458801307487124,233.573915612106,"Vynnycky-high","0.003",FALSE
"South Africa","6_7_5_4_3",0.674965138021741,0.793525909501519,0.0461635714590055,230.075534903386,"Vynnycky-high","0.003",FALSE
"South Africa","6_7_5_4_4",0.674543990455104,0.793609298718363,0.0460968722276335,234.411668549972,"Vynnycky-high","0.003",FALSE
"South Africa","6_7_5_4_6",0.67476018768925,0.793587157856621,0.046073464442088,229.410628212633,"Vynnycky-high","0.003",FALSE
"South Africa","6_7_5_4_7",0.674567002851185,0.793287693664373,0.0460907084051414,230.808573927699,"Vynnycky-high","0.003",FALSE
"South Africa","6_7_5_5_3",0.673399356034735,0.794621198452316,0.0463081053632633,236.138665361795,"Vynnycky-high","0.003",FALSE
"South Africa","6_7_5_5_5",0.674170782203627,0.793598067140864,0.0462489873240783,233.6721591107,"Vynnycky-high","0.003",FALSE
"South Africa","6_7_5_5_6",0.674864543173665,0.793416971599353,0.0463647727001741,231.133507117781,"Vynnycky-high","0.003",FALSE
"South Africa","6_7_5_5_7",0.674303545949813,0.793719274709784,0.0463316165808059,230.457760301483,"Vynnycky-high","0.003",FALSE
"South Africa","6_7_5_6_3",0.673123016436929,0.794353911075859,0.0464523722690124,237.31741182543,"Vynnycky-high","0.003",FALSE
"South Africa","6_7_5_6_4",0.674403414583937,0.794328744298865,0.0465394505048515,235.804584057128,"Vynnycky-high","0.003",FALSE
"South Africa","6_7_5_6_5",0.674100184975992,0.794660809431762,0.0465161804427144,236.072239442789,"Vynnycky-high","0.003",FALSE
"South Africa","6_7_5_6_6",0.675124396974629,0.793519443871335,0.0464964739649014,232.955722672837,"Vynnycky-high","0.003",FALSE
"South Africa","6_7_5_6_7",0.675657045030551,0.793687690224782,0.0464888512675912,231.513676357683,"Vynnycky-high","0.003",FALSE
"South Africa","6_7_5_7_3",0.674413173794815,0.794743636198931,0.0467236577686437,236.33987685124,"Vynnycky-high","0.003",FALSE
"South Africa","6_7_5_7_4",0.673439799994612,0.792977956237773,0.0466281309235705,236.356389033466,"Vynnycky-high","0.003",FALSE
"South Africa","6_7_5_7_5",0.674650284082497,0.79429317976804,0.0467226045412903,235.256223964164,"Vynnycky-high","0.003",FALSE
"South Africa","6_7_5_7_6",0.673771743824864,0.793503459088511,0.0467185521607273,235.222899417181,"Vynnycky-high","0.003",FALSE
"South Africa","6_7_6_3_3",0.674217926450841,0.800628508910834,0.046519911468441,234.841017297005,"Vynnycky-high","0.003",FALSE
"South Africa","6_7_6_3_4",0.673845579122905,0.798550925801914,0.0465067534616291,234.229006489625,"Vynnycky-high","0.003",FALSE
"South Africa","6_7_6_3_5",0.67456186127419,0.798800559137846,0.0465066195470031,235.057896147195,"Vynnycky-high","0.003",FALSE
"South Africa","6_7_6_3_7",0.67392658051422,0.799377079779752,0.0463888879358986,229.442153602678,"Vynnycky-high","0.003",FALSE
"South Africa","6_7_6_4_3",0.673774603792037,0.800576245467536,0.0467106773836344,236.189199313761,"Vynnycky-high","0.003",FALSE
"South Africa","6_7_6_4_4",0.674163486441316,0.798709193706981,0.0467842042558804,237.654054844131,"Vynnycky-high","0.003",FALSE
"South Africa","6_7_6_4_6",0.674132528512341,0.799738824600502,0.046713704152352,236.004913634333,"Vynnycky-high","0.003",FALSE
"South Africa","6_7_6_5_3",0.674753036469569,0.800940607197245,0.0469802745528899,236.540998470238,"Vynnycky-high","0.003",FALSE
"South Africa","6_7_6_5_6",0.673899081810984,0.799066851650235,0.046984370740204,236.306367637426,"Vynnycky-high","0.003",FALSE
"South Africa","6_7_6_5_7",0.674177181642296,0.799085283054192,0.0469089022906649,238.623718018887,"Vynnycky-high","0.003",FALSE
"South Africa","6_7_6_6_4",0.674242962316318,0.798348046740885,0.0471883496468901,237.180980611415,"Vynnycky-high","0.003",FALSE
"South Africa","6_7_6_6_5",0.674209286610677,0.799430528391456,0.0470800596691697,240.08762347471,"Vynnycky-high","0.003",FALSE
"South Africa","6_7_6_6_6",0.675075753099758,0.799611313313879,0.0471361644220027,241.38847785198,"Vynnycky-high","0.003",FALSE
"South Africa","6_7_6_6_7",0.674185843412393,0.799162843421849,0.047144483502135,241.336056537804,"Vynnycky-high","0.003",FALSE
"South Africa","6_7_6_7_3",0.675001278590253,0.798727379720959,0.0473175358556346,242.283298088316,"Vynnycky-high","0.003",FALSE
"South Africa","6_7_6_7_5",0.674650177462289,0.799533799533799,0.0473613896856092,239.652983720138,"Vynnycky-high","0.003",FALSE
"South Africa","6_7_6_7_6",0.674962653188849,0.799415623150896,0.0473581715476446,240.848287157983,"Vynnycky-high","0.003",FALSE
"South Africa","6_7_7_3_7",0.675827032504038,0.804941957019962,0.0471024260113433,236.742658302468,"Vynnycky-high","0.003",FALSE
"South Africa","6_7_7_4_3",0.675299902337686,0.804551631712253,0.0474358461132465,239.584093172916,"Vynnycky-high","0.003",FALSE
"South Africa","6_7_7_4_7",0.674914202869507,0.80403503331665,0.0473447555967179,240.084554584531,"Vynnycky-high","0.003",FALSE
"South Africa","6_7_7_5_5",0.67493897691644,0.80406803657823,0.0475471427419883,238.180508005683,"Vynnycky-high","0.003",FALSE
"South Africa","7_5_5_5_7",0.609844879318078,0.734846115416902,0.0401541355315962,227.037411181935,"Vynnycky-high","0.003",FALSE
"South Africa","7_5_5_6_3",0.610081236991855,0.736507498031882,0.0405491901371931,229.347347134786,"Vynnycky-high","0.003",FALSE
"South Africa","7_5_5_6_4",0.6094104791099,0.735478469257471,0.0404664028102975,230.202793462569,"Vynnycky-high","0.003",FALSE
"South Africa","7_5_5_6_5",0.609310884775514,0.734951629996649,0.0404207341999512,228.641545461398,"Vynnycky-high","0.003",FALSE
"South Africa","7_5_5_6_6",0.608934769314679,0.734655152495379,0.0403999723170743,228.030462923055,"Vynnycky-high","0.003",FALSE
"South Africa","7_5_5_6_7",0.609905486579176,0.735227727412,0.040448275933249,231.193029150141,"Vynnycky-high","0.003",FALSE
"South Africa","7_5_5_7_3",0.608367338338845,0.735904730720784,0.0406757220997946,231.465542542309,"Vynnycky-high","0.003",FALSE
"South Africa","7_5_5_7_7",0.609624834070783,0.73643721644788,0.0406472165419968,229.885074965491,"Vynnycky-high","0.003",FALSE
"South Africa","7_5_6_3_3",0.607224107497389,0.743707094552301,0.040325363689255,225.012379781964,"Vynnycky-high","0.003",FALSE
"South Africa","7_5_6_3_4",0.608689310767393,0.744103904762222,0.0404241097857799,229.284179145606,"Vynnycky-high","0.003",FALSE
"South Africa","7_5_6_3_5",0.608017810644095,0.743944036558466,0.0403619508184253,229.252653755561,"Vynnycky-high","0.003",FALSE
"South Africa","7_5_6_3_7",0.609412460237736,0.743525803513623,0.040391571671369,229.047978955425,"Vynnycky-high","0.003",FALSE
"South Africa","7_5_6_4_3",0.608276255707763,0.745099369530535,0.0406204215684582,225.697980287778,"Vynnycky-high","0.003",FALSE
"South Africa","7_5_6_4_4",0.609920497952932,0.74376135649634,0.040647656225167,228.677117698828,"Vynnycky-high","0.003",FALSE
"South Africa","7_5_6_4_6",0.608765951046515,0.743307569183573,0.0406833908837035,229.003792910718,"Vynnycky-high","0.003",FALSE
"South Africa","7_5_6_4_7",0.608137917003712,0.744122390659993,0.0406422055012521,229.048091430219,"Vynnycky-high","0.003",FALSE
"South Africa","7_5_6_5_5",0.609653647652624,0.744594777010539,0.0408837078145559,229.553177877221,"Vynnycky-high","0.003",FALSE
"South Africa","7_5_6_5_6",0.609425039627084,0.744054308578015,0.0408708371612751,231.385517009013,"Vynnycky-high","0.003",FALSE
"South Africa","7_5_6_5_7",0.609267627174612,0.743907572802864,0.0408657767905707,230.920271368097,"Vynnycky-high","0.003",FALSE
"South Africa","7_5_6_6_3",0.609333220309034,0.74391042472784,0.0411117851799386,230.170826232718,"Vynnycky-high","0.003",FALSE
"South Africa","7_5_6_6_5",0.609157962407758,0.743877130627662,0.0411156811121333,232.926796239786,"Vynnycky-high","0.003",FALSE
"South Africa","7_5_6_6_6",0.608818414322251,0.743953177460565,0.0411246172440759,229.268414282698,"Vynnycky-high","0.003",FALSE
"South Africa","7_5_6_6_7",0.609522001824362,0.7442990296863,0.0410925117998209,230.553306951197,"Vynnycky-high","0.003",FALSE
"South Africa","7_5_6_7_3",0.609498679902171,0.742660882910698,0.0412539767780766,229.838082929473,"Vynnycky-high","0.003",FALSE
"South Africa","7_5_6_7_4",0.608053565767051,0.742826606673493,0.0412662082191474,235.489657979645,"Vynnycky-high","0.003",FALSE
"South Africa","7_5_6_7_5",0.609098119967858,0.743429287640477,0.0413111484868188,236.67530629001,"Vynnycky-high","0.003",FALSE
"South Africa","7_5_6_7_6",0.608380759635356,0.743305179435158,0.0413019897576044,235.522315307537,"Vynnycky-high","0.003",FALSE
"South Africa","7_5_6_7_7",0.607925932498232,0.74306252970047,0.0412652140617656,236.457673039916,"Vynnycky-high","0.003",FALSE
"South Africa","7_5_7_3_3",0.608392134631852,0.750248041317495,0.0410664731946188,228.687527387277,"Vynnycky-high","0.003",FALSE
"South Africa","7_5_7_3_5",0.608676862446539,0.750206372117681,0.0410780498582504,232.273232538112,"Vynnycky-high","0.003",FALSE
"South Africa","7_5_7_3_6",0.607985756770133,0.750040205853972,0.0410431340276254,230.680511916231,"Vynnycky-high","0.003",FALSE
"South Africa","7_5_7_3_7",0.608025110813749,0.749230558713317,0.041099374960911,232.078873583026,"Vynnycky-high","0.003",FALSE
"South Africa","7_5_7_4_3",0.607722202413056,0.75252802833875,0.0412677930339118,238.231370306842,"Vynnycky-high","0.003",FALSE
"South Africa","7_5_7_4_4",0.608181810597623,0.749849748939842,0.0412959878772405,231.12843981444,"Vynnycky-high","0.003",FALSE
"South Africa","7_5_7_4_6",0.607507346651118,0.749134614096096,0.0412899929713511,231.933916508025,"Vynnycky-high","0.003",FALSE
"South Africa","7_5_7_4_7",0.607506232918016,0.749592101032081,0.0412884701758002,233.513608783794,"Vynnycky-high","0.003",FALSE
"South Africa","7_5_7_5_3",0.608968312759095,0.751073741504023,0.0415450062279219,235.838314671037,"Vynnycky-high","0.003",FALSE
"South Africa","7_5_7_5_4",0.60850496053366,0.74892245824751,0.0414855443965136,236.60803080306,"Vynnycky-high","0.003",FALSE
"South Africa","7_5_7_5_6",0.608357949834162,0.749925554838284,0.0415346040440159,233.429565816104,"Vynnycky-high","0.003",FALSE
"South Africa","7_5_7_5_7",0.608284990489646,0.749826872999993,0.041530475117976,231.997250703405,"Vynnycky-high","0.003",FALSE
"South Africa","7_5_7_6_3",0.609754682542162,0.749778966789954,0.0417550089550597,237.842250841176,"Vynnycky-high","0.003",FALSE
"South Africa","7_5_7_6_4",0.608720305292317,0.749557760885886,0.041704140279694,232.278889790101,"Vynnycky-high","0.003",FALSE
"South Africa","7_5_7_6_5",0.608007369875633,0.749261005848391,0.0417157634218934,232.045670955963,"Vynnycky-high","0.003",FALSE
"South Africa","7_5_7_6_6",0.60787706028975,0.75,0.0417500681016625,230.425369628671,"Vynnycky-high","0.003",FALSE
"South Africa","7_5_7_6_7",0.607372509600232,0.749401682985947,0.0417633437602741,232.159259428067,"Vynnycky-high","0.003",FALSE
"South Africa","7_5_7_7_3",0.608943280990713,0.749733506047149,0.0418777531128925,236.726137867447,"Vynnycky-high","0.003",FALSE
"South Africa","7_5_7_7_4",0.60841627197474,0.75011910950891,0.0419335812493866,236.224734801199,"Vynnycky-high","0.003",FALSE
"South Africa","7_5_7_7_5",0.608669865917962,0.750051174988357,0.0419157948324363,233.559974879473,"Vynnycky-high","0.003",FALSE
"South Africa","7_5_7_7_6",0.608989432350515,0.749565118249731,0.0419487365531508,234.543954431536,"Vynnycky-high","0.003",FALSE
"South Africa","7_6_3_3_3",0.65269199014346,0.756225801811472,0.0418247045192168,219.38498173872,"Vynnycky-high","0.003",FALSE
"South Africa","7_6_3_3_4",0.651033360537783,0.75634350318955,0.0416841071137928,224.120135360425,"Vynnycky-high","0.003",FALSE
"South Africa","7_6_3_3_5",0.651948079603989,0.757061397281699,0.0418388977432093,225.288105665055,"Vynnycky-high","0.003",FALSE
"South Africa","7_6_3_3_6",0.650911131130182,0.756824915029354,0.0417616902286366,224.015955717104,"Vynnycky-high","0.003",FALSE
"South Africa","7_6_3_3_7",0.650650932887775,0.757148134701495,0.0417096644714909,222.614116628651,"Vynnycky-high","0.003",FALSE
"South Africa","7_6_3_4_3",0.651115438800033,0.756547734145598,0.0421031642465675,224.407486431958,"Vynnycky-high","0.003",FALSE
"South Africa","7_6_3_4_4",0.650185397665621,0.756867743152623,0.0420883016514735,224.937202159708,"Vynnycky-high","0.003",FALSE
"South Africa","7_6_3_4_5",0.651466940805198,0.757090350502829,0.042101510728503,227.159417767223,"Vynnycky-high","0.003",FALSE
"South Africa","7_6_3_4_6",0.651870477654779,0.757085382181761,0.042053640271639,227.345216625321,"Vynnycky-high","0.003",FALSE
"South Africa","7_6_3_4_7",0.650684671229137,0.756945407044234,0.042002420697168,226.388262364549,"Vynnycky-high","0.003",FALSE
"South Africa","7_6_3_5_3",0.652574427183457,0.756477505221431,0.0424188452909164,224.848980049839,"Vynnycky-high","0.003",FALSE
"South Africa","7_6_3_5_4",0.650508117124583,0.757780549017494,0.0424428811272273,225.073411469703,"Vynnycky-high","0.003",FALSE
"South Africa","7_6_3_5_5",0.650963573669357,0.756473898335516,0.042326716264407,228.499034950271,"Vynnycky-high","0.003",FALSE
"South Africa","7_6_3_5_6",0.651107259880079,0.757046941686546,0.0423582074490043,223.864573317311,"Vynnycky-high","0.003",FALSE
"South Africa","7_6_3_5_7",0.650718817624236,0.757085618933172,0.0423301749435399,228.060999913794,"Vynnycky-high","0.003",FALSE
"South Africa","7_6_3_6_4",0.650673886391288,0.756206105602398,0.0425792733001499,230.767257662173,"Vynnycky-high","0.003",FALSE
"South Africa","7_6_3_6_5",0.650992531446541,0.755288791441761,0.0426462416947951,228.843636732926,"Vynnycky-high","0.003",FALSE
"South Africa","7_6_3_6_6",0.652052023209666,0.75693309484645,0.0425749805677414,230.283292454111,"Vynnycky-high","0.003",FALSE
"South Africa","7_6_3_6_7",0.65034453820934,0.757809885214604,0.0425615329427856,227.299707620503,"Vynnycky-high","0.003",FALSE
"South Africa","7_6_3_7_3",0.652037374619733,0.757448120608759,0.0428772134126418,227.780208740809,"Vynnycky-high","0.003",FALSE
"South Africa","7_6_3_7_4",0.651001005988479,0.757313480710448,0.0428814292158253,229.079417808616,"Vynnycky-high","0.003",FALSE
"South Africa","7_6_3_7_5",0.651588685997706,0.757139187977609,0.042857890154874,228.624928686428,"Vynnycky-high","0.003",FALSE
"South Africa","7_6_3_7_6",0.651938065670678,0.756539915966387,0.0428607833954636,230.410944696659,"Vynnycky-high","0.003",FALSE
"South Africa","7_6_3_7_7",0.651653954683877,0.756107809618497,0.0428271814137922,229.175155364841,"Vynnycky-high","0.003",FALSE
"South Africa","7_6_4_3_3",0.651475550850261,0.763994702812184,0.0425245325637063,224.724160297033,"Vynnycky-high","0.003",FALSE
"South Africa","7_6_4_3_4",0.650983963325831,0.764338741464406,0.0426023377697637,227.935851644185,"Vynnycky-high","0.003",FALSE
"South Africa","7_6_4_3_5",0.650746663932886,0.764026302118447,0.042621208783251,223.533623477338,"Vynnycky-high","0.003",FALSE
"South Africa","7_6_4_3_6",0.650249176065175,0.763807397959184,0.0426365703637389,225.012379781964,"Vynnycky-high","0.003",FALSE
"South Africa","7_6_4_3_7",0.651311151725255,0.765142743722915,0.0426408118267964,223.563704410098,"Vynnycky-high","0.003",FALSE
"South Africa","7_6_4_4_3",0.650796365057651,0.765366329882459,0.042865036581185,227.084513309575,"Vynnycky-high","0.003",FALSE
"South Africa","7_6_4_4_4",0.651365008267913,0.764345605425428,0.042905772953014,229.789976333755,"Vynnycky-high","0.003",FALSE
"South Africa","7_6_4_4_5",0.65134067273167,0.76434157436102,0.0428577682008273,226.775114880364,"Vynnycky-high","0.003",FALSE
"South Africa","7_6_4_4_6",0.65141684364411,0.763998230135601,0.0428579106402037,227.314885880859,"Vynnycky-high","0.003",FALSE
"South Africa","7_6_4_4_7",0.651482730298707,0.763765492497854,0.0428822188694631,223.955169387268,"Vynnycky-high","0.003",FALSE
"South Africa","7_6_4_5_3",0.650139782182036,0.763503859706764,0.043103909516918,224.150544950355,"Vynnycky-high","0.003",FALSE
"South Africa","7_6_4_5_4",0.650130146710838,0.7647284620562,0.0431111633193124,227.717816338285,"Vynnycky-high","0.003",FALSE
"South Africa","7_6_4_5_5",0.650352262604784,0.764770072882752,0.0430562383583326,226.7444640326,"Vynnycky-high","0.003",FALSE
"South Africa","7_6_4_5_6",0.651267454872768,0.765579989550241,0.0431042090093386,225.423315625461,"Vynnycky-high","0.003",FALSE
"South Africa","7_6_4_5_7",0.650897363894217,0.764316230417925,0.0430321690119054,226.48038585684,"Vynnycky-high","0.003",FALSE
"South Africa","7_6_4_6_3",0.651816127132101,0.764503974029755,0.0432968665847733,227.842333105491,"Vynnycky-high","0.003",FALSE
"South Africa","7_6_4_6_4",0.650633688835359,0.764000778959883,0.0432818592508756,231.176511473685,"Vynnycky-high","0.003",FALSE
"South Africa","7_6_4_6_5",0.651192987425933,0.764343777639751,0.0432960143564165,230.32994229471,"Vynnycky-high","0.003",FALSE
"South Africa","7_6_4_6_6",0.650683111311171,0.764407441881845,0.0432734623527682,226.912808087737,"Vynnycky-high","0.003",FALSE
"South Africa","7_6_4_6_7",0.650661413087142,0.763837751196206,0.043335737905819,224.799993499175,"Vynnycky-high","0.003",FALSE
"South Africa","7_6_4_7_3",0.650715405945995,0.764247236918306,0.0434995595456543,231.727026394129,"Vynnycky-high","0.003",FALSE
"South Africa","7_6_4_7_4",0.649996091961724,0.763783187364127,0.043474761545168,233.377731146893,"Vynnycky-high","0.003",FALSE
"South Africa","7_6_4_7_5",0.650157500949754,0.763662948784217,0.0434149818918305,231.919478099366,"Vynnycky-high","0.003",FALSE
"South Africa","7_6_4_7_6",0.650052378574715,0.7643392973251,0.0434422774909218,234.263369281573,"Vynnycky-high","0.003",FALSE
"South Africa","7_6_4_7_7",0.649140816710537,0.764471242068368,0.0433709811464978,230.84280927079,"Vynnycky-high","0.003",FALSE
"South Africa","7_6_5_3_3",0.649676118229253,0.770802367613302,0.0432312608897505,228.014336425968,"Vynnycky-high","0.003",FALSE
"South Africa","7_6_5_3_4",0.65023936029403,0.770856430155211,0.0432204234657043,227.889115796463,"Vynnycky-high","0.003",FALSE
"South Africa","7_6_5_3_5",0.650234780588288,0.771912939229691,0.0432295226174494,227.671331283859,"Vynnycky-high","0.003",FALSE
"South Africa","7_6_5_3_6",0.649950379787524,0.771301597000318,0.0433292763345116,225.876986762427,"Vynnycky-high","0.003",FALSE
"South Africa","7_6_5_3_7",0.650103175892336,0.772627170945972,0.043318591813283,226.403594025039,"Vynnycky-high","0.003",FALSE
"South Africa","7_6_5_4_3",0.650987625253275,0.772349587842889,0.0435284636559539,231.674906197265,"Vynnycky-high","0.003",FALSE
"South Africa","7_6_5_4_4",0.64986453761187,0.771999530269703,0.043510778139825,227.718156420687,"Vynnycky-high","0.003",FALSE
"South Africa","7_6_5_4_5",0.649441395894678,0.771414888875543,0.0434945562103417,229.489961538715,"Vynnycky-high","0.003",FALSE
"South Africa","7_6_5_4_6",0.649780976220275,0.772081031186525,0.0435377703192284,228.749819882279,"Vynnycky-high","0.003",FALSE
"South Africa","7_6_5_4_7",0.650627945836551,0.772148077973626,0.0435904453335147,231.885001712287,"Vynnycky-high","0.003",FALSE
"South Africa","7_6_5_5_3",0.650271371923528,0.772128783019077,0.0437464974968528,228.906324627989,"Vynnycky-high","0.003",FALSE
"South Africa","7_6_5_5_4",0.650108518131842,0.771979523596974,0.0437289471615546,232.922301560225,"Vynnycky-high","0.003",FALSE
"South Africa","7_6_5_5_5",0.650684136985579,0.771331980576546,0.0437867201775011,232.660971544409,"Vynnycky-high","0.003",FALSE
"South Africa","7_6_5_5_6",0.650598053493565,0.77222754491018,0.0437697121815352,235.272049414836,"Vynnycky-high","0.003",FALSE
"South Africa","7_6_5_5_7",0.650261918377309,0.771538332499986,0.0437226177318223,231.256666437881,"Vynnycky-high","0.003",FALSE
"South Africa","7_6_5_6_3",0.649839316833607,0.770875051984497,0.0439246305271442,229.98043627165,"Vynnycky-high","0.003",FALSE
"South Africa","7_6_5_6_4",0.649878506496824,0.771886615115136,0.0439129117449551,237.418831168831,"Vynnycky-high","0.003",FALSE
"South Africa","7_6_5_6_5",0.649811671385275,0.771610489758039,0.0439614831434295,232.905811867707,"Vynnycky-high","0.003",FALSE
"South Africa","7_6_5_6_6",0.649675741022373,0.770828098719534,0.0439611503792335,233.59065430998,"Vynnycky-high","0.003",FALSE
"South Africa","7_6_5_6_7",0.649277602694018,0.771038267999001,0.0439827963423143,232.937503658877,"Vynnycky-high","0.003",FALSE
"South Africa","7_6_5_7_3",0.649215201941411,0.773014396689463,0.0441919893518088,234.67567821271,"Vynnycky-high","0.003",FALSE
"South Africa","7_6_5_7_4",0.649998404856797,0.772256519205517,0.0441217899327161,234.907678302626,"Vynnycky-high","0.003",FALSE
"South Africa","7_6_5_7_5",0.65023941239632,0.772464982061897,0.0441884243078985,236.911163365149,"Vynnycky-high","0.003",FALSE
"South Africa","7_6_5_7_6",0.650108700772565,0.772816208799104,0.0441798811535506,233.935514113392,"Vynnycky-high","0.003",FALSE
"South Africa","7_6_5_7_7",0.650247461278425,0.772634998161366,0.0441807954232236,234.380870645094,"Vynnycky-high","0.003",FALSE
"South Africa","7_6_6_3_3",0.651138124426976,0.778317355025188,0.0440625042510292,229.190695130083,"Vynnycky-high","0.003",FALSE
"South Africa","7_6_6_3_4",0.650818183299124,0.779168839582306,0.0440727384117176,229.252744844375,"Vynnycky-high","0.003",FALSE
"South Africa","7_6_6_3_5",0.650365886630041,0.779372012950306,0.0440685394790266,232.126925088723,"Vynnycky-high","0.003",FALSE
"South Africa","7_6_6_3_6",0.650341697337075,0.779632863066305,0.0440219999037616,234.197551092319,"Vynnycky-high","0.003",FALSE
"South Africa","7_6_6_3_7",0.650278606066082,0.779143743112989,0.0440989574521141,233.349831991388,"Vynnycky-high","0.003",FALSE
"South Africa","7_6_6_4_3",0.650424490970573,0.776847341337907,0.0443123234507193,223.504547467822,"Vynnycky-high","0.003",FALSE
"South Africa","7_6_6_4_4",0.650641621160281,0.778380410256835,0.0442762707434721,230.856300073705,"Vynnycky-high","0.003",FALSE
"South Africa","7_6_6_4_5",0.650394801817306,0.779199623534633,0.0442507621810095,232.970555778257,"Vynnycky-high","0.003",FALSE
"South Africa","7_6_6_4_6",0.650539317408513,0.779800205202513,0.0443416408115654,232.596258819912,"Vynnycky-high","0.003",FALSE
"South Africa","7_6_6_4_7",0.650898404573741,0.780105085167305,0.0443663594555073,232.094401716903,"Vynnycky-high","0.003",FALSE
"South Africa","7_6_6_5_3",0.650226673514809,0.780202665161306,0.0445502637097937,233.410369051916,"Vynnycky-high","0.003",FALSE
"South Africa","7_6_6_5_4",0.651420179135876,0.779107480601998,0.0445412936916208,237.300422016679,"Vynnycky-high","0.003",FALSE
"South Africa","7_6_6_5_5",0.651027738235318,0.779489675875218,0.0445585810024613,233.672214230136,"Vynnycky-high","0.003",FALSE
"South Africa","7_6_6_5_6",0.650689507773224,0.780432638974485,0.0444770069671283,233.886338972016,"Vynnycky-high","0.003",FALSE
"South Africa","7_6_6_5_7",0.650804458824814,0.779697684285223,0.0444993071509845,234.891928592271,"Vynnycky-high","0.003",FALSE
"South Africa","7_6_6_6_3",0.650479249969349,0.778425514493342,0.0447676245966506,235.721218447562,"Vynnycky-high","0.003",FALSE
"South Africa","7_6_6_6_4",0.650663607910709,0.779723146612816,0.0447540078527805,239.654866666846,"Vynnycky-high","0.003",FALSE
"South Africa","7_6_6_6_5",0.65107765577385,0.779228634952797,0.0447465646435369,240.656612568186,"Vynnycky-high","0.003",FALSE
"South Africa","7_6_6_6_6",0.650964963262186,0.779521283842809,0.0448115929755525,240.604478477757,"Vynnycky-high","0.003",FALSE
"South Africa","7_6_6_6_7",0.650419224831608,0.780313165927244,0.0447972314193291,242.675359447859,"Vynnycky-high","0.003",FALSE
"South Africa","7_6_6_7_3",0.650289912885377,0.780727386502529,0.0449944137448013,240.813391855059,"Vynnycky-high","0.003",FALSE
"South Africa","7_6_6_7_4",0.651168627329096,0.780484550039905,0.0449953403414461,238.027274009472,"Vynnycky-high","0.003",FALSE
"South Africa","7_6_6_7_5",0.651505565110456,0.78113406770134,0.0449960314919288,239.19403692836,"Vynnycky-high","0.003",FALSE
"South Africa","7_6_6_7_6",0.65124807075116,0.780835547483716,0.0450009828333506,236.356389033466,"Vynnycky-high","0.003",FALSE
"South Africa","7_6_6_7_7",0.651608147949611,0.781032855767453,0.045026754635058,236.406624141776,"Vynnycky-high","0.003",FALSE
"South Africa","7_6_7_3_3",0.651969703300502,0.784787637109604,0.0447580479549115,233.85314881936,"Vynnycky-high","0.003",FALSE
"South Africa","7_6_7_3_4",0.651876004082329,0.786565926295896,0.0447805033400563,231.932825075753,"Vynnycky-high","0.003",FALSE
"South Africa","7_6_7_3_5",0.650764885213588,0.785718503759221,0.0447850885248401,233.721476171864,"Vynnycky-high","0.003",FALSE
"South Africa","7_6_7_3_6",0.650294456666247,0.786525118269881,0.0448350701641499,233.263427434575,"Vynnycky-high","0.003",FALSE
"South Africa","7_6_7_3_7",0.650862741912244,0.786444603041076,0.0448417210428647,232.499161952173,"Vynnycky-high","0.003",FALSE
"South Africa","7_6_7_4_3",0.651113868938732,0.786724843228513,0.0451322407584754,233.084436120489,"Vynnycky-high","0.003",FALSE
"South Africa","7_6_7_4_4",0.650230204578031,0.785559312482389,0.0449822923379191,236.240972489061,"Vynnycky-high","0.003",FALSE
"South Africa","7_6_7_4_5",0.650187124997492,0.785710419127222,0.0450182837974412,233.639659212509,"Vynnycky-high","0.003",FALSE
"South Africa","7_6_7_4_6",0.651624734946799,0.786748062281364,0.0450517210816242,233.051351463207,"Vynnycky-high","0.003",FALSE
"South Africa","7_6_7_4_7",0.651244224756798,0.785795569779552,0.0450650208461338,233.65594363101,"Vynnycky-high","0.003",FALSE
"South Africa","7_6_7_5_3",0.651371342616854,0.785660335145054,0.0452196273194611,235.03007715509,"Vynnycky-high","0.003",FALSE
"South Africa","7_6_7_5_4",0.651100906323509,0.785372780352849,0.0452039988194226,236.155486257849,"Vynnycky-high","0.003",FALSE
"South Africa","7_6_7_5_5",0.651071299351159,0.786972841271484,0.0452282175100296,239.26523439461,"Vynnycky-high","0.003",FALSE
"South Africa","7_6_7_5_6",0.650214397819413,0.78666464315654,0.0451580449807722,237.451210948063,"Vynnycky-high","0.003",FALSE
"South Africa","7_6_7_5_7",0.651012591546962,0.785697007395121,0.0452346188288724,235.090303990482,"Vynnycky-high","0.003",FALSE
"South Africa","7_6_7_6_3",0.6505482517182,0.785145343334438,0.0453524376692827,235.073545991539,"Vynnycky-high","0.003",FALSE
"South Africa","7_6_7_6_4",0.652788171554064,0.78639644603324,0.04546477639383,236.306747668318,"Vynnycky-high","0.003",FALSE
"South Africa","7_6_7_6_5",0.651131770793987,0.786305220883534,0.045387765647505,243.261550316884,"Vynnycky-high","0.003",FALSE
"South Africa","7_6_7_6_6",0.652174529801648,0.786073482534341,0.045461706898654,239.24061810009,"Vynnycky-high","0.003",FALSE
"South Africa","7_6_7_6_7",0.651639086230386,0.786147491616798,0.0453683719208483,239.24061810009,"Vynnycky-high","0.003",FALSE
"South Africa","7_6_7_7_3",0.651000908231129,0.785389333573728,0.0455721478570663,238.248603472545,"Vynnycky-high","0.003",FALSE
"South Africa","7_6_7_7_4",0.651059307152645,0.786209430434835,0.0455948149354589,240.468424580709,"Vynnycky-high","0.003",FALSE
"South Africa","7_6_7_7_5",0.650095236534681,0.786495562577702,0.0455776530847409,242.185843154282,"Vynnycky-high","0.003",FALSE
"South Africa","7_6_7_7_6",0.651569621471134,0.7863437251838,0.0456322328480461,238.918222128408,"Vynnycky-high","0.003",FALSE
"South Africa","7_6_7_7_7",0.651434343625209,0.785833854248303,0.0455918954517621,240.604418305734,"Vynnycky-high","0.003",FALSE
"South Africa","7_7_3_3_3",0.689116873567639,0.789833440361239,0.0455079004300443,233.643956808146,"Vynnycky-high","0.003",FALSE
"South Africa","7_7_3_3_4",0.687241039950098,0.789439748225201,0.0454843360290771,232.742458700694,"Vynnycky-high","0.003",FALSE
"South Africa","7_7_3_3_5",0.687965334937998,0.790089925337515,0.0454133200874898,233.067750171292,"Vynnycky-high","0.003",FALSE
"South Africa","7_7_3_3_6",0.687237686423826,0.789793288914527,0.0455078257628921,231.594554947964,"Vynnycky-high","0.003",FALSE
"South Africa","7_7_3_3_7",0.688122399820941,0.789819693672787,0.0454946395213122,230.473215388669,"Vynnycky-high","0.003",FALSE
"South Africa","7_7_3_4_3",0.688755110630111,0.789257817983749,0.0457924607849179,231.869224982922,"Vynnycky-high","0.003",FALSE
"South Africa","7_7_3_4_4",0.688292004189128,0.78913216830694,0.0457860893926012,233.574245912151,"Vynnycky-high","0.003",FALSE
"South Africa","7_7_3_4_5",0.688054445132913,0.788978003444915,0.0457378545449726,236.642388898028,"Vynnycky-high","0.003",FALSE
"South Africa","7_7_3_4_6",0.688260098645239,0.789518506534362,0.0458075583863652,236.609208653045,"Vynnycky-high","0.003",FALSE
"South Africa","7_7_3_4_7",0.68682854081346,0.789851187736168,0.0457502194904543,235.255886477852,"Vynnycky-high","0.003",FALSE
"South Africa","7_7_3_5_3",0.688212982662187,0.788841392430814,0.0460277775192869,234.51061821315,"Vynnycky-high","0.003",FALSE
"South Africa","7_7_3_5_4",0.689337244187313,0.788531792124096,0.0461150849880837,236.574879307354,"Vynnycky-high","0.003",FALSE
"South Africa","7_7_3_5_5",0.687789688302085,0.788074440816216,0.0460557331018421,237.045853723794,"Vynnycky-high","0.003",FALSE
"South Africa","7_7_3_5_6",0.687269397332926,0.789751672137475,0.0460640913121092,235.504855822609,"Vynnycky-high","0.003",FALSE
"South Africa","7_7_3_5_7",0.688387931034483,0.790231798420579,0.0461716072182197,232.450475404989,"Vynnycky-high","0.003",FALSE
"South Africa","7_7_3_6_3",0.689085238009943,0.78960328589979,0.0463091093727284,237.030432314114,"Vynnycky-high","0.003",FALSE
"South Africa","7_7_3_6_4",0.688004792960568,0.789935643331217,0.0464381838950568,234.2978757827,"Vynnycky-high","0.003",FALSE
"South Africa","7_7_3_6_5",0.687718504600038,0.790113619395387,0.0463812967082796,235.838404392976,"Vynnycky-high","0.003",FALSE
"South Africa","7_7_3_6_6",0.687470167807022,0.789862161643667,0.0463152585536477,237.485378389365,"Vynnycky-high","0.003",FALSE
"South Africa","7_7_3_6_7",0.688351364183518,0.790102856194874,0.0462991302351542,236.373110304928,"Vynnycky-high","0.003",FALSE
"South Africa","7_7_3_7_3",0.688575445217156,0.789832921469758,0.0465322127645892,237.047579977177,"Vynnycky-high","0.003",FALSE
"South Africa","7_7_3_7_4",0.688008841153368,0.790066032130405,0.0466113369035202,233.852780503654,"Vynnycky-high","0.003",FALSE
"South Africa","7_7_3_7_5",0.687182196165374,0.790086048556408,0.0465716051975708,234.66569925918,"Vynnycky-high","0.003",FALSE
"South Africa","7_7_3_7_6",0.688418443028307,0.790037420378713,0.0466143532876225,236.122076729408,"Vynnycky-high","0.003",FALSE
"South Africa","7_7_3_7_7",0.687586075189116,0.789612477964371,0.0465837099042471,239.912686839128,"Vynnycky-high","0.003",FALSE
"South Africa","7_7_4_3_3",0.689096651573593,0.794858461072426,0.0463203971284659,228.263985224638,"Vynnycky-high","0.003",FALSE
"South Africa","7_7_4_3_4",0.688938590008283,0.795478714632196,0.0463074046476491,229.986216694683,"Vynnycky-high","0.003",FALSE
"South Africa","7_7_4_3_5",0.686809106442988,0.794270566465323,0.0462487229673015,230.760409561339,"Vynnycky-high","0.003",FALSE
"South Africa","7_7_4_3_6",0.687205975842339,0.79521090558771,0.0462577217100607,232.387388350691,"Vynnycky-high","0.003",FALSE
"South Africa","7_7_4_3_7",0.686145067659515,0.795266369061911,0.0461553034612491,232.969918496871,"Vynnycky-high","0.003",FALSE
"South Africa","7_7_4_4_3",0.688061013697956,0.795100797389755,0.0465115206456689,234.741802664165,"Vynnycky-high","0.003",FALSE
"South Africa","7_7_4_4_4",0.689266770453272,0.79481234137102,0.0464986739690217,231.064499702592,"Vynnycky-high","0.003",FALSE
"South Africa","7_7_4_4_5",0.68701419720472,0.795656360120997,0.0465152155524701,235.255886477852,"Vynnycky-high","0.003",FALSE
"South Africa","7_7_4_4_6",0.688309999706495,0.795027305440928,0.0465468256437482,236.424843978049,"Vynnycky-high","0.003",FALSE
"South Africa","7_7_4_4_7",0.688305765394833,0.794855389755253,0.0464536562048227,233.415807681457,"Vynnycky-high","0.003",FALSE
"South Africa","7_7_4_5_3",0.688274236952935,0.795487740107993,0.0467976565379528,235.637890559476,"Vynnycky-high","0.003",FALSE
"South Africa","7_7_4_5_4",0.689063790842447,0.795024604087256,0.046683833565779,238.675053290367,"Vynnycky-high","0.003",FALSE
"South Africa","7_7_4_5_5",0.687513891193218,0.794739367162048,0.0468012723150671,232.500211629194,"Vynnycky-high","0.003",FALSE
"South Africa","7_7_4_5_6",0.687690030452442,0.79520479487338,0.0467706596963651,234.457145234365,"Vynnycky-high","0.003",FALSE
"South Africa","7_7_4_5_7",0.687957172375694,0.794870828139288,0.0468612793170018,230.856379799755,"Vynnycky-high","0.003",FALSE
"South Africa","7_7_4_6_3",0.68856605542345,0.795034669726401,0.0471404665511156,236.189199313761,"Vynnycky-high","0.003",FALSE
"South Africa","7_7_4_6_5",0.688696988820473,0.795776344962636,0.0471301034730692,232.193337797993,"Vynnycky-high","0.003",FALSE
"South Africa","7_7_4_6_6",0.687800827878321,0.795452757783493,0.0470875877538666,237.875838732587,"Vynnycky-high","0.003",FALSE
"South Africa","7_7_4_6_7",0.687894790643828,0.795059494444836,0.0470388577148215,234.942794807554,"Vynnycky-high","0.003",FALSE
"South Africa","7_7_4_7_3",0.688563480816669,0.794723139523639,0.0471991754848443,240.884224120687,"Vynnycky-high","0.003",FALSE
"South Africa","7_7_4_7_4",0.688615291284113,0.795284176369655,0.0472536184096985,241.406358477043,"Vynnycky-high","0.003",FALSE
"South Africa","7_7_4_7_5",0.688013908753135,0.795082757152814,0.0472962664658311,240.122214146422,"Vynnycky-high","0.003",FALSE
"South Africa","7_7_4_7_6",0.689131758345087,0.795327739416008,0.0472655971430596,240.76488505034,"Vynnycky-high","0.003",FALSE
"South Africa","7_7_5_3_3",0.688984128643356,0.800704529290547,0.0468919544076109,230.42547533593,"Vynnycky-high","0.003",FALSE
"South Africa","7_7_5_3_4",0.688634533003551,0.80020366598778,0.0470209938131778,233.658001011088,"Vynnycky-high","0.003",FALSE
"South Africa","7_7_5_3_5",0.687476994097497,0.800267202998718,0.0470103755863867,230.096267818523,"Vynnycky-high","0.003",FALSE
"South Africa","7_7_5_3_7",0.687684532773791,0.800038520801233,0.0469554849219225,234.437297396152,"Vynnycky-high","0.003",FALSE
"South Africa","7_7_5_4_4",0.688546548754947,0.800568786533684,0.0472901092283142,232.305941728364,"Vynnycky-high","0.003",FALSE
"South Africa","7_7_5_4_5",0.688081449261256,0.800792701663469,0.0472556094136728,235.108297169804,"Vynnycky-high","0.003",FALSE
"South Africa","7_7_5_5_4",0.687648826309589,0.800200714171865,0.0474777287442942,234.150613714417,"Vynnycky-high","0.003",FALSE
"South Africa","7_7_5_5_5",0.688429054116038,0.800989395750965,0.0474666241214159,232.474403399248,"Vynnycky-high","0.003",FALSE
"South Africa","7_7_5_5_6",0.687709923627557,0.800336630506862,0.0474630627057793,236.339648736276,"Vynnycky-high","0.003",FALSE
"South Africa","7_7_5_5_7",0.687557215022827,0.800053034076695,0.0473987157940322,234.812406026656,"Vynnycky-high","0.003",FALSE
"South Africa","7_7_5_6_4",0.688131880009312,0.800004946770819,0.0476794775875892,234.510873573297,"Vynnycky-high","0.003",FALSE
"South Africa","7_7_5_6_7",0.687709080659422,0.799841017488076,0.0476480571165375,236.105251125278,"Vynnycky-high","0.003",FALSE
"South Africa","7_7_5_7_3",0.68760649541761,0.801177486663301,0.0478024698678141,241.791194217968,"Vynnycky-high","0.003",FALSE
"South Africa","7_7_5_7_4",0.688255713906509,0.800508940036304,0.0477714547316856,240.587133877261,"Vynnycky-high","0.003",FALSE
"South Africa","7_7_6_3_4",0.688100619402658,0.805815206671821,0.0476183348119083,235.139370900271,"Vynnycky-high","0.003",FALSE
"South Africa","7_7_6_3_7",0.688129857384516,0.804508021887984,0.047605311934093,235.971537215414,"Vynnycky-high","0.003",FALSE
"South Africa","7_7_6_4_7",0.687859172543712,0.805355042281964,0.0478398178441132,238.760798449219,"Vynnycky-high","0.003",FALSE
"South Africa","7_7_6_6_6",0.688949352900535,0.804827048334561,0.0482540930663583,236.72802907341,"Vynnycky-high","0.003",FALSE
