"sigma","rep","n_tested","n_enrolled","n_fast","n_trial_cases","n_overall","inf_prev_15to24","inf_prev_25to34","country","p_slow","n_enrolled_1","n_tested_1"
0.5,1,61060,389,47,50,68431,0.59339636506148,0.742708192890207,"South Africa","Vynnycky-high",7.78,1221.2
1,1,38036,481,47,50,42562,0.591694404818513,0.741747855169405,"South Africa","Vynnycky-high",9.62,760.72
2,1,29446,736,48,50,32856,0.588761043764126,0.746083857049057,"South Africa","Vynnycky-high",14.72,588.92
3,1,24627,923,41,50,27538,0.597638957206099,0.741960872498313,"South Africa","Vynnycky-high",18.46,492.54
4,1,24741,1276,41,50,27672,0.599067026761601,0.734616245245021,"South Africa","Vynnycky-high",25.52,494.82
5,1,28064,1702,37,50,31318,0.590289143480633,0.738707776904949,"South Africa","Vynnycky-high",34.04,561.28
6,1,26764,2032,34,50,29899,0.597152147101693,0.747399855833591,"South Africa","Vynnycky-high",40.64,535.28
7,1,20077,1867,33,50,22408,0.586883236285627,0.749592391304348,"South Africa","Vynnycky-high",37.34,401.54
8,1,19767,2107,35,50,22011,0.586792161703441,0.74306039893988,"South Africa","Vynnycky-high",42.14,395.34
9,1,16419,1927,28,50,18270,0.592281879194631,0.736549165120594,"South Africa","Vynnycky-high",38.54,328.38
10,1,17070,2429,33,50,19125,0.600784173944038,0.746780424983902,"South Africa","Vynnycky-high",48.58,341.4
12,1,12607,2246,23,50,14134,0.57688679245283,0.756627553237723,"South Africa","Vynnycky-high",44.92,252.14
14,1,16935,3736,25,50,18935,0.590531708178767,0.742656657963446,"South Africa","Vynnycky-high",74.72,338.7
16,1,11730,3123,19,50,13108,0.601367341572443,0.733757062146893,"South Africa","Vynnycky-high",62.46,234.6
18,1,11646,3628,19,50,12988,0.596409055425449,0.730486358244365,"South Africa","Vynnycky-high",72.56,232.92
20,1,11612,4043,20,50,12956,0.589503042596349,0.73071495766698,"South Africa","Vynnycky-high",80.86,232.24
22,1,11637,4573,9,50,13036,0.597164948453608,0.734189031505251,"South Africa","Vynnycky-high",91.46,232.74
24,1,7380,3246,18,50,8259,0.608533554266777,0.749454545454545,"South Africa","Vynnycky-high",64.92,147.6
26,1,8533,3992,17,50,9517,0.590423699621082,0.734888304862024,"South Africa","Vynnycky-high",79.84,170.66
28,1,8202,4126,8,50,9187,0.598737936154417,0.731805929919138,"South Africa","Vynnycky-high",82.52,164.04
30,1,8785,4682,13,50,9827,0.591463414634146,0.724346717654557,"South Africa","Vynnycky-high",93.64,175.7
32,1,7853,4470,9,50,8792,0.600074128984433,0.739236961848092,"South Africa","Vynnycky-high",89.4,157.06
34,1,7508,4551,11,50,8447,0.596540627514079,0.746066593487011,"South Africa","Vynnycky-high",91.02,150.16
36,1,6814,4302,11,50,7594,0.607254814151366,0.731913183279743,"South Africa","Vynnycky-high",86.04,136.28
38,1,4943,3220,10,50,5523,0.613801452784504,0.736017897091723,"South Africa","Vynnycky-high",64.4,98.86
40,1,6138,4087,9,50,6896,0.613106796116505,0.738073807380738,"South Africa","Vynnycky-high",81.74,122.76
42,1,6966,4791,10,50,7789,0.588414634146341,0.76646942800789,"South Africa","Vynnycky-high",95.82,139.32
44,1,6539,4517,9,50,7293,0.603695150115473,0.733791326749678,"South Africa","Vynnycky-high",90.34,130.78
46,1,5150,3619,13,50,5697,0.592878338278932,0.743974290305303,"South Africa","Vynnycky-high",72.38,103
48,1,7058,4995,16,50,7840,0.60291519434629,0.745483741469289,"South Africa","Vynnycky-high",99.9,141.16
50,1,5697,4030,9,50,6380,0.597099948213361,0.740722414646215,"South Africa","Vynnycky-high",80.6,113.94
0.5,2,49075,334,49,50,54871,0.589693251533742,0.748275668704088,"South Africa","Vynnycky-high",6.68,981.5
1,2,45888,574,42,50,51201,0.591959667386892,0.742081996003149,"South Africa","Vynnycky-high",11.48,917.76
2,2,28311,705,41,50,31709,0.599743562346405,0.743963685532162,"South Africa","Vynnycky-high",14.1,566.22
3,2,22794,825,47,50,25482,0.595003986181238,0.741797257590597,"South Africa","Vynnycky-high",16.5,455.88
4,2,23488,1038,41,50,26305,0.593906029957752,0.740526502183922,"South Africa","Vynnycky-high",20.76,469.76
5,2,20202,1233,37,50,22642,0.594765475665343,0.747709558320799,"South Africa","Vynnycky-high",24.66,404.04
6,2,22793,1725,33,50,25451,0.590074247753029,0.735936940164815,"South Africa","Vynnycky-high",34.5,455.86
7,2,19319,1791,37,50,21704,0.588895820336868,0.746416914999291,"South Africa","Vynnycky-high",35.82,386.38
8,2,18540,2092,24,50,20650,0.600775820268305,0.747381023645615,"South Africa","Vynnycky-high",41.84,370.8
9,2,16576,2082,31,50,18548,0.594664690626158,0.741065519523494,"South Africa","Vynnycky-high",41.64,331.52
10,2,16369,2254,28,50,18308,0.601480111008326,0.739926124916051,"South Africa","Vynnycky-high",45.08,327.38
12,2,19293,3296,22,50,21461,0.590462610899873,0.738960474880556,"South Africa","Vynnycky-high",65.92,385.86
14,2,12799,2817,21,50,14284,0.596762843068262,0.736375432525952,"South Africa","Vynnycky-high",56.34,255.98
16,2,10938,2940,25,50,12228,0.599013968775678,0.741536129358262,"South Africa","Vynnycky-high",58.8,218.76
18,2,12713,3969,21,50,14216,0.602821616451459,0.742404792468977,"South Africa","Vynnycky-high",79.38,254.26
20,2,11587,4120,18,50,12999,0.596907216494845,0.741182078169685,"South Africa","Vynnycky-high",82.4,231.74
22,2,9142,3571,13,50,10237,0.602543201825888,0.73349412119385,"South Africa","Vynnycky-high",71.42,182.84
24,2,8171,3544,10,50,9104,0.591026112541375,0.740867190167293,"South Africa","Vynnycky-high",70.88,163.42
26,2,8490,4039,8,50,9466,0.602312543798178,0.74314381270903,"South Africa","Vynnycky-high",80.78,169.8
28,2,9657,4838,14,50,10796,0.595325953259533,0.738375515008829,"South Africa","Vynnycky-high",96.76,193.14
30,2,9290,4999,9,50,10476,0.597328244274809,0.747599039615846,"South Africa","Vynnycky-high",99.98,185.8
32,2,7262,4167,12,50,8120,0.604446308724832,0.745929572131768,"South Africa","Vynnycky-high",83.34,145.24
34,2,8669,5328,12,50,9706,0.60055191445326,0.757371794871795,"South Africa","Vynnycky-high",106.56,173.38
36,2,7457,4657,16,50,8278,0.581320450885668,0.742541436464088,"South Africa","Vynnycky-high",93.14,149.14
38,2,6842,4511,9,50,7611,0.603280141843972,0.749058971141782,"South Africa","Vynnycky-high",90.22,136.84
40,2,6810,4570,4,50,7524,0.60122431132488,0.738015138772077,"South Africa","Vynnycky-high",91.4,136.2
42,2,5840,3961,12,50,6516,0.594254032258065,0.7462758289284,"South Africa","Vynnycky-high",79.22,116.8
44,2,6916,4810,5,50,7731,0.598257080610022,0.741190765492102,"South Africa","Vynnycky-high",96.2,138.32
46,2,6678,4644,15,50,7519,0.577965348733896,0.737505079236083,"South Africa","Vynnycky-high",92.88,133.56
48,2,5438,3831,11,50,6135,0.588167719701321,0.729468599033816,"South Africa","Vynnycky-high",76.62,108.76
50,2,6976,4905,12,50,7796,0.588514680483592,0.750498206456756,"South Africa","Vynnycky-high",98.1,139.52
0.5,3,52661,355,47,50,58833,0.596556322105629,0.742550967067433,"South Africa","Vynnycky-high",7.1,1053.22
1,3,39129,508,46,50,43661,0.591150851769059,0.737066853342667,"South Africa","Vynnycky-high",10.16,782.58
2,3,31398,743,49,50,35125,0.597816636073809,0.74427547631533,"South Africa","Vynnycky-high",14.86,627.96
3,3,26474,1008,48,50,29639,0.588169014084507,0.746295136714673,"South Africa","Vynnycky-high",20.16,529.48
4,3,30448,1540,39,50,34135,0.59527297587655,0.73641650009086,"South Africa","Vynnycky-high",30.8,608.96
5,3,23333,1404,36,50,26000,0.581440371708828,0.737470725995316,"South Africa","Vynnycky-high",28.08,466.66
6,3,27752,2158,32,50,31124,0.603176295033042,0.739531653105775,"South Africa","Vynnycky-high",43.16,555.04
7,3,24081,2178,33,50,26925,0.585941443715295,0.741084737988763,"South Africa","Vynnycky-high",43.56,481.62
8,3,24419,2545,34,50,27280,0.593274817653604,0.732626882320134,"South Africa","Vynnycky-high",50.9,488.38
9,3,17739,2173,25,50,19794,0.600712105798576,0.753090283210765,"South Africa","Vynnycky-high",43.46,354.78
10,3,19021,2618,30,50,21252,0.590292192240141,0.741991093233731,"South Africa","Vynnycky-high",52.36,380.42
12,3,20357,3557,22,50,22741,0.593045814057603,0.745906040268456,"South Africa","Vynnycky-high",71.14,407.14
14,3,13192,3011,26,50,14760,0.606826241134752,0.734381640458989,"South Africa","Vynnycky-high",60.22,263.84
16,3,11932,3137,21,50,13377,0.592732778198335,0.750691881918819,"South Africa","Vynnycky-high",62.74,238.64
18,3,12195,3673,10,50,13572,0.585873605947955,0.740995260663507,"South Africa","Vynnycky-high",73.46,243.9
20,3,12870,4442,20,50,14416,0.592040958808471,0.74409534127844,"South Africa","Vynnycky-high",88.84,257.4
22,3,9232,3625,12,50,10328,0.593535749265426,0.739669421487603,"South Africa","Vynnycky-high",72.5,184.64
24,3,11093,4834,19,50,12402,0.590377820059799,0.740083764474008,"South Africa","Vynnycky-high",96.68,221.86
26,3,7450,3516,20,50,8331,0.5876,0.740618101545254,"South Africa","Vynnycky-high",70.32,149
28,3,9921,5018,18,50,11059,0.595223515003062,0.741228070175439,"South Africa","Vynnycky-high",100.36,198.42
30,3,9431,5130,13,50,10532,0.59462055715658,0.743440233236152,"South Africa","Vynnycky-high",102.6,188.62
32,3,8828,5032,17,50,9872,0.589031821259309,0.758161648177496,"South Africa","Vynnycky-high",100.64,176.56
34,3,6466,3816,10,50,7212,0.571904761904762,0.73994070309191,"South Africa","Vynnycky-high",76.32,129.32
36,3,8206,5075,9,50,9151,0.589620905410379,0.740238252812707,"South Africa","Vynnycky-high",101.5,164.12
38,3,6550,4264,11,50,7378,0.588483146067416,0.749058971141782,"South Africa","Vynnycky-high",85.28,131
40,3,4788,3184,12,50,5353,0.594327990135635,0.746828143021915,"South Africa","Vynnycky-high",63.68,95.76
42,3,6721,4584,7,50,7500,0.594959495949595,0.734029227557411,"South Africa","Vynnycky-high",91.68,134.42
44,3,6235,4387,9,50,6979,0.618190661478599,0.746684350132626,"South Africa","Vynnycky-high",87.74,124.7
46,3,6198,4368,7,50,6978,0.605135658914729,0.74167776298269,"South Africa","Vynnycky-high",87.36,123.96
48,3,5764,4058,12,50,6473,0.58842617631152,0.742555235350624,"South Africa","Vynnycky-high",81.16,115.28
50,3,6748,4776,16,50,7509,0.595515695067265,0.725589225589226,"South Africa","Vynnycky-high",95.52,134.96
0.5,4,47072,329,50,50,52731,0.594303555498917,0.741010148413211,"South Africa","Vynnycky-high",6.58,941.44
1,4,39623,486,49,50,44356,0.585764644116103,0.741951322157537,"South Africa","Vynnycky-high",9.72,792.46
2,4,31634,818,46,50,35307,0.589902653178087,0.742991059803837,"South Africa","Vynnycky-high",16.36,632.68
3,4,26600,992,44,50,29749,0.59747861323728,0.744132679670387,"South Africa","Vynnycky-high",19.84,532
4,4,22662,1116,42,50,25347,0.592781482934484,0.735832821143208,"South Africa","Vynnycky-high",22.32,453.24
5,4,21946,1379,39,50,24463,0.592483522647595,0.74623177662466,"South Africa","Vynnycky-high",27.58,438.92
6,4,21289,1614,34,50,23817,0.600964265456608,0.750577071043857,"South Africa","Vynnycky-high",32.28,425.78
7,4,26426,2441,32,50,29531,0.594461608879735,0.742050209205021,"South Africa","Vynnycky-high",48.82,528.52
8,4,14470,1511,33,50,16239,0.579474342928661,0.740848343986055,"South Africa","Vynnycky-high",30.22,289.4
9,4,20325,2464,23,50,22649,0.599285501637392,0.736366090712743,"South Africa","Vynnycky-high",49.28,406.5
10,4,20083,2747,22,50,22412,0.602803738317757,0.738973647711512,"South Africa","Vynnycky-high",54.94,401.66
12,4,15675,2856,25,50,17585,0.597311624384703,0.750489410927211,"South Africa","Vynnycky-high",57.12,313.5
14,4,15483,3445,26,50,17242,0.589159164910937,0.736784741144414,"South Africa","Vynnycky-high",68.9,309.66
16,4,15190,4056,29,50,16956,0.603762257354413,0.731198018049903,"South Africa","Vynnycky-high",81.12,303.8
18,4,12089,3719,26,50,13535,0.595161688471982,0.75057365764112,"South Africa","Vynnycky-high",74.38,241.78
20,4,10044,3492,12,50,11208,0.585748792270531,0.73364358061867,"South Africa","Vynnycky-high",69.84,200.88
22,4,10027,3859,16,50,11217,0.58875113395827,0.734818941504178,"South Africa","Vynnycky-high",77.18,200.54
24,4,9118,3992,14,50,10223,0.600465735196274,0.737462235649547,"South Africa","Vynnycky-high",79.84,182.36
26,4,9509,4450,16,50,10661,0.592900543652063,0.74188876013905,"South Africa","Vynnycky-high",89,190.18
28,4,7742,3882,15,50,8663,0.590962212699649,0.737753222836096,"South Africa","Vynnycky-high",77.64,154.84
30,4,6588,3695,13,50,7397,0.606132075471698,0.767689161554192,"South Africa","Vynnycky-high",73.9,131.76
32,4,6271,3603,13,50,6994,0.606589147286822,0.741176470588235,"South Africa","Vynnycky-high",72.06,125.42
34,4,8473,5186,15,50,9492,0.594145283700759,0.754679802955665,"South Africa","Vynnycky-high",103.72,169.46
36,4,8502,5323,9,50,9483,0.595419847328244,0.7462206497266,"South Africa","Vynnycky-high",106.46,170.04
38,4,4834,3133,12,50,5394,0.591726618705036,0.744226327944573,"South Africa","Vynnycky-high",62.66,96.68
40,4,6608,4382,9,50,7395,0.577187356848374,0.743160473662719,"South Africa","Vynnycky-high",87.64,132.16
42,4,4624,3171,12,50,5194,0.587126137841352,0.756629345904537,"South Africa","Vynnycky-high",63.42,92.48
44,4,7442,5223,8,50,8344,0.590579710144927,0.752656650787834,"South Africa","Vynnycky-high",104.46,148.84
46,4,6523,4550,12,50,7312,0.587638376383764,0.736572890025575,"South Africa","Vynnycky-high",91,130.46
48,4,7457,5272,8,50,8377,0.589206604913411,0.74981604120677,"South Africa","Vynnycky-high",105.44,149.14
50,4,7687,5423,12,50,8592,0.597266881028939,0.722163681067791,"South Africa","Vynnycky-high",108.46,153.74
0.5,5,69807,433,50,50,77984,0.59115252318544,0.74653146248477,"South Africa","Vynnycky-high",8.66,1396.14
1,5,36100,479,50,50,40372,0.58645172068159,0.743021844660194,"South Africa","Vynnycky-high",9.58,722
2,5,26986,666,48,50,30230,0.590152952997655,0.740793201133145,"South Africa","Vynnycky-high",13.32,539.72
3,5,20176,771,43,50,22519,0.602126044039484,0.747941136762522,"South Africa","Vynnycky-high",15.42,403.52
4,5,20018,1016,42,50,22306,0.599630428087465,0.747234739860713,"South Africa","Vynnycky-high",20.32,400.36
5,5,25635,1594,39,50,28562,0.58693848524357,0.739989206691851,"South Africa","Vynnycky-high",31.88,512.7
6,5,24202,1896,33,50,26939,0.599110781771026,0.746406570841889,"South Africa","Vynnycky-high",37.92,484.04
7,5,17980,1734,32,50,20048,0.591334318069916,0.742274509803922,"South Africa","Vynnycky-high",34.68,359.6
8,5,21424,2350,38,50,23949,0.590838178981705,0.740736008177869,"South Africa","Vynnycky-high",47,428.48
9,5,20314,2475,32,50,22791,0.592288520744759,0.742293131422391,"South Africa","Vynnycky-high",49.5,406.28
10,5,21780,3042,27,50,24299,0.598734003027384,0.743589743589744,"South Africa","Vynnycky-high",60.84,435.6
12,5,14549,2509,26,50,16335,0.595066803699897,0.740874524714829,"South Africa","Vynnycky-high",50.18,290.98
14,5,12113,2693,26,50,13595,0.599612215220553,0.761556064073227,"South Africa","Vynnycky-high",53.86,242.26
16,5,14235,3747,25,50,15914,0.594148380355277,0.740247199691,"South Africa","Vynnycky-high",74.94,284.7
18,5,10147,3142,22,50,11363,0.589430894308943,0.73783185840708,"South Africa","Vynnycky-high",62.84,202.94
20,5,10202,3571,18,50,11412,0.586566299942096,0.741979336595976,"South Africa","Vynnycky-high",71.42,204.04
22,5,9514,3739,13,50,10631,0.597053171044202,0.742169373549884,"South Africa","Vynnycky-high",74.78,190.28
24,5,8687,3760,17,50,9702,0.601986520042568,0.746086412022542,"South Africa","Vynnycky-high",75.2,173.74
26,5,9521,4518,20,50,10633,0.58609893550407,0.741074020319303,"South Africa","Vynnycky-high",90.36,190.42
28,5,8332,4254,10,50,9325,0.595644283121597,0.747706422018349,"South Africa","Vynnycky-high",85.08,166.64
30,5,8248,4481,12,50,9188,0.591966966966967,0.750749750083306,"South Africa","Vynnycky-high",89.62,164.96
32,5,6037,3459,14,50,6744,0.595164609053498,0.741515574151557,"South Africa","Vynnycky-high",69.18,120.74
34,5,7075,4238,10,50,7869,0.591774891774892,0.731331793687452,"South Africa","Vynnycky-high",84.76,141.5
36,5,7347,4515,14,50,8254,0.588068181818182,0.725238444607484,"South Africa","Vynnycky-high",90.3,146.94
38,5,7412,4851,11,50,8276,0.600242033077854,0.754185692541857,"South Africa","Vynnycky-high",97.02,148.24
40,5,6369,4214,6,50,7154,0.572649572649573,0.747763101832126,"South Africa","Vynnycky-high",84.28,127.38
42,5,5332,3661,13,50,5923,0.595317725752508,0.751206434316354,"South Africa","Vynnycky-high",73.22,106.64
44,5,6747,4716,8,50,7557,0.589603283173735,0.745805369127517,"South Africa","Vynnycky-high",94.32,134.94
46,5,6475,4570,13,50,7215,0.614818223653935,0.736819545649378,"South Africa","Vynnycky-high",91.4,129.5
48,5,6196,4419,13,50,6931,0.61985111662531,0.743370786516854,"South Africa","Vynnycky-high",88.38,123.92
50,5,6875,4872,11,50,7657,0.593453919035314,0.744479495268139,"South Africa","Vynnycky-high",97.44,137.5
0.5,6,56677,379,50,50,63333,0.594826201060468,0.739399250279928,"South Africa","Vynnycky-high",7.58,1133.54
1,6,33076,411,46,50,36958,0.595344591510726,0.731964760638298,"South Africa","Vynnycky-high",8.22,661.52
2,6,27141,649,45,50,30455,0.585994397759104,0.744672172937698,"South Africa","Vynnycky-high",12.98,542.82
3,6,22062,793,44,50,24714,0.578428725701944,0.742696629213483,"South Africa","Vynnycky-high",15.86,441.24
4,6,30196,1468,43,50,33846,0.599900398406375,0.744910070300374,"South Africa","Vynnycky-high",29.36,603.92
5,6,24995,1575,32,50,27995,0.593081912082633,0.74257102427343,"South Africa","Vynnycky-high",31.5,499.9
6,6,24424,1815,32,50,27253,0.589111389236546,0.739531178880291,"South Africa","Vynnycky-high",36.3,488.48
7,6,20242,1896,32,50,22596,0.597656829304464,0.740119923684928,"South Africa","Vynnycky-high",37.92,404.84
8,6,17743,1929,34,50,19814,0.601514902025358,0.741771346795993,"South Africa","Vynnycky-high",38.58,354.86
9,6,20641,2502,31,50,22980,0.596413874191652,0.749330476700589,"South Africa","Vynnycky-high",50.04,412.82
10,6,18097,2474,23,50,20208,0.599966649991662,0.738810545677498,"South Africa","Vynnycky-high",49.48,361.94
12,6,11709,2022,27,50,13019,0.592125579001544,0.740459824602987,"South Africa","Vynnycky-high",40.44,234.18
14,6,11338,2450,21,50,12693,0.582997040624159,0.743905382573015,"South Africa","Vynnycky-high",49,226.76
16,6,10664,2783,27,50,11967,0.579763246899662,0.743309950636529,"South Africa","Vynnycky-high",55.66,213.28
18,6,10636,3310,21,50,11947,0.60578299456055,0.733846153846154,"South Africa","Vynnycky-high",66.2,212.72
20,6,10902,3892,18,50,12190,0.608408249603384,0.732935375032442,"South Africa","Vynnycky-high",77.84,218.04
22,6,9915,3942,20,50,11085,0.595959595959596,0.748747913188648,"South Africa","Vynnycky-high",78.84,198.3
24,6,7959,3478,14,50,8900,0.59077380952381,0.742429640185251,"South Africa","Vynnycky-high",69.56,159.18
26,6,10606,4951,16,50,11818,0.590660132603056,0.731397459165154,"South Africa","Vynnycky-high",99.02,212.12
28,6,8460,4279,16,50,9500,0.602641913602285,0.754248366013072,"South Africa","Vynnycky-high",85.58,169.2
30,6,9965,5380,10,50,11141,0.598975595058753,0.733203775680178,"South Africa","Vynnycky-high",107.6,199.3
32,6,7491,4303,16,50,8454,0.61461661341853,0.747155963302752,"South Africa","Vynnycky-high",86.06,149.82
34,6,5416,3250,14,50,6026,0.5857063093244,0.744813278008299,"South Africa","Vynnycky-high",65,108.32
36,6,8514,5298,11,50,9566,0.599928494815874,0.740705128205128,"South Africa","Vynnycky-high",105.96,170.28
38,6,5978,3911,6,50,6684,0.607793522267207,0.750339827820571,"South Africa","Vynnycky-high",78.22,119.56
40,6,6511,4369,14,50,7261,0.596444444444444,0.761111111111111,"South Africa","Vynnycky-high",87.38,130.22
42,6,5484,3764,8,50,6153,0.622835497835498,0.733264675592173,"South Africa","Vynnycky-high",75.28,109.68
44,6,8524,5892,10,50,9483,0.584333098094566,0.741457124435848,"South Africa","Vynnycky-high",117.84,170.48
46,6,6243,4328,7,50,6971,0.581128307538692,0.73036187113857,"South Africa","Vynnycky-high",86.56,124.86
48,6,7585,5388,9,50,8468,0.601748807631161,0.750830564784053,"South Africa","Vynnycky-high",107.76,151.7
50,6,8622,6035,14,50,9641,0.583908839779006,0.736446766819073,"South Africa","Vynnycky-high",120.7,172.44
0.5,7,62499,416,48,50,69870,0.592789741108154,0.742919964819701,"South Africa","Vynnycky-high",8.32,1249.98
1,7,41077,498,50,50,45981,0.592786590841066,0.739130434782609,"South Africa","Vynnycky-high",9.96,821.54
2,7,27746,674,46,50,31025,0.586453923803321,0.74097517555138,"South Africa","Vynnycky-high",13.48,554.92
3,7,33500,1185,41,50,37465,0.58885704048728,0.730472316759359,"South Africa","Vynnycky-high",23.7,670
4,7,23155,1129,38,50,25914,0.585946499424037,0.747708104143748,"South Africa","Vynnycky-high",22.58,463.1
5,7,28184,1782,40,50,31537,0.593753342603487,0.739565943238731,"South Africa","Vynnycky-high",35.64,563.68
6,7,26704,1994,36,50,29873,0.595460766423358,0.735085737755416,"South Africa","Vynnycky-high",39.88,534.08
7,7,23386,2170,34,50,26155,0.588871514203805,0.740429505135388,"South Africa","Vynnycky-high",43.4,467.72
8,7,26530,2863,40,50,29625,0.60186342461084,0.743959348750389,"South Africa","Vynnycky-high",57.26,530.6
9,7,18065,2224,27,50,20160,0.588628762541806,0.738605078005506,"South Africa","Vynnycky-high",44.48,361.3
10,7,17809,2553,28,50,19855,0.590725806451613,0.743761696818465,"South Africa","Vynnycky-high",51.06,356.18
12,7,17600,3149,20,50,19614,0.588013698630137,0.7544080604534,"South Africa","Vynnycky-high",62.98,352
14,7,12923,2860,21,50,14476,0.583919362400375,0.746092099704267,"South Africa","Vynnycky-high",57.2,258.46
16,7,15429,4039,23,50,17216,0.598449612403101,0.729920405209841,"South Africa","Vynnycky-high",80.78,308.58
18,7,12287,3737,21,50,13719,0.592610959583437,0.75255391600454,"South Africa","Vynnycky-high",74.74,245.74
20,7,8531,2981,17,50,9564,0.600976630624346,0.750642673521851,"South Africa","Vynnycky-high",59.62,170.62
22,7,7743,3021,16,50,8658,0.59221392056626,0.731305903398927,"South Africa","Vynnycky-high",60.42,154.86
24,7,9881,4226,9,50,11026,0.597351790550707,0.737034949267193,"South Africa","Vynnycky-high",84.52,197.62
26,7,8732,4084,19,50,9760,0.59838653104174,0.732024073487488,"South Africa","Vynnycky-high",81.68,174.64
28,7,8444,4352,10,50,9405,0.603669089650398,0.733199598796389,"South Africa","Vynnycky-high",87.04,168.88
30,7,8680,4763,12,50,9725,0.607721475353326,0.739795918367347,"South Africa","Vynnycky-high",95.26,173.6
32,7,8158,4699,11,50,9146,0.585438335809807,0.752917639213071,"South Africa","Vynnycky-high",93.98,163.16
34,7,7012,4132,9,50,7841,0.580299785867238,0.736569836848388,"South Africa","Vynnycky-high",82.64,140.24
36,7,8495,5250,13,50,9482,0.591298145506419,0.736807604064241,"South Africa","Vynnycky-high",105,169.9
38,7,8175,5318,12,50,9128,0.589181286549708,0.752252252252252,"South Africa","Vynnycky-high",106.36,163.5
40,7,6600,4436,4,50,7417,0.613677536231884,0.757172557172557,"South Africa","Vynnycky-high",88.72,132
42,7,6385,4334,12,50,7120,0.588347659980898,0.741010273972603,"South Africa","Vynnycky-high",86.68,127.7
44,7,7377,5154,12,50,8259,0.605167541380703,0.744274809160305,"South Africa","Vynnycky-high",103.08,147.54
46,7,4760,3330,12,50,5326,0.58569587628866,0.744051073708648,"South Africa","Vynnycky-high",66.6,95.2
48,7,7012,4884,13,50,7858,0.580671920364994,0.73949246629659,"South Africa","Vynnycky-high",97.68,140.24
50,7,5770,3969,12,50,6386,0.577709611451943,0.711689587426326,"South Africa","Vynnycky-high",79.38,115.4
0.5,8,61422,411,47,50,68565,0.592986758214811,0.743205290813553,"South Africa","Vynnycky-high",8.22,1228.44
1,8,43127,519,50,50,48139,0.590206006797531,0.737944408532644,"South Africa","Vynnycky-high",10.38,862.54
2,8,32787,831,46,50,36651,0.597491871806781,0.742778196433057,"South Africa","Vynnycky-high",16.62,655.74
3,8,29473,1094,41,50,33031,0.598946195156551,0.740176497909893,"South Africa","Vynnycky-high",21.88,589.46
4,8,21489,1089,36,50,24013,0.587350667603654,0.745863495346432,"South Africa","Vynnycky-high",21.78,429.78
5,8,27347,1741,37,50,30655,0.595109593567574,0.745565129244805,"South Africa","Vynnycky-high",34.82,546.94
6,8,22289,1759,36,50,24873,0.59058468295361,0.747676291981658,"South Africa","Vynnycky-high",35.18,445.78
7,8,29183,2598,33,50,32642,0.584660947712418,0.747977657935285,"South Africa","Vynnycky-high",51.96,583.66
8,8,23583,2524,25,50,26368,0.595134997452878,0.732840305061243,"South Africa","Vynnycky-high",50.48,471.66
9,8,20086,2449,31,50,22529,0.591158581812787,0.744910677191525,"South Africa","Vynnycky-high",48.98,401.72
10,8,18107,2579,31,50,20218,0.592495062541145,0.741313332312873,"South Africa","Vynnycky-high",51.58,362.14
12,8,15481,2726,25,50,17310,0.586319218241042,0.737272727272727,"South Africa","Vynnycky-high",54.52,309.62
14,8,11634,2542,29,50,12977,0.601398601398601,0.747641509433962,"South Africa","Vynnycky-high",50.84,232.68
16,8,9377,2577,14,50,10508,0.614173228346457,0.75119189511323,"South Africa","Vynnycky-high",51.54,187.54
18,8,11304,3448,21,50,12628,0.589615181866104,0.749815860545053,"South Africa","Vynnycky-high",68.96,226.08
20,8,12428,4286,16,50,13895,0.602702702702703,0.737779708885509,"South Africa","Vynnycky-high",85.72,248.56
22,8,9718,3869,20,50,10828,0.59581022797289,0.744508670520231,"South Africa","Vynnycky-high",77.38,194.36
24,8,10169,4387,14,50,11360,0.600485731633273,0.736066452304394,"South Africa","Vynnycky-high",87.74,203.38
26,8,7995,3835,12,50,8898,0.608728086534875,0.750885896527286,"South Africa","Vynnycky-high",76.7,159.9
28,8,7607,3792,13,50,8503,0.595501022494888,0.744872256207269,"South Africa","Vynnycky-high",75.84,152.14
30,8,4926,2671,17,50,5483,0.603821656050955,0.748057713651498,"South Africa","Vynnycky-high",53.42,98.52
32,8,6549,3752,4,50,7339,0.616489115331172,0.739827373612824,"South Africa","Vynnycky-high",75.04,130.98
34,8,6138,3673,12,50,6883,0.575173095944609,0.73125,"South Africa","Vynnycky-high",73.46,122.76
36,8,6426,4061,11,50,7185,0.607310215557638,0.739830508474576,"South Africa","Vynnycky-high",81.22,128.52
38,8,7264,4688,10,50,8104,0.59435551811289,0.73914684786712,"South Africa","Vynnycky-high",93.76,145.28
40,8,6622,4364,9,50,7387,0.576974564926372,0.731907894736842,"South Africa","Vynnycky-high",87.28,132.44
42,8,6145,4261,7,50,6870,0.608993157380254,0.750653879686138,"South Africa","Vynnycky-high",85.22,122.9
44,8,7464,5153,11,50,8325,0.591446028513238,0.732644017725258,"South Africa","Vynnycky-high",103.06,149.28
46,8,6035,4216,10,50,6749,0.579556412729026,0.758522727272727,"South Africa","Vynnycky-high",84.32,120.7
48,8,8207,5756,14,50,9197,0.596839397280412,0.742107012296444,"South Africa","Vynnycky-high",115.12,164.14
50,8,6474,4584,8,50,7200,0.593187347931873,0.74989491382934,"South Africa","Vynnycky-high",91.68,129.48
0.5,9,57736,381,50,50,64668,0.597164610133893,0.742153640996333,"South Africa","Vynnycky-high",7.62,1154.72
1,9,43466,559,44,50,48658,0.592456493101297,0.746891142146547,"South Africa","Vynnycky-high",11.18,869.32
2,9,28391,658,47,50,31787,0.596271295403407,0.750702723659979,"South Africa","Vynnycky-high",13.16,567.82
3,9,26811,992,47,50,29984,0.599250936329588,0.739491490670494,"South Africa","Vynnycky-high",19.84,536.22
4,9,17562,902,43,50,19542,0.593755331854632,0.748362358204186,"South Africa","Vynnycky-high",18.04,351.24
5,9,24736,1524,36,50,27627,0.591899167890357,0.740874267688148,"South Africa","Vynnycky-high",30.48,494.72
6,9,20323,1555,32,50,22629,0.592735933313486,0.73960880195599,"South Africa","Vynnycky-high",31.1,406.46
7,9,20787,1890,29,50,23249,0.593052109181141,0.75013150973172,"South Africa","Vynnycky-high",37.8,415.74
8,9,16570,1748,26,50,18511,0.601568198395332,0.755644090305445,"South Africa","Vynnycky-high",34.96,331.4
9,9,14585,1829,31,50,16305,0.589791666666667,0.733181299885975,"South Africa","Vynnycky-high",36.58,291.7
10,9,18185,2488,32,50,20244,0.595669687814703,0.740084771419921,"South Africa","Vynnycky-high",49.76,363.7
12,9,12465,2243,23,50,13946,0.598410021681523,0.73777877900428,"South Africa","Vynnycky-high",44.86,249.3
14,9,10648,2331,30,50,11873,0.587266126780229,0.755266579973992,"South Africa","Vynnycky-high",46.62,212.96
16,9,13020,3428,22,50,14589,0.596687660368556,0.733706173370617,"South Africa","Vynnycky-high",68.56,260.4
18,9,11135,3476,15,50,12434,0.591302069688237,0.729668674698795,"South Africa","Vynnycky-high",69.52,222.7
20,9,13358,4693,19,50,14960,0.595716198125837,0.746508234313112,"South Africa","Vynnycky-high",93.86,267.16
22,9,8327,3287,15,50,9279,0.583479789103691,0.74812030075188,"South Africa","Vynnycky-high",65.74,166.54
24,9,7294,3011,13,50,8203,0.565897858319605,0.728993186979561,"South Africa","Vynnycky-high",60.22,145.88
26,9,7342,3426,24,50,8160,0.593057298201589,0.72,"South Africa","Vynnycky-high",68.52,146.84
28,9,9373,4800,12,50,10454,0.596215522771007,0.75,"South Africa","Vynnycky-high",96,187.46
30,9,7163,3888,17,50,8005,0.591135045567523,0.730188679245283,"South Africa","Vynnycky-high",77.76,143.26
32,9,6608,3830,13,50,7363,0.593075539568345,0.754118616144975,"South Africa","Vynnycky-high",76.6,132.16
34,9,8111,4874,17,50,9125,0.584981684981685,0.75085910652921,"South Africa","Vynnycky-high",97.48,162.22
36,9,9169,5733,12,50,10217,0.60396694214876,0.737864077669903,"South Africa","Vynnycky-high",114.66,183.38
38,9,7703,4982,13,50,8627,0.596029018709431,0.747456395348837,"South Africa","Vynnycky-high",99.64,154.06
40,9,5373,3607,15,50,5971,0.605322763306908,0.743524631792788,"South Africa","Vynnycky-high",72.14,107.46
42,9,7004,4779,11,50,7841,0.600085726532362,0.746743295019157,"South Africa","Vynnycky-high",95.58,140.08
44,9,6456,4498,12,50,7155,0.583892617449664,0.757173447537473,"South Africa","Vynnycky-high",89.96,129.12
46,9,6900,4813,5,50,7698,0.59819897084048,0.738306451612903,"South Africa","Vynnycky-high",96.26,138
48,9,5732,4055,10,50,6415,0.598116169544741,0.732310737258783,"South Africa","Vynnycky-high",81.1,114.64
50,9,6853,4857,5,50,7639,0.600173460537728,0.744906275468623,"South Africa","Vynnycky-high",97.14,137.06
0.5,10,49516,323,51,50,55360,0.592255542661699,0.738289092125809,"South Africa","Vynnycky-high",6.46,990.32
1,10,43055,565,48,50,48227,0.592179163156417,0.750844971621708,"South Africa","Vynnycky-high",11.3,861.1
2,10,31529,815,42,50,35262,0.586141252617552,0.741264849755416,"South Africa","Vynnycky-high",16.3,630.58
3,10,26771,1006,41,50,30002,0.596499052291225,0.745294599018003,"South Africa","Vynnycky-high",20.12,535.42
4,10,30213,1492,45,50,33767,0.582559747185463,0.74521002210759,"South Africa","Vynnycky-high",29.84,604.26
5,10,28497,1755,33,50,31897,0.587066779374472,0.741840922415478,"South Africa","Vynnycky-high",35.1,569.94
6,10,20892,1596,42,50,23380,0.59402332361516,0.746109206014244,"South Africa","Vynnycky-high",31.92,417.84
7,10,20637,1880,35,50,23028,0.592122538293217,0.748425144082563,"South Africa","Vynnycky-high",37.6,412.74
8,10,20588,2101,27,50,23012,0.589418452120682,0.741115363586659,"South Africa","Vynnycky-high",42.02,411.76
9,10,18593,2254,28,50,20734,0.593826157595451,0.747419640224123,"South Africa","Vynnycky-high",45.08,371.86
10,10,17049,2350,26,50,18998,0.58281665190434,0.744873243985145,"South Africa","Vynnycky-high",47,340.98
12,10,14030,2435,24,50,15714,0.568005045196552,0.737323523563333,"South Africa","Vynnycky-high",48.7,280.6
14,10,13341,2946,23,50,14982,0.594654788418708,0.7387857291884,"South Africa","Vynnycky-high",58.92,266.82
16,10,11651,3130,18,50,13063,0.598584163607761,0.73179896665101,"South Africa","Vynnycky-high",62.6,233.02
18,10,14063,4343,16,50,15728,0.596767147225863,0.75318164288469,"South Africa","Vynnycky-high",86.86,281.26
20,10,9874,3397,19,50,11062,0.588973966309342,0.739190305700909,"South Africa","Vynnycky-high",67.94,197.48
22,10,9672,3757,17,50,10777,0.574601188614326,0.740155217016384,"South Africa","Vynnycky-high",75.14,193.44
24,10,9633,4079,17,50,10753,0.581783800819414,0.735377626348666,"South Africa","Vynnycky-high",81.58,192.66
26,10,7138,3311,12,50,7929,0.590928725701944,0.741405653170359,"South Africa","Vynnycky-high",66.22,142.76
28,10,5811,2935,9,50,6498,0.594884910485934,0.735086895255989,"South Africa","Vynnycky-high",58.7,116.22
30,10,6968,3771,10,50,7753,0.591172536781097,0.740101920815367,"South Africa","Vynnycky-high",75.42,139.36
32,10,7162,4089,16,50,7965,0.587308170883451,0.731678945327646,"South Africa","Vynnycky-high",81.78,143.24
34,10,7496,4617,6,50,8388,0.613516794819911,0.750818479447072,"South Africa","Vynnycky-high",92.34,149.92
36,10,7013,4418,10,50,7825,0.597539543057997,0.741711642251349,"South Africa","Vynnycky-high",88.36,140.26
38,10,9062,5820,15,50,10046,0.578895137280847,0.734700315457413,"South Africa","Vynnycky-high",116.4,181.24
40,10,7798,5232,14,50,8682,0.607555898226677,0.74062390466176,"South Africa","Vynnycky-high",104.64,155.96
42,10,6123,4166,10,50,6886,0.590754257907543,0.739110911540189,"South Africa","Vynnycky-high",83.32,122.46
44,10,7019,4837,9,50,7851,0.58695652173913,0.739922480620155,"South Africa","Vynnycky-high",96.74,140.38
46,10,7857,5505,12,50,8819,0.57654850019478,0.750174459176553,"South Africa","Vynnycky-high",110.1,157.14
48,10,6126,4259,9,50,6896,0.593034351145038,0.735242290748899,"South Africa","Vynnycky-high",85.18,122.52
50,10,4651,3263,10,50,5169,0.595253790375742,0.721989215098862,"South Africa","Vynnycky-high",65.26,93.02
0.5,11,41489,278,49,50,46449,0.59314542424462,0.744496021220159,"South Africa","Vynnycky-high",5.56,829.78
1,11,32884,392,42,50,36765,0.59445866861741,0.740862944162437,"South Africa","Vynnycky-high",7.84,657.68
2,11,31097,716,43,50,34828,0.591441572272243,0.740023109056973,"South Africa","Vynnycky-high",14.32,621.94
3,11,26912,943,46,50,30090,0.592460802846658,0.744073884043099,"South Africa","Vynnycky-high",18.86,538.24
4,11,28943,1459,39,50,32311,0.591145292039077,0.738731856378915,"South Africa","Vynnycky-high",29.18,578.86
5,11,26739,1621,37,50,29933,0.597118221012026,0.742672678827629,"South Africa","Vynnycky-high",32.42,534.78
6,11,21672,1694,35,50,24215,0.590865318475719,0.744093985442472,"South Africa","Vynnycky-high",33.88,433.44
7,11,23490,2107,40,50,26303,0.585593541062193,0.738598965679361,"South Africa","Vynnycky-high",42.14,469.8
8,11,21049,2256,32,50,23510,0.597134921795059,0.742838370565046,"South Africa","Vynnycky-high",45.12,420.98
9,11,17635,2195,30,50,19739,0.592246216629825,0.750154225786552,"South Africa","Vynnycky-high",43.9,352.7
10,11,19575,2695,26,50,21949,0.596624600881861,0.737042790566304,"South Africa","Vynnycky-high",53.9,391.5
12,11,19521,3548,23,50,21856,0.589612403100775,0.743987695749441,"South Africa","Vynnycky-high",70.96,390.42
14,11,13102,2877,28,50,14561,0.596552527370137,0.747597158378604,"South Africa","Vynnycky-high",57.54,262.04
16,11,10379,2725,18,50,11627,0.591027496382055,0.746527777777778,"South Africa","Vynnycky-high",54.5,207.58
18,11,13035,4072,21,50,14610,0.596020360944007,0.74480394257553,"South Africa","Vynnycky-high",81.44,260.7
20,11,11874,4134,18,50,13321,0.594180704441041,0.741263596389725,"South Africa","Vynnycky-high",82.68,237.48
22,11,9358,3640,20,50,10422,0.585214262348708,0.741973490427099,"South Africa","Vynnycky-high",72.8,187.16
24,11,9298,3936,10,50,10378,0.582952318745918,0.741039426523297,"South Africa","Vynnycky-high",78.72,185.96
26,11,8767,4082,13,50,9802,0.58860983374602,0.745134383688601,"South Africa","Vynnycky-high",81.64,175.34
28,11,9461,4755,14,50,10601,0.589514066496164,0.733428165007112,"South Africa","Vynnycky-high",95.1,189.22
30,11,7513,4075,18,50,8396,0.6,0.737057728119181,"South Africa","Vynnycky-high",81.5,150.26
32,11,7164,4129,19,50,8008,0.595176571920758,0.748384644621817,"South Africa","Vynnycky-high",82.58,143.28
34,11,6579,3813,14,50,7329,0.563653573118788,0.736666666666667,"South Africa","Vynnycky-high",76.26,131.58
36,11,5865,3664,10,50,6562,0.588475267720551,0.742481203007519,"South Africa","Vynnycky-high",73.28,117.3
38,11,5709,3673,11,50,6396,0.586442459274829,0.744265495363592,"South Africa","Vynnycky-high",73.46,114.18
40,11,5747,3796,7,50,6382,0.57233368532207,0.731742243436754,"South Africa","Vynnycky-high",75.92,114.94
42,11,6793,4654,15,50,7629,0.592675301473872,0.75688622754491,"South Africa","Vynnycky-high",93.08,135.86
44,11,6445,4440,6,50,7269,0.595764705882353,0.741335587489434,"South Africa","Vynnycky-high",88.8,128.9
46,11,5530,3856,7,50,6177,0.592200557103064,0.741439205955335,"South Africa","Vynnycky-high",77.12,110.6
48,11,6738,4785,5,50,7526,0.599452554744526,0.74349593495935,"South Africa","Vynnycky-high",95.7,134.76
50,11,7364,5146,13,50,8246,0.583299222267704,0.736203090507726,"South Africa","Vynnycky-high",102.92,147.28
0.5,12,43868,285,46,50,49019,0.595069210109497,0.744269295986937,"South Africa","Vynnycky-high",5.7,877.36
1,12,32103,419,49,50,35788,0.590535372848948,0.741846893237213,"South Africa","Vynnycky-high",8.38,642.06
2,12,30064,714,45,50,33661,0.594318863772755,0.73492299127853,"South Africa","Vynnycky-high",14.28,601.28
3,12,24987,925,45,50,27962,0.590417867435158,0.741483639623487,"South Africa","Vynnycky-high",18.5,499.74
4,12,27438,1401,40,50,30687,0.59993414553836,0.744547355841052,"South Africa","Vynnycky-high",28.02,548.76
5,12,29070,1778,35,50,32468,0.58375156838143,0.74334208552138,"South Africa","Vynnycky-high",35.56,581.4
6,12,22413,1643,38,50,25062,0.590276839972991,0.742230347349177,"South Africa","Vynnycky-high",32.86,448.26
7,12,15366,1444,32,50,17189,0.592920353982301,0.749380092100602,"South Africa","Vynnycky-high",28.88,307.32
8,12,22105,2335,25,50,24640,0.592327787707961,0.736630174908771,"South Africa","Vynnycky-high",46.7,442.1
9,12,18504,2260,28,50,20660,0.598386300016466,0.733870967741935,"South Africa","Vynnycky-high",45.2,370.08
10,12,18012,2526,31,50,20189,0.588491863781245,0.755759674747779,"South Africa","Vynnycky-high",50.52,360.24
12,12,19164,3416,27,50,21449,0.590158829025226,0.743921968263212,"South Africa","Vynnycky-high",68.32,383.28
14,12,11891,2526,23,50,13319,0.592211055276382,0.744591765526867,"South Africa","Vynnycky-high",50.52,237.82
16,12,12276,3273,23,50,13731,0.606752489676949,0.742379096951639,"South Africa","Vynnycky-high",65.46,245.52
18,12,11989,3726,15,50,13354,0.595723765052839,0.732710280373832,"South Africa","Vynnycky-high",74.52,239.78
20,12,11092,3932,11,50,12402,0.585002707092583,0.749437359339835,"South Africa","Vynnycky-high",78.64,221.84
22,12,12149,4764,19,50,13515,0.594393450756636,0.73886827458256,"South Africa","Vynnycky-high",95.28,242.98
24,12,7722,3274,18,50,8639,0.593662254312074,0.727402643801358,"South Africa","Vynnycky-high",65.48,154.44
26,12,9120,4275,12,50,10239,0.588952897322941,0.728395061728395,"South Africa","Vynnycky-high",85.5,182.4
28,12,7794,4008,16,50,8750,0.601654846335697,0.754331254331254,"South Africa","Vynnycky-high",80.16,155.88
30,12,10341,5633,16,50,11553,0.588046647230321,0.737735348713869,"South Africa","Vynnycky-high",112.66,206.82
32,12,6534,3802,16,50,7358,0.623507805325987,0.7418410041841,"South Africa","Vynnycky-high",76.04,130.68
34,12,6410,3895,7,50,7150,0.604551920341394,0.750843170320405,"South Africa","Vynnycky-high",77.9,128.2
36,12,6615,4129,8,50,7384,0.590322580645161,0.72554567502021,"South Africa","Vynnycky-high",82.58,132.3
38,12,6886,4470,8,50,7666,0.593559617058312,0.747822644497229,"South Africa","Vynnycky-high",89.4,137.72
40,12,6826,4581,10,50,7554,0.599909788001804,0.727750809061489,"South Africa","Vynnycky-high",91.62,136.52
42,12,9025,6093,5,50,10078,0.576654472896575,0.741583541147132,"South Africa","Vynnycky-high",121.86,180.5
44,12,6047,4174,7,50,6768,0.573843858776728,0.739449541284404,"South Africa","Vynnycky-high",83.48,120.94
46,12,7031,4932,9,50,7864,0.594105263157895,0.750196695515342,"South Africa","Vynnycky-high",98.64,140.62
48,12,7182,5058,11,50,8047,0.595947063688999,0.750381097560976,"South Africa","Vynnycky-high",101.16,143.64
50,12,5554,3941,11,50,6198,0.600974553329724,0.763042418332521,"South Africa","Vynnycky-high",78.82,111.08
0.5,13,50197,359,49,50,56259,0.589975990396158,0.747093023255814,"South Africa","Vynnycky-high",7.18,1003.94
1,13,40421,494,47,50,45285,0.592236598890943,0.746372368689965,"South Africa","Vynnycky-high",9.88,808.42
2,13,33777,858,48,50,37652,0.593063373887779,0.739622946840359,"South Africa","Vynnycky-high",17.16,675.54
3,13,23326,846,38,50,26064,0.589076387994332,0.739648460540285,"South Africa","Vynnycky-high",16.92,466.52
4,13,23053,1144,41,50,25794,0.592680047225502,0.741211401425178,"South Africa","Vynnycky-high",22.88,461.06
5,13,20685,1301,36,50,23116,0.601415094339623,0.736517306144352,"South Africa","Vynnycky-high",26.02,413.7
6,13,25868,1983,35,50,28807,0.596189376443418,0.737333619579219,"South Africa","Vynnycky-high",39.66,517.36
7,13,17987,1606,33,50,20044,0.581462096910349,0.745855513307985,"South Africa","Vynnycky-high",32.12,359.74
8,13,24754,2645,33,50,27622,0.592027141645462,0.738531073446328,"South Africa","Vynnycky-high",52.9,495.08
9,13,18735,2295,27,50,20959,0.589834898025251,0.735420685561656,"South Africa","Vynnycky-high",45.9,374.7
10,13,19778,2655,31,50,22156,0.585424856365286,0.736188616071429,"South Africa","Vynnycky-high",53.1,395.56
12,13,13557,2406,33,50,15188,0.589273890973295,0.749642053589691,"South Africa","Vynnycky-high",48.12,271.14
14,13,12667,2704,25,50,14240,0.587429111531191,0.74094588836813,"South Africa","Vynnycky-high",54.08,253.34
16,13,14027,3609,23,50,15630,0.58567445850311,0.74175064216558,"South Africa","Vynnycky-high",72.18,280.54
18,13,9544,2991,15,50,10689,0.590597758405978,0.744948755490483,"South Africa","Vynnycky-high",59.82,190.88
20,13,14478,5057,11,50,16030,0.586564950201314,0.74272030651341,"South Africa","Vynnycky-high",101.14,289.56
22,13,8899,3414,14,50,9966,0.580424366872005,0.750773036487322,"South Africa","Vynnycky-high",68.28,177.98
24,13,10981,4781,13,50,12287,0.594867594867595,0.743029389600603,"South Africa","Vynnycky-high",95.62,219.62
26,13,11484,5417,6,50,12813,0.588048651507139,0.743014091234774,"South Africa","Vynnycky-high",108.34,229.68
28,13,8552,4359,16,50,9556,0.603096410978184,0.740944372574386,"South Africa","Vynnycky-high",87.18,171.04
30,13,8526,4535,12,50,9507,0.568820737495436,0.740550928891736,"South Africa","Vynnycky-high",90.7,170.52
32,13,6695,3720,12,50,7524,0.569964349376114,0.743731406714832,"South Africa","Vynnycky-high",74.4,133.9
34,13,8487,5133,12,50,9446,0.594291907514451,0.748180013236267,"South Africa","Vynnycky-high",102.66,169.74
36,13,8287,5161,12,50,9227,0.59432933478735,0.735158311345646,"South Africa","Vynnycky-high",103.22,165.74
38,13,7438,4894,12,50,8330,0.601855586930214,0.758426966292135,"South Africa","Vynnycky-high",97.88,148.76
40,13,6128,4106,11,50,6827,0.604511278195489,0.749005744586832,"South Africa","Vynnycky-high",82.12,122.56
42,13,8161,5503,11,50,9065,0.584541062801932,0.736313236313236,"South Africa","Vynnycky-high",110.06,163.22
44,13,5415,3763,8,50,6078,0.586992773763202,0.758409785932722,"South Africa","Vynnycky-high",75.26,108.3
46,13,4597,3205,8,50,5091,0.594278283485046,0.74006309148265,"South Africa","Vynnycky-high",64.1,91.94
48,13,6642,4642,12,50,7420,0.581184984170059,0.727659574468085,"South Africa","Vynnycky-high",92.84,132.84
50,13,6372,4557,8,50,7077,0.597228858098423,0.7625,"South Africa","Vynnycky-high",91.14,127.44
0.5,14,65182,448,45,50,72791,0.591360750759039,0.741188403347139,"South Africa","Vynnycky-high",8.96,1303.64
1,14,34047,440,48,50,38124,0.592889908256881,0.73584452975048,"South Africa","Vynnycky-high",8.8,680.94
2,14,33960,823,44,50,38080,0.591375585163846,0.739466066259247,"South Africa","Vynnycky-high",16.46,679.2
3,14,22541,856,44,50,25256,0.593578595317726,0.742136825357973,"South Africa","Vynnycky-high",17.12,450.82
4,14,22284,1083,40,50,24911,0.584459920797487,0.742465082087724,"South Africa","Vynnycky-high",21.66,445.68
5,14,21676,1344,40,50,24116,0.591622322281348,0.738960531457601,"South Africa","Vynnycky-high",26.88,433.52
6,14,20261,1577,41,50,22671,0.585569198120358,0.745403301570259,"South Africa","Vynnycky-high",31.54,405.22
7,14,29197,2582,34,50,32643,0.579726534388815,0.741299750048068,"South Africa","Vynnycky-high",51.64,583.94
8,14,16854,1813,32,50,18851,0.589573629523468,0.739333333333333,"South Africa","Vynnycky-high",36.26,337.08
9,14,19026,2317,36,50,21286,0.57962813257882,0.747503979163652,"South Africa","Vynnycky-high",46.34,380.52
10,14,21127,2979,25,50,23621,0.595569440499858,0.744362873623492,"South Africa","Vynnycky-high",59.58,422.54
12,14,12198,2179,25,50,13552,0.59581881533101,0.745977011494253,"South Africa","Vynnycky-high",43.58,243.96
14,14,16736,3671,19,50,18705,0.596063560852293,0.748847926267281,"South Africa","Vynnycky-high",73.42,334.72
16,14,11944,3232,24,50,13356,0.598271604938272,0.747373336446416,"South Africa","Vynnycky-high",64.64,238.88
18,14,12149,3573,19,50,13625,0.585618210036213,0.744579945799458,"South Africa","Vynnycky-high",71.46,242.98
20,14,9350,3267,17,50,10443,0.592220421393841,0.754314126937701,"South Africa","Vynnycky-high",65.34,187
22,14,9798,3903,17,50,10958,0.600973236009732,0.762362249222944,"South Africa","Vynnycky-high",78.06,195.96
24,14,11619,5103,12,50,13045,0.605196770938446,0.741514360313316,"South Africa","Vynnycky-high",102.06,232.38
26,14,9119,4253,15,50,10226,0.585960350991225,0.741610738255034,"South Africa","Vynnycky-high",85.06,182.38
28,14,8342,4288,11,50,9359,0.603963963963964,0.743122306927411,"South Africa","Vynnycky-high",85.76,166.84
30,14,8114,4430,6,50,9067,0.596392333709132,0.738487972508591,"South Africa","Vynnycky-high",88.6,162.28
32,14,6235,3561,16,50,6944,0.596796985398022,0.737851092287115,"South Africa","Vynnycky-high",71.22,124.7
34,14,8254,4917,10,50,9237,0.598312545854732,0.73481228668942,"South Africa","Vynnycky-high",98.34,165.08
36,14,6296,3968,10,50,7015,0.583693045563549,0.749099099099099,"South Africa","Vynnycky-high",79.36,125.92
38,14,7552,4905,10,50,8401,0.585770750988142,0.742161563998525,"South Africa","Vynnycky-high",98.1,151.04
40,14,6282,4245,10,50,7027,0.612284069097889,0.748471615720524,"South Africa","Vynnycky-high",84.9,125.64
42,14,7271,5011,14,50,8147,0.612376450365277,0.751626482969767,"South Africa","Vynnycky-high",100.22,145.42
44,14,6193,4275,10,50,6909,0.597156398104265,0.740874267688148,"South Africa","Vynnycky-high",85.5,123.86
46,14,6121,4272,5,50,6869,0.6,0.736722650930549,"South Africa","Vynnycky-high",85.44,122.42
48,14,7758,5476,9,50,8655,0.587959343236904,0.751060820367751,"South Africa","Vynnycky-high",109.52,155.16
50,14,6459,4552,11,50,7149,0.577788191190253,0.750750750750751,"South Africa","Vynnycky-high",91.04,129.18
0.5,15,52459,366,53,50,58600,0.592096140513058,0.744078809473905,"South Africa","Vynnycky-high",7.32,1049.18
1,15,35238,415,51,50,39440,0.59347993497048,0.742341916686353,"South Africa","Vynnycky-high",8.3,704.76
2,15,31581,735,48,50,35348,0.593716975694111,0.740117451135069,"South Africa","Vynnycky-high",14.7,631.62
3,15,26441,957,45,50,29563,0.585045003461805,0.741583541147132,"South Africa","Vynnycky-high",19.14,528.82
4,15,37358,1880,41,50,41797,0.592730210016155,0.740716131413806,"South Africa","Vynnycky-high",37.6,747.16
5,15,29202,1839,36,50,32697,0.595228172535945,0.738699110903135,"South Africa","Vynnycky-high",36.78,584.04
6,15,24455,1902,36,50,27356,0.600913467473151,0.744668911335578,"South Africa","Vynnycky-high",38.04,489.1
7,15,17823,1611,34,50,19845,0.601759431568263,0.752698119025594,"South Africa","Vynnycky-high",32.22,356.46
8,15,20449,2198,27,50,22841,0.589309776912711,0.738620877623331,"South Africa","Vynnycky-high",43.96,408.98
9,15,16722,2058,29,50,18700,0.593559928443649,0.74340804218853,"South Africa","Vynnycky-high",41.16,334.44
10,15,16707,2432,28,50,18710,0.599964330301409,0.741244813278008,"South Africa","Vynnycky-high",48.64,334.14
12,15,11883,2120,26,50,13278,0.598525298754132,0.749646726330664,"South Africa","Vynnycky-high",42.4,237.66
14,15,12105,2701,27,50,13576,0.599168500855955,0.744,"South Africa","Vynnycky-high",54.02,242.1
16,15,14235,3745,19,50,15864,0.591501893142617,0.73974732750243,"South Africa","Vynnycky-high",74.9,284.7
18,15,9857,3006,27,50,11038,0.586674706059693,0.727912211592572,"South Africa","Vynnycky-high",60.12,197.14
20,15,10723,3764,16,50,12039,0.598478444632291,0.75484693877551,"South Africa","Vynnycky-high",75.28,214.46
22,15,10728,4277,12,50,11995,0.599033816425121,0.75256376544833,"South Africa","Vynnycky-high",85.54,214.56
24,15,9317,3963,13,50,10391,0.576517150395778,0.739923506913798,"South Africa","Vynnycky-high",79.26,186.34
26,15,7950,3752,9,50,8920,0.579948774240761,0.754385964912281,"South Africa","Vynnycky-high",75.04,159
28,15,8775,4588,14,50,9814,0.629198080877313,0.742938749603301,"South Africa","Vynnycky-high",91.76,175.5
30,15,6818,3723,10,50,7637,0.579768270944741,0.745762711864407,"South Africa","Vynnycky-high",74.46,136.36
32,15,8313,4735,18,50,9281,0.587084870848709,0.733311410720158,"South Africa","Vynnycky-high",94.7,166.26
34,15,7378,4420,9,50,8260,0.585813289849164,0.735863095238095,"South Africa","Vynnycky-high",88.4,147.56
36,15,8509,5356,12,50,9490,0.58716577540107,0.73942525024217,"South Africa","Vynnycky-high",107.12,170.18
38,15,6296,4043,11,50,7024,0.589924670433145,0.745747928477976,"South Africa","Vynnycky-high",80.86,125.92
40,15,5411,3582,13,50,6090,0.584276018099548,0.738119834710744,"South Africa","Vynnycky-high",71.64,108.22
42,15,8052,5493,7,50,8986,0.586631814787155,0.731237322515213,"South Africa","Vynnycky-high",109.86,161.04
44,15,6838,4694,9,50,7617,0.59140251845419,0.739077669902913,"South Africa","Vynnycky-high",93.88,136.76
46,15,7109,4998,10,50,7959,0.596551724137931,0.739179104477612,"South Africa","Vynnycky-high",99.96,142.18
48,15,6650,4687,10,50,7444,0.602604400538841,0.737994945240101,"South Africa","Vynnycky-high",93.74,133
50,15,5706,4030,11,50,6404,0.578727841501564,0.747939893359186,"South Africa","Vynnycky-high",80.6,114.12
0.5,16,51584,349,51,50,57842,0.590632779482429,0.74383554348405,"South Africa","Vynnycky-high",6.98,1031.68
1,16,46333,597,51,50,51839,0.590855340953883,0.739407663428878,"South Africa","Vynnycky-high",11.94,926.66
2,16,42400,987,41,50,47413,0.588398576512456,0.743441762854145,"South Africa","Vynnycky-high",19.74,848
3,16,25681,973,41,50,28732,0.60085539244018,0.744123931623932,"South Africa","Vynnycky-high",19.46,513.62
4,16,21206,1031,40,50,23738,0.602421652421652,0.754230769230769,"South Africa","Vynnycky-high",20.62,424.12
5,16,26777,1617,39,50,29840,0.588910133843212,0.7399377593361,"South Africa","Vynnycky-high",32.34,535.54
6,16,26185,2015,39,50,29333,0.588671919607171,0.746447973255328,"South Africa","Vynnycky-high",40.3,523.7
7,16,18980,1693,28,50,21175,0.59203821656051,0.75105854869324,"South Africa","Vynnycky-high",33.86,379.6
8,16,19035,2010,32,50,21284,0.595314505776637,0.73142037302726,"South Africa","Vynnycky-high",40.2,380.7
9,16,20038,2422,26,50,22386,0.59023290758828,0.743121765186598,"South Africa","Vynnycky-high",48.44,400.76
10,16,18559,2559,27,50,20794,0.600519227648872,0.74651231819531,"South Africa","Vynnycky-high",51.18,371.18
12,16,15612,2665,29,50,17462,0.586200156372166,0.728816557580046,"South Africa","Vynnycky-high",53.3,312.24
14,16,15747,3522,27,50,17579,0.595620162356051,0.75394598386531,"South Africa","Vynnycky-high",70.44,314.94
16,16,14912,3896,23,50,16627,0.587932454695222,0.742283105022831,"South Africa","Vynnycky-high",77.92,298.24
18,16,13165,4113,19,50,14786,0.596748701738541,0.735812964930925,"South Africa","Vynnycky-high",82.26,263.3
20,16,9780,3446,16,50,10948,0.602050326188257,0.747509251352121,"South Africa","Vynnycky-high",68.92,195.6
22,16,8585,3385,16,50,9573,0.597257307831108,0.741068605754031,"South Africa","Vynnycky-high",67.7,171.7
24,16,8393,3628,13,50,9364,0.591939546599496,0.729818780889621,"South Africa","Vynnycky-high",72.56,167.86
26,16,7942,3816,15,50,8891,0.60250569476082,0.754120879120879,"South Africa","Vynnycky-high",76.32,158.84
28,16,6045,3025,19,50,6797,0.585807750377453,0.744459520578924,"South Africa","Vynnycky-high",60.5,120.9
30,16,8824,4820,15,50,9852,0.592203389830508,0.746417445482866,"South Africa","Vynnycky-high",96.4,176.48
32,16,9014,5066,8,50,10055,0.585374035558537,0.730440097799511,"South Africa","Vynnycky-high",101.32,180.28
34,16,7910,4761,9,50,8840,0.593285005723006,0.743341404358353,"South Africa","Vynnycky-high",95.22,158.2
36,16,7587,4772,11,50,8465,0.596586501163693,0.744366457332841,"South Africa","Vynnycky-high",95.44,151.74
38,16,6009,3853,9,50,6699,0.579827673593512,0.739430147058823,"South Africa","Vynnycky-high",77.06,120.18
40,16,7642,5076,10,50,8540,0.580593424218124,0.732824427480916,"South Africa","Vynnycky-high",101.52,152.84
42,16,6834,4666,13,50,7698,0.573204419889503,0.753365003958828,"South Africa","Vynnycky-high",93.32,136.68
44,16,7276,5020,11,50,8164,0.59362389023406,0.73757225433526,"South Africa","Vynnycky-high",100.4,145.52
46,16,6472,4466,10,50,7258,0.58804889090086,0.734415029888984,"South Africa","Vynnycky-high",89.32,129.44
48,16,8006,5682,5,50,8932,0.600074962518741,0.736047736047736,"South Africa","Vynnycky-high",113.64,160.12
50,16,7603,5395,7,50,8516,0.58867775138559,0.754187909686817,"South Africa","Vynnycky-high",107.9,152.06
0.5,17,54634,369,51,50,61110,0.591777522307987,0.74376370963628,"South Africa","Vynnycky-high",7.38,1092.68
1,17,41820,531,48,50,46758,0.594490757520841,0.740728585493929,"South Africa","Vynnycky-high",10.62,836.4
2,17,31581,801,48,50,35355,0.59382445439817,0.738744230601759,"South Africa","Vynnycky-high",16.02,631.62
3,17,27262,949,44,50,30396,0.596663284860782,0.733890455094644,"South Africa","Vynnycky-high",18.98,545.24
4,17,28572,1359,33,50,31930,0.599155227032735,0.743927623168453,"South Africa","Vynnycky-high",27.18,571.44
5,17,22150,1413,41,50,24815,0.599151498563022,0.744370205394704,"South Africa","Vynnycky-high",28.26,443
6,17,21960,1715,32,50,24489,0.585080315818132,0.736645642939889,"South Africa","Vynnycky-high",34.3,439.2
7,17,17182,1563,37,50,19223,0.593295494856332,0.737571701720841,"South Africa","Vynnycky-high",31.26,343.64
8,17,17505,1851,38,50,19599,0.601490726295719,0.736641221374046,"South Africa","Vynnycky-high",37.02,350.1
9,17,19789,2459,35,50,22120,0.604489164086687,0.738025822573928,"South Africa","Vynnycky-high",49.18,395.78
10,17,15300,2139,28,50,17019,0.597883597883598,0.744336569579288,"South Africa","Vynnycky-high",42.78,306
12,17,14466,2540,28,50,16262,0.589722337339411,0.743077792427953,"South Africa","Vynnycky-high",50.8,289.32
14,17,15320,3384,25,50,17178,0.593324116136678,0.73445318084346,"South Africa","Vynnycky-high",67.68,306.4
16,17,12301,3253,19,50,13752,0.596926127912742,0.738374717832957,"South Africa","Vynnycky-high",65.06,246.02
18,17,12446,3791,15,50,13901,0.585236835777831,0.742530755711775,"South Africa","Vynnycky-high",75.82,248.92
20,17,9428,3290,19,50,10477,0.592205323193916,0.751633986928105,"South Africa","Vynnycky-high",65.8,188.56
22,17,8846,3441,14,50,9882,0.583305284416022,0.731432152930116,"South Africa","Vynnycky-high",68.82,176.92
24,17,9876,4296,14,50,11085,0.594932749452612,0.753542650736316,"South Africa","Vynnycky-high",85.92,197.52
26,17,7292,3497,14,50,8162,0.604872006606111,0.746738296239447,"South Africa","Vynnycky-high",69.94,145.84
28,17,8777,4461,14,50,9765,0.594227504244482,0.740421455938697,"South Africa","Vynnycky-high",89.22,175.54
30,17,7436,3978,18,50,8291,0.594362745098039,0.731897512068325,"South Africa","Vynnycky-high",79.56,148.72
32,17,9322,5232,13,50,10410,0.577482605945604,0.733672857998802,"South Africa","Vynnycky-high",104.64,186.44
34,17,6831,4084,9,50,7683,0.573176059414591,0.74724826742764,"South Africa","Vynnycky-high",81.68,136.62
36,17,7883,4925,12,50,8816,0.59277566539924,0.740491417031303,"South Africa","Vynnycky-high",98.5,157.66
38,17,5406,3458,8,50,6061,0.578280044101433,0.727132579650565,"South Africa","Vynnycky-high",69.16,108.12
40,17,4479,3027,15,50,4999,0.597761685319289,0.743024010382868,"South Africa","Vynnycky-high",60.54,89.58
42,17,6946,4741,5,50,7742,0.606971677559913,0.742661841576196,"South Africa","Vynnycky-high",94.82,138.92
44,17,6976,4836,14,50,7768,0.59248055315471,0.748743718592965,"South Africa","Vynnycky-high",96.72,139.52
46,17,6359,4440,10,50,7103,0.595674659144335,0.738773747841105,"South Africa","Vynnycky-high",88.8,127.18
48,17,6206,4397,17,50,6946,0.596719729860106,0.737987307343608,"South Africa","Vynnycky-high",87.94,124.12
50,17,6497,4615,15,50,7257,0.60381861575179,0.746224832214765,"South Africa","Vynnycky-high",92.3,129.94
0.5,18,52181,316,48,50,58334,0.59040569231652,0.73581286300421,"South Africa","Vynnycky-high",6.32,1043.62
1,18,35238,471,43,50,39304,0.594012695144965,0.741742215214821,"South Africa","Vynnycky-high",9.42,704.76
2,18,26166,653,46,50,29199,0.592045054558254,0.742002927033243,"South Africa","Vynnycky-high",13.06,523.32
3,18,26080,954,44,50,29194,0.595860314523589,0.748278419324081,"South Africa","Vynnycky-high",19.08,521.6
4,18,30727,1488,44,50,34323,0.595419093691381,0.742617176916825,"South Africa","Vynnycky-high",29.76,614.54
5,18,33322,2072,38,50,37208,0.601532221721496,0.736336032388664,"South Africa","Vynnycky-high",41.44,666.44
6,18,25458,1941,31,50,28307,0.593966961934403,0.742149299141584,"South Africa","Vynnycky-high",38.82,509.16
7,18,22578,2056,35,50,25285,0.593791456619793,0.74468085106383,"South Africa","Vynnycky-high",41.12,451.56
8,18,15186,1628,28,50,16985,0.598342868415861,0.741660623640319,"South Africa","Vynnycky-high",32.56,303.72
9,18,12149,1579,37,50,13580,0.595497278574963,0.741089905725454,"South Africa","Vynnycky-high",31.58,242.98
10,18,21259,2903,22,50,23661,0.586191923577942,0.73802669458257,"South Africa","Vynnycky-high",58.06,425.18
12,18,17183,3045,28,50,19213,0.590787359400107,0.741956138946694,"South Africa","Vynnycky-high",60.9,343.66
14,18,14114,3094,19,50,15704,0.585052631578947,0.745121230041396,"South Africa","Vynnycky-high",61.88,282.28
16,18,13552,3652,19,50,15147,0.601502098519991,0.743193823648923,"South Africa","Vynnycky-high",73.04,271.04
18,18,11547,3612,23,50,12853,0.599537037037037,0.744062045564712,"South Africa","Vynnycky-high",72.24,230.94
20,18,11811,4134,18,50,13122,0.59606656580938,0.737037898163218,"South Africa","Vynnycky-high",82.68,236.22
22,18,7519,2966,21,50,8395,0.59031361651449,0.723781388478582,"South Africa","Vynnycky-high",59.32,150.38
24,18,6494,2783,13,50,7289,0.581132075471698,0.743153526970954,"South Africa","Vynnycky-high",55.66,129.88
26,18,9628,4597,17,50,10736,0.599744245524297,0.749500142816338,"South Africa","Vynnycky-high",91.94,192.56
28,18,9836,4932,10,50,10970,0.583545918367347,0.747519294377067,"South Africa","Vynnycky-high",98.64,196.72
30,18,5641,2993,16,50,6314,0.59135866736075,0.731041456016178,"South Africa","Vynnycky-high",59.86,112.82
32,18,9042,5195,14,50,10163,0.591755319148936,0.745648854961832,"South Africa","Vynnycky-high",103.9,180.84
34,18,8041,4823,7,50,8953,0.584312239484653,0.738620689655172,"South Africa","Vynnycky-high",96.46,160.82
36,18,7098,4456,13,50,7966,0.589754816112084,0.748760960731986,"South Africa","Vynnycky-high",89.12,141.96
38,18,7329,4791,9,50,8215,0.59966846249482,0.741789354473386,"South Africa","Vynnycky-high",95.82,146.58
40,18,7038,4677,11,50,7866,0.595790378006873,0.742733699921445,"South Africa","Vynnycky-high",93.54,140.76
42,18,6822,4643,12,50,7612,0.593709043250328,0.741883116883117,"South Africa","Vynnycky-high",92.86,136.44
44,18,4995,3460,8,50,5581,0.583825265643447,0.750142612664005,"South Africa","Vynnycky-high",69.2,99.9
46,18,5968,4189,9,50,6676,0.593830334190231,0.748505747126437,"South Africa","Vynnycky-high",83.78,119.36
48,18,6653,4640,12,50,7417,0.592788038698329,0.730365392692146,"South Africa","Vynnycky-high",92.8,133.06
50,18,4592,3233,8,50,5142,0.603102779573368,0.724179829890644,"South Africa","Vynnycky-high",64.66,91.84
0.5,19,55725,384,51,50,62227,0.593203671328671,0.736951159348791,"South Africa","Vynnycky-high",7.68,1114.5
1,19,41066,519,50,50,45965,0.598883338230973,0.740553986822644,"South Africa","Vynnycky-high",10.38,821.32
2,19,29936,782,48,50,33444,0.591240147660381,0.747806608176218,"South Africa","Vynnycky-high",15.64,598.72
3,19,21989,804,46,50,24643,0.589538885065382,0.737928492443789,"South Africa","Vynnycky-high",16.08,439.78
4,19,22925,1083,37,50,25643,0.592568190802477,0.745827830471845,"South Africa","Vynnycky-high",21.66,458.5
5,19,25316,1590,37,50,28335,0.590588797324734,0.741495856955953,"South Africa","Vynnycky-high",31.8,506.32
6,19,21534,1597,34,50,24012,0.576287657920311,0.743273395458722,"South Africa","Vynnycky-high",31.94,430.68
7,19,20826,1835,29,50,23229,0.586432948553513,0.736927442237535,"South Africa","Vynnycky-high",36.7,416.52
8,19,19714,2087,31,50,22099,0.585358398288247,0.736733001658375,"South Africa","Vynnycky-high",41.74,394.28
9,19,19700,2354,33,50,21978,0.5902714242147,0.738387688832416,"South Africa","Vynnycky-high",47.08,394
10,19,17728,2434,29,50,19858,0.597542242703533,0.751195434212556,"South Africa","Vynnycky-high",48.68,354.56
12,19,15370,2673,28,50,17107,0.581340650725206,0.739027928908234,"South Africa","Vynnycky-high",53.46,307.4
14,19,11598,2599,22,50,12907,0.589968976215098,0.731931351220691,"South Africa","Vynnycky-high",51.98,231.96
16,19,13065,3464,21,50,14638,0.585606234242494,0.74137187230371,"South Africa","Vynnycky-high",69.28,261.3
18,19,10513,3249,22,50,11773,0.607717041800643,0.747807600318894,"South Africa","Vynnycky-high",64.98,210.26
20,19,11487,4164,23,50,12841,0.603224128965159,0.752752513164193,"South Africa","Vynnycky-high",83.28,229.74
22,19,9700,3827,12,50,10861,0.592524509803922,0.743969776227841,"South Africa","Vynnycky-high",76.54,194
24,19,9673,4235,11,50,10786,0.5871875,0.758741258741259,"South Africa","Vynnycky-high",84.7,193.46
26,19,10241,4874,14,50,11499,0.607473841554559,0.738651625033575,"South Africa","Vynnycky-high",97.48,204.82
28,19,8337,4268,16,50,9298,0.587572674418605,0.735062376887722,"South Africa","Vynnycky-high",85.36,166.74
30,19,7446,4056,10,50,8423,0.598160735705718,0.733900814211695,"South Africa","Vynnycky-high",81.12,148.92
32,19,5982,3414,9,50,6699,0.59002493765586,0.737350505979761,"South Africa","Vynnycky-high",68.28,119.64
34,19,8605,5129,15,50,9633,0.579553635709143,0.729206963249516,"South Africa","Vynnycky-high",102.58,172.1
36,19,7515,4743,18,50,8391,0.591836734693878,0.747088791848617,"South Africa","Vynnycky-high",94.86,150.3
38,19,7549,4868,4,50,8427,0.587175188600168,0.750619907899398,"South Africa","Vynnycky-high",97.36,150.98
40,19,6427,4212,12,50,7235,0.584317430325933,0.737655646200086,"South Africa","Vynnycky-high",84.24,128.54
42,19,6507,4343,7,50,7279,0.575225439012814,0.729786342689569,"South Africa","Vynnycky-high",86.86,130.14
44,19,4531,3167,11,50,5053,0.592763157894737,0.751694393099199,"South Africa","Vynnycky-high",63.34,90.62
46,19,5374,3781,14,50,5971,0.593679458239278,0.752057613168724,"South Africa","Vynnycky-high",75.62,107.48
48,19,4928,3509,16,50,5535,0.609009009009009,0.755543237250554,"South Africa","Vynnycky-high",70.18,98.56
50,19,6367,4384,6,50,7137,0.583609663666509,0.716948417858691,"South Africa","Vynnycky-high",87.68,127.34
0.5,20,56991,366,47,50,63558,0.592172909453363,0.737166927899687,"South Africa","Vynnycky-high",7.32,1139.82
1,20,46878,587,49,50,52318,0.585589044602291,0.735016714422159,"South Africa","Vynnycky-high",11.74,937.56
2,20,30436,752,47,50,34005,0.591581230283912,0.740667446253486,"South Africa","Vynnycky-high",15.04,608.72
3,20,29596,1075,42,50,33122,0.593590528679322,0.748579413134606,"South Africa","Vynnycky-high",21.5,591.92
4,20,25510,1246,42,50,28473,0.600813008130081,0.74162731964423,"South Africa","Vynnycky-high",24.92,510.2
5,20,35853,2174,39,50,40140,0.595513142474468,0.739676425269646,"South Africa","Vynnycky-high",43.48,717.06
6,20,25665,1934,35,50,28702,0.591679326866893,0.74762007788836,"South Africa","Vynnycky-high",38.68,513.3
7,20,20862,1929,34,50,23284,0.586555106751298,0.74478820873722,"South Africa","Vynnycky-high",38.58,417.24
8,20,25334,2666,32,50,28436,0.601474259897753,0.743556975505857,"South Africa","Vynnycky-high",53.32,506.68
9,20,13832,1663,30,50,15437,0.603259656173253,0.746110889509374,"South Africa","Vynnycky-high",33.26,276.64
10,20,18791,2629,29,50,21138,0.601862257184139,0.750987564008778,"South Africa","Vynnycky-high",52.58,375.82
12,20,14759,2593,23,50,16522,0.589702333065165,0.741635687732342,"South Africa","Vynnycky-high",51.86,295.18
14,20,15429,3329,21,50,17250,0.584116823364673,0.744259978806076,"South Africa","Vynnycky-high",66.58,308.58
16,20,14367,3878,23,50,16060,0.594320066334992,0.751649204501358,"South Africa","Vynnycky-high",77.56,287.34
18,20,10306,3134,25,50,11584,0.584838614154575,0.738675045823514,"South Africa","Vynnycky-high",62.68,206.12
20,20,12792,4427,19,50,14322,0.591589451176051,0.736619420351174,"South Africa","Vynnycky-high",88.54,255.84
22,20,8384,3359,17,50,9392,0.596383363471971,0.746759720837488,"South Africa","Vynnycky-high",67.18,167.68
24,20,10291,4490,13,50,11502,0.594995635728833,0.743261275687216,"South Africa","Vynnycky-high",89.8,205.82
26,20,9961,4653,11,50,11133,0.579027820238459,0.747380033094319,"South Africa","Vynnycky-high",93.06,199.22
28,20,9084,4562,9,50,10158,0.583797966546409,0.751150659711568,"South Africa","Vynnycky-high",91.24,181.68
30,20,8079,4387,11,50,9024,0.595345345345345,0.7250346740638,"South Africa","Vynnycky-high",87.74,161.58
32,20,7859,4507,10,50,8779,0.595526914329037,0.732851985559567,"South Africa","Vynnycky-high",90.14,157.18
34,20,6776,4107,7,50,7609,0.596656665237891,0.764705882352941,"South Africa","Vynnycky-high",82.14,135.52
36,20,7978,5009,11,50,8912,0.595147839272176,0.742157876594278,"South Africa","Vynnycky-high",100.18,159.56
38,20,6998,4463,16,50,7819,0.577530969671081,0.747112704101951,"South Africa","Vynnycky-high",89.26,139.96
40,20,5711,3849,14,50,6384,0.602711157455683,0.74866569626395,"South Africa","Vynnycky-high",76.98,114.22
42,20,6116,4152,9,50,6867,0.585030549898167,0.744060959211116,"South Africa","Vynnycky-high",83.04,122.32
44,20,6341,4443,7,50,7075,0.602588686481304,0.742208370436331,"South Africa","Vynnycky-high",88.86,126.82
46,20,5643,3938,11,50,6326,0.58974358974359,0.740077444336883,"South Africa","Vynnycky-high",78.76,112.86
48,20,5580,3933,5,50,6163,0.591780821917808,0.736514522821577,"South Africa","Vynnycky-high",78.66,111.6
50,20,6132,4325,10,50,6815,0.581553398058252,0.74977497749775,"South Africa","Vynnycky-high",86.5,122.64
0.5,21,52718,328,44,50,58787,0.597540749213612,0.746156276326874,"South Africa","Vynnycky-high",6.56,1054.36
1,21,32786,407,48,50,36687,0.588856251147421,0.738422174840085,"South Africa","Vynnycky-high",8.14,655.72
2,21,21988,531,42,50,24575,0.611010452961672,0.735216572504708,"South Africa","Vynnycky-high",10.62,439.76
3,21,24164,859,41,50,26926,0.589039408866995,0.740485224790158,"South Africa","Vynnycky-high",17.18,483.28
4,21,23552,1152,45,50,26321,0.593957164711882,0.736749530956848,"South Africa","Vynnycky-high",23.04,471.04
5,21,27867,1748,39,50,31120,0.588593155893536,0.747179436868439,"South Africa","Vynnycky-high",34.96,557.34
6,21,22894,1638,43,50,25597,0.601321288930835,0.736462093862816,"South Africa","Vynnycky-high",32.76,457.88
7,21,24194,2153,35,50,26990,0.595235140836332,0.740224102446833,"South Africa","Vynnycky-high",43.06,483.88
8,21,22692,2411,40,50,25371,0.605583010551623,0.739880880029172,"South Africa","Vynnycky-high",48.22,453.84
9,21,15471,1909,26,50,17364,0.593471810089021,0.752221641400941,"South Africa","Vynnycky-high",38.18,309.42
10,21,25058,3414,30,50,27924,0.587936132465996,0.74585201793722,"South Africa","Vynnycky-high",68.28,501.16
12,21,16367,2842,25,50,18344,0.601273885350318,0.728542578256479,"South Africa","Vynnycky-high",56.84,327.34
14,21,11698,2568,22,50,13149,0.606641123882503,0.743147448015123,"South Africa","Vynnycky-high",51.36,233.96
16,21,12401,3344,16,50,13931,0.598749097907145,0.735236004390779,"South Africa","Vynnycky-high",66.88,248.02
18,21,11615,3610,16,50,13006,0.590198123044838,0.745019920318725,"South Africa","Vynnycky-high",72.2,232.3
20,21,10848,3828,18,50,12183,0.598250888220825,0.736151220792859,"South Africa","Vynnycky-high",76.56,216.96
22,21,10066,3896,19,50,11379,0.600962985254288,0.741201949106659,"South Africa","Vynnycky-high",77.92,201.32
24,21,8832,3849,14,50,9858,0.584437648657832,0.754954388172381,"South Africa","Vynnycky-high",76.98,176.64
26,21,8087,3841,17,50,8986,0.589465819947703,0.751202749140893,"South Africa","Vynnycky-high",76.82,161.74
28,21,8120,4153,10,50,9056,0.594624046494733,0.748709122203098,"South Africa","Vynnycky-high",83.06,162.4
30,21,6584,3536,9,50,7318,0.584905660377358,0.736053288925895,"South Africa","Vynnycky-high",70.72,131.68
32,21,7631,4399,14,50,8536,0.6,0.741499085923218,"South Africa","Vynnycky-high",87.98,152.62
34,21,6476,3865,10,50,7185,0.594454887218045,0.735050196420777,"South Africa","Vynnycky-high",77.3,129.52
36,21,5980,3849,18,50,6665,0.612919633774161,0.751930940481599,"South Africa","Vynnycky-high",76.98,119.6
38,21,5677,3645,8,50,6337,0.585907859078591,0.732738374823861,"South Africa","Vynnycky-high",72.9,113.54
40,21,6547,4331,8,50,7312,0.597160603371783,0.73580879214682,"South Africa","Vynnycky-high",86.62,130.94
42,21,8155,5549,14,50,9149,0.591806331471136,0.743104021269525,"South Africa","Vynnycky-high",110.98,163.1
44,21,6805,4748,6,50,7640,0.605169340463458,0.732267322673227,"South Africa","Vynnycky-high",94.96,136.1
46,21,7600,5370,10,50,8488,0.613365155131265,0.740117130307467,"South Africa","Vynnycky-high",107.4,152
48,21,6573,4587,15,50,7363,0.573961735884274,0.737352445193929,"South Africa","Vynnycky-high",91.74,131.46
50,21,6702,4745,13,50,7535,0.606731620903454,0.749034749034749,"South Africa","Vynnycky-high",94.9,134.04
0.5,22,56899,348,52,50,63591,0.593044311887516,0.739496611810261,"South Africa","Vynnycky-high",6.96,1137.98
1,22,34654,407,49,50,38756,0.590594744121715,0.739692356485886,"South Africa","Vynnycky-high",8.14,693.08
2,22,31072,800,45,50,34711,0.58030229156509,0.742374094283925,"South Africa","Vynnycky-high",16,621.44
3,22,25601,994,42,50,28589,0.59297065305649,0.741650294695481,"South Africa","Vynnycky-high",19.88,512.02
4,22,18600,888,35,50,20880,0.598983939691904,0.740972843927186,"South Africa","Vynnycky-high",17.76,372
5,22,30353,1855,39,50,33936,0.587118576682238,0.733376135008713,"South Africa","Vynnycky-high",37.1,607.06
6,22,28319,2089,34,50,31612,0.590801378716071,0.750825402990872,"South Africa","Vynnycky-high",41.78,566.38
7,22,23394,2194,31,50,26218,0.592820512820513,0.745322369205101,"South Africa","Vynnycky-high",43.88,467.88
8,22,22387,2309,27,50,25028,0.592587637142093,0.73971256602383,"South Africa","Vynnycky-high",46.18,447.74
9,22,18090,2249,35,50,20137,0.583889259506338,0.742957210293894,"South Africa","Vynnycky-high",44.98,361.8
10,22,18156,2554,30,50,20343,0.588196613513069,0.753479125248509,"South Africa","Vynnycky-high",51.08,363.12
12,22,13656,2355,26,50,15280,0.592387696393007,0.737886382623225,"South Africa","Vynnycky-high",47.1,273.12
14,22,16564,3688,29,50,18487,0.597161572052402,0.746193742680274,"South Africa","Vynnycky-high",73.76,331.28
16,22,17009,4475,23,50,19013,0.593501677556066,0.736799084518555,"South Africa","Vynnycky-high",89.5,340.18
18,22,10650,3309,19,50,11868,0.577948858949684,0.753838009528851,"South Africa","Vynnycky-high",66.18,213
20,22,12241,4269,16,50,13691,0.58596837944664,0.74876181900045,"South Africa","Vynnycky-high",85.38,244.82
22,22,10509,4082,13,50,11729,0.580313837375178,0.734214002642008,"South Africa","Vynnycky-high",81.64,210.18
24,22,10723,4572,17,50,12037,0.590819487468319,0.732220795892169,"South Africa","Vynnycky-high",91.44,214.46
26,22,7537,3476,14,50,8460,0.586790173177608,0.734812659148781,"South Africa","Vynnycky-high",69.52,150.74
28,22,8123,4002,13,50,9074,0.587037037037037,0.735709244883557,"South Africa","Vynnycky-high",80.04,162.46
30,22,7148,3881,11,50,8041,0.587152209492635,0.745113369820172,"South Africa","Vynnycky-high",77.62,142.96
32,22,5985,3445,12,50,6711,0.586721564590839,0.747147421268827,"South Africa","Vynnycky-high",68.9,119.7
34,22,8492,5170,10,50,9498,0.608450704225352,0.748530372305683,"South Africa","Vynnycky-high",103.4,169.84
36,22,7724,4841,13,50,8624,0.589035614245698,0.734796689456639,"South Africa","Vynnycky-high",96.82,154.48
38,22,9271,6104,13,50,10403,0.615606012152223,0.745614035087719,"South Africa","Vynnycky-high",122.08,185.42
40,22,6391,4294,11,50,7161,0.602498843128181,0.750647109577222,"South Africa","Vynnycky-high",85.88,127.82
42,22,7520,5048,12,50,8449,0.597145122918319,0.73141576391483,"South Africa","Vynnycky-high",100.96,150.4
44,22,6490,4453,15,50,7228,0.583568075117371,0.73728813559322,"South Africa","Vynnycky-high",89.06,129.8
46,22,6007,4189,11,50,6627,0.584536082474227,0.739526411657559,"South Africa","Vynnycky-high",83.78,120.14
48,22,5901,4224,7,50,6624,0.596634370219276,0.751890359168242,"South Africa","Vynnycky-high",84.48,118.02
50,22,8463,5985,12,50,9429,0.597161572052402,0.740152267461106,"South Africa","Vynnycky-high",119.7,169.26
0.5,23,54546,342,50,50,61024,0.594881089690778,0.747517015376859,"South Africa","Vynnycky-high",6.84,1090.92
1,23,39683,507,45,50,44367,0.597805379867408,0.738161559888579,"South Africa","Vynnycky-high",10.14,793.66
2,23,27426,674,43,50,30602,0.585254988913525,0.733018013484955,"South Africa","Vynnycky-high",13.48,548.52
3,23,32094,1222,44,50,35796,0.583348941749391,0.745081118398343,"South Africa","Vynnycky-high",24.44,641.88
4,23,29500,1409,45,50,32902,0.595363758667081,0.737078651685393,"South Africa","Vynnycky-high",28.18,590
5,23,27913,1687,40,50,31146,0.579253201334338,0.743734522040614,"South Africa","Vynnycky-high",33.74,558.26
6,23,25219,1956,40,50,28179,0.588814210273644,0.732808794998922,"South Africa","Vynnycky-high",39.12,504.38
7,23,19733,1863,35,50,22090,0.594335312928278,0.74933926832661,"South Africa","Vynnycky-high",37.26,394.66
8,23,18457,1943,31,50,20640,0.587153001936733,0.743288084464555,"South Africa","Vynnycky-high",38.86,369.14
9,23,20933,2567,32,50,23369,0.586408320273543,0.735301942005853,"South Africa","Vynnycky-high",51.34,418.66
10,23,17337,2370,26,50,19401,0.593190593190593,0.739067290624496,"South Africa","Vynnycky-high",47.4,346.74
12,23,14726,2625,27,50,16475,0.603504482477588,0.72708605562815,"South Africa","Vynnycky-high",52.5,294.52
14,23,14278,3115,22,50,15923,0.596774193548387,0.729326186830015,"South Africa","Vynnycky-high",62.3,285.56
16,23,13807,3661,18,50,15435,0.594726770146715,0.738978880459299,"South Africa","Vynnycky-high",73.22,276.14
18,23,14926,4692,17,50,16699,0.598362292790094,0.741599707815924,"South Africa","Vynnycky-high",93.84,298.52
20,23,10791,3806,15,50,12064,0.607171964140179,0.733539891556933,"South Africa","Vynnycky-high",76.12,215.82
22,23,11006,4242,16,50,12281,0.590239912758997,0.732762959235028,"South Africa","Vynnycky-high",84.84,220.12
24,23,10759,4657,12,50,11960,0.583910034602076,0.749233128834356,"South Africa","Vynnycky-high",93.14,215.18
26,23,10789,5103,8,50,12059,0.59701904499034,0.73155737704918,"South Africa","Vynnycky-high",102.06,215.78
28,23,9260,4686,13,50,10329,0.593457943925234,0.740263630916717,"South Africa","Vynnycky-high",93.72,185.2
30,23,9230,5022,14,50,10363,0.594339622641509,0.750890736342043,"South Africa","Vynnycky-high",100.44,184.6
32,23,7026,3974,13,50,7870,0.574424342105263,0.747652102899143,"South Africa","Vynnycky-high",79.48,140.52
34,23,7244,4362,10,50,8150,0.593975392448027,0.744544770504138,"South Africa","Vynnycky-high",87.24,144.88
36,23,6007,3807,12,50,6686,0.588421052631579,0.753975678203929,"South Africa","Vynnycky-high",76.14,120.14
38,23,7587,4897,10,50,8497,0.583200636942675,0.753203954595386,"South Africa","Vynnycky-high",97.94,151.74
40,23,8919,5945,16,50,10022,0.587414965986395,0.739776951672863,"South Africa","Vynnycky-high",118.9,178.38
42,23,7094,4867,10,50,7925,0.598438855160451,0.742988859008836,"South Africa","Vynnycky-high",97.34,141.88
44,23,5244,3601,10,50,5901,0.591093117408907,0.738677771993753,"South Africa","Vynnycky-high",72.02,104.88
46,23,6075,4305,9,50,6782,0.597798899449725,0.750343563902886,"South Africa","Vynnycky-high",86.1,121.5
48,23,5885,4160,11,50,6549,0.60347551342812,0.746104491292392,"South Africa","Vynnycky-high",83.2,117.7
50,23,5417,3859,14,50,6071,0.600113442994895,0.740704500978474,"South Africa","Vynnycky-high",77.18,108.34
0.5,24,46124,295,46,50,51661,0.591257323118522,0.741464294301515,"South Africa","Vynnycky-high",5.9,922.48
1,24,38009,459,47,50,42577,0.58891454965358,0.736732044995673,"South Africa","Vynnycky-high",9.18,760.18
2,24,25699,642,41,50,28753,0.593735444806707,0.739485855652361,"South Africa","Vynnycky-high",12.84,513.98
3,24,32008,1153,41,50,35687,0.588944819071137,0.743676368676369,"South Africa","Vynnycky-high",23.06,640.16
4,24,22631,1115,40,50,25313,0.600377256804096,0.742223293947432,"South Africa","Vynnycky-high",22.3,452.62
5,24,26342,1667,39,50,29397,0.600739164520103,0.74026525198939,"South Africa","Vynnycky-high",33.34,526.84
6,24,24378,1903,34,50,27310,0.593161972697085,0.743463865738098,"South Africa","Vynnycky-high",38.06,487.56
7,24,21644,1989,35,50,24226,0.5864535128313,0.742893725992318,"South Africa","Vynnycky-high",39.78,432.88
8,24,21265,2303,31,50,23754,0.591993185689949,0.742606647474483,"South Africa","Vynnycky-high",46.06,425.3
9,24,16770,2066,34,50,18683,0.593716337522442,0.742907517230325,"South Africa","Vynnycky-high",41.32,335.4
10,24,19655,2646,24,50,21962,0.596734442390635,0.735914515681377,"South Africa","Vynnycky-high",52.92,393.1
12,24,13266,2342,18,50,14808,0.596395163130276,0.742720465890183,"South Africa","Vynnycky-high",46.84,265.32
14,24,12104,2625,24,50,13525,0.59573400250941,0.744985012681577,"South Africa","Vynnycky-high",52.5,242.08
16,24,8926,2344,23,50,9950,0.596707818930041,0.754347826086956,"South Africa","Vynnycky-high",46.88,178.52
18,24,10399,3276,25,50,11619,0.597190366972477,0.747214854111406,"South Africa","Vynnycky-high",65.52,207.98
20,24,12579,4282,18,50,14027,0.583292978208232,0.746891651865009,"South Africa","Vynnycky-high",85.64,251.58
22,24,9727,3785,24,50,10942,0.584677419354839,0.734423456442064,"South Africa","Vynnycky-high",75.7,194.54
24,24,8838,3837,16,50,9879,0.607368071689346,0.733355091383812,"South Africa","Vynnycky-high",76.74,176.76
26,24,8869,4146,14,50,9956,0.588057698758806,0.757138374647003,"South Africa","Vynnycky-high",82.92,177.38
28,24,8429,4258,16,50,9359,0.604651162790698,0.728282168517309,"South Africa","Vynnycky-high",85.16,168.58
30,24,6936,3775,14,50,7723,0.5979035639413,0.748671843073151,"South Africa","Vynnycky-high",75.5,138.72
32,24,8142,4643,11,50,9120,0.588795731707317,0.741838774150566,"South Africa","Vynnycky-high",92.86,162.84
34,24,5512,3238,14,50,6196,0.590225563909774,0.736627610799796,"South Africa","Vynnycky-high",64.76,110.24
36,24,5885,3682,14,50,6589,0.584591358667361,0.742911153119093,"South Africa","Vynnycky-high",73.64,117.7
38,24,8550,5485,7,50,9534,0.580299785867238,0.732761464863081,"South Africa","Vynnycky-high",109.7,171
40,24,6787,4539,17,50,7529,0.583038869257951,0.741372141372141,"South Africa","Vynnycky-high",90.78,135.74
42,24,5191,3562,11,50,5795,0.591319052987599,0.751334044823906,"South Africa","Vynnycky-high",71.24,103.82
44,24,5438,3733,11,50,6099,0.59217243335224,0.74706457925636,"South Africa","Vynnycky-high",74.66,108.76
46,24,6580,4640,5,50,7361,0.615772581384686,0.744195863233432,"South Africa","Vynnycky-high",92.8,131.6
48,24,5973,4232,14,50,6669,0.600808489135927,0.746993524514339,"South Africa","Vynnycky-high",84.64,119.46
50,24,6035,4308,11,50,6750,0.6113074204947,0.735399820305481,"South Africa","Vynnycky-high",86.16,120.7
0.5,25,49947,340,52,50,55868,0.594398841139546,0.740706063777056,"South Africa","Vynnycky-high",6.8,998.94
1,25,38904,495,49,50,43562,0.590888243387861,0.746099593930327,"South Africa","Vynnycky-high",9.9,778.08
2,25,23753,605,47,50,26488,0.586448896261324,0.735294117647059,"South Africa","Vynnycky-high",12.1,475.06
3,25,29919,1067,46,50,33473,0.592453213995118,0.742374778472157,"South Africa","Vynnycky-high",21.34,598.38
4,25,24175,1215,42,50,27041,0.591591591591592,0.742251411452932,"South Africa","Vynnycky-high",24.3,483.5
5,25,23817,1543,46,50,26750,0.60210020242915,0.738796414852753,"South Africa","Vynnycky-high",30.86,476.34
6,25,21356,1653,35,50,23853,0.590008257638315,0.747064256498219,"South Africa","Vynnycky-high",33.06,427.12
7,25,20398,1826,30,50,22843,0.597255369928401,0.747181964573269,"South Africa","Vynnycky-high",36.52,407.96
8,25,20577,2154,36,50,23065,0.600439238653001,0.747103475829005,"South Africa","Vynnycky-high",43.08,411.54
9,25,22201,2696,29,50,24775,0.593575046654226,0.744029850746269,"South Africa","Vynnycky-high",53.92,444.02
10,25,20225,2736,24,50,22580,0.592697466467958,0.744890961459333,"South Africa","Vynnycky-high",54.72,404.5
12,25,14751,2626,22,50,16492,0.607201986754967,0.747549472905493,"South Africa","Vynnycky-high",52.52,295.02
14,25,13657,3010,23,50,15298,0.597989949748744,0.748933577087142,"South Africa","Vynnycky-high",60.2,273.14
16,25,12130,3220,20,50,13601,0.593884376493072,0.733013040494166,"South Africa","Vynnycky-high",64.4,242.6
18,25,12070,3638,18,50,13477,0.58865775136206,0.742585727525487,"South Africa","Vynnycky-high",72.76,241.4
20,25,9590,3316,15,50,10733,0.574857864813645,0.751215327423506,"South Africa","Vynnycky-high",66.32,191.8
22,25,12523,4899,20,50,14025,0.596021785460573,0.754901960784314,"South Africa","Vynnycky-high",97.98,250.46
24,25,8761,3866,14,50,9792,0.605470085470086,0.744901160966426,"South Africa","Vynnycky-high",77.32,175.22
26,25,7763,3626,19,50,8674,0.589753466872111,0.729254571026723,"South Africa","Vynnycky-high",72.52,155.26
28,25,10222,5198,14,50,11507,0.589429680501642,0.739025695931477,"South Africa","Vynnycky-high",103.96,204.44
30,25,8184,4426,8,50,9174,0.597556460570159,0.752767527675277,"South Africa","Vynnycky-high",88.52,163.68
32,25,7474,4350,14,50,8273,0.607670795045945,0.735161532682194,"South Africa","Vynnycky-high",87,149.48
34,25,7153,4287,12,50,7970,0.599748533109807,0.735260115606936,"South Africa","Vynnycky-high",85.74,143.06
36,25,7372,4607,9,50,8266,0.590774439272112,0.738051805910252,"South Africa","Vynnycky-high",92.14,147.44
38,25,7221,4652,15,50,8081,0.578613693998309,0.745697896749522,"South Africa","Vynnycky-high",93.04,144.42
40,25,6135,4058,10,50,6861,0.593613933236575,0.732068486811661,"South Africa","Vynnycky-high",81.16,122.7
42,25,7758,5293,15,50,8646,0.585815047021944,0.744971264367816,"South Africa","Vynnycky-high",105.86,155.16
44,25,8699,5994,8,50,9710,0.593031358885017,0.731206569804169,"South Africa","Vynnycky-high",119.88,173.98
46,25,6908,4848,11,50,7735,0.589301121656601,0.754032258064516,"South Africa","Vynnycky-high",96.96,138.16
48,25,5954,4210,10,50,6723,0.606185567010309,0.726696832579185,"South Africa","Vynnycky-high",84.2,119.08
50,25,6246,4415,11,50,7021,0.599801882119861,0.731394354148845,"South Africa","Vynnycky-high",88.3,124.92
0.5,26,53403,347,48,50,59744,0.592987804878049,0.739719674327528,"South Africa","Vynnycky-high",6.94,1068.06
1,26,37398,464,42,50,41864,0.592232235425473,0.739668805012681,"South Africa","Vynnycky-high",9.28,747.96
2,26,33482,811,49,50,37376,0.5903342366757,0.745127311934976,"South Africa","Vynnycky-high",16.22,669.64
3,26,28266,1020,45,50,31716,0.592482480356764,0.735328869633714,"South Africa","Vynnycky-high",20.4,565.32
4,26,28407,1382,38,50,31774,0.587486855941115,0.737761547572049,"South Africa","Vynnycky-high",27.64,568.14
5,26,25986,1569,38,50,29067,0.596840740304138,0.744884038199181,"South Africa","Vynnycky-high",31.38,519.72
6,26,16866,1332,31,50,18890,0.598644309668213,0.750041165815907,"South Africa","Vynnycky-high",26.64,337.32
7,26,23546,2152,30,50,26337,0.59467758444217,0.742766779899262,"South Africa","Vynnycky-high",43.04,470.92
8,26,18607,2006,33,50,20787,0.595619742897953,0.73575435488633,"South Africa","Vynnycky-high",40.12,372.14
9,26,21428,2554,29,50,24014,0.576939321413487,0.741223541559112,"South Africa","Vynnycky-high",51.08,428.56
10,26,18852,2561,31,50,21125,0.585832387745178,0.738642898217366,"South Africa","Vynnycky-high",51.22,377.04
12,26,15173,2695,32,50,16925,0.58958742632613,0.752632551265472,"South Africa","Vynnycky-high",53.9,303.46
14,26,13369,2882,26,50,14921,0.580229885057471,0.755370177267987,"South Africa","Vynnycky-high",57.64,267.38
16,26,11000,2952,24,50,12269,0.594318808604523,0.746138515196811,"South Africa","Vynnycky-high",59.04,220
18,26,10900,3364,17,50,12164,0.594926122107611,0.739241803278688,"South Africa","Vynnycky-high",67.28,218
20,26,9750,3410,16,50,10930,0.609013398294763,0.743854748603352,"South Africa","Vynnycky-high",68.2,195
22,26,10609,4087,9,50,11935,0.575346420323326,0.735716083564057,"South Africa","Vynnycky-high",81.74,212.18
24,26,12811,5510,14,50,14321,0.599472674976031,0.736448997012377,"South Africa","Vynnycky-high",110.2,256.22
26,26,10943,5154,12,50,12194,0.591614484072965,0.733519269776876,"South Africa","Vynnycky-high",103.08,218.86
28,26,9403,4759,11,50,10478,0.59258043335522,0.742814814814815,"South Africa","Vynnycky-high",95.18,188.06
30,26,7438,4031,11,50,8290,0.60087370929309,0.739030904235025,"South Africa","Vynnycky-high",80.62,148.76
32,26,7490,4292,15,50,8361,0.590547887913007,0.739760782892352,"South Africa","Vynnycky-high",85.84,149.8
34,26,7568,4527,11,50,8489,0.589663273296789,0.743329575347614,"South Africa","Vynnycky-high",90.54,151.36
36,26,8709,5439,10,50,9682,0.599375650364204,0.74170692431562,"South Africa","Vynnycky-high",108.78,174.18
38,26,6555,4287,15,50,7324,0.592916283348666,0.758141554494138,"South Africa","Vynnycky-high",85.74,131.1
40,26,6829,4555,15,50,7617,0.594164456233422,0.735811350919265,"South Africa","Vynnycky-high",91.1,136.58
42,26,6885,4731,9,50,7728,0.609306409130816,0.747410358565737,"South Africa","Vynnycky-high",94.62,137.7
44,26,6840,4761,6,50,7653,0.577748576434516,0.750104997900042,"South Africa","Vynnycky-high",95.22,136.8
46,26,6461,4524,7,50,7202,0.596959926301244,0.749786871270247,"South Africa","Vynnycky-high",90.48,129.22
48,26,6931,4890,10,50,7727,0.575877192982456,0.746196957566053,"South Africa","Vynnycky-high",97.8,138.62
50,26,5427,3828,14,50,6042,0.593406593406593,0.739064856711916,"South Africa","Vynnycky-high",76.56,108.54
0.5,27,49767,358,50,50,55597,0.597628458498024,0.74699132381752,"South Africa","Vynnycky-high",7.16,995.34
1,27,40564,563,49,50,45364,0.598400478361611,0.742371964007848,"South Africa","Vynnycky-high",11.26,811.28
2,27,30677,780,40,50,34192,0.60127889818003,0.739134396355353,"South Africa","Vynnycky-high",15.6,613.54
3,27,25055,886,45,50,28017,0.588412068758264,0.73742644609748,"South Africa","Vynnycky-high",17.72,501.1
4,27,25105,1239,38,50,27988,0.592109982068141,0.742994746059545,"South Africa","Vynnycky-high",24.78,502.1
5,27,23459,1525,37,50,26228,0.598203826630223,0.742521243161448,"South Africa","Vynnycky-high",30.5,469.18
6,27,18263,1339,35,50,20514,0.595597897503285,0.748093931076548,"South Africa","Vynnycky-high",26.78,365.26
7,27,23536,2122,33,50,26318,0.587235698534181,0.741499767116907,"South Africa","Vynnycky-high",42.44,470.72
8,27,18796,1898,37,50,21075,0.582120918202393,0.752290866095182,"South Africa","Vynnycky-high",37.96,375.92
9,27,19940,2387,27,50,22232,0.590446241389638,0.749897048730268,"South Africa","Vynnycky-high",47.74,398.8
10,27,12287,1760,32,50,13696,0.594116180503615,0.742168131620464,"South Africa","Vynnycky-high",35.2,245.74
12,27,19410,3265,27,50,21713,0.579747240441529,0.742144568127378,"South Africa","Vynnycky-high",65.3,388.2
14,27,12528,2771,27,50,14016,0.607724070925431,0.744979486072123,"South Africa","Vynnycky-high",55.42,250.56
16,27,16496,4337,27,50,18510,0.588151574452944,0.734639654599801,"South Africa","Vynnycky-high",86.74,329.92
18,27,10636,3357,21,50,11889,0.601909039865244,0.738914971309337,"South Africa","Vynnycky-high",67.14,212.72
20,27,10628,3780,13,50,11847,0.600857142857143,0.747844264436896,"South Africa","Vynnycky-high",75.6,212.56
22,27,7510,3033,16,50,8400,0.592607156901298,0.742620590352772,"South Africa","Vynnycky-high",60.66,150.2
24,27,7879,3361,16,50,8826,0.577964163171941,0.74834193072955,"South Africa","Vynnycky-high",67.22,157.58
26,27,7921,3668,16,50,8876,0.574280230326296,0.740872031194612,"South Africa","Vynnycky-high",73.36,158.42
28,27,10559,5280,13,50,11818,0.584060827935793,0.739038563127311,"South Africa","Vynnycky-high",105.6,211.18
30,27,6886,3761,13,50,7736,0.601410934744268,0.753101240496199,"South Africa","Vynnycky-high",75.22,137.72
32,27,6889,3962,16,50,7718,0.607282184655397,0.746190858059342,"South Africa","Vynnycky-high",79.24,137.78
34,27,8416,5065,11,50,9386,0.597041211694259,0.742,"South Africa","Vynnycky-high",101.3,168.32
36,27,6238,3897,13,50,7025,0.584139264990329,0.729365768896612,"South Africa","Vynnycky-high",77.94,124.76
38,27,5393,3493,11,50,6052,0.590702947845805,0.737538148524924,"South Africa","Vynnycky-high",69.86,107.86
40,27,4798,3197,7,50,5303,0.585625,0.740412979351032,"South Africa","Vynnycky-high",63.94,95.96
42,27,7215,4931,11,50,8092,0.599254040613344,0.748249027237354,"South Africa","Vynnycky-high",98.62,144.3
44,27,6642,4588,13,50,7441,0.573455377574371,0.757869249394673,"South Africa","Vynnycky-high",91.76,132.84
46,27,5849,4117,10,50,6547,0.603492552645095,0.744522144522144,"South Africa","Vynnycky-high",82.34,116.98
48,27,5807,4072,8,50,6479,0.589784096893102,0.731873479318735,"South Africa","Vynnycky-high",81.44,116.14
50,27,5554,3939,6,50,6242,0.607182320441989,0.729073798910352,"South Africa","Vynnycky-high",78.78,111.08
0.5,28,52005,357,46,50,58129,0.590219907407407,0.747191908437583,"South Africa","Vynnycky-high",7.14,1040.1
1,28,51335,651,47,50,57357,0.589213562101072,0.738278931750742,"South Africa","Vynnycky-high",13.02,1026.7
2,28,31348,765,47,50,35049,0.597583197468112,0.740463395295569,"South Africa","Vynnycky-high",15.3,626.96
3,28,20301,763,46,50,22637,0.584752147054392,0.738280203589606,"South Africa","Vynnycky-high",15.26,406.02
4,28,29275,1448,43,50,32721,0.594408469524103,0.73845575096398,"South Africa","Vynnycky-high",28.96,585.5
5,28,26753,1607,38,50,29942,0.589588241893863,0.747813411078717,"South Africa","Vynnycky-high",32.14,535.06
6,28,19452,1538,32,50,21729,0.594879751745539,0.743604240282685,"South Africa","Vynnycky-high",30.76,389.04
7,28,27150,2480,34,50,30367,0.590417310664606,0.745063759769642,"South Africa","Vynnycky-high",49.6,543
8,28,16411,1748,31,50,18327,0.599154567175152,0.746188641313453,"South Africa","Vynnycky-high",34.96,328.22
9,28,14656,1728,30,50,16430,0.592091784470395,0.740408010481003,"South Africa","Vynnycky-high",34.56,293.12
10,28,13252,1881,25,50,14825,0.596822472944969,0.740717299578059,"South Africa","Vynnycky-high",37.62,265.04
12,28,13146,2354,26,50,14764,0.592334494773519,0.739537788881949,"South Africa","Vynnycky-high",47.08,262.92
14,28,18518,3950,31,50,20714,0.583945178658835,0.736411020104244,"South Africa","Vynnycky-high",79,370.36
16,28,15244,4113,14,50,17151,0.602050686786612,0.74963768115942,"South Africa","Vynnycky-high",82.26,304.88
18,28,13080,4047,14,50,14672,0.596153846153846,0.741975823259692,"South Africa","Vynnycky-high",80.94,261.6
20,28,11206,3859,15,50,12492,0.581509846827133,0.746541501976285,"South Africa","Vynnycky-high",77.18,224.12
22,28,11872,4663,16,50,13228,0.592022216611967,0.749526515151515,"South Africa","Vynnycky-high",93.26,237.44
24,28,8365,3654,13,50,9345,0.606006435466571,0.73705047838997,"South Africa","Vynnycky-high",73.08,167.3
26,28,11026,5196,18,50,12328,0.604252968793151,0.740584737363726,"South Africa","Vynnycky-high",103.92,220.52
28,28,8007,4042,10,50,8901,0.58158379373849,0.736994219653179,"South Africa","Vynnycky-high",80.84,160.14
30,28,8663,4722,12,50,9652,0.591018169352074,0.751128304319794,"South Africa","Vynnycky-high",94.44,173.26
32,28,7630,4328,13,50,8544,0.584467574059247,0.743451740222461,"South Africa","Vynnycky-high",86.56,152.6
34,28,8405,5057,16,50,9393,0.581236520488857,0.74253853722532,"South Africa","Vynnycky-high",101.14,168.1
36,28,8188,5112,10,50,9143,0.604938271604938,0.728825136612022,"South Africa","Vynnycky-high",102.24,163.76
38,28,7874,5051,11,50,8794,0.585791925465838,0.742397137745975,"South Africa","Vynnycky-high",101.02,157.48
40,28,6957,4660,12,50,7766,0.589676290463692,0.742935635792779,"South Africa","Vynnycky-high",93.2,139.14
42,28,6924,4784,6,50,7753,0.601493848857645,0.752330766112687,"South Africa","Vynnycky-high",95.68,138.48
44,28,5901,4117,9,50,6596,0.582317073170732,0.753917050691244,"South Africa","Vynnycky-high",82.34,118.02
46,28,5105,3606,9,50,5682,0.575294117647059,0.76664801343033,"South Africa","Vynnycky-high",72.12,102.1
48,28,7365,5208,13,50,8236,0.585115131578947,0.757688032604668,"South Africa","Vynnycky-high",104.16,147.3
50,28,6875,4815,16,50,7631,0.587079877782628,0.732260726072607,"South Africa","Vynnycky-high",96.3,137.5
0.5,29,50816,329,49,50,56769,0.596682126293257,0.740298018667103,"South Africa","Vynnycky-high",6.58,1016.32
1,29,40052,517,49,50,44725,0.598710837955329,0.73393113833938,"South Africa","Vynnycky-high",10.34,801.04
2,29,28214,687,46,50,31572,0.59531914893617,0.7463138365394,"South Africa","Vynnycky-high",13.74,564.28
3,29,22557,856,44,50,25254,0.597457627118644,0.74363390330914,"South Africa","Vynnycky-high",17.12,451.14
4,29,19707,964,40,50,21991,0.58775572988771,0.74756027554535,"South Africa","Vynnycky-high",19.28,394.14
5,29,29774,1860,40,50,33219,0.595943204868154,0.740528022232515,"South Africa","Vynnycky-high",37.2,595.48
6,29,20596,1576,36,50,22976,0.593009300930093,0.749836194469925,"South Africa","Vynnycky-high",31.52,411.92
7,29,23254,2183,32,50,25877,0.589577786230506,0.736461223012906,"South Africa","Vynnycky-high",43.66,465.08
8,29,23132,2420,37,50,25914,0.593929129755081,0.745997351631154,"South Africa","Vynnycky-high",48.4,462.64
9,29,20963,2545,27,50,23467,0.590033318846878,0.734107818822608,"South Africa","Vynnycky-high",50.9,419.26
10,29,21311,2949,32,50,23862,0.599189151405005,0.739644202051682,"South Africa","Vynnycky-high",58.98,426.22
12,29,13160,2309,24,50,14675,0.591916859122402,0.748721227621483,"South Africa","Vynnycky-high",46.18,263.2
14,29,11895,2537,22,50,13288,0.595165394402036,0.737720329024677,"South Africa","Vynnycky-high",50.74,237.9
16,29,14423,3782,22,50,16105,0.593353090601185,0.740776511493143,"South Africa","Vynnycky-high",75.64,288.46
18,29,10960,3356,19,50,12283,0.593827500688895,0.744336569579288,"South Africa","Vynnycky-high",67.12,219.2
20,29,9679,3438,16,50,10839,0.605450603902137,0.749491426910782,"South Africa","Vynnycky-high",68.76,193.58
22,29,10463,3993,20,50,11715,0.589254766031196,0.730188179167771,"South Africa","Vynnycky-high",79.86,209.26
24,29,10020,4329,17,50,11237,0.596040189125296,0.734426229508197,"South Africa","Vynnycky-high",86.58,200.4
26,29,9164,4282,15,50,10197,0.586104708594007,0.741818181818182,"South Africa","Vynnycky-high",85.64,183.28
28,29,7338,3731,16,50,8169,0.594806265457543,0.751531393568147,"South Africa","Vynnycky-high",74.62,146.76
30,29,7586,4133,13,50,8507,0.602249899558055,0.746723343960326,"South Africa","Vynnycky-high",82.66,151.72
32,29,9756,5552,8,50,10885,0.579143389199255,0.730650154798762,"South Africa","Vynnycky-high",111.04,195.12
34,29,6920,4122,7,50,7753,0.594995759117896,0.744655102864058,"South Africa","Vynnycky-high",82.44,138.4
36,29,5996,3796,10,50,6711,0.606623181133969,0.741395348837209,"South Africa","Vynnycky-high",75.92,119.92
38,29,6876,4422,18,50,7724,0.591645353793691,0.750203748981255,"South Africa","Vynnycky-high",88.44,137.52
40,29,6109,4098,12,50,6802,0.58955223880597,0.753661784287617,"South Africa","Vynnycky-high",81.96,122.18
42,29,5556,3780,19,50,6183,0.588203167667941,0.737844611528822,"South Africa","Vynnycky-high",75.6,111.12
44,29,6585,4613,8,50,7321,0.596766524013314,0.746044962531224,"South Africa","Vynnycky-high",92.26,131.7
46,29,7058,4921,9,50,7895,0.593205944798301,0.749317738791423,"South Africa","Vynnycky-high",98.42,141.16
48,29,6140,4361,8,50,6851,0.602570439940682,0.747277676950998,"South Africa","Vynnycky-high",87.22,122.8
50,29,5954,4159,6,50,6637,0.5866802236909,0.723243752946723,"South Africa","Vynnycky-high",83.18,119.08
0.5,30,61274,383,51,50,68746,0.589455445544554,0.74912923104403,"South Africa","Vynnycky-high",7.66,1225.48
1,30,45665,560,51,50,51109,0.585936461518011,0.739244428554404,"South Africa","Vynnycky-high",11.2,913.3
2,30,23191,601,44,50,25766,0.592235573748845,0.739605607032549,"South Africa","Vynnycky-high",12.02,463.82
3,30,30122,1092,44,50,33669,0.598215180988669,0.74616368286445,"South Africa","Vynnycky-high",21.84,602.44
4,30,28975,1491,40,50,32412,0.59904236494223,0.749739509330302,"South Africa","Vynnycky-high",29.82,579.5
5,30,23824,1482,33,50,26555,0.596743416868083,0.73884239888424,"South Africa","Vynnycky-high",29.64,476.48
6,30,20703,1637,36,50,23041,0.595104391648668,0.740362659503022,"South Africa","Vynnycky-high",32.74,414.06
7,30,24722,2220,30,50,27594,0.592487334733721,0.739777361401962,"South Africa","Vynnycky-high",44.4,494.44
8,30,18008,1888,29,50,20100,0.602397602397602,0.739512646514497,"South Africa","Vynnycky-high",37.76,360.16
9,30,15842,1919,29,50,17684,0.595477386934673,0.739822100581594,"South Africa","Vynnycky-high",38.38,316.84
10,30,16494,2310,25,50,18407,0.595452905088416,0.744408400204883,"South Africa","Vynnycky-high",46.2,329.88
12,30,16417,2846,22,50,18320,0.586688729545872,0.738607487718109,"South Africa","Vynnycky-high",56.92,328.34
14,30,13544,2962,21,50,15119,0.619829136690647,0.7441200324412,"South Africa","Vynnycky-high",59.24,270.88
16,30,10855,2892,15,50,12192,0.589609675645959,0.75,"South Africa","Vynnycky-high",57.84,217.1
18,30,12357,3783,19,50,13803,0.584997564539698,0.748272017837235,"South Africa","Vynnycky-high",75.66,247.14
20,30,12018,4247,14,50,13484,0.587824351297405,0.744387277829747,"South Africa","Vynnycky-high",84.94,240.36
22,30,10471,4091,21,50,11747,0.579730890352133,0.740567265157429,"South Africa","Vynnycky-high",81.82,209.42
24,30,10064,4372,16,50,11258,0.610843373493976,0.736640175390518,"South Africa","Vynnycky-high",87.44,201.28
26,30,7909,3725,13,50,8838,0.581322957198444,0.748268698060942,"South Africa","Vynnycky-high",74.5,158.18
28,30,7258,3591,12,50,8141,0.574004192872117,0.74141876430206,"South Africa","Vynnycky-high",71.82,145.16
30,30,8622,4723,10,50,9628,0.605215501629844,0.752311125278929,"South Africa","Vynnycky-high",94.46,172.44
32,30,7348,4204,10,50,8232,0.582480556692591,0.747297800969065,"South Africa","Vynnycky-high",84.08,146.96
34,30,6930,4238,15,50,7780,0.60928013876843,0.753784860557769,"South Africa","Vynnycky-high",84.76,138.6
36,30,6286,3912,10,50,7041,0.589527816736793,0.743009320905459,"South Africa","Vynnycky-high",78.24,125.72
38,30,8314,5323,8,50,9296,0.603683241252302,0.720314033366045,"South Africa","Vynnycky-high",106.46,166.28
40,30,6694,4491,11,50,7479,0.600631768953069,0.740200166805671,"South Africa","Vynnycky-high",89.82,133.88
42,30,4994,3436,11,50,5563,0.604039167686659,0.750139120756817,"South Africa","Vynnycky-high",68.72,99.88
44,30,6211,4313,14,50,7000,0.608055009823183,0.747614917606245,"South Africa","Vynnycky-high",86.26,124.22
46,30,6661,4698,12,50,7451,0.608195211786372,0.731596360628619,"South Africa","Vynnycky-high",93.96,133.22
48,30,5824,4126,12,50,6536,0.591031874662345,0.742750233863424,"South Africa","Vynnycky-high",82.52,116.48
50,30,6387,4496,12,50,7135,0.581529581529582,0.742365591397849,"South Africa","Vynnycky-high",89.92,127.74
0.5,31,55388,363,52,50,62029,0.594706193753309,0.743183772573221,"South Africa","Vynnycky-high",7.26,1107.76
1,31,35781,457,49,50,40018,0.594088753387534,0.741414756719714,"South Africa","Vynnycky-high",9.14,715.62
2,31,32752,804,46,50,36500,0.591328413284133,0.736462400271601,"South Africa","Vynnycky-high",16.08,655.04
3,31,29485,1113,43,50,32989,0.595711460393463,0.740531530697287,"South Africa","Vynnycky-high",22.26,589.7
4,31,24531,1189,40,50,27279,0.584199584199584,0.744851776420005,"South Africa","Vynnycky-high",23.78,490.62
5,31,25626,1576,38,50,28628,0.585195695873241,0.744768069039914,"South Africa","Vynnycky-high",31.52,512.52
6,31,21067,1600,30,50,23565,0.578522920203735,0.743011603375527,"South Africa","Vynnycky-high",32,421.34
7,31,19097,1684,27,50,21385,0.598305350698258,0.73062243100411,"South Africa","Vynnycky-high",33.68,381.94
8,31,13588,1419,40,50,15254,0.594942324755989,0.752747252747253,"South Africa","Vynnycky-high",28.38,271.76
9,31,19665,2338,29,50,21984,0.591075794621027,0.740865654862282,"South Africa","Vynnycky-high",46.76,393.3
10,31,14677,2044,34,50,16439,0.599636583888552,0.73641355803825,"South Africa","Vynnycky-high",40.88,293.54
12,31,16458,2988,24,50,18374,0.594844799419132,0.748166666666667,"South Africa","Vynnycky-high",59.76,329.16
14,31,13190,2900,21,50,14715,0.588383838383838,0.737054329371817,"South Africa","Vynnycky-high",58,263.8
16,31,16053,4284,17,50,18007,0.589753320683112,0.746913580246914,"South Africa","Vynnycky-high",85.68,321.06
18,31,11380,3555,16,50,12588,0.593220338983051,0.738958795953615,"South Africa","Vynnycky-high",71.1,227.6
20,31,9709,3402,14,50,10932,0.589473684210526,0.746571428571429,"South Africa","Vynnycky-high",68.04,194.18
22,31,9095,3564,19,50,10195,0.583960720130933,0.749242883101151,"South Africa","Vynnycky-high",71.28,181.9
24,31,8826,3828,12,50,9839,0.591426657736102,0.737364043506078,"South Africa","Vynnycky-high",76.56,176.52
26,31,9133,4292,21,50,10197,0.602827330865029,0.750679142770903,"South Africa","Vynnycky-high",85.84,182.66
28,31,6474,3294,12,50,7204,0.591730038022814,0.747131321716957,"South Africa","Vynnycky-high",65.88,129.48
30,31,7966,4303,14,50,8861,0.594955489614243,0.732648725212465,"South Africa","Vynnycky-high",86.06,159.32
32,31,7573,4347,12,50,8485,0.589916633584756,0.739489759252605,"South Africa","Vynnycky-high",86.94,151.46
34,31,6429,3886,15,50,7183,0.599540229885058,0.760594145915247,"South Africa","Vynnycky-high",77.72,128.58
36,31,5692,3623,10,50,6384,0.597889182058048,0.757545769421079,"South Africa","Vynnycky-high",72.46,113.84
38,31,8073,5234,12,50,9021,0.610040014550746,0.72590051457976,"South Africa","Vynnycky-high",104.68,161.46
40,31,8593,5649,12,50,9601,0.590237194912341,0.728824476650564,"South Africa","Vynnycky-high",112.98,171.86
42,31,7296,5057,8,50,8200,0.600760456273764,0.751972942502819,"South Africa","Vynnycky-high",101.14,145.92
44,31,5794,4008,13,50,6433,0.578891257995736,0.742453748782863,"South Africa","Vynnycky-high",80.16,115.88
46,31,5296,3665,11,50,5918,0.587542087542088,0.726939203354298,"South Africa","Vynnycky-high",73.3,105.92
48,31,8371,5838,11,50,9352,0.569846373704895,0.736997055937193,"South Africa","Vynnycky-high",116.76,167.42
50,31,6427,4499,8,50,7177,0.579094727018199,0.73993288590604,"South Africa","Vynnycky-high",89.98,128.54
0.5,32,58197,371,51,50,64949,0.594927536231884,0.73922567741321,"South Africa","Vynnycky-high",7.42,1163.94
1,32,34538,430,47,50,38475,0.591949079649062,0.748658754674037,"South Africa","Vynnycky-high",8.6,690.76
2,32,31940,738,46,50,35715,0.591629496061498,0.741952187796669,"South Africa","Vynnycky-high",14.76,638.8
3,32,28915,1080,37,50,32341,0.592283298097252,0.740944956744938,"South Africa","Vynnycky-high",21.6,578.3
4,32,30088,1450,37,50,33578,0.595462758482233,0.741450068399453,"South Africa","Vynnycky-high",29,601.76
5,32,29776,1895,44,50,33214,0.59502538071066,0.74299454360492,"South Africa","Vynnycky-high",37.9,595.52
6,32,23808,1683,39,50,26606,0.592155857472443,0.740366972477064,"South Africa","Vynnycky-high",33.66,476.16
7,32,22954,2123,32,50,25672,0.588119332369562,0.738863472188779,"South Africa","Vynnycky-high",42.46,459.08
8,32,18857,2065,28,50,21099,0.608450249959684,0.748578095376987,"South Africa","Vynnycky-high",41.3,377.14
9,32,22704,2692,35,50,25393,0.590046777546778,0.738264929958221,"South Africa","Vynnycky-high",53.84,454.08
10,32,17368,2318,26,50,19419,0.58207136640557,0.747676799495984,"South Africa","Vynnycky-high",46.36,347.36
12,32,20590,3587,22,50,22931,0.588841454438392,0.740056626668464,"South Africa","Vynnycky-high",71.74,411.8
14,32,15555,3475,23,50,17436,0.600350399065603,0.751137556877844,"South Africa","Vynnycky-high",69.5,311.1
16,32,13050,3397,22,50,14567,0.59021764568219,0.739267015706806,"South Africa","Vynnycky-high",67.94,261
18,32,13209,4051,18,50,14855,0.601910828025478,0.742307692307692,"South Africa","Vynnycky-high",81.02,264.18
20,32,13179,4541,19,50,14699,0.585805568233683,0.735836909871245,"South Africa","Vynnycky-high",90.82,263.58
22,32,9797,3857,14,50,10911,0.607525237075558,0.744460028050491,"South Africa","Vynnycky-high",77.14,195.94
24,32,9919,4281,16,50,11142,0.598216939078752,0.745320476460579,"South Africa","Vynnycky-high",85.62,198.38
26,32,10253,4786,21,50,11460,0.581381733021077,0.751160885004097,"South Africa","Vynnycky-high",95.72,205.06
28,32,7016,3577,8,50,7860,0.595973154362416,0.751853296917675,"South Africa","Vynnycky-high",71.54,140.32
30,32,7621,4169,12,50,8510,0.611374407582938,0.740713765477058,"South Africa","Vynnycky-high",83.38,152.42
32,32,7764,4406,14,50,8646,0.574589851201831,0.74095306341813,"South Africa","Vynnycky-high",88.12,155.28
34,32,6953,4155,11,50,7760,0.596829477292202,0.734495338467775,"South Africa","Vynnycky-high",83.1,139.06
36,32,7914,4885,9,50,8818,0.584678933533609,0.725800647715005,"South Africa","Vynnycky-high",97.7,158.28
38,32,7809,5046,11,50,8712,0.593499043977055,0.740940078937926,"South Africa","Vynnycky-high",100.92,156.18
40,32,6194,4091,12,50,6962,0.585438335809807,0.732949512843224,"South Africa","Vynnycky-high",81.82,123.88
42,32,6785,4653,5,50,7544,0.597663551401869,0.745137763371151,"South Africa","Vynnycky-high",93.06,135.7
44,32,6453,4455,10,50,7167,0.57577174929841,0.742722602739726,"South Africa","Vynnycky-high",89.1,129.06
46,32,5583,3918,9,50,6252,0.5858310626703,0.751482213438735,"South Africa","Vynnycky-high",78.36,111.66
48,32,5552,3976,10,50,6221,0.596314907872697,0.749385749385749,"South Africa","Vynnycky-high",79.52,111.04
50,32,6291,4439,12,50,7024,0.577590480912246,0.739393939393939,"South Africa","Vynnycky-high",88.78,125.82
0.5,33,67236,458,52,50,75091,0.599421416625232,0.738056148415695,"South Africa","Vynnycky-high",9.16,1344.72
1,33,43786,540,46,50,49005,0.586111303624645,0.743506086083574,"South Africa","Vynnycky-high",10.8,875.72
2,33,22162,559,41,50,24765,0.589997251992306,0.743126083725539,"South Africa","Vynnycky-high",11.18,443.24
3,33,25461,918,42,50,28513,0.597230441472364,0.73569745018213,"South Africa","Vynnycky-high",18.36,509.22
4,33,20212,1003,40,50,22616,0.591842810360226,0.752645320873987,"South Africa","Vynnycky-high",20.06,404.24
5,33,24767,1568,30,50,27707,0.584093396570595,0.749411104879417,"South Africa","Vynnycky-high",31.36,495.34
6,33,20838,1609,38,50,23295,0.58814055636896,0.742774566473988,"South Africa","Vynnycky-high",32.18,416.76
7,33,19841,1733,32,50,22254,0.58965250965251,0.742647058823529,"South Africa","Vynnycky-high",34.66,396.82
8,33,16765,1765,34,50,18767,0.589126559714795,0.744320052683569,"South Africa","Vynnycky-high",35.3,335.3
9,33,18465,2319,29,50,20637,0.602660972404731,0.751594245884621,"South Africa","Vynnycky-high",46.38,369.3
10,33,16585,2318,32,50,18532,0.595130748422002,0.748550604604936,"South Africa","Vynnycky-high",46.36,331.7
12,33,19982,3452,27,50,22337,0.590819273445812,0.742476771598946,"South Africa","Vynnycky-high",69.04,399.64
14,33,14295,3111,31,50,15986,0.588174273858921,0.738685556867375,"South Africa","Vynnycky-high",62.22,285.9
16,33,14340,3755,27,50,16055,0.595455510724145,0.745730186144694,"South Africa","Vynnycky-high",75.1,286.8
18,33,12574,3840,23,50,14083,0.603410475030451,0.743449781659389,"South Africa","Vynnycky-high",76.8,251.48
20,33,9589,3393,21,50,10763,0.605368713360074,0.736270190895742,"South Africa","Vynnycky-high",67.86,191.78
22,33,11169,4351,14,50,12422,0.59408315565032,0.749375936095856,"South Africa","Vynnycky-high",87.02,223.38
24,33,10032,4296,11,50,11228,0.595138055222089,0.720107238605898,"South Africa","Vynnycky-high",85.92,200.64
26,33,9042,4261,15,50,10112,0.601501305483029,0.736462093862816,"South Africa","Vynnycky-high",85.22,180.84
28,33,9925,4983,12,50,11056,0.593828715365239,0.739178384339675,"South Africa","Vynnycky-high",99.66,198.5
30,33,10585,5743,17,50,11844,0.593715239154616,0.743764767655553,"South Africa","Vynnycky-high",114.86,211.7
32,33,6992,4003,12,50,7844,0.590736842105263,0.7374949979992,"South Africa","Vynnycky-high",80.06,139.84
34,33,7267,4409,7,50,8118,0.597071129707113,0.751059730250482,"South Africa","Vynnycky-high",88.18,145.34
36,33,5693,3567,16,50,6355,0.590640129101668,0.739026717557252,"South Africa","Vynnycky-high",71.34,113.86
38,33,6434,4184,11,50,7176,0.599816429554842,0.748605748605749,"South Africa","Vynnycky-high",83.68,128.68
40,33,5570,3697,10,50,6218,0.598705501618123,0.740794573643411,"South Africa","Vynnycky-high",73.94,111.4
42,33,6322,4372,6,50,7099,0.605362182502352,0.760714285714286,"South Africa","Vynnycky-high",87.44,126.44
44,33,6948,4868,13,50,7778,0.589464518937745,0.755421686746988,"South Africa","Vynnycky-high",97.36,138.96
46,33,7689,5310,8,50,8623,0.597056483691329,0.726438404518179,"South Africa","Vynnycky-high",106.2,153.78
48,33,5635,4001,9,50,6273,0.594417077175698,0.7437530622244,"South Africa","Vynnycky-high",80.02,112.7
50,33,6697,4675,10,50,7464,0.579749103942652,0.729752412924885,"South Africa","Vynnycky-high",93.5,133.94
0.5,34,57421,374,47,50,64146,0.59329719587199,0.740568301814342,"South Africa","Vynnycky-high",7.48,1148.42
1,34,50418,618,47,50,56274,0.59003003003003,0.74925929990124,"South Africa","Vynnycky-high",12.36,1008.36
2,34,23417,570,45,50,26248,0.597854889589905,0.744939271255061,"South Africa","Vynnycky-high",11.4,468.34
3,34,24289,896,43,50,27140,0.584878048780488,0.749826026443981,"South Africa","Vynnycky-high",17.92,485.78
4,34,17826,844,38,50,20021,0.600710900473934,0.738898214558218,"South Africa","Vynnycky-high",16.88,356.52
5,34,23176,1391,45,50,25960,0.596449704142012,0.741578383525771,"South Africa","Vynnycky-high",27.82,463.52
6,34,22689,1695,38,50,25271,0.590648727854003,0.741547068839698,"South Africa","Vynnycky-high",33.9,453.78
7,34,21101,1880,27,50,23668,0.589520914748878,0.746575342465753,"South Africa","Vynnycky-high",37.6,422.02
8,34,19556,2138,36,50,21780,0.587922117432309,0.74,"South Africa","Vynnycky-high",42.76,391.12
9,34,19231,2395,32,50,21530,0.596390228722577,0.745459704880817,"South Africa","Vynnycky-high",47.9,384.62
10,34,17256,2385,34,50,19313,0.589557399723375,0.741133044455144,"South Africa","Vynnycky-high",47.7,345.12
12,34,15758,2798,28,50,17671,0.606870229007634,0.745875745875746,"South Africa","Vynnycky-high",55.96,315.16
14,34,13964,3012,27,50,15590,0.593783494105038,0.74317593146045,"South Africa","Vynnycky-high",60.24,279.28
16,34,11451,3017,18,50,12801,0.592776760010468,0.743223620522749,"South Africa","Vynnycky-high",60.34,229.02
18,34,9375,2958,22,50,10494,0.606705351386202,0.753631609529343,"South Africa","Vynnycky-high",59.16,187.5
20,34,10821,3710,12,50,12152,0.582532504239683,0.742157612853864,"South Africa","Vynnycky-high",74.2,216.42
22,34,7765,2999,20,50,8687,0.583333333333333,0.736002834868887,"South Africa","Vynnycky-high",59.98,155.3
24,34,10338,4418,13,50,11541,0.58693733451015,0.728759894459103,"South Africa","Vynnycky-high",88.36,206.76
26,34,6007,2829,10,50,6721,0.604901960784314,0.73667130273528,"South Africa","Vynnycky-high",56.58,120.14
28,34,8512,4277,16,50,9493,0.595922824899891,0.724568138195777,"South Africa","Vynnycky-high",85.54,170.24
30,34,8064,4393,14,50,8979,0.608202123764189,0.725442554668518,"South Africa","Vynnycky-high",87.86,161.28
32,34,6053,3456,16,50,6773,0.584075173095945,0.746282527881041,"South Africa","Vynnycky-high",69.12,121.06
34,34,8099,4812,12,50,9062,0.591685226429102,0.742817583939079,"South Africa","Vynnycky-high",96.24,161.98
36,34,5625,3504,9,50,6296,0.587234042553191,0.757233938205002,"South Africa","Vynnycky-high",70.08,112.5
38,34,6567,4273,7,50,7348,0.602758620689655,0.737965676015069,"South Africa","Vynnycky-high",85.46,131.34
40,34,5073,3417,12,50,5620,0.573681018799272,0.741183162684869,"South Africa","Vynnycky-high",68.34,101.46
42,34,6505,4471,13,50,7274,0.597169811320755,0.74291754756871,"South Africa","Vynnycky-high",89.42,130.1
44,34,7178,4970,5,50,8059,0.600583090379009,0.742196531791907,"South Africa","Vynnycky-high",99.4,143.56
46,34,6235,4374,11,50,6938,0.58011583011583,0.750548005260851,"South Africa","Vynnycky-high",87.48,124.7
48,34,5839,4087,11,50,6511,0.57814871016692,0.739130434782609,"South Africa","Vynnycky-high",81.74,116.78
50,34,4956,3513,10,50,5578,0.603458556946929,0.737076153418566,"South Africa","Vynnycky-high",70.26,99.12
0.5,35,46846,313,49,50,52284,0.591667736551547,0.740954966652895,"South Africa","Vynnycky-high",6.26,936.92
1,35,43104,547,47,50,48311,0.595629926704467,0.747580283315172,"South Africa","Vynnycky-high",10.94,862.08
2,35,25915,668,51,50,28959,0.586512261580381,0.738403451995685,"South Africa","Vynnycky-high",13.36,518.3
3,35,27048,1009,38,50,30226,0.592547545333923,0.741368616911309,"South Africa","Vynnycky-high",20.18,540.96
4,35,21305,1051,37,50,23869,0.588941277325332,0.748567708333333,"South Africa","Vynnycky-high",21.02,426.1
5,35,21908,1384,39,50,24486,0.5883981725045,0.742579196807184,"South Africa","Vynnycky-high",27.68,438.16
6,35,18220,1374,31,50,20412,0.594322495461297,0.743507972665148,"South Africa","Vynnycky-high",27.48,364.4
7,35,19268,1789,30,50,21513,0.593808925204274,0.740265359100087,"South Africa","Vynnycky-high",35.78,385.36
8,35,24455,2547,32,50,27310,0.592824671335545,0.75129300652125,"South Africa","Vynnycky-high",50.94,489.1
9,35,19853,2404,36,50,22106,0.595388162951576,0.740730530668504,"South Africa","Vynnycky-high",48.08,397.06
10,35,19279,2638,33,50,21499,0.590483619344774,0.745219266714594,"South Africa","Vynnycky-high",52.76,385.58
12,35,17387,3105,27,50,19418,0.598668068699614,0.748366533864542,"South Africa","Vynnycky-high",62.1,347.74
14,35,12544,2747,24,50,13992,0.606318347509113,0.744073748902546,"South Africa","Vynnycky-high",54.94,250.88
16,35,13462,3613,18,50,15106,0.607918552036199,0.742105263157895,"South Africa","Vynnycky-high",72.26,269.24
18,35,10133,3111,23,50,11315,0.599230996746525,0.744617061869719,"South Africa","Vynnycky-high",62.22,202.66
20,35,14313,4986,19,50,15958,0.586923901393355,0.734476641040804,"South Africa","Vynnycky-high",99.72,286.26
22,35,7885,3084,19,50,8800,0.588978185993111,0.738374156904508,"South Africa","Vynnycky-high",61.68,157.7
24,35,9020,3875,12,50,10184,0.592864288096032,0.732966697219676,"South Africa","Vynnycky-high",77.5,180.4
26,35,7861,3697,17,50,8855,0.594846900672143,0.751897860593513,"South Africa","Vynnycky-high",73.94,157.22
28,35,5861,2965,14,50,6579,0.589175257731959,0.729959695476937,"South Africa","Vynnycky-high",59.3,117.22
30,35,8871,4853,11,50,9961,0.617370892018779,0.740787008119925,"South Africa","Vynnycky-high",97.06,177.42
32,35,7968,4581,16,50,8982,0.595373530527114,0.760906904843696,"South Africa","Vynnycky-high",91.62,159.36
34,35,5641,3381,14,50,6323,0.614152892561983,0.744444444444444,"South Africa","Vynnycky-high",67.62,112.82
36,35,5320,3356,8,50,5937,0.596971461852068,0.742252066115702,"South Africa","Vynnycky-high",67.12,106.4
38,35,7575,4957,10,50,8418,0.585901386748844,0.748025573523881,"South Africa","Vynnycky-high",99.14,151.5
40,35,6502,4348,14,50,7249,0.585106382978723,0.751479289940828,"South Africa","Vynnycky-high",86.96,130.04
42,35,5604,3848,6,50,6311,0.598023064250412,0.744753538311371,"South Africa","Vynnycky-high",76.96,112.08
44,35,5478,3854,9,50,6133,0.607559755419678,0.743,"South Africa","Vynnycky-high",77.08,109.56
46,35,7861,5515,15,50,8797,0.58712715855573,0.744954766875435,"South Africa","Vynnycky-high",110.3,157.22
48,35,5327,3822,7,50,5951,0.604951560818084,0.755068493150685,"South Africa","Vynnycky-high",76.44,106.54
50,35,6102,4284,9,50,6839,0.59536990437846,0.74306502955889,"South Africa","Vynnycky-high",85.68,122.04
0.5,36,60397,392,48,50,67510,0.595073056400539,0.740925071914525,"South Africa","Vynnycky-high",7.84,1207.94
1,36,47127,608,53,50,52561,0.595081862776327,0.743473124630833,"South Africa","Vynnycky-high",12.16,942.54
2,36,32456,805,44,50,36218,0.587344611645948,0.739719029374202,"South Africa","Vynnycky-high",16.1,649.12
3,36,26981,964,44,50,30271,0.596260623229462,0.74722390470422,"South Africa","Vynnycky-high",19.28,539.62
4,36,22452,1116,48,50,25075,0.589625827367284,0.7460024600246,"South Africa","Vynnycky-high",22.32,449.04
5,36,20796,1343,36,50,23176,0.591626828914965,0.739077833042076,"South Africa","Vynnycky-high",26.86,415.92
6,36,19670,1488,33,50,22062,0.596842744383728,0.742501727712509,"South Africa","Vynnycky-high",29.76,393.4
7,36,20170,1860,34,50,22534,0.595164835164835,0.745092618191872,"South Africa","Vynnycky-high",37.2,403.4
8,36,17859,1867,35,50,20014,0.586830320119423,0.733095533498759,"South Africa","Vynnycky-high",37.34,357.18
9,36,17354,2112,30,50,19434,0.577747062888735,0.740828589500316,"South Africa","Vynnycky-high",42.24,347.08
10,36,14937,2116,31,50,16634,0.589109905565602,0.754731122353382,"South Africa","Vynnycky-high",42.32,298.74
12,36,16950,3029,25,50,18970,0.593359514459122,0.748707175177763,"South Africa","Vynnycky-high",60.58,339
14,36,13603,2939,17,50,15175,0.596597268860533,0.741316639741519,"South Africa","Vynnycky-high",58.78,272.06
16,36,10589,2778,12,50,11849,0.590126939351199,0.743655472955652,"South Africa","Vynnycky-high",55.56,211.78
18,36,10794,3324,17,50,12059,0.590277777777778,0.724280901788028,"South Africa","Vynnycky-high",66.48,215.88
20,36,8271,2965,15,50,9257,0.600500715307582,0.753181513730743,"South Africa","Vynnycky-high",59.3,165.42
22,36,9378,3714,18,50,10510,0.608489071903706,0.737293144208038,"South Africa","Vynnycky-high",74.28,187.56
24,36,9036,3885,22,50,10078,0.597105351733423,0.75919629057187,"South Africa","Vynnycky-high",77.7,180.72
26,36,8322,3941,12,50,9254,0.587808417997097,0.743368700265252,"South Africa","Vynnycky-high",78.82,166.44
28,36,8169,4135,9,50,9131,0.589379207180254,0.746540668241647,"South Africa","Vynnycky-high",82.7,163.38
30,36,6854,3673,12,50,7691,0.586253369272237,0.735001986491855,"South Africa","Vynnycky-high",73.46,137.08
32,36,8418,4732,15,50,9407,0.587142857142857,0.734714003944773,"South Africa","Vynnycky-high",94.64,168.36
34,36,8332,5008,8,50,9303,0.588102409638554,0.737838720208945,"South Africa","Vynnycky-high",100.16,166.64
36,36,6351,4023,11,50,7110,0.594506517690875,0.764118158123371,"South Africa","Vynnycky-high",80.46,127.02
38,36,5698,3721,9,50,6377,0.599783666846944,0.738313253012048,"South Africa","Vynnycky-high",74.42,113.96
40,36,7957,5358,8,50,8862,0.603613994617455,0.736120630568883,"South Africa","Vynnycky-high",107.16,159.14
42,36,6285,4267,7,50,6989,0.57620253164557,0.729636048526863,"South Africa","Vynnycky-high",85.34,125.7
44,36,6428,4449,7,50,7218,0.591730038022814,0.739186851211073,"South Africa","Vynnycky-high",88.98,128.56
46,36,8648,6055,6,50,9709,0.593023255813954,0.749840051183621,"South Africa","Vynnycky-high",121.1,172.96
48,36,6303,4465,10,50,7028,0.595795508838987,0.748041775456919,"South Africa","Vynnycky-high",89.3,126.06
50,36,5828,4073,14,50,6497,0.595107338991513,0.729504172803142,"South Africa","Vynnycky-high",81.46,116.56
0.5,37,63264,412,46,50,70719,0.591737891737892,0.74285084820445,"South Africa","Vynnycky-high",8.24,1265.28
1,37,42226,490,48,50,47193,0.588083458808346,0.743779465688842,"South Africa","Vynnycky-high",9.8,844.52
2,37,31630,761,49,50,35233,0.591713711606545,0.742273487716827,"South Africa","Vynnycky-high",15.22,632.6
3,37,28134,989,40,50,31558,0.591854419410745,0.746265761396702,"South Africa","Vynnycky-high",19.78,562.68
4,37,22246,1131,38,50,24889,0.594800598883898,0.743177570093458,"South Africa","Vynnycky-high",22.62,444.92
5,37,22336,1413,45,50,24962,0.593413978494624,0.739332329317269,"South Africa","Vynnycky-high",28.26,446.72
6,37,25255,1897,42,50,28193,0.587657613967022,0.737919826652221,"South Africa","Vynnycky-high",37.94,505.1
7,37,19587,1833,34,50,21862,0.605638072143074,0.74506128334535,"South Africa","Vynnycky-high",36.66,391.74
8,37,19218,2012,28,50,21439,0.597279341980386,0.745679723502304,"South Africa","Vynnycky-high",40.24,384.36
9,37,18773,2330,31,50,20960,0.596229508196721,0.747297692082968,"South Africa","Vynnycky-high",46.6,375.46
10,37,21079,2913,24,50,23518,0.578560316786876,0.736325013276686,"South Africa","Vynnycky-high",58.26,421.58
12,37,16584,2844,28,50,18487,0.588660166124955,0.737081299444538,"South Africa","Vynnycky-high",56.88,331.68
14,37,13703,2955,29,50,15309,0.590353557398516,0.744962344799512,"South Africa","Vynnycky-high",59.1,274.06
16,37,14933,3921,26,50,16634,0.587861390198893,0.740076824583867,"South Africa","Vynnycky-high",78.42,298.66
18,37,10844,3316,20,50,12115,0.582264665757162,0.752938170669392,"South Africa","Vynnycky-high",66.32,216.88
20,37,7624,2639,20,50,8538,0.585513078470825,0.749392572023603,"South Africa","Vynnycky-high",52.78,152.48
22,37,11288,4426,18,50,12583,0.593775819333517,0.741293532338308,"South Africa","Vynnycky-high",88.52,225.76
24,37,9158,3863,12,50,10268,0.592495062541145,0.73335360291882,"South Africa","Vynnycky-high",77.26,183.16
26,37,11282,5297,13,50,12590,0.591719221277763,0.748075072184793,"South Africa","Vynnycky-high",105.94,225.64
28,37,7986,3988,15,50,8881,0.587928464977645,0.733356940509915,"South Africa","Vynnycky-high",79.76,159.72
30,37,7101,3886,15,50,7942,0.587011884550085,0.750681729645501,"South Africa","Vynnycky-high",77.72,142.02
32,37,7043,4052,13,50,7867,0.598094413165873,0.739447429009977,"South Africa","Vynnycky-high",81.04,140.86
34,37,6986,4172,9,50,7830,0.587232181897683,0.744260974627467,"South Africa","Vynnycky-high",83.44,139.72
36,37,8330,5252,15,50,9274,0.59355547418528,0.75172640578757,"South Africa","Vynnycky-high",105.04,166.6
38,37,5972,3843,10,50,6697,0.585415604283529,0.739661654135338,"South Africa","Vynnycky-high",76.86,119.44
40,37,8109,5570,9,50,9107,0.614164086687306,0.757616337462337,"South Africa","Vynnycky-high",111.4,162.18
42,37,6147,4162,7,50,6875,0.593535749265426,0.73570110701107,"South Africa","Vynnycky-high",83.24,122.94
44,37,5407,3700,13,50,6008,0.574324324324324,0.718245967741935,"South Africa","Vynnycky-high",74,108.14
46,37,5871,4142,8,50,6544,0.58848167539267,0.747641509433962,"South Africa","Vynnycky-high",82.84,117.42
48,37,6805,4780,16,50,7653,0.587527839643653,0.743373493975904,"South Africa","Vynnycky-high",95.6,136.1
50,37,5986,4251,12,50,6670,0.603007518796992,0.751295336787565,"South Africa","Vynnycky-high",85.02,119.72
0.5,38,70286,451,49,50,78506,0.590357311371338,0.743507774883574,"South Africa","Vynnycky-high",9.02,1405.72
1,38,44768,562,53,50,50054,0.596539839156586,0.735728346456693,"South Africa","Vynnycky-high",11.24,895.36
2,38,29537,742,47,50,33061,0.591281211625051,0.734337237404722,"South Africa","Vynnycky-high",14.84,590.74
3,38,23690,901,44,50,26426,0.585447520927238,0.732566248256625,"South Africa","Vynnycky-high",18.02,473.8
4,38,26504,1248,44,50,29505,0.587963484728953,0.737133891213389,"South Africa","Vynnycky-high",24.96,530.08
5,38,20766,1292,37,50,23082,0.599770312948607,0.736646785950961,"South Africa","Vynnycky-high",25.84,415.32
6,38,19002,1472,31,50,21285,0.605536332179931,0.750110766504209,"South Africa","Vynnycky-high",29.44,380.04
7,38,23464,2061,40,50,26279,0.595360164060497,0.738653960690887,"South Africa","Vynnycky-high",41.22,469.28
8,38,21081,2199,30,50,23668,0.595697122101146,0.746892957370039,"South Africa","Vynnycky-high",43.98,421.62
9,38,17205,2098,32,50,19257,0.583980239943543,0.743634350782856,"South Africa","Vynnycky-high",41.96,344.1
10,38,22684,3211,25,50,25356,0.591383462670591,0.738386901152214,"South Africa","Vynnycky-high",64.22,453.68
12,38,11771,2083,24,50,13183,0.597086159256468,0.742233815508655,"South Africa","Vynnycky-high",41.66,235.42
14,38,17989,3939,27,50,20122,0.602103120759837,0.740825338815289,"South Africa","Vynnycky-high",78.78,359.78
16,38,12083,3214,28,50,13492,0.593129770992366,0.742024328666514,"South Africa","Vynnycky-high",64.28,241.66
18,38,11104,3416,21,50,12431,0.598772023491725,0.735301414041181,"South Africa","Vynnycky-high",68.32,222.08
20,38,10665,3692,18,50,11967,0.586846543001686,0.733904465212876,"South Africa","Vynnycky-high",73.84,213.3
22,38,8998,3543,14,50,10119,0.59114927344782,0.744904458598726,"South Africa","Vynnycky-high",70.86,179.96
24,38,8132,3469,12,50,9114,0.595035198221564,0.734728315896051,"South Africa","Vynnycky-high",69.38,162.64
26,38,7323,3415,16,50,8165,0.612463887742468,0.739910313901345,"South Africa","Vynnycky-high",68.3,146.46
28,38,7839,3974,13,50,8803,0.592818945760122,0.756700313261399,"South Africa","Vynnycky-high",79.48,156.78
30,38,7070,3798,17,50,7927,0.588185654008439,0.732489117530669,"South Africa","Vynnycky-high",75.96,141.4
32,38,6657,3800,10,50,7485,0.582585278276481,0.750199203187251,"South Africa","Vynnycky-high",76,133.14
34,38,6225,3728,9,50,6921,0.580048661800487,0.747585601404741,"South Africa","Vynnycky-high",74.56,124.5
36,38,7654,4750,12,50,8556,0.588424437299035,0.74031971580817,"South Africa","Vynnycky-high",95,153.08
38,38,8647,5606,14,50,9675,0.591037402964008,0.74251115360102,"South Africa","Vynnycky-high",112.12,172.94
40,38,6950,4677,12,50,7784,0.595616673828964,0.74020618556701,"South Africa","Vynnycky-high",93.54,139
42,38,7087,4850,13,50,7924,0.609151973131822,0.726808176100629,"South Africa","Vynnycky-high",97,141.74
44,38,6821,4780,11,50,7606,0.598831985624438,0.744955609362389,"South Africa","Vynnycky-high",95.6,136.42
46,38,6333,4431,4,50,7131,0.589622641509434,0.742540494458653,"South Africa","Vynnycky-high",88.62,126.66
48,38,7597,5363,9,50,8516,0.593064966121961,0.751163623344074,"South Africa","Vynnycky-high",107.26,151.94
50,38,6376,4488,10,50,7129,0.59705611775529,0.744288224956063,"South Africa","Vynnycky-high",89.76,127.52
0.5,39,67390,419,48,50,75363,0.594441191044642,0.741133440184112,"South Africa","Vynnycky-high",8.38,1347.8
1,39,41358,518,50,50,46186,0.597803459909554,0.742178138729863,"South Africa","Vynnycky-high",10.36,827.16
2,39,24892,620,45,50,27911,0.588620647822395,0.740228370663153,"South Africa","Vynnycky-high",12.4,497.84
3,39,27205,1010,45,50,30426,0.597867140635414,0.739121676067687,"South Africa","Vynnycky-high",20.2,544.1
4,39,25488,1256,41,50,28418,0.594907960793689,0.750695484699337,"South Africa","Vynnycky-high",25.12,509.76
5,39,20619,1350,34,50,22994,0.586315940779071,0.738647276718343,"South Africa","Vynnycky-high",27,412.38
6,39,27979,2091,39,50,31182,0.602425434283841,0.735717100078802,"South Africa","Vynnycky-high",41.82,559.58
7,39,14462,1293,35,50,16170,0.578131374949,0.751881149913178,"South Africa","Vynnycky-high",25.86,289.24
8,39,13482,1499,32,50,15096,0.596913300045393,0.739625711960944,"South Africa","Vynnycky-high",29.98,269.64
9,39,13870,1741,26,50,15593,0.598911860718172,0.748950629622227,"South Africa","Vynnycky-high",34.82,277.4
10,39,21037,2893,24,50,23523,0.599485420240137,0.74527178944584,"South Africa","Vynnycky-high",57.86,420.74
12,39,17139,3023,28,50,19138,0.592469352014011,0.746688741721854,"South Africa","Vynnycky-high",60.46,342.78
14,39,11012,2335,18,50,12328,0.573447893569845,0.747363134103466,"South Africa","Vynnycky-high",46.7,220.24
16,39,11122,2917,22,50,12440,0.596994535519126,0.745326535566885,"South Africa","Vynnycky-high",58.34,222.44
18,39,11418,3626,13,50,12792,0.602222796588266,0.745808019441069,"South Africa","Vynnycky-high",72.52,228.36
20,39,12374,4254,15,50,13816,0.587585868498528,0.732150875617423,"South Africa","Vynnycky-high",85.08,247.48
22,39,10590,4281,20,50,11855,0.609039548022599,0.752645502645503,"South Africa","Vynnycky-high",85.62,211.8
24,39,10451,4450,17,50,11699,0.586709414164966,0.728424386381631,"South Africa","Vynnycky-high",89,209.02
26,39,7420,3453,13,50,8300,0.585345886205485,0.744688644688645,"South Africa","Vynnycky-high",69.06,148.4
28,39,8705,4519,11,50,9690,0.603072525902108,0.743691091517178,"South Africa","Vynnycky-high",90.38,174.1
30,39,7252,3953,11,50,8077,0.610169491525424,0.743589743589744,"South Africa","Vynnycky-high",79.06,145.04
32,39,8690,5009,18,50,9683,0.590704127644814,0.735275288092189,"South Africa","Vynnycky-high",100.18,173.8
34,39,6262,3820,11,50,6962,0.595192307692308,0.759308510638298,"South Africa","Vynnycky-high",76.4,125.24
36,39,6824,4267,16,50,7617,0.598109810981098,0.72059413890004,"South Africa","Vynnycky-high",85.34,136.48
38,39,5003,3236,13,50,5628,0.582603254067585,0.738527214514408,"South Africa","Vynnycky-high",64.72,100.06
40,39,7314,4863,7,50,8220,0.585708384964891,0.737912509593246,"South Africa","Vynnycky-high",97.26,146.28
42,39,6041,4121,9,50,6720,0.585641025641026,0.736745043798986,"South Africa","Vynnycky-high",82.42,120.82
44,39,6534,4539,6,50,7355,0.601915184678523,0.757751136833402,"South Africa","Vynnycky-high",90.78,130.68
46,39,7792,5486,11,50,8663,0.598452611218569,0.74874731567645,"South Africa","Vynnycky-high",109.72,155.84
48,39,6343,4501,11,50,7111,0.59392789373814,0.752177700348432,"South Africa","Vynnycky-high",90.02,126.86
50,39,7031,4982,7,50,7844,0.591397849462366,0.745624270711785,"South Africa","Vynnycky-high",99.64,140.62
0.5,40,50028,329,50,50,55704,0.586238089494633,0.74081419049193,"South Africa","Vynnycky-high",6.58,1000.56
1,40,32146,397,50,50,35898,0.595475028163725,0.736532641591007,"South Africa","Vynnycky-high",7.94,642.92
2,40,32511,821,51,50,36346,0.591885223430504,0.747160789001793,"South Africa","Vynnycky-high",16.42,650.22
3,40,37854,1415,39,50,42241,0.595011301259283,0.742981501632209,"South Africa","Vynnycky-high",28.3,757.08
4,40,25301,1234,41,50,28269,0.595037340399904,0.744641090469386,"South Africa","Vynnycky-high",24.68,506.02
5,40,25310,1530,40,50,28195,0.597344083471662,0.740420407269542,"South Africa","Vynnycky-high",30.6,506.2
6,40,19365,1442,39,50,21596,0.58586803930744,0.734441602728048,"South Africa","Vynnycky-high",28.84,387.3
7,40,21299,1923,33,50,23809,0.594524867421528,0.749293603904444,"South Africa","Vynnycky-high",38.46,425.98
8,40,16013,1753,35,50,17936,0.596989329268293,0.753859348198971,"South Africa","Vynnycky-high",35.06,320.26
9,40,18765,2297,36,50,20938,0.588827541409549,0.7356086128607,"South Africa","Vynnycky-high",45.94,375.3
10,40,18752,2618,29,50,20913,0.607080764975502,0.74343191712956,"South Africa","Vynnycky-high",52.36,375.04
12,40,13478,2404,26,50,15065,0.598045747279591,0.740412371134021,"South Africa","Vynnycky-high",48.08,269.56
14,40,14977,3274,22,50,16677,0.599836668027766,0.741266375545852,"South Africa","Vynnycky-high",65.48,299.54
16,40,10302,2864,25,50,11527,0.614091981132076,0.757021727609963,"South Africa","Vynnycky-high",57.28,206.04
18,40,11204,3493,20,50,12492,0.602792225568026,0.751943817406571,"South Africa","Vynnycky-high",69.86,224.08
20,40,8944,3089,20,50,9971,0.571381578947368,0.744563552833078,"South Africa","Vynnycky-high",61.78,178.88
22,40,10387,4052,14,50,11582,0.596854063501311,0.744098712446352,"South Africa","Vynnycky-high",81.04,207.74
24,40,9885,4294,17,50,11029,0.591128545564273,0.74985590778098,"South Africa","Vynnycky-high",85.88,197.7
26,40,6644,3132,17,50,7405,0.58983666061706,0.748234316576651,"South Africa","Vynnycky-high",62.64,132.88
28,40,7150,3625,14,50,8034,0.583403185247276,0.741698841698842,"South Africa","Vynnycky-high",72.5,143
30,40,7560,4154,15,50,8463,0.603944773175542,0.753054424287301,"South Africa","Vynnycky-high",83.08,151.2
32,40,9477,5413,11,50,10629,0.603470031545741,0.746721072573594,"South Africa","Vynnycky-high",108.26,189.54
34,40,7718,4666,8,50,8610,0.612504824392127,0.737068965517241,"South Africa","Vynnycky-high",93.32,154.36
36,40,5583,3458,8,50,6277,0.577173913043478,0.737567700640079,"South Africa","Vynnycky-high",69.16,111.66
38,40,5891,3786,14,50,6562,0.574121242995415,0.730009407337723,"South Africa","Vynnycky-high",75.72,117.82
40,40,6080,4022,14,50,6797,0.577092511013216,0.732077205882353,"South Africa","Vynnycky-high",80.44,121.6
42,40,7740,5282,11,50,8703,0.604668962877918,0.732429539778808,"South Africa","Vynnycky-high",105.64,154.8
44,40,7277,5025,9,50,8162,0.586745462220346,0.739489489489489,"South Africa","Vynnycky-high",100.5,145.54
46,40,6304,4468,12,50,7078,0.580771107857491,0.75010752688172,"South Africa","Vynnycky-high",89.36,126.08
48,40,6776,4792,9,50,7608,0.57940108892922,0.749596774193548,"South Africa","Vynnycky-high",95.84,135.52
50,40,5949,4223,8,50,6694,0.600901352028042,0.749656750572082,"South Africa","Vynnycky-high",84.46,118.98
0.5,41,54119,358,45,50,60531,0.598412875824299,0.741544546422595,"South Africa","Vynnycky-high",7.16,1082.38
1,41,36953,466,47,50,41327,0.592438006383501,0.740403432184254,"South Africa","Vynnycky-high",9.32,739.06
2,41,27126,669,41,50,30331,0.59484698469847,0.747236027994726,"South Africa","Vynnycky-high",13.38,542.52
3,41,25920,934,44,50,28902,0.5809556947344,0.747455057396578,"South Africa","Vynnycky-high",18.68,518.4
4,41,29880,1463,37,50,33370,0.59185952090946,0.74118729866544,"South Africa","Vynnycky-high",29.26,597.6
5,41,22102,1423,39,50,24737,0.598039215686274,0.746468308538567,"South Africa","Vynnycky-high",28.46,442.04
6,41,18124,1352,38,50,20240,0.5885,0.746096710626042,"South Africa","Vynnycky-high",27.04,362.48
7,41,24229,2210,32,50,27120,0.599291646311676,0.747139588100686,"South Africa","Vynnycky-high",44.2,484.58
8,41,17588,1803,39,50,19625,0.592395958212023,0.742069849407241,"South Africa","Vynnycky-high",36.06,351.76
9,41,19087,2312,34,50,21376,0.584605597964377,0.74639027877055,"South Africa","Vynnycky-high",46.24,381.74
10,41,15986,2211,25,50,17905,0.599693251533742,0.744640713428228,"South Africa","Vynnycky-high",44.22,319.72
12,41,14936,2612,21,50,16640,0.590557429081531,0.744038748137109,"South Africa","Vynnycky-high",52.24,298.72
14,41,14366,3158,22,50,16084,0.592515592515592,0.752804715725423,"South Africa","Vynnycky-high",63.16,287.32
16,41,11328,2972,25,50,12609,0.599139090664514,0.751522533495737,"South Africa","Vynnycky-high",59.44,226.56
18,41,11899,3713,24,50,13312,0.588558581064202,0.739201114723641,"South Africa","Vynnycky-high",74.26,237.98
20,41,12142,4288,13,50,13556,0.597721518987342,0.739713571266197,"South Africa","Vynnycky-high",85.76,242.84
22,41,9797,3872,11,50,11032,0.604942037827944,0.749094959621275,"South Africa","Vynnycky-high",77.44,195.94
24,41,7030,3040,14,50,7862,0.600254885301614,0.747442958300551,"South Africa","Vynnycky-high",60.8,140.6
26,41,8467,4014,9,50,9503,0.591615468015902,0.751509374006991,"South Africa","Vynnycky-high",80.28,169.34
28,41,9047,4713,16,50,10057,0.592394929953302,0.759876543209877,"South Africa","Vynnycky-high",94.26,180.94
30,41,7996,4248,14,50,8969,0.584627035213934,0.733424005440326,"South Africa","Vynnycky-high",84.96,159.92
32,41,8482,4913,9,50,9484,0.603418207185211,0.743639921722113,"South Africa","Vynnycky-high",98.26,169.64
34,41,6928,4168,13,50,7708,0.589446589446589,0.757684630738523,"South Africa","Vynnycky-high",83.36,138.56
36,41,6518,4114,15,50,7265,0.605116279069767,0.744627054361568,"South Africa","Vynnycky-high",82.28,130.36
38,41,5620,3691,10,50,6265,0.615592853275582,0.74198250728863,"South Africa","Vynnycky-high",73.82,112.4
40,41,6790,4464,14,50,7626,0.57773851590106,0.733170134638923,"South Africa","Vynnycky-high",89.28,135.8
42,41,6834,4644,12,50,7621,0.592939174819226,0.746256576284905,"South Africa","Vynnycky-high",92.88,136.68
44,41,5937,4181,12,50,6637,0.607607607607608,0.745938628158845,"South Africa","Vynnycky-high",83.62,118.74
46,41,6096,4265,14,50,6823,0.596334819217434,0.740674955595027,"South Africa","Vynnycky-high",85.3,121.92
48,41,6292,4433,5,50,7063,0.588009592326139,0.75065274151436,"South Africa","Vynnycky-high",88.66,125.84
50,41,5848,4075,7,50,6485,0.58211217786761,0.741842610364683,"South Africa","Vynnycky-high",81.5,116.96
0.5,42,42813,318,51,50,47958,0.602137599093998,0.744661807952947,"South Africa","Vynnycky-high",6.36,856.26
1,42,40053,503,46,50,44888,0.590939773494337,0.740383289673239,"South Africa","Vynnycky-high",10.06,801.06
2,42,28832,727,43,50,32230,0.586736325834311,0.743661971830986,"South Africa","Vynnycky-high",14.54,576.64
3,42,23152,885,40,50,25913,0.595722618276086,0.742375697163878,"South Africa","Vynnycky-high",17.7,463.04
4,42,21960,1087,36,50,24604,0.605323916881706,0.737147177419355,"South Africa","Vynnycky-high",21.74,439.2
5,42,17369,1102,33,50,19353,0.592618384401114,0.73515836383893,"South Africa","Vynnycky-high",22.04,347.38
6,42,23449,1712,40,50,26078,0.584321223709369,0.747092333254213,"South Africa","Vynnycky-high",34.24,468.98
7,42,21430,1922,37,50,23994,0.58750353406842,0.739003305364861,"South Africa","Vynnycky-high",38.44,428.6
8,42,21100,2111,31,50,23633,0.592702588035639,0.730496453900709,"South Africa","Vynnycky-high",42.22,422
9,42,18278,2221,30,50,20445,0.579564212611423,0.740723844282238,"South Africa","Vynnycky-high",44.42,365.56
10,42,17457,2444,35,50,19534,0.596066034422199,0.742189965288735,"South Africa","Vynnycky-high",48.88,349.14
12,42,18885,3228,24,50,21007,0.586924939467312,0.745996768032907,"South Africa","Vynnycky-high",64.56,377.7
14,42,13849,2989,17,50,15445,0.582446230719096,0.738636363636364,"South Africa","Vynnycky-high",59.78,276.98
16,42,14672,3864,18,50,16421,0.587006000413822,0.742970371768258,"South Africa","Vynnycky-high",77.28,293.44
18,42,15529,4720,19,50,17348,0.598910717759191,0.73957401109719,"South Africa","Vynnycky-high",94.4,310.58
20,42,9080,3154,22,50,10197,0.597039473684211,0.746666666666667,"South Africa","Vynnycky-high",63.08,181.6
22,42,9656,3727,17,50,10741,0.587705681465383,0.736050881757733,"South Africa","Vynnycky-high",74.54,193.12
24,42,8964,3901,9,50,10039,0.595278246205734,0.741279951471034,"South Africa","Vynnycky-high",78.02,179.28
26,42,9107,4258,14,50,10131,0.601011804384486,0.734932533733133,"South Africa","Vynnycky-high",85.16,182.14
28,42,9149,4591,12,50,10231,0.595826645264848,0.729288574068371,"South Africa","Vynnycky-high",91.82,182.98
30,42,9064,4960,21,50,10144,0.599025974025974,0.751099937146449,"South Africa","Vynnycky-high",99.2,181.28
32,42,7242,4107,7,50,8065,0.583473154362416,0.741112828438949,"South Africa","Vynnycky-high",82.14,144.84
34,42,7425,4410,8,50,8263,0.584006462035541,0.735518292682927,"South Africa","Vynnycky-high",88.2,148.5
36,42,6094,3811,11,50,6757,0.581926514399206,0.731336405529954,"South Africa","Vynnycky-high",76.22,121.88
38,42,6793,4362,9,50,7582,0.5754039497307,0.736863217007621,"South Africa","Vynnycky-high",87.24,135.86
40,42,7838,5200,10,50,8765,0.577315689981096,0.755977496483826,"South Africa","Vynnycky-high",104,156.76
42,42,8086,5527,7,50,9042,0.599090564607806,0.746396705559369,"South Africa","Vynnycky-high",110.54,161.72
44,42,5132,3580,9,50,5752,0.608493310063991,0.742351046698873,"South Africa","Vynnycky-high",71.6,102.64
46,42,6891,4779,10,50,7738,0.582179930795848,0.742215214820654,"South Africa","Vynnycky-high",95.58,137.82
48,42,5689,3946,13,50,6388,0.578783151326053,0.738834951456311,"South Africa","Vynnycky-high",78.92,113.78
50,42,7872,5505,9,50,8832,0.579954954954955,0.738053714684339,"South Africa","Vynnycky-high",110.1,157.44
0.5,43,59862,358,49,50,66852,0.594488781809968,0.746008030628443,"South Africa","Vynnycky-high",7.16,1197.24
1,43,36817,448,49,50,41119,0.588585607940447,0.744360902255639,"South Africa","Vynnycky-high",8.96,736.34
2,43,32471,796,46,50,36282,0.588870277312488,0.734796291570979,"South Africa","Vynnycky-high",15.92,649.42
3,43,25812,912,41,50,28824,0.591041983393755,0.730966090850928,"South Africa","Vynnycky-high",18.24,516.24
4,43,21780,1115,44,50,24441,0.592926490984743,0.737239841427156,"South Africa","Vynnycky-high",22.3,435.6
5,43,27486,1736,39,50,30817,0.596795291039895,0.74050822122571,"South Africa","Vynnycky-high",34.72,549.72
6,43,19540,1515,40,50,21887,0.606914407554066,0.748399943109088,"South Africa","Vynnycky-high",30.3,390.8
7,43,20650,1912,41,50,23033,0.595352915387988,0.743582887700535,"South Africa","Vynnycky-high",38.24,413
8,43,26554,2816,29,50,29720,0.591554092405494,0.742428972837964,"South Africa","Vynnycky-high",56.32,531.08
9,43,15092,1860,32,50,16898,0.601737724792887,0.735642498205312,"South Africa","Vynnycky-high",37.2,301.84
10,43,14458,2024,33,50,16144,0.590531561461794,0.745347512343335,"South Africa","Vynnycky-high",40.48,289.16
12,43,16567,2945,25,50,18550,0.598188405797101,0.750971447879709,"South Africa","Vynnycky-high",58.9,331.34
14,43,14007,3022,17,50,15582,0.589928057553957,0.73663287616776,"South Africa","Vynnycky-high",60.44,280.14
16,43,16520,4296,23,50,18440,0.589183182070754,0.740246913580247,"South Africa","Vynnycky-high",85.92,330.4
18,43,11329,3529,16,50,12625,0.600638128157405,0.743508857073526,"South Africa","Vynnycky-high",70.58,226.58
20,43,9937,3489,13,50,11102,0.603458737864078,0.742994622134164,"South Africa","Vynnycky-high",69.78,198.74
22,43,8279,3286,13,50,9290,0.605224429727741,0.732534930139721,"South Africa","Vynnycky-high",65.72,165.58
24,43,8700,3797,12,50,9715,0.589761570827489,0.758663366336634,"South Africa","Vynnycky-high",75.94,174
26,43,9614,4464,14,50,10744,0.589559237261644,0.744588744588745,"South Africa","Vynnycky-high",89.28,192.28
28,43,9286,4695,12,50,10315,0.592105263157895,0.74001210653753,"South Africa","Vynnycky-high",93.9,185.72
30,43,9369,5098,13,50,10491,0.602980132450331,0.754794924756565,"South Africa","Vynnycky-high",101.96,187.38
32,43,6872,3980,14,50,7675,0.607142857142857,0.733922829581994,"South Africa","Vynnycky-high",79.6,137.44
34,43,8536,5040,11,50,9563,0.583100558659218,0.730322580645161,"South Africa","Vynnycky-high",100.8,170.72
36,43,8600,5429,8,50,9606,0.595737122557726,0.741468126207341,"South Africa","Vynnycky-high",108.58,172
38,43,5307,3475,11,50,5984,0.59830985915493,0.750129332643559,"South Africa","Vynnycky-high",69.5,106.14
40,43,6163,4077,12,50,6845,0.584247258225324,0.731674208144796,"South Africa","Vynnycky-high",81.54,123.26
42,43,8009,5417,12,50,8952,0.582441903356695,0.739896373056995,"South Africa","Vynnycky-high",108.34,160.18
44,43,6004,4099,14,50,6725,0.579811039283938,0.731040979745643,"South Africa","Vynnycky-high",81.98,120.08
46,43,5898,4148,14,50,6611,0.605900948366702,0.750346100599908,"South Africa","Vynnycky-high",82.96,117.96
48,43,5930,4273,9,50,6674,0.587869362363919,0.756175663311985,"South Africa","Vynnycky-high",85.46,118.6
50,43,6360,4491,15,50,7120,0.586448598130841,0.754674977738201,"South Africa","Vynnycky-high",89.82,127.2
0.5,44,57853,387,49,50,64644,0.590501373982475,0.740602045225407,"South Africa","Vynnycky-high",7.74,1157.06
1,44,31338,421,48,50,35087,0.590189412336085,0.751565217391304,"South Africa","Vynnycky-high",8.42,626.76
2,44,30987,754,48,50,34700,0.594934242571846,0.74482697110239,"South Africa","Vynnycky-high",15.08,619.74
3,44,29474,1021,39,50,32940,0.594177553749614,0.739718309859155,"South Africa","Vynnycky-high",20.42,589.48
4,44,24436,1254,43,50,27216,0.592961074493222,0.740077114992062,"South Africa","Vynnycky-high",25.08,488.72
5,44,21873,1394,35,50,24412,0.590590177465951,0.739119401091232,"South Africa","Vynnycky-high",27.88,437.46
6,44,23140,1714,34,50,25893,0.586916862131874,0.743847739119893,"South Africa","Vynnycky-high",34.28,462.8
7,44,17640,1570,29,50,19602,0.583577207781029,0.742933838623085,"South Africa","Vynnycky-high",31.4,352.8
8,44,17333,1855,28,50,19351,0.601168987450576,0.74336569579288,"South Africa","Vynnycky-high",37.1,346.66
9,44,17631,2159,29,50,19778,0.601316011472921,0.743770568876352,"South Africa","Vynnycky-high",43.18,352.62
10,44,17460,2352,22,50,19490,0.603898305084746,0.733173076923077,"South Africa","Vynnycky-high",47.04,349.2
12,44,17712,3149,33,50,19820,0.603862300587741,0.737837000309885,"South Africa","Vynnycky-high",62.98,354.24
14,44,14395,3145,26,50,16103,0.597440738409901,0.741688956820787,"South Africa","Vynnycky-high",62.9,287.9
16,44,13684,3614,19,50,15284,0.588832487309645,0.744448930157449,"South Africa","Vynnycky-high",72.28,273.68
18,44,11211,3507,15,50,12565,0.594523433385993,0.742749054224464,"South Africa","Vynnycky-high",70.14,224.22
20,44,9656,3414,19,50,10798,0.589229805886036,0.744305239179954,"South Africa","Vynnycky-high",68.28,193.12
22,44,12215,4682,17,50,13687,0.58484390735146,0.737785746302107,"South Africa","Vynnycky-high",93.64,244.3
24,44,8138,3557,13,50,9190,0.597542814594192,0.758134854075813,"South Africa","Vynnycky-high",71.14,162.76
26,44,8086,3759,13,50,9042,0.589895988112927,0.728424657534247,"South Africa","Vynnycky-high",75.18,161.72
28,44,8084,4104,13,50,9017,0.588590857574613,0.734861443722203,"South Africa","Vynnycky-high",82.08,161.68
30,44,8907,4803,16,50,9954,0.575170068027211,0.744069912609238,"South Africa","Vynnycky-high",96.06,178.14
32,44,7008,4038,7,50,7821,0.603076923076923,0.740992794235388,"South Africa","Vynnycky-high",80.76,140.16
34,44,7502,4520,15,50,8414,0.580814187827489,0.75045871559633,"South Africa","Vynnycky-high",90.4,150.04
36,44,6453,3989,10,50,7210,0.582633053221289,0.729112833763997,"South Africa","Vynnycky-high",79.78,129.06
38,44,6641,4327,9,50,7443,0.600811907983762,0.737822956374418,"South Africa","Vynnycky-high",86.54,132.82
40,44,6664,4442,13,50,7434,0.589478417266187,0.739686468646865,"South Africa","Vynnycky-high",88.84,133.28
42,44,7215,4882,11,50,8060,0.590086206896552,0.735856125889846,"South Africa","Vynnycky-high",97.64,144.3
44,44,6926,4780,3,50,7717,0.579480405107882,0.732484076433121,"South Africa","Vynnycky-high",95.6,138.52
46,44,7944,5612,13,50,8889,0.596072391220639,0.749045470322805,"South Africa","Vynnycky-high",112.24,158.88
48,44,6690,4714,9,50,7479,0.587527839643653,0.745251857968621,"South Africa","Vynnycky-high",94.28,133.8
50,44,6125,4344,9,50,6884,0.606858846918489,0.742286751361162,"South Africa","Vynnycky-high",86.88,122.5
0.5,45,52555,334,49,50,58781,0.591082581540597,0.749359544099963,"South Africa","Vynnycky-high",6.68,1051.1
1,45,45062,580,49,50,50381,0.590255752749848,0.74114990234375,"South Africa","Vynnycky-high",11.6,901.24
2,45,27702,666,45,50,30884,0.590034478923368,0.739715111066839,"South Africa","Vynnycky-high",13.32,554.04
3,45,25558,950,39,50,28528,0.59192348565356,0.743219787372532,"South Africa","Vynnycky-high",19,511.16
4,45,25034,1214,42,50,28065,0.599181018908828,0.737016574585635,"South Africa","Vynnycky-high",24.28,500.68
5,45,25155,1595,39,50,28077,0.596087729697688,0.743735638472481,"South Africa","Vynnycky-high",31.9,503.1
6,45,23427,1802,36,50,26216,0.595017976373909,0.746899134097823,"South Africa","Vynnycky-high",36.04,468.54
7,45,20562,1892,39,50,23037,0.596452653180885,0.745966128817176,"South Africa","Vynnycky-high",37.84,411.24
8,45,19938,2088,31,50,22382,0.604073445455948,0.740164931729079,"South Africa","Vynnycky-high",41.76,398.76
9,45,17698,2116,33,50,19848,0.5890434192673,0.737312972389326,"South Africa","Vynnycky-high",42.32,353.96
10,45,17207,2419,29,50,19282,0.602710790353811,0.743816254416961,"South Africa","Vynnycky-high",48.38,344.14
12,45,22203,3920,21,50,24778,0.585242771412984,0.730482095406808,"South Africa","Vynnycky-high",78.4,444.06
14,45,12409,2717,22,50,13863,0.588796185935638,0.749943579327466,"South Africa","Vynnycky-high",54.34,248.18
16,45,12524,3256,24,50,14054,0.589324356816542,0.729984301412873,"South Africa","Vynnycky-high",65.12,250.48
18,45,14378,4396,21,50,16173,0.592138630600169,0.739113827349121,"South Africa","Vynnycky-high",87.92,287.56
20,45,10290,3623,21,50,11482,0.593822170900693,0.755411255411255,"South Africa","Vynnycky-high",72.46,205.8
22,45,10345,4091,19,50,11539,0.583668775158137,0.741057127602776,"South Africa","Vynnycky-high",81.82,206.9
24,45,10511,4433,17,50,11721,0.590779738190097,0.728217426059153,"South Africa","Vynnycky-high",88.66,210.22
26,45,8785,4162,17,50,9826,0.596629986244842,0.747381783560774,"South Africa","Vynnycky-high",83.24,175.7
28,45,7488,3779,12,50,8407,0.582089552238806,0.738121146173377,"South Africa","Vynnycky-high",75.58,149.76
30,45,9096,4982,18,50,10112,0.602465844718427,0.74381679389313,"South Africa","Vynnycky-high",99.64,181.92
32,45,6529,3765,10,50,7267,0.605442176870748,0.740740740740741,"South Africa","Vynnycky-high",75.3,130.58
34,45,7364,4419,11,50,8252,0.58792965627498,0.741333333333333,"South Africa","Vynnycky-high",88.38,147.28
36,45,7141,4520,8,50,8001,0.596869712351946,0.75468809797168,"South Africa","Vynnycky-high",90.4,142.82
38,45,7417,4791,15,50,8291,0.578293289146645,0.744237918215613,"South Africa","Vynnycky-high",95.82,148.34
40,45,6815,4595,10,50,7626,0.604529616724739,0.745184590690209,"South Africa","Vynnycky-high",91.9,136.3
42,45,8096,5495,7,50,9111,0.591731266149871,0.735060449050086,"South Africa","Vynnycky-high",109.9,161.92
44,45,7314,5017,10,50,8178,0.605933974091099,0.718468468468468,"South Africa","Vynnycky-high",100.34,146.28
46,45,6724,4698,11,50,7522,0.58735072976559,0.739001692047377,"South Africa","Vynnycky-high",93.96,134.48
48,45,5136,3619,10,50,5766,0.601749271137026,0.727224576271186,"South Africa","Vynnycky-high",72.38,102.72
50,45,5206,3681,9,50,5787,0.586051743532058,0.7638217928073,"South Africa","Vynnycky-high",73.62,104.12
0.5,46,42558,304,47,50,47467,0.59670810963549,0.740817921333681,"South Africa","Vynnycky-high",6.08,851.16
1,46,39531,523,44,50,44209,0.592019606341426,0.737870806764624,"South Africa","Vynnycky-high",10.46,790.62
2,46,28769,685,48,50,32227,0.592724978973928,0.738008790368813,"South Africa","Vynnycky-high",13.7,575.38
3,46,25435,937,44,50,28478,0.588464260438783,0.746114552766004,"South Africa","Vynnycky-high",18.74,508.7
4,46,21148,1048,39,50,23608,0.597769306790908,0.746892356519439,"South Africa","Vynnycky-high",20.96,422.96
5,46,23193,1512,42,50,25781,0.601812926957436,0.739275103980986,"South Africa","Vynnycky-high",30.24,463.86
6,46,21021,1581,36,50,23534,0.596848800231281,0.738204156319435,"South Africa","Vynnycky-high",31.62,420.42
7,46,20667,1821,40,50,23124,0.595812274368231,0.741066666666667,"South Africa","Vynnycky-high",36.42,413.34
8,46,17892,1905,29,50,19965,0.6,0.7559963099631,"South Africa","Vynnycky-high",38.1,357.84
9,46,16361,2009,33,50,18299,0.589122741665115,0.734663090848139,"South Africa","Vynnycky-high",40.18,327.22
10,46,18098,2477,26,50,20310,0.584674714956405,0.741487249961826,"South Africa","Vynnycky-high",49.54,361.96
12,46,12981,2302,29,50,14426,0.590358693168837,0.73578811369509,"South Africa","Vynnycky-high",46.04,259.62
14,46,14121,3042,17,50,15843,0.596722706958927,0.754724409448819,"South Africa","Vynnycky-high",60.84,282.42
16,46,15322,4012,23,50,17145,0.590989226248776,0.752048450302814,"South Africa","Vynnycky-high",80.24,306.44
18,46,15918,4840,17,50,17696,0.584969788519637,0.744899769380876,"South Africa","Vynnycky-high",96.8,318.36
20,46,9352,3228,16,50,10452,0.585180493983534,0.728661275831087,"South Africa","Vynnycky-high",64.56,187.04
22,46,10668,4150,12,50,11976,0.605552501374382,0.744161909704203,"South Africa","Vynnycky-high",83,213.36
24,46,8851,3799,12,50,9916,0.587107438016529,0.747358607830951,"South Africa","Vynnycky-high",75.98,177.02
26,46,8580,4067,14,50,9585,0.592579379236532,0.752456418383518,"South Africa","Vynnycky-high",81.34,171.6
28,46,9265,4719,11,50,10400,0.591830170472821,0.746303962152572,"South Africa","Vynnycky-high",94.38,185.3
30,46,9740,5193,11,50,10926,0.586725109580463,0.750501289028932,"South Africa","Vynnycky-high",103.86,194.8
32,46,8376,4781,15,50,9386,0.59190791768399,0.731993299832496,"South Africa","Vynnycky-high",95.62,167.52
34,46,8805,5186,11,50,9914,0.566929133858268,0.730781201369437,"South Africa","Vynnycky-high",103.72,176.1
36,46,8262,5199,13,50,9243,0.607003891050584,0.735385679695607,"South Africa","Vynnycky-high",103.98,165.24
38,46,7318,4781,14,50,8215,0.596153846153846,0.741838649155722,"South Africa","Vynnycky-high",95.62,146.36
40,46,5745,3815,11,50,6422,0.598223615464995,0.743022136669875,"South Africa","Vynnycky-high",76.3,114.9
42,46,6140,4235,4,50,6873,0.598352214212152,0.75,"South Africa","Vynnycky-high",84.7,122.8
44,46,6859,4781,9,50,7620,0.600881057268722,0.73743248857499,"South Africa","Vynnycky-high",95.62,137.18
46,46,5181,3626,9,50,5757,0.588167719701321,0.750138811771238,"South Africa","Vynnycky-high",72.52,103.62
48,46,7156,5106,10,50,8018,0.579948141745895,0.759774436090226,"South Africa","Vynnycky-high",102.12,143.12
50,46,6417,4476,3,50,7199,0.584694353709753,0.738226559185405,"South Africa","Vynnycky-high",89.52,128.34
0.5,47,58333,410,51,50,65138,0.586182116825788,0.741937013849365,"South Africa","Vynnycky-high",8.2,1166.66
1,47,34902,470,49,50,39009,0.589429835980213,0.740077636061158,"South Africa","Vynnycky-high",9.4,698.04
2,47,27051,653,48,50,30243,0.593292820166554,0.746908655763861,"South Africa","Vynnycky-high",13.06,541.02
3,47,26655,977,39,50,29808,0.588062732709015,0.745853507777892,"South Africa","Vynnycky-high",19.54,533.1
4,47,20916,1052,38,50,23385,0.58777633289987,0.74469193695454,"South Africa","Vynnycky-high",21.04,418.32
5,47,27550,1699,40,50,30939,0.593746595489705,0.743198138970365,"South Africa","Vynnycky-high",33.98,551
6,47,27164,2119,31,50,30472,0.601761034329024,0.740195584232281,"South Africa","Vynnycky-high",42.38,543.28
7,47,20003,1862,25,50,22351,0.596078431372549,0.741113909879653,"South Africa","Vynnycky-high",37.24,400.06
8,47,23010,2501,39,50,25749,0.59738219895288,0.747195034614466,"South Africa","Vynnycky-high",50.02,460.2
9,47,18257,2245,31,50,20375,0.589945786101528,0.740924838078024,"South Africa","Vynnycky-high",44.9,365.14
10,47,25020,3498,21,50,27904,0.599180031351742,0.736636536100882,"South Africa","Vynnycky-high",69.96,500.4
12,47,15907,2769,32,50,17766,0.586751975912683,0.749471830985916,"South Africa","Vynnycky-high",55.38,318.14
14,47,15932,3479,23,50,17794,0.591570591570592,0.737649964714185,"South Africa","Vynnycky-high",69.58,318.64
16,47,13646,3600,20,50,15297,0.600948509485095,0.733708769106999,"South Africa","Vynnycky-high",72,272.92
18,47,11405,3476,9,50,12751,0.587642535136569,0.738292682926829,"South Africa","Vynnycky-high",69.52,228.1
20,47,10489,3757,18,50,11752,0.607525325615051,0.738082901554404,"South Africa","Vynnycky-high",75.14,209.78
22,47,11740,4662,19,50,13140,0.6,0.747252747252747,"South Africa","Vynnycky-high",93.24,234.8
24,47,9148,4044,15,50,10231,0.595590654820665,0.748145950756452,"South Africa","Vynnycky-high",80.88,182.96
26,47,7346,3522,18,50,8232,0.611064891846922,0.755279034690799,"South Africa","Vynnycky-high",70.44,146.92
28,47,7618,3857,8,50,8525,0.580357142857143,0.740794223826715,"South Africa","Vynnycky-high",77.14,152.36
30,47,6220,3404,11,50,6992,0.614130434782609,0.750326228795128,"South Africa","Vynnycky-high",68.08,124.4
32,47,7785,4387,9,50,8755,0.578275995361422,0.74055595153243,"South Africa","Vynnycky-high",87.74,155.7
34,47,7022,4258,11,50,7830,0.611695414387884,0.735363924050633,"South Africa","Vynnycky-high",85.16,140.44
36,47,5480,3437,13,50,6136,0.59051254089422,0.739816700610998,"South Africa","Vynnycky-high",68.74,109.6
38,47,6815,4392,16,50,7584,0.574324324324324,0.742190753852561,"South Africa","Vynnycky-high",87.84,136.3
40,47,4843,3213,11,50,5396,0.574698029243484,0.748173130972456,"South Africa","Vynnycky-high",64.26,96.86
42,47,6399,4358,7,50,7127,0.598491988689915,0.741810344827586,"South Africa","Vynnycky-high",87.16,127.98
44,47,5762,4055,7,50,6456,0.606645230439443,0.760151085930123,"South Africa","Vynnycky-high",81.1,115.24
46,47,5971,4164,5,50,6702,0.588410104011887,0.737681839511966,"South Africa","Vynnycky-high",83.28,119.42
48,47,6542,4634,10,50,7306,0.607159460715946,0.745182012847966,"South Africa","Vynnycky-high",92.68,130.84
50,47,4856,3453,12,50,5362,0.606734434561626,0.73245350929814,"South Africa","Vynnycky-high",69.06,97.12
0.5,48,50812,310,47,50,56708,0.589608523883635,0.743623354634333,"South Africa","Vynnycky-high",6.2,1016.24
1,48,41363,507,52,50,46335,0.595126933177706,0.739977319725168,"South Africa","Vynnycky-high",10.14,827.26
2,48,39471,976,51,50,44053,0.594327328478344,0.736384053902302,"South Africa","Vynnycky-high",19.52,789.42
3,48,29973,1109,37,50,33527,0.586620069895157,0.739502762430939,"South Africa","Vynnycky-high",22.18,599.46
4,48,21394,1074,38,50,23861,0.599916271281049,0.738210320052253,"South Africa","Vynnycky-high",21.48,427.88
5,48,23487,1524,40,50,26340,0.594856124267889,0.74115148655026,"South Africa","Vynnycky-high",30.48,469.74
6,48,27114,2045,33,50,30300,0.594638770840144,0.748917302536605,"South Africa","Vynnycky-high",40.9,542.28
7,48,20541,1877,34,50,23026,0.590420899854862,0.748387096774194,"South Africa","Vynnycky-high",37.54,410.82
8,48,21384,2255,34,50,23954,0.588602211511199,0.743083517339914,"South Africa","Vynnycky-high",45.1,427.68
9,48,17281,2067,33,50,19360,0.58705434406369,0.734219801345723,"South Africa","Vynnycky-high",41.34,345.62
10,48,15679,2276,27,50,17526,0.603755690440061,0.737882764654418,"South Africa","Vynnycky-high",45.52,313.58
12,48,15577,2743,27,50,17471,0.59446915490234,0.732981530343008,"South Africa","Vynnycky-high",54.86,311.54
14,48,13687,2939,16,50,15283,0.586878638602777,0.75080064051241,"South Africa","Vynnycky-high",58.78,273.74
16,48,11716,3182,23,50,13170,0.602095578839765,0.746847489888175,"South Africa","Vynnycky-high",63.64,234.32
18,48,10201,3155,17,50,11395,0.579009433962264,0.734071274298056,"South Africa","Vynnycky-high",63.1,204.02
20,48,11401,4029,18,50,12661,0.606717799523935,0.754851387865389,"South Africa","Vynnycky-high",80.58,228.02
22,48,10037,3955,13,50,11236,0.58758579528499,0.749110807113543,"South Africa","Vynnycky-high",79.1,200.74
24,48,9322,4035,19,50,10390,0.592958209937479,0.749179838950194,"South Africa","Vynnycky-high",80.7,186.44
26,48,8333,3863,11,50,9370,0.58694109297374,0.744224422442244,"South Africa","Vynnycky-high",77.26,166.66
28,48,6320,3230,13,50,7070,0.6,0.748702422145329,"South Africa","Vynnycky-high",64.6,126.4
30,48,7600,4114,14,50,8548,0.601593625498008,0.741316931982634,"South Africa","Vynnycky-high",82.28,152
32,48,7693,4391,15,50,8638,0.598952035469569,0.739594450373533,"South Africa","Vynnycky-high",87.82,153.86
34,48,8734,5216,9,50,9792,0.586941340782123,0.736993297159272,"South Africa","Vynnycky-high",104.32,174.68
36,48,6649,4130,11,50,7433,0.592863677950595,0.734349258649094,"South Africa","Vynnycky-high",82.6,132.98
38,48,7197,4657,10,50,8065,0.582459085186739,0.735137195121951,"South Africa","Vynnycky-high",93.14,143.94
40,48,7659,5082,14,50,8561,0.595979503350414,0.725207356653444,"South Africa","Vynnycky-high",101.64,153.18
42,48,7650,5155,14,50,8557,0.586805555555556,0.735779816513761,"South Africa","Vynnycky-high",103.1,153
44,48,5478,3785,13,50,6133,0.582356225572306,0.734157650695518,"South Africa","Vynnycky-high",75.7,109.56
46,48,6808,4843,8,50,7624,0.597826086956522,0.763527054108216,"South Africa","Vynnycky-high",96.86,136.16
48,48,5366,3748,13,50,5975,0.591111111111111,0.753894080996885,"South Africa","Vynnycky-high",74.96,107.32
50,48,7451,5276,7,50,8369,0.585365853658537,0.763110307414105,"South Africa","Vynnycky-high",105.52,149.02
0.5,49,59154,404,49,50,66144,0.5902845175461,0.742799512149357,"South Africa","Vynnycky-high",8.08,1183.08
1,49,26475,342,46,50,29679,0.596840659340659,0.749791840133222,"South Africa","Vynnycky-high",6.84,529.5
2,49,36479,890,42,50,40804,0.600147396003931,0.740016670455407,"South Africa","Vynnycky-high",17.8,729.58
3,49,21304,829,44,50,23812,0.600817822899041,0.754018882367951,"South Africa","Vynnycky-high",16.58,426.08
4,49,26106,1286,42,50,29205,0.597404102445243,0.737159800910728,"South Africa","Vynnycky-high",25.72,522.12
5,49,18317,1155,37,50,20525,0.598826788333062,0.74083572182833,"South Africa","Vynnycky-high",23.1,366.34
6,49,21427,1646,38,50,23877,0.591600390679503,0.73752262735971,"South Africa","Vynnycky-high",32.92,428.54
7,49,20329,1810,29,50,22702,0.60086283844094,0.737653478854025,"South Africa","Vynnycky-high",36.2,406.58
8,49,21266,2250,34,50,23735,0.595790687617126,0.740871152842984,"South Africa","Vynnycky-high",45,425.32
9,49,17257,2135,31,50,19321,0.589712292938099,0.746770025839793,"South Africa","Vynnycky-high",42.7,345.14
10,49,16532,2319,36,50,18552,0.595694645441389,0.743470304441857,"South Africa","Vynnycky-high",46.38,330.64
12,49,16133,2815,28,50,18042,0.600037643515904,0.738328822733424,"South Africa","Vynnycky-high",56.3,322.66
14,49,12230,2652,22,50,13630,0.583930778739184,0.733610341643583,"South Africa","Vynnycky-high",53.04,244.6
16,49,11468,3054,21,50,12792,0.577630234933606,0.747549019607843,"South Africa","Vynnycky-high",61.08,229.36
18,49,14263,4261,17,50,15927,0.582634859230604,0.727694090382387,"South Africa","Vynnycky-high",85.22,285.26
20,49,12046,4234,20,50,13502,0.574424552429668,0.763566764242288,"South Africa","Vynnycky-high",84.68,240.92
22,49,10417,4031,14,50,11617,0.589580318379161,0.75366568914956,"South Africa","Vynnycky-high",80.62,208.34
24,49,8326,3582,14,50,9321,0.587550054605024,0.737876802096986,"South Africa","Vynnycky-high",71.64,166.52
26,49,9544,4510,9,50,10671,0.597836461979001,0.732491389207807,"South Africa","Vynnycky-high",90.2,190.88
28,49,8499,4248,9,50,9514,0.581746316924183,0.745009658725048,"South Africa","Vynnycky-high",84.96,169.98
30,49,7059,3859,16,50,7880,0.589636439615545,0.749098196392786,"South Africa","Vynnycky-high",77.18,141.18
32,49,6903,3972,9,50,7718,0.58950201884253,0.743529411764706,"South Africa","Vynnycky-high",79.44,138.06
34,49,9706,5843,5,50,10856,0.601713741669311,0.744251261918116,"South Africa","Vynnycky-high",116.86,194.12
36,49,7717,4853,8,50,8645,0.597113884555382,0.746760459089226,"South Africa","Vynnycky-high",97.06,154.34
38,49,8580,5516,12,50,9628,0.59951031829311,0.724984066284257,"South Africa","Vynnycky-high",110.32,171.6
40,49,8492,5692,10,50,9477,0.604144713733755,0.751229105211406,"South Africa","Vynnycky-high",113.84,169.84
42,49,5723,3909,10,50,6388,0.590111642743222,0.733333333333333,"South Africa","Vynnycky-high",78.18,114.46
44,49,5348,3763,8,50,5943,0.611907386990077,0.744802494802495,"South Africa","Vynnycky-high",75.26,106.96
46,49,5000,3474,11,50,5583,0.57496977025393,0.747068676716918,"South Africa","Vynnycky-high",69.48,100
48,49,6503,4572,10,50,7227,0.586434291097504,0.744778613199666,"South Africa","Vynnycky-high",91.44,130.06
50,49,6008,4162,17,50,6680,0.580917237743806,0.732265446224256,"South Africa","Vynnycky-high",83.24,120.16
0.5,50,52695,334,46,50,58873,0.589536076598655,0.739799121155053,"South Africa","Vynnycky-high",6.68,1053.9
1,50,47014,606,50,50,52642,0.59293277203725,0.743236940298508,"South Africa","Vynnycky-high",12.12,940.28
2,50,30918,776,49,50,34634,0.58238413197172,0.737675743014771,"South Africa","Vynnycky-high",15.52,618.36
3,50,20921,763,39,50,23508,0.588720173535792,0.740895991616453,"South Africa","Vynnycky-high",15.26,418.42
4,50,26504,1318,43,50,29664,0.599047511055675,0.739993762345358,"South Africa","Vynnycky-high",26.36,530.08
5,50,19362,1238,41,50,21658,0.590690457719162,0.746545768566494,"South Africa","Vynnycky-high",24.76,387.24
6,50,22830,1727,32,50,25577,0.596523571240453,0.741865247369058,"South Africa","Vynnycky-high",34.54,456.6
7,50,14776,1351,33,50,16574,0.603174603174603,0.742036457374333,"South Africa","Vynnycky-high",27.02,295.52
8,50,21010,2175,30,50,23367,0.59713672154617,0.73773987206823,"South Africa","Vynnycky-high",43.5,420.2
9,50,16311,1995,30,50,18271,0.597173793356579,0.736727150537634,"South Africa","Vynnycky-high",39.9,326.22
10,50,18846,2609,21,50,21062,0.595046638790608,0.749163392987051,"South Africa","Vynnycky-high",52.18,376.92
12,50,12043,2090,26,50,13430,0.586800205444273,0.737663529951802,"South Africa","Vynnycky-high",41.8,240.86
14,50,11489,2560,24,50,12798,0.610156043374769,0.742392073602265,"South Africa","Vynnycky-high",51.2,229.78
16,50,11515,3035,16,50,12866,0.590316573556797,0.739513822688275,"South Africa","Vynnycky-high",60.7,230.3
18,50,8306,2477,18,50,9272,0.593531789783168,0.742992232353935,"South Africa","Vynnycky-high",49.54,166.12
20,50,11370,4030,15,50,12710,0.58201606633843,0.743295019157088,"South Africa","Vynnycky-high",80.6,227.4
22,50,9194,3588,13,50,10244,0.597840314136126,0.745217127239599,"South Africa","Vynnycky-high",71.76,183.88
24,50,6934,2959,19,50,7787,0.584568439407149,0.74249797242498,"South Africa","Vynnycky-high",59.18,138.68
26,50,5973,2783,8,50,6651,0.597144314125446,0.724894908921065,"South Africa","Vynnycky-high",55.66,119.46
28,50,10713,5474,10,50,12042,0.598645215918713,0.743236345074017,"South Africa","Vynnycky-high",109.48,214.26
30,50,6117,3337,14,50,6878,0.607364897178384,0.740994072047424,"South Africa","Vynnycky-high",66.74,122.34
32,50,6518,3819,12,50,7270,0.599907706506691,0.76712904581757,"South Africa","Vynnycky-high",76.38,130.36
34,50,7773,4656,6,50,8722,0.599132834055972,0.73300283286119,"South Africa","Vynnycky-high",93.12,155.46
36,50,5147,3301,9,50,5761,0.61277330264672,0.751198721363879,"South Africa","Vynnycky-high",66.02,102.94
38,50,5907,3797,7,50,6608,0.597974683544304,0.735080058224163,"South Africa","Vynnycky-high",75.94,118.14
40,50,6938,4638,12,50,7744,0.591208791208791,0.73842404549147,"South Africa","Vynnycky-high",92.76,138.76
42,50,7004,4832,10,50,7825,0.607632933104631,0.755401234567901,"South Africa","Vynnycky-high",96.64,140.08
44,50,7322,4996,12,50,8257,0.579185520361991,0.735898393724318,"South Africa","Vynnycky-high",99.92,146.44
46,50,6652,4635,15,50,7376,0.56046511627907,0.748044462741869,"South Africa","Vynnycky-high",92.7,133.04
48,50,7715,5451,9,50,8623,0.59156050955414,0.751957295373666,"South Africa","Vynnycky-high",109.02,154.3
50,50,8727,6089,8,50,9784,0.583389149363697,0.727185398655139,"South Africa","Vynnycky-high",121.78,174.54
0.5,51,53234,377,49,50,59646,0.592186351557641,0.737993984026553,"South Africa","Vynnycky-high",7.54,1064.68
1,51,41238,506,51,50,46059,0.59185773074662,0.741874958118341,"South Africa","Vynnycky-high",10.12,824.76
2,51,27229,680,46,50,30553,0.594289436543263,0.743280815569972,"South Africa","Vynnycky-high",13.6,544.58
3,51,26964,968,45,50,30045,0.588288288288288,0.745892438003878,"South Africa","Vynnycky-high",19.36,539.28
4,51,24780,1160,38,50,27628,0.601645989436187,0.742780689040027,"South Africa","Vynnycky-high",23.2,495.6
5,51,26402,1611,44,50,29551,0.587219935985368,0.734357282754355,"South Africa","Vynnycky-high",32.22,528.04
6,51,21093,1577,34,50,23609,0.582128025204067,0.740018090192531,"South Africa","Vynnycky-high",31.54,421.86
7,51,20898,1925,31,50,23355,0.587239583333333,0.743986254295533,"South Africa","Vynnycky-high",38.5,417.96
8,51,21513,2308,34,50,24037,0.591883070810274,0.74217547460236,"South Africa","Vynnycky-high",46.16,430.26
9,51,18895,2394,27,50,21188,0.592084515925576,0.745626822157434,"South Africa","Vynnycky-high",47.88,377.9
10,51,22497,3150,25,50,25138,0.591667779409801,0.740206947524021,"South Africa","Vynnycky-high",63,449.94
12,51,15721,2685,19,50,17532,0.586326099481467,0.737259742549815,"South Africa","Vynnycky-high",53.7,314.42
14,51,13469,2967,23,50,15000,0.58329477093938,0.75189620758483,"South Africa","Vynnycky-high",59.34,269.38
16,51,14151,3868,20,50,15832,0.593954766434158,0.735819735819736,"South Africa","Vynnycky-high",77.36,283.02
18,51,12775,3947,16,50,14228,0.599297423887588,0.736631016042781,"South Africa","Vynnycky-high",78.94,255.5
20,51,9255,3255,20,50,10340,0.581243894496906,0.734299516908213,"South Africa","Vynnycky-high",65.1,185.1
22,51,8890,3437,7,50,9969,0.591836734693878,0.737171464330413,"South Africa","Vynnycky-high",68.74,177.8
24,51,9789,4273,13,50,10905,0.584929356357928,0.741990360079388,"South Africa","Vynnycky-high",85.46,195.78
26,51,6838,3243,13,50,7605,0.602112676056338,0.738590872698158,"South Africa","Vynnycky-high",64.86,136.76
28,51,8148,4113,15,50,9117,0.583827893175074,0.750589027263548,"South Africa","Vynnycky-high",82.26,162.96
30,51,6660,3576,11,50,7435,0.589662921348315,0.760491733785502,"South Africa","Vynnycky-high",71.52,133.2
32,51,6617,3745,8,50,7481,0.587376354215732,0.745557350565428,"South Africa","Vynnycky-high",74.9,132.34
34,51,7383,4433,10,50,8276,0.58560794044665,0.744860499265786,"South Africa","Vynnycky-high",88.66,147.66
36,51,6459,4089,14,50,7189,0.606046511627907,0.738869863013699,"South Africa","Vynnycky-high",81.78,129.18
38,51,5395,3526,10,50,5994,0.617958728388176,0.7405489383739,"South Africa","Vynnycky-high",70.52,107.9
40,51,5092,3443,4,50,5705,0.610500610500611,0.741114058355438,"South Africa","Vynnycky-high",68.86,101.84
42,51,4934,3375,9,50,5547,0.571972098922004,0.755807671528903,"South Africa","Vynnycky-high",67.5,98.68
44,51,8058,5536,17,50,9028,0.585507246376812,0.736309731426578,"South Africa","Vynnycky-high",110.72,161.16
46,51,5532,3905,12,50,6253,0.598708983324368,0.748876684972541,"South Africa","Vynnycky-high",78.1,110.64
48,51,6020,4256,10,50,6752,0.5920523138833,0.744874715261959,"South Africa","Vynnycky-high",85.12,120.4
50,51,6834,4781,8,50,7640,0.57930411206507,0.741078509119746,"South Africa","Vynnycky-high",95.62,136.68
0.5,52,68834,458,46,50,76902,0.594452477980807,0.746876631984895,"South Africa","Vynnycky-high",9.16,1376.68
1,52,36481,475,47,50,40795,0.595844669799654,0.731253794778385,"South Africa","Vynnycky-high",9.5,729.62
2,52,31027,745,47,50,34719,0.601946472019465,0.74175138220082,"South Africa","Vynnycky-high",14.9,620.54
3,52,29585,1091,40,50,33040,0.594791035735918,0.741736906904063,"South Africa","Vynnycky-high",21.82,591.7
4,52,24903,1220,37,50,27819,0.595441938984686,0.740605254406385,"South Africa","Vynnycky-high",24.4,498.06
5,52,29396,1808,44,50,32812,0.584089035449299,0.742158327109783,"South Africa","Vynnycky-high",36.16,587.92
6,52,22047,1685,34,50,24657,0.593950129445429,0.736111111111111,"South Africa","Vynnycky-high",33.7,440.94
7,52,16141,1499,33,50,18030,0.591714872177645,0.739115646258503,"South Africa","Vynnycky-high",29.98,322.82
8,52,19689,2084,39,50,22023,0.59654487081486,0.744623273038029,"South Africa","Vynnycky-high",41.68,393.78
9,52,18773,2308,30,50,20988,0.594493320299772,0.73769777906808,"South Africa","Vynnycky-high",46.16,375.46
10,52,22817,3150,29,50,25491,0.595624093844734,0.746109545398848,"South Africa","Vynnycky-high",63,456.34
12,52,15845,2743,24,50,17686,0.583317205341591,0.742787625999305,"South Africa","Vynnycky-high",54.86,316.9
14,52,14620,3133,18,50,16284,0.58573165788407,0.749713193116635,"South Africa","Vynnycky-high",62.66,292.4
16,52,11790,3052,22,50,13137,0.597981943706851,0.732652587607334,"South Africa","Vynnycky-high",61.04,235.8
18,52,10578,3239,17,50,11813,0.592079207920792,0.739693446088795,"South Africa","Vynnycky-high",64.78,211.56
20,52,11738,4059,22,50,13100,0.582875098193244,0.750177095631641,"South Africa","Vynnycky-high",81.18,234.76
22,52,9445,3652,17,50,10614,0.576512455516014,0.740920789247927,"South Africa","Vynnycky-high",73.04,188.9
24,52,7502,3265,14,50,8363,0.602579604997985,0.738086303939962,"South Africa","Vynnycky-high",65.3,150.04
26,52,7014,3285,12,50,7866,0.597960050998725,0.730739299610895,"South Africa","Vynnycky-high",65.7,140.28
28,52,7010,3578,13,50,7868,0.594920361601378,0.756078431372549,"South Africa","Vynnycky-high",71.56,140.2
30,52,8416,4590,18,50,9324,0.60431654676259,0.745896257386737,"South Africa","Vynnycky-high",91.8,168.32
32,52,6860,3901,9,50,7692,0.589270386266094,0.741776315789474,"South Africa","Vynnycky-high",78.02,137.2
34,52,6518,3874,9,50,7252,0.58396775638155,0.739244951712028,"South Africa","Vynnycky-high",77.48,130.36
36,52,6058,3793,11,50,6803,0.574404761904762,0.754393871113114,"South Africa","Vynnycky-high",75.86,121.16
38,52,5730,3788,14,50,6423,0.599797365754813,0.772661173048958,"South Africa","Vynnycky-high",75.76,114.6
40,52,7165,4724,12,50,7953,0.595735785953177,0.732508697332818,"South Africa","Vynnycky-high",94.48,143.3
42,52,7073,4743,10,50,7849,0.584782608695652,0.729498639720171,"South Africa","Vynnycky-high",94.86,141.46
44,52,7838,5381,12,50,8771,0.602328201276756,0.731955023576351,"South Africa","Vynnycky-high",107.62,156.76
46,52,7156,5115,13,50,7975,0.60683048729696,0.756947162426615,"South Africa","Vynnycky-high",102.3,143.12
48,52,6138,4299,15,50,6900,0.596379647749511,0.729081863410222,"South Africa","Vynnycky-high",85.98,122.76
50,52,6146,4356,10,50,6881,0.608317214700193,0.742756804214223,"South Africa","Vynnycky-high",87.12,122.92
0.5,53,64344,438,51,50,71899,0.595190004227535,0.737037677151746,"South Africa","Vynnycky-high",8.76,1286.88
1,53,41862,534,49,50,46782,0.589502405399584,0.736715137706895,"South Africa","Vynnycky-high",10.68,837.24
2,53,32413,759,41,50,36124,0.589229340761374,0.744283276450512,"South Africa","Vynnycky-high",15.18,648.26
3,53,21925,816,48,50,24549,0.589495507947478,0.740162398500937,"South Africa","Vynnycky-high",16.32,438.5
4,53,25590,1252,40,50,28584,0.586445853887714,0.740362688674123,"South Africa","Vynnycky-high",25.04,511.8
5,53,25944,1552,35,50,29003,0.597544181776452,0.742613758895838,"South Africa","Vynnycky-high",31.04,518.88
6,53,19184,1487,29,50,21395,0.595309776580574,0.741336813107148,"South Africa","Vynnycky-high",29.74,383.68
7,53,19621,1778,31,50,21878,0.591707768187423,0.752692743764172,"South Africa","Vynnycky-high",35.56,392.42
8,53,20545,2265,40,50,22934,0.587916116732659,0.745670852610707,"South Africa","Vynnycky-high",45.3,410.9
9,53,20184,2513,32,50,22541,0.589024753951685,0.737695978186776,"South Africa","Vynnycky-high",50.26,403.68
10,53,13109,1839,33,50,14661,0.592533211177279,0.749893932965634,"South Africa","Vynnycky-high",36.78,262.18
12,53,16723,2938,24,50,18661,0.596323661921067,0.74634974533107,"South Africa","Vynnycky-high",58.76,334.46
14,53,13575,3009,31,50,15156,0.601833221551531,0.740170247263883,"South Africa","Vynnycky-high",60.18,271.5
16,53,11736,3074,30,50,13169,0.588652482269504,0.7375,"South Africa","Vynnycky-high",61.48,234.72
18,53,8600,2598,21,50,9586,0.60204802259887,0.732438339057134,"South Africa","Vynnycky-high",51.96,172
20,53,11507,4057,14,50,12812,0.594244231267825,0.739709144688193,"South Africa","Vynnycky-high",81.14,230.14
22,53,10912,4307,14,50,12173,0.5964666292765,0.739601714141669,"South Africa","Vynnycky-high",86.14,218.24
24,53,7314,3116,12,50,8217,0.587510271158587,0.740811638591118,"South Africa","Vynnycky-high",62.32,146.28
26,53,8069,3813,11,50,9023,0.589928057553957,0.7581567440296,"South Africa","Vynnycky-high",76.26,161.38
28,53,7931,4070,15,50,8845,0.584036838066001,0.743091095189355,"South Africa","Vynnycky-high",81.4,158.62
30,53,6932,3759,16,50,7724,0.599559471365639,0.736345776031434,"South Africa","Vynnycky-high",75.18,138.64
32,53,7341,4204,7,50,8176,0.596659707724426,0.727988010490821,"South Africa","Vynnycky-high",84.08,146.82
34,53,6294,3836,11,50,7040,0.602970297029703,0.752414398595259,"South Africa","Vynnycky-high",76.72,125.88
36,53,6345,3982,14,50,7121,0.612225405921681,0.741267787839586,"South Africa","Vynnycky-high",79.64,126.9
38,53,6510,4280,16,50,7276,0.591827364554637,0.757601713062098,"South Africa","Vynnycky-high",85.6,130.2
40,53,6337,4218,16,50,7155,0.60292039566651,0.735547886108714,"South Africa","Vynnycky-high",84.36,126.74
42,53,7011,4740,11,50,7825,0.590832632464256,0.730647709320695,"South Africa","Vynnycky-high",94.8,140.22
44,53,6736,4702,12,50,7520,0.591479820627803,0.730941704035874,"South Africa","Vynnycky-high",94.04,134.72
46,53,6272,4449,13,50,6996,0.596560196560197,0.767290126141801,"South Africa","Vynnycky-high",88.98,125.44
48,53,5960,4294,10,50,6703,0.620315581854043,0.757958801498127,"South Africa","Vynnycky-high",85.88,119.2
50,53,4556,3199,9,50,5083,0.593059936908517,0.735732009925558,"South Africa","Vynnycky-high",63.98,91.12
0.5,54,52747,354,50,50,58984,0.593084653381025,0.745215878538668,"South Africa","Vynnycky-high",7.08,1054.94
1,54,41831,548,45,50,46814,0.58718115470771,0.745135419405732,"South Africa","Vynnycky-high",10.96,836.62
2,54,25712,646,44,50,28789,0.595169775227164,0.74353562005277,"South Africa","Vynnycky-high",12.92,514.24
3,54,22069,817,39,50,24697,0.582030719043088,0.738698586527442,"South Africa","Vynnycky-high",16.34,441.38
4,54,21972,1063,39,50,24557,0.594452877052573,0.74412762215802,"South Africa","Vynnycky-high",21.26,439.44
5,54,26488,1688,38,50,29593,0.598168870803662,0.746669442131557,"South Africa","Vynnycky-high",33.76,529.76
6,54,25341,1934,37,50,28313,0.59881560613098,0.744278606965174,"South Africa","Vynnycky-high",38.68,506.82
7,54,19635,1789,37,50,21890,0.583676582761251,0.739670575097711,"South Africa","Vynnycky-high",35.78,392.7
8,54,19100,2045,35,50,21339,0.590189873417722,0.746595958148201,"South Africa","Vynnycky-high",40.9,382
9,54,15294,1908,25,50,17160,0.583877995642701,0.747869318181818,"South Africa","Vynnycky-high",38.16,305.88
10,54,17568,2400,29,50,19583,0.590124722364599,0.739779874213837,"South Africa","Vynnycky-high",48,351.36
12,54,18351,3228,18,50,20510,0.595378564405113,0.73539570506082,"South Africa","Vynnycky-high",64.56,367.02
14,54,18003,3963,16,50,20139,0.600266933600267,0.750301204819277,"South Africa","Vynnycky-high",79.26,360.06
16,54,14905,3851,24,50,16773,0.590687271248475,0.734690032033164,"South Africa","Vynnycky-high",77.02,298.1
18,54,8144,2539,16,50,9139,0.593338213762811,0.760982359045313,"South Africa","Vynnycky-high",50.78,162.88
20,54,9334,3331,11,50,10392,0.602547770700637,0.742647058823529,"South Africa","Vynnycky-high",66.62,186.68
22,54,8626,3381,13,50,9635,0.599653379549393,0.741791520561046,"South Africa","Vynnycky-high",67.62,172.52
24,54,9059,3885,15,50,10080,0.589861751152074,0.74588163514338,"South Africa","Vynnycky-high",77.7,181.18
26,54,10922,5122,14,50,12212,0.592532025074952,0.741206030150754,"South Africa","Vynnycky-high",102.44,218.44
28,54,8130,4031,17,50,9145,0.580798827409307,0.737773152965661,"South Africa","Vynnycky-high",80.62,162.6
30,54,6939,3728,12,50,7815,0.592412880458756,0.73886562618957,"South Africa","Vynnycky-high",74.56,138.78
32,54,7844,4539,10,50,8799,0.58735632183908,0.747095010252905,"South Africa","Vynnycky-high",90.78,156.88
34,54,7887,4823,14,50,8805,0.603634957463264,0.750959190791768,"South Africa","Vynnycky-high",96.46,157.74
36,54,7437,4682,10,50,8298,0.588042588042588,0.748627881448957,"South Africa","Vynnycky-high",93.64,148.74
38,54,6375,4092,12,50,7088,0.578390804597701,0.743296703296703,"South Africa","Vynnycky-high",81.84,127.5
40,54,7950,5320,11,50,8901,0.6015625,0.73661311914324,"South Africa","Vynnycky-high",106.4,159
42,54,4837,3293,8,50,5410,0.595266990291262,0.753573470554603,"South Africa","Vynnycky-high",65.86,96.74
44,54,7942,5518,8,50,8827,0.584840323201231,0.745218579234973,"South Africa","Vynnycky-high",110.36,158.84
46,54,7914,5566,11,50,8846,0.601512287334594,0.741854636591479,"South Africa","Vynnycky-high",111.32,158.28
48,54,6180,4342,16,50,6881,0.589526184538653,0.733479212253829,"South Africa","Vynnycky-high",86.84,123.6
50,54,7113,5065,11,50,7947,0.590371991247265,0.747859922178988,"South Africa","Vynnycky-high",101.3,142.26
0.5,55,62726,456,47,50,70408,0.591554758326465,0.744440092266179,"South Africa","Vynnycky-high",9.12,1254.52
1,55,39520,502,49,50,44298,0.595046345540191,0.745134834584376,"South Africa","Vynnycky-high",10.04,790.4
2,55,30300,789,43,50,33883,0.595871377530766,0.733266276517922,"South Africa","Vynnycky-high",15.78,606
3,55,27683,1003,46,50,30899,0.593360995850622,0.750396982929734,"South Africa","Vynnycky-high",20.06,553.66
4,55,26844,1348,40,50,30008,0.589668396120009,0.736515997968512,"South Africa","Vynnycky-high",26.96,536.88
5,55,25102,1545,34,50,27977,0.59061044080755,0.741853529216834,"South Africa","Vynnycky-high",30.9,502.04
6,55,24902,1920,37,50,27877,0.591884271178129,0.747672763114664,"South Africa","Vynnycky-high",38.4,498.04
7,55,24308,2239,34,50,27134,0.594229816740961,0.747247758483713,"South Africa","Vynnycky-high",44.78,486.16
8,55,20397,2129,35,50,22813,0.586576589807608,0.744391570360299,"South Africa","Vynnycky-high",42.58,407.94
9,55,16584,1997,37,50,18512,0.593722447540116,0.746524245506952,"South Africa","Vynnycky-high",39.94,331.68
10,55,15552,2153,36,50,17359,0.589019911076745,0.749555634553857,"South Africa","Vynnycky-high",43.06,311.04
12,55,12531,2226,24,50,13938,0.591006936139679,0.745268314406591,"South Africa","Vynnycky-high",44.52,250.62
14,55,15142,3313,24,50,16944,0.58220271348763,0.755824790307549,"South Africa","Vynnycky-high",66.26,302.84
16,55,12224,3189,19,50,13683,0.587943438352766,0.732919254658385,"South Africa","Vynnycky-high",63.78,244.48
18,55,14870,4532,12,50,16537,0.586158192090395,0.736054673069819,"South Africa","Vynnycky-high",90.64,297.4
20,55,12772,4465,18,50,14279,0.598472575792641,0.741814985717425,"South Africa","Vynnycky-high",89.3,255.44
22,55,9800,3914,11,50,10951,0.594243268337976,0.753394292047659,"South Africa","Vynnycky-high",78.28,196
24,55,9692,4216,21,50,10825,0.589214175654854,0.739769452449568,"South Africa","Vynnycky-high",84.32,193.84
26,55,10418,4838,14,50,11654,0.59551518592109,0.737249666221629,"South Africa","Vynnycky-high",96.76,208.36
28,55,9381,4715,10,50,10540,0.589149746192893,0.751333728512152,"South Africa","Vynnycky-high",94.3,187.62
30,55,9054,4901,14,50,10102,0.590924369747899,0.74219228413962,"South Africa","Vynnycky-high",98.02,181.08
32,55,6907,3979,14,50,7695,0.58151700087184,0.745937376139516,"South Africa","Vynnycky-high",79.58,138.14
34,55,6022,3555,11,50,6692,0.58126582278481,0.735556599342414,"South Africa","Vynnycky-high",71.1,120.44
36,55,7439,4658,12,50,8336,0.59229853116316,0.738666666666667,"South Africa","Vynnycky-high",93.16,148.78
38,55,7437,4828,9,50,8321,0.590665014456836,0.750268336314848,"South Africa","Vynnycky-high",96.56,148.74
40,55,6218,4120,9,50,6932,0.580440097799511,0.731558271497163,"South Africa","Vynnycky-high",82.4,124.36
42,55,6303,4319,8,50,7022,0.606688648139425,0.743284896521356,"South Africa","Vynnycky-high",86.38,126.06
44,55,5153,3663,9,50,5802,0.618117229129662,0.769878883622959,"South Africa","Vynnycky-high",73.26,103.06
46,55,5918,4130,10,50,6594,0.591476091476091,0.722836095764273,"South Africa","Vynnycky-high",82.6,118.36
48,55,6795,4797,13,50,7567,0.593641114982578,0.743515850144092,"South Africa","Vynnycky-high",95.94,135.9
50,55,5932,4230,10,50,6627,0.597067745197169,0.749882684185828,"South Africa","Vynnycky-high",84.6,118.64
0.5,56,44711,308,45,50,49891,0.598004815961472,0.737279783171122,"South Africa","Vynnycky-high",6.16,894.22
1,56,30761,413,48,50,34314,0.592384887839433,0.740883779414406,"South Africa","Vynnycky-high",8.26,615.22
2,56,22970,564,45,50,25667,0.591010061413825,0.751044277360067,"South Africa","Vynnycky-high",11.28,459.4
3,56,28667,1049,44,50,32049,0.602192066805845,0.740851597953075,"South Africa","Vynnycky-high",20.98,573.34
4,56,28467,1427,42,50,31748,0.595983086680761,0.74540811315195,"South Africa","Vynnycky-high",28.54,569.34
5,56,28361,1780,37,50,31656,0.586912716088663,0.743642209880152,"South Africa","Vynnycky-high",35.6,567.22
6,56,20410,1543,37,50,22736,0.591715976331361,0.739059527045393,"South Africa","Vynnycky-high",30.86,408.2
7,56,18211,1669,33,50,20288,0.595649285951511,0.745024125452352,"South Africa","Vynnycky-high",33.38,364.22
8,56,19449,2026,31,50,21757,0.595771144278607,0.742215988779804,"South Africa","Vynnycky-high",40.52,388.98
9,56,21726,2593,28,50,24285,0.589904046725073,0.74309462915601,"South Africa","Vynnycky-high",51.86,434.52
10,56,17789,2500,29,50,19879,0.594005449591281,0.74425108763207,"South Africa","Vynnycky-high",50,355.78
12,56,17747,3161,21,50,19870,0.596571622539036,0.744964363185621,"South Africa","Vynnycky-high",63.22,354.94
14,56,13040,2828,20,50,14628,0.59445727482679,0.733485666805152,"South Africa","Vynnycky-high",56.56,260.8
16,56,14243,3701,14,50,15888,0.579230273059557,0.743056867560929,"South Africa","Vynnycky-high",74.02,284.86
18,56,10222,3224,19,50,11407,0.610483637416739,0.733884297520661,"South Africa","Vynnycky-high",64.48,204.44
20,56,12632,4444,19,50,14193,0.601289134438306,0.748490945674044,"South Africa","Vynnycky-high",88.88,252.64
22,56,9993,3934,15,50,11146,0.585103200717918,0.748752079866889,"South Africa","Vynnycky-high",78.68,199.86
24,56,7540,3204,10,50,8480,0.586487586487586,0.749819494584838,"South Africa","Vynnycky-high",64.08,150.8
26,56,8923,4165,13,50,10008,0.59267965077233,0.741284403669725,"South Africa","Vynnycky-high",83.3,178.46
28,56,10431,5192,10,50,11663,0.574584050487665,0.741100323624595,"South Africa","Vynnycky-high",103.84,208.62
30,56,8850,4851,9,50,9877,0.609223300970874,0.748969889064976,"South Africa","Vynnycky-high",97.02,177
32,56,9535,5484,16,50,10606,0.599548969072165,0.74095854160541,"South Africa","Vynnycky-high",109.68,190.7
34,56,6370,3786,10,50,7156,0.589934762348555,0.724423160644319,"South Africa","Vynnycky-high",75.72,127.4
36,56,6831,4351,11,50,7674,0.607078853046595,0.75789905621666,"South Africa","Vynnycky-high",87.02,136.62
38,56,7022,4589,13,50,7872,0.612682090831191,0.751675206937328,"South Africa","Vynnycky-high",91.78,140.44
40,56,7074,4725,12,50,7957,0.613655640373198,0.745724907063197,"South Africa","Vynnycky-high",94.5,141.48
42,56,8103,5564,11,50,9083,0.593299571484223,0.750413770274743,"South Africa","Vynnycky-high",111.28,162.06
44,56,6591,4519,14,50,7338,0.592321755027422,0.736204013377926,"South Africa","Vynnycky-high",90.38,131.82
46,56,4986,3479,8,50,5597,0.585193889541716,0.756521739130435,"South Africa","Vynnycky-high",69.58,99.72
48,56,6871,4884,11,50,7655,0.608599290780142,0.74212833798326,"South Africa","Vynnycky-high",97.68,137.42
50,56,6200,4419,13,50,6935,0.592664092664093,0.754801250558285,"South Africa","Vynnycky-high",88.38,124
0.5,57,56987,361,47,50,63600,0.596325929045163,0.738325046309837,"South Africa","Vynnycky-high",7.22,1139.74
1,57,36678,481,50,50,41072,0.599411620495219,0.740645551440018,"South Africa","Vynnycky-high",9.62,733.56
2,57,27916,684,44,50,31235,0.590998256320837,0.743497757847534,"South Africa","Vynnycky-high",13.68,558.32
3,57,33500,1194,42,50,37440,0.588474760267776,0.747299509001637,"South Africa","Vynnycky-high",23.88,670
4,57,23172,1154,47,50,25893,0.58937891440501,0.738326731484816,"South Africa","Vynnycky-high",23.08,463.44
5,57,25316,1554,39,50,28307,0.592513113972341,0.738733847323271,"South Africa","Vynnycky-high",31.08,506.32
6,57,23403,1813,44,50,26188,0.597716065403582,0.738853503184713,"South Africa","Vynnycky-high",36.26,468.06
7,57,20162,1842,29,50,22495,0.597709696609161,0.736994618462812,"South Africa","Vynnycky-high",36.84,403.24
8,57,20785,2215,28,50,23292,0.602984201287303,0.75089677162216,"South Africa","Vynnycky-high",44.3,415.7
9,57,16551,2100,35,50,18526,0.59426601342769,0.747577681256265,"South Africa","Vynnycky-high",42,331.02
10,57,18833,2588,25,50,21092,0.596382597360274,0.750110440288617,"South Africa","Vynnycky-high",51.76,376.66
12,57,12577,2173,26,50,14113,0.596921596921597,0.739196525515744,"South Africa","Vynnycky-high",43.46,251.54
14,57,15447,3455,23,50,17281,0.602076124567474,0.741017431519032,"South Africa","Vynnycky-high",69.1,308.94
16,57,10658,2851,18,50,11868,0.587830080367394,0.735705209656925,"South Africa","Vynnycky-high",57.02,213.16
18,57,10202,3235,22,50,11464,0.605999423132391,0.740048740861089,"South Africa","Vynnycky-high",64.7,204.04
20,57,10674,3740,18,50,11858,0.59360599078341,0.73336719146775,"South Africa","Vynnycky-high",74.8,213.48
22,57,9075,3516,22,50,10130,0.592127026132981,0.74182497664279,"South Africa","Vynnycky-high",70.32,181.5
24,57,9023,3960,14,50,10155,0.586635325721961,0.745716862037872,"South Africa","Vynnycky-high",79.2,180.46
26,57,9002,4260,13,50,10168,0.590220385674931,0.755898366606171,"South Africa","Vynnycky-high",85.2,180.04
28,57,7599,3846,17,50,8496,0.59402390438247,0.750181818181818,"South Africa","Vynnycky-high",76.92,151.98
30,57,7039,3794,13,50,7922,0.59439966058549,0.73771152296535,"South Africa","Vynnycky-high",75.88,140.78
32,57,7369,4251,9,50,8250,0.601784266017843,0.737434358589647,"South Africa","Vynnycky-high",85.02,147.38
34,57,7596,4578,14,50,8492,0.592131674026495,0.740767300107565,"South Africa","Vynnycky-high",91.56,151.92
36,57,6362,4016,12,50,7100,0.605746585021196,0.741130091984231,"South Africa","Vynnycky-high",80.32,127.24
38,57,6636,4222,6,50,7437,0.592641843971631,0.734361610968295,"South Africa","Vynnycky-high",84.44,132.72
40,57,5115,3418,10,50,5673,0.583869082407949,0.735879505110274,"South Africa","Vynnycky-high",68.36,102.3
42,57,6722,4633,11,50,7483,0.595608417200366,0.738989898989899,"South Africa","Vynnycky-high",92.66,134.44
44,57,6550,4581,12,50,7332,0.600552231937414,0.744017094017094,"South Africa","Vynnycky-high",91.62,131
46,57,5865,4135,11,50,6583,0.602008456659619,0.751818181818182,"South Africa","Vynnycky-high",82.7,117.3
48,57,6956,4909,8,50,7783,0.594512195121951,0.733576642335766,"South Africa","Vynnycky-high",98.18,139.12
50,57,8238,5737,8,50,9252,0.565735567970205,0.736682400539447,"South Africa","Vynnycky-high",114.74,164.76
0.5,58,53723,370,47,50,60128,0.595911949685535,0.739741602067183,"South Africa","Vynnycky-high",7.4,1074.46
1,58,34912,454,51,50,39096,0.592855919136543,0.745806962025316,"South Africa","Vynnycky-high",9.08,698.24
2,58,26184,662,46,50,29236,0.596366145354186,0.747238876617229,"South Africa","Vynnycky-high",13.24,523.68
3,58,22199,820,43,50,24893,0.592873594363907,0.746270496856121,"South Africa","Vynnycky-high",16.4,443.98
4,58,24121,1130,40,50,26979,0.601560533601812,0.739306827402341,"South Africa","Vynnycky-high",22.6,482.42
5,58,25793,1683,39,50,28934,0.598519888991674,0.749384170504445,"South Africa","Vynnycky-high",33.66,515.86
6,58,25158,1938,38,50,28174,0.589991738463354,0.744062741632608,"South Africa","Vynnycky-high",38.76,503.16
7,58,24856,2230,37,50,27819,0.591566560431478,0.743436357593885,"South Africa","Vynnycky-high",44.6,497.12
8,58,21026,2213,29,50,23520,0.592031182330013,0.74056045257203,"South Africa","Vynnycky-high",44.26,420.52
9,58,18315,2243,29,50,20485,0.587518524617158,0.741266209000763,"South Africa","Vynnycky-high",44.86,366.3
10,58,18075,2513,34,50,20157,0.593174974907996,0.735347432024169,"South Africa","Vynnycky-high",50.26,361.5
12,58,16567,3013,24,50,18476,0.601501006772835,0.738641995704609,"South Africa","Vynnycky-high",60.26,331.34
14,58,14907,3221,21,50,16635,0.596421471172962,0.748075840060071,"South Africa","Vynnycky-high",64.42,298.14
16,58,14604,3807,20,50,16384,0.5875,0.738574384051157,"South Africa","Vynnycky-high",76.14,292.08
18,58,10298,3177,20,50,11591,0.594664371772806,0.737988973483854,"South Africa","Vynnycky-high",63.54,205.96
20,58,10664,3684,18,50,11951,0.598232107214143,0.73448364666495,"South Africa","Vynnycky-high",73.68,213.28
22,58,11202,4415,24,50,12529,0.596300326441785,0.745310245310245,"South Africa","Vynnycky-high",88.3,224.04
24,58,11031,4781,16,50,12232,0.586321934945788,0.748129675810474,"South Africa","Vynnycky-high",95.62,220.62
26,58,8694,4027,8,50,9686,0.596472282217423,0.734177215189873,"South Africa","Vynnycky-high",80.54,173.88
28,58,8123,4091,9,50,9026,0.586444363899964,0.734369602763385,"South Africa","Vynnycky-high",81.82,162.46
30,58,7098,3866,12,50,7918,0.599238256453661,0.734088246778602,"South Africa","Vynnycky-high",77.32,141.96
32,58,4932,2885,13,50,5522,0.5841642228739,0.758888888888889,"South Africa","Vynnycky-high",57.7,98.64
34,58,6241,3796,8,50,6929,0.589347934295669,0.747066492829205,"South Africa","Vynnycky-high",75.92,124.82
36,58,6784,4267,7,50,7556,0.594157303370787,0.742762613730356,"South Africa","Vynnycky-high",85.34,135.68
38,58,6898,4464,10,50,7716,0.589965397923875,0.748711850971066,"South Africa","Vynnycky-high",89.28,137.96
40,58,7084,4693,8,50,7886,0.584421235857267,0.735,"South Africa","Vynnycky-high",93.86,141.68
42,58,6584,4505,7,50,7388,0.606514084507042,0.756210526315789,"South Africa","Vynnycky-high",90.1,131.68
44,58,6820,4680,9,50,7616,0.578307830783078,0.733922829581994,"South Africa","Vynnycky-high",93.6,136.4
46,58,6460,4496,7,50,7222,0.581792318634424,0.736707783921735,"South Africa","Vynnycky-high",89.92,129.2
48,58,7276,5185,13,50,8149,0.598582742809504,0.760885885885886,"South Africa","Vynnycky-high",103.7,145.52
50,58,6709,4635,13,50,7469,0.574486675404107,0.726130653266332,"South Africa","Vynnycky-high",92.7,134.18
0.5,59,62267,369,50,50,69641,0.589953669836625,0.740574226574672,"South Africa","Vynnycky-high",7.38,1245.34
1,59,38370,477,49,50,43037,0.589358055468993,0.741923879415785,"South Africa","Vynnycky-high",9.54,767.4
2,59,27113,654,44,50,30273,0.598248371884123,0.741104294478528,"South Africa","Vynnycky-high",13.08,542.26
3,59,25181,903,40,50,28107,0.592849325063845,0.736991692173153,"South Africa","Vynnycky-high",18.06,503.62
4,59,25355,1222,46,50,28359,0.601103156906466,0.734509419579658,"South Africa","Vynnycky-high",24.44,507.1
5,59,20716,1273,41,50,23208,0.587584423049289,0.739276590022859,"South Africa","Vynnycky-high",25.46,414.32
6,59,23785,1806,33,50,26613,0.579234279918864,0.731102135025967,"South Africa","Vynnycky-high",36.12,475.7
7,59,22085,2032,37,50,24651,0.588697655508877,0.740866290018832,"South Africa","Vynnycky-high",40.64,441.7
8,59,18445,1985,31,50,20760,0.593810444874275,0.739802880970432,"South Africa","Vynnycky-high",39.7,368.9
9,59,17772,2154,32,50,19815,0.588866189989785,0.742229781970002,"South Africa","Vynnycky-high",43.08,355.44
10,59,20008,2704,32,50,22342,0.589508492409439,0.73777597182717,"South Africa","Vynnycky-high",54.08,400.16
12,59,18162,3227,30,50,20227,0.587274869550581,0.746372430471584,"South Africa","Vynnycky-high",64.54,363.24
14,59,14000,3004,25,50,15674,0.587193169690502,0.732472691161867,"South Africa","Vynnycky-high",60.08,280
16,59,12719,3352,24,50,14230,0.59688622754491,0.754458460200087,"South Africa","Vynnycky-high",67.04,254.38
18,59,12930,3959,17,50,14482,0.597448618001417,0.748655357881671,"South Africa","Vynnycky-high",79.18,258.6
20,59,11586,4093,16,50,12920,0.5913499344692,0.749823653891371,"South Africa","Vynnycky-high",81.86,231.72
22,59,12009,4716,16,50,13445,0.596655687864201,0.7359839178021,"South Africa","Vynnycky-high",94.32,240.18
24,59,9218,3999,22,50,10294,0.598284960422164,0.73652872878833,"South Africa","Vynnycky-high",79.98,184.36
26,59,6315,2905,16,50,7033,0.58893657606104,0.737756010685663,"South Africa","Vynnycky-high",58.1,126.3
28,59,6926,3530,15,50,7757,0.586221651690201,0.749603174603175,"South Africa","Vynnycky-high",70.6,138.52
30,59,7775,4219,7,50,8687,0.592848904267589,0.770057306590258,"South Africa","Vynnycky-high",84.38,155.5
32,59,7696,4406,11,50,8607,0.593538093338652,0.740185581727338,"South Africa","Vynnycky-high",88.12,153.92
34,59,7788,4708,16,50,8758,0.583042973286876,0.753684210526316,"South Africa","Vynnycky-high",94.16,155.76
36,59,5768,3583,10,50,6451,0.59280205655527,0.733649289099526,"South Africa","Vynnycky-high",71.66,115.36
38,59,5877,3828,11,50,6559,0.593512417638115,0.753504108264862,"South Africa","Vynnycky-high",76.56,117.54
40,59,6994,4671,11,50,7766,0.59375,0.735576923076923,"South Africa","Vynnycky-high",93.42,139.88
42,59,6399,4359,10,50,7128,0.58394495412844,0.7518406236466,"South Africa","Vynnycky-high",87.18,127.98
44,59,4973,3443,12,50,5594,0.592682926829268,0.735440931780366,"South Africa","Vynnycky-high",68.86,99.46
46,59,6805,4749,6,50,7593,0.593242650285213,0.745687926193341,"South Africa","Vynnycky-high",94.98,136.1
48,59,6723,4781,10,50,7533,0.612053571428571,0.745491803278688,"South Africa","Vynnycky-high",95.62,134.46
50,59,5952,4219,8,50,6623,0.592667001506781,0.751156336725254,"South Africa","Vynnycky-high",84.38,119.04
0.5,60,55957,365,49,50,62618,0.5952791549903,0.743841397585632,"South Africa","Vynnycky-high",7.3,1119.14
1,60,33283,431,48,50,37225,0.589787618617262,0.745924486865445,"South Africa","Vynnycky-high",8.62,665.66
2,60,28863,693,45,50,32393,0.598202009518773,0.742089496348998,"South Africa","Vynnycky-high",13.86,577.26
3,60,32058,1151,42,50,35941,0.594398340248963,0.738259074488216,"South Africa","Vynnycky-high",23.02,641.16
4,60,21002,1031,31,50,23499,0.590552325581395,0.738527352864921,"South Africa","Vynnycky-high",20.62,420.04
5,60,21671,1334,38,50,24328,0.597479106726949,0.736582901881551,"South Africa","Vynnycky-high",26.68,433.42
6,60,23015,1747,32,50,25744,0.5919622987302,0.746256038647343,"South Africa","Vynnycky-high",34.94,460.3
7,60,21360,1928,34,50,23921,0.596376087887002,0.735648568096411,"South Africa","Vynnycky-high",38.56,427.2
8,60,18716,2052,34,50,20853,0.598970067589314,0.745257452574526,"South Africa","Vynnycky-high",41.04,374.32
9,60,22705,2647,27,50,25348,0.584594594594595,0.745946604900646,"South Africa","Vynnycky-high",52.94,454.1
10,60,17439,2474,29,50,19471,0.596021827143109,0.751804204581111,"South Africa","Vynnycky-high",49.48,348.78
12,60,16285,2853,25,50,18214,0.595176252319109,0.738247145735393,"South Africa","Vynnycky-high",57.06,325.7
14,60,13266,2916,21,50,14838,0.598086124401914,0.732720818542493,"South Africa","Vynnycky-high",58.32,265.32
16,60,12126,3142,13,50,13564,0.593270658090054,0.743748566184905,"South Africa","Vynnycky-high",62.84,242.52
18,60,11973,3623,15,50,13344,0.595614482406935,0.752152664649756,"South Africa","Vynnycky-high",72.46,239.46
20,60,9812,3391,18,50,10948,0.590183679614574,0.746178252091145,"South Africa","Vynnycky-high",67.82,196.24
22,60,12100,4788,17,50,13510,0.590007347538575,0.736502076603599,"South Africa","Vynnycky-high",95.76,242
24,60,10464,4532,18,50,11732,0.597417181358787,0.742384453781513,"South Africa","Vynnycky-high",90.64,209.28
26,60,8212,3793,14,50,9188,0.576313894888409,0.737998647734956,"South Africa","Vynnycky-high",75.86,164.24
28,60,9180,4609,12,50,10254,0.580073553995319,0.741556091676719,"South Africa","Vynnycky-high",92.18,183.6
30,60,7474,3989,14,50,8333,0.588514851485148,0.744329104190696,"South Africa","Vynnycky-high",79.78,149.48
32,60,6827,3864,13,50,7652,0.593571114046676,0.728198859005705,"South Africa","Vynnycky-high",77.28,136.54
34,60,9544,5656,9,50,10620,0.583359205215771,0.737714451875545,"South Africa","Vynnycky-high",113.12,190.88
36,60,6394,3983,10,50,7132,0.604115629593337,0.739840804356933,"South Africa","Vynnycky-high",79.66,127.88
38,60,6839,4522,14,50,7681,0.588576528335565,0.767265469061876,"South Africa","Vynnycky-high",90.44,136.78
40,60,7582,5006,8,50,8462,0.583805668016194,0.732283464566929,"South Africa","Vynnycky-high",100.12,151.64
42,60,6268,4285,16,50,7001,0.586206896551724,0.750773309765798,"South Africa","Vynnycky-high",85.7,125.36
44,60,6274,4328,14,50,7027,0.579200770341839,0.749336870026525,"South Africa","Vynnycky-high",86.56,125.48
46,60,5642,3968,15,50,6275,0.590380549682875,0.754192620987063,"South Africa","Vynnycky-high",79.36,112.84
48,60,6756,4683,14,50,7531,0.591939546599496,0.718997912317328,"South Africa","Vynnycky-high",93.66,135.12
50,60,6608,4673,11,50,7415,0.607305936073059,0.745777027027027,"South Africa","Vynnycky-high",93.46,132.16
0.5,61,62860,448,48,50,70287,0.596632996632997,0.74197222587287,"South Africa","Vynnycky-high",8.96,1257.2
1,61,37050,452,52,50,41460,0.599443899247628,0.740427126264519,"South Africa","Vynnycky-high",9.04,741
2,61,25276,626,46,50,28318,0.588078085056937,0.745685840707965,"South Africa","Vynnycky-high",12.52,505.52
3,61,27881,971,42,50,31217,0.595609915911325,0.747442958300551,"South Africa","Vynnycky-high",19.42,557.62
4,61,30760,1516,41,50,34370,0.589432912900983,0.746351508639986,"South Africa","Vynnycky-high",30.32,615.2
5,61,30247,1902,41,50,33803,0.593781344032096,0.735071876151861,"South Africa","Vynnycky-high",38.04,604.94
6,61,29002,2237,37,50,32428,0.586199815176096,0.735134103273838,"South Africa","Vynnycky-high",44.74,580.04
7,61,22502,2061,35,50,25122,0.591992501339047,0.738980121002593,"South Africa","Vynnycky-high",41.22,450.04
8,61,22567,2390,34,50,25139,0.598688703728999,0.743162188099808,"South Africa","Vynnycky-high",47.8,451.34
9,61,21661,2654,27,50,24219,0.595718059224246,0.73935417470732,"South Africa","Vynnycky-high",53.08,433.22
10,61,17627,2442,34,50,19706,0.600623484586076,0.75256450108797,"South Africa","Vynnycky-high",48.84,352.54
12,61,15479,2722,32,50,17319,0.591053677932406,0.740178571428571,"South Africa","Vynnycky-high",54.44,309.58
14,61,11427,2482,20,50,12868,0.604719764011799,0.736454372623574,"South Africa","Vynnycky-high",49.64,228.54
16,61,12120,3140,22,50,13603,0.601492537313433,0.74693148850703,"South Africa","Vynnycky-high",62.8,242.4
18,61,14121,4419,18,50,15813,0.603901611535199,0.742450808494058,"South Africa","Vynnycky-high",88.38,282.42
20,61,9445,3360,15,50,10605,0.590543881334981,0.749408983451537,"South Africa","Vynnycky-high",67.2,188.9
22,61,9258,3665,11,50,10360,0.595571475089547,0.75,"South Africa","Vynnycky-high",73.3,185.16
24,61,10011,4337,17,50,11230,0.601823708206687,0.732608695652174,"South Africa","Vynnycky-high",86.74,200.22
26,61,7806,3683,18,50,8695,0.582906656163844,0.75944404846757,"South Africa","Vynnycky-high",73.66,156.12
28,61,9411,4783,14,50,10536,0.607165706973768,0.743370654095463,"South Africa","Vynnycky-high",95.66,188.22
30,61,6554,3568,13,50,7322,0.603321033210332,0.757208524864187,"South Africa","Vynnycky-high",71.36,131.08
32,61,6888,4006,14,50,7707,0.597597597597598,0.753252032520325,"South Africa","Vynnycky-high",80.12,137.76
34,61,5896,3541,16,50,6557,0.587639850825786,0.739530602853198,"South Africa","Vynnycky-high",70.82,117.92
36,61,8796,5522,11,50,9795,0.594371997254633,0.740508315029809,"South Africa","Vynnycky-high",110.44,175.92
38,61,7893,5085,16,50,8847,0.59089198343997,0.728836889194769,"South Africa","Vynnycky-high",101.7,157.86
40,61,6576,4358,10,50,7388,0.589464123524069,0.744759556103576,"South Africa","Vynnycky-high",87.16,131.52
42,61,7733,5302,11,50,8703,0.605794891345787,0.744202898550725,"South Africa","Vynnycky-high",106.04,154.66
44,61,6505,4451,10,50,7278,0.580324909747292,0.742992669253989,"South Africa","Vynnycky-high",89.02,130.1
46,61,5880,4167,10,50,6578,0.614688128772636,0.743936567164179,"South Africa","Vynnycky-high",83.34,117.6
48,61,8069,5643,8,50,9034,0.587046050168476,0.732466643859049,"South Africa","Vynnycky-high",112.86,161.38
50,61,6846,4794,12,50,7611,0.601374570446735,0.744271685761047,"South Africa","Vynnycky-high",95.88,136.92
0.5,62,44018,309,49,50,49221,0.591588913282108,0.743151969981238,"South Africa","Vynnycky-high",6.18,880.36
1,62,28591,372,48,50,31899,0.599936380023327,0.745524542829644,"South Africa","Vynnycky-high",7.44,571.82
2,62,39000,934,49,50,43500,0.590184335381504,0.741912548880199,"South Africa","Vynnycky-high",18.68,780
3,62,27973,1014,44,50,31322,0.594130434782609,0.746401644962303,"South Africa","Vynnycky-high",20.28,559.46
4,62,30581,1457,45,50,34175,0.591894060995185,0.738758992805755,"South Africa","Vynnycky-high",29.14,611.62
5,62,22847,1396,43,50,25552,0.595811932042671,0.734736326930136,"South Africa","Vynnycky-high",27.92,456.94
6,62,26384,1960,37,50,29518,0.591995490417136,0.737782448765108,"South Africa","Vynnycky-high",39.2,527.68
7,62,23955,2083,32,50,26731,0.592835894893406,0.743917906145509,"South Africa","Vynnycky-high",41.66,479.1
8,62,21312,2267,27,50,23789,0.58713516576934,0.737909516380655,"South Africa","Vynnycky-high",45.34,426.24
9,62,16393,1997,30,50,18397,0.590510948905109,0.73720772619451,"South Africa","Vynnycky-high",39.94,327.86
10,62,21176,2876,27,50,23667,0.587781981224604,0.742493772125344,"South Africa","Vynnycky-high",57.52,423.52
12,62,14866,2653,24,50,16561,0.593265306122449,0.74842066146414,"South Africa","Vynnycky-high",53.06,297.32
14,62,12998,2819,20,50,14597,0.588415352013186,0.7426301484424,"South Africa","Vynnycky-high",56.38,259.96
16,62,10996,2846,16,50,12294,0.578626799557032,0.73407482305359,"South Africa","Vynnycky-high",56.92,219.92
18,62,11698,3482,18,50,13067,0.588614116434827,0.738387484957882,"South Africa","Vynnycky-high",69.64,233.96
20,62,8802,3090,19,50,9857,0.584388907908251,0.746319018404908,"South Africa","Vynnycky-high",61.8,176.04
22,62,12892,5063,16,50,14405,0.587138417403777,0.750425894378194,"South Africa","Vynnycky-high",101.26,257.84
24,62,8233,3549,20,50,9157,0.590282813633067,0.736408566721582,"South Africa","Vynnycky-high",70.98,164.66
26,62,9768,4626,13,50,10963,0.601965601965602,0.727945205479452,"South Africa","Vynnycky-high",92.52,195.36
28,62,6946,3458,15,50,7757,0.583474576271186,0.73,"South Africa","Vynnycky-high",69.16,138.92
30,62,8334,4554,12,50,9272,0.593738623953404,0.744583059750492,"South Africa","Vynnycky-high",91.08,166.68
32,62,5780,3297,10,50,6495,0.594652406417112,0.742339832869081,"South Africa","Vynnycky-high",65.94,115.6
34,62,7011,4221,10,50,7827,0.580797256750964,0.741199226305609,"South Africa","Vynnycky-high",84.42,140.22
36,62,6663,4248,13,50,7449,0.599353049907579,0.752781211372064,"South Africa","Vynnycky-high",84.96,133.26
38,62,6664,4326,6,50,7484,0.584397810218978,0.762315270935961,"South Africa","Vynnycky-high",86.52,133.28
40,62,7134,4778,12,50,7987,0.606950765411667,0.745762711864407,"South Africa","Vynnycky-high",95.56,142.68
42,62,5636,3811,15,50,6321,0.595476065228827,0.739217652958877,"South Africa","Vynnycky-high",76.22,112.72
44,62,6585,4622,4,50,7355,0.611163227016886,0.757269279393173,"South Africa","Vynnycky-high",92.44,131.7
46,62,4711,3309,12,50,5263,0.58459595959596,0.749707602339181,"South Africa","Vynnycky-high",66.18,94.22
48,62,5812,4092,16,50,6467,0.596544715447154,0.745956232159848,"South Africa","Vynnycky-high",81.84,116.24
50,62,8970,6357,9,50,10024,0.595686408764122,0.743127672571778,"South Africa","Vynnycky-high",127.14,179.4
0.5,63,38895,271,47,50,43520,0.596652267818574,0.744285105778787,"South Africa","Vynnycky-high",5.42,777.9
1,63,34907,468,48,50,39030,0.598345668262952,0.741841857546282,"South Africa","Vynnycky-high",9.36,698.14
2,63,35373,850,44,50,39575,0.595383687882181,0.743822139592532,"South Africa","Vynnycky-high",17,707.46
3,63,27563,1061,42,50,30875,0.589713430282293,0.74764174865605,"South Africa","Vynnycky-high",21.22,551.26
4,63,27035,1317,41,50,30237,0.58202647091536,0.739710789766407,"South Africa","Vynnycky-high",26.34,540.7
5,63,25721,1565,40,50,28792,0.593959731543624,0.744288793103448,"South Africa","Vynnycky-high",31.3,514.42
6,63,22421,1729,31,50,25095,0.589593062041361,0.743394371389947,"South Africa","Vynnycky-high",34.58,448.42
7,63,23115,2052,35,50,25799,0.589397905759162,0.741211401425178,"South Africa","Vynnycky-high",41.04,462.3
8,63,20788,2199,38,50,23201,0.593785796105384,0.7421875,"South Africa","Vynnycky-high",43.98,415.76
9,63,15533,1907,27,50,17338,0.597928068803753,0.74019520851819,"South Africa","Vynnycky-high",38.14,310.66
10,63,16737,2265,27,50,18700,0.594213381555154,0.728468113083498,"South Africa","Vynnycky-high",45.3,334.74
12,63,15692,2823,23,50,17553,0.595105029870881,0.750752878653676,"South Africa","Vynnycky-high",56.46,313.84
14,63,16527,3512,24,50,18459,0.583683153860193,0.737806929027918,"South Africa","Vynnycky-high",70.24,330.54
16,63,12761,3407,20,50,14304,0.596483001172333,0.756821654660555,"South Africa","Vynnycky-high",68.14,255.22
18,63,10891,3286,18,50,12159,0.581900197349873,0.736513486513486,"South Africa","Vynnycky-high",65.72,217.82
20,63,11801,4186,18,50,13203,0.59746192893401,0.749941190308163,"South Africa","Vynnycky-high",83.72,236.02
22,63,6902,2712,18,50,7757,0.602481814291827,0.74908350305499,"South Africa","Vynnycky-high",54.24,138.04
24,63,7996,3527,12,50,8965,0.587450414713307,0.758717858400845,"South Africa","Vynnycky-high",70.54,159.92
26,63,6730,3216,21,50,7537,0.602921040620721,0.744306831801838,"South Africa","Vynnycky-high",64.32,134.6
28,63,9250,4654,15,50,10371,0.578635014836795,0.73729826658697,"South Africa","Vynnycky-high",93.08,185
30,63,7760,4131,15,50,8667,0.582807570977918,0.735882773409578,"South Africa","Vynnycky-high",82.62,155.2
32,63,9039,5250,9,50,10207,0.606322795341098,0.756464221286831,"South Africa","Vynnycky-high",105,180.78
34,63,5039,3081,7,50,5622,0.592478421701603,0.753287743293004,"South Africa","Vynnycky-high",61.62,100.78
36,63,5369,3389,11,50,6021,0.602162777461582,0.746089676746611,"South Africa","Vynnycky-high",67.78,107.38
38,63,6610,4263,9,50,7418,0.587482868889904,0.735802469135802,"South Africa","Vynnycky-high",85.26,132.2
40,63,6256,4107,12,50,6991,0.580298786181139,0.746971736204576,"South Africa","Vynnycky-high",82.14,125.12
42,63,7637,5165,11,50,8533,0.587094220110847,0.741360494725355,"South Africa","Vynnycky-high",103.3,152.74
44,63,8117,5646,13,50,9076,0.589107076695072,0.742847526085493,"South Africa","Vynnycky-high",112.92,162.34
46,63,5320,3709,9,50,5936,0.585507246376812,0.741090146750524,"South Africa","Vynnycky-high",74.18,106.4
48,63,7636,5401,11,50,8551,0.608866222047862,0.741189427312775,"South Africa","Vynnycky-high",108.02,152.72
50,63,5955,4214,13,50,6681,0.613933236574746,0.74671669793621,"South Africa","Vynnycky-high",84.28,119.1
0.5,64,62640,416,53,50,70018,0.595536959553696,0.747617775402974,"South Africa","Vynnycky-high",8.32,1252.8
1,64,37808,496,48,50,42263,0.593900096061479,0.744152468957551,"South Africa","Vynnycky-high",9.92,756.16
2,64,26551,669,44,50,29687,0.582854516203172,0.73831581138753,"South Africa","Vynnycky-high",13.38,531.02
3,64,28728,991,47,50,32150,0.586787966504704,0.742166781259208,"South Africa","Vynnycky-high",19.82,574.56
4,64,30748,1494,46,50,34290,0.592592592592593,0.741472658364916,"South Africa","Vynnycky-high",29.88,614.96
5,64,23523,1495,35,50,26298,0.58889751552795,0.744291178857077,"South Africa","Vynnycky-high",29.9,470.46
6,64,21947,1645,29,50,24465,0.591353435219606,0.74123246492986,"South Africa","Vynnycky-high",32.9,438.94
7,64,20997,1961,36,50,23401,0.607638392218567,0.743136219640972,"South Africa","Vynnycky-high",39.22,419.94
8,64,17350,1841,33,50,19458,0.575694804073882,0.731135760037494,"South Africa","Vynnycky-high",36.82,347
9,64,18483,2249,31,50,20724,0.590177264595869,0.744099747662164,"South Africa","Vynnycky-high",44.98,369.66
10,64,18930,2672,34,50,21114,0.593025115981443,0.738775510204082,"South Africa","Vynnycky-high",53.44,378.6
12,64,17271,2992,27,50,19422,0.581099895579534,0.751532296086752,"South Africa","Vynnycky-high",59.84,345.42
14,64,13862,3010,27,50,15462,0.588624338624339,0.743620414673046,"South Africa","Vynnycky-high",60.2,277.24
16,64,10063,2652,20,50,11258,0.59144893111639,0.719858156028369,"South Africa","Vynnycky-high",53.04,201.26
18,64,11878,3632,20,50,13292,0.590578802305187,0.748065543923532,"South Africa","Vynnycky-high",72.64,237.56
20,64,11246,3957,16,50,12499,0.58829815655891,0.742766836858741,"South Africa","Vynnycky-high",79.14,224.92
22,64,10622,4176,13,50,11894,0.602719907407407,0.742260061919505,"South Africa","Vynnycky-high",83.52,212.44
24,64,9281,4078,14,50,10341,0.58493017213381,0.76700477326969,"South Africa","Vynnycky-high",81.56,185.62
26,64,9529,4484,10,50,10619,0.6,0.744868035190616,"South Africa","Vynnycky-high",89.68,190.58
28,64,6262,3208,14,50,7045,0.613162878787879,0.734982332155477,"South Africa","Vynnycky-high",64.16,125.24
30,64,8625,4700,14,50,9670,0.59633673828813,0.761499684940139,"South Africa","Vynnycky-high",94,172.5
32,64,7242,4179,15,50,8064,0.603174603174603,0.744,"South Africa","Vynnycky-high",83.58,144.84
34,64,5917,3461,11,50,6652,0.591889117043121,0.733207190160833,"South Africa","Vynnycky-high",69.22,118.34
36,64,7617,4810,9,50,8475,0.598903251077164,0.745660644704215,"South Africa","Vynnycky-high",96.2,152.34
38,64,7217,4731,12,50,8107,0.598645215918713,0.746771037181996,"South Africa","Vynnycky-high",94.62,144.34
40,64,6030,4019,9,50,6773,0.577844311377245,0.749884205650764,"South Africa","Vynnycky-high",80.38,120.6
42,64,6948,4724,12,50,7757,0.597176079734219,0.744741100323625,"South Africa","Vynnycky-high",94.48,138.96
44,64,5223,3605,10,50,5842,0.591459896133872,0.728540772532189,"South Africa","Vynnycky-high",72.1,104.46
46,64,7270,5077,6,50,8144,0.600911728139246,0.738438210765732,"South Africa","Vynnycky-high",101.54,145.4
48,64,8496,5950,14,50,9441,0.587205146533238,0.736995153473344,"South Africa","Vynnycky-high",119,169.92
50,64,5613,3973,10,50,6299,0.592283628779979,0.752990119604784,"South Africa","Vynnycky-high",79.46,112.26
0.5,65,65932,427,51,50,73685,0.595612714917681,0.742661571410574,"South Africa","Vynnycky-high",8.54,1318.64
1,65,36120,439,48,50,40408,0.593121781026749,0.744037186618913,"South Africa","Vynnycky-high",8.78,722.4
2,65,36635,910,50,50,40894,0.592486024334101,0.742185734729231,"South Africa","Vynnycky-high",18.2,732.7
3,65,21434,781,43,50,23979,0.586903914590747,0.742618741976893,"South Africa","Vynnycky-high",15.62,428.68
4,65,24061,1195,40,50,26979,0.596172718351325,0.748112560054907,"South Africa","Vynnycky-high",23.9,481.22
5,65,24395,1558,37,50,27303,0.593241243216576,0.739446209714026,"South Africa","Vynnycky-high",31.16,487.9
6,65,22659,1740,37,50,25308,0.595411749104893,0.742119995132043,"South Africa","Vynnycky-high",34.8,453.18
7,65,24695,2221,32,50,27633,0.591951907741381,0.756318496980541,"South Africa","Vynnycky-high",44.42,493.9
8,65,20779,2149,34,50,23224,0.587042171311834,0.739440337909187,"South Africa","Vynnycky-high",42.98,415.58
9,65,21486,2633,33,50,24010,0.584773142295266,0.743353783231084,"South Africa","Vynnycky-high",52.66,429.72
10,65,16368,2279,29,50,18251,0.587316176470588,0.73845895585026,"South Africa","Vynnycky-high",45.58,327.36
12,65,15730,2718,27,50,17585,0.585263157894737,0.731745209735888,"South Africa","Vynnycky-high",54.36,314.6
14,65,10374,2272,26,50,11578,0.599766967666764,0.740651709401709,"South Africa","Vynnycky-high",45.44,207.48
16,65,10932,2856,24,50,12214,0.58775852431526,0.745682102628285,"South Africa","Vynnycky-high",57.12,218.64
18,65,12931,4042,18,50,14447,0.595850035369017,0.748096446700508,"South Africa","Vynnycky-high",80.84,258.62
20,65,11818,4102,19,50,13196,0.594191919191919,0.739875028928489,"South Africa","Vynnycky-high",82.04,236.36
22,65,10295,4081,19,50,11550,0.597391046546101,0.742334588488435,"South Africa","Vynnycky-high",81.62,205.9
24,65,9994,4321,14,50,11171,0.589301634472511,0.740525587828492,"South Africa","Vynnycky-high",86.42,199.88
26,65,10072,4756,17,50,11269,0.588729016786571,0.755962285080422,"South Africa","Vynnycky-high",95.12,201.44
28,65,8434,4299,19,50,9511,0.598503740648379,0.742375081116158,"South Africa","Vynnycky-high",85.98,168.68
30,65,7899,4257,8,50,8854,0.58846453624318,0.744939271255061,"South Africa","Vynnycky-high",85.14,157.98
32,65,9810,5568,17,50,10896,0.582361733931241,0.741514360313316,"South Africa","Vynnycky-high",111.36,196.2
34,65,6441,3854,13,50,7199,0.6099324975892,0.7298438159561,"South Africa","Vynnycky-high",77.08,128.82
36,65,6989,4361,10,50,7799,0.590650939274793,0.741735537190083,"South Africa","Vynnycky-high",87.22,139.78
38,65,6658,4371,8,50,7417,0.579111111111111,0.756554307116105,"South Africa","Vynnycky-high",87.42,133.16
40,65,5191,3461,15,50,5787,0.5927015891701,0.730669434353918,"South Africa","Vynnycky-high",69.22,103.82
42,65,6979,4773,11,50,7818,0.599911386796633,0.740329375718116,"South Africa","Vynnycky-high",95.46,139.58
44,65,6531,4541,4,50,7281,0.616104868913858,0.729954299958455,"South Africa","Vynnycky-high",90.82,130.62
46,65,6881,4761,13,50,7751,0.597844827586207,0.734954165005978,"South Africa","Vynnycky-high",95.22,137.62
48,65,4736,3333,7,50,5301,0.58974358974359,0.740440324449594,"South Africa","Vynnycky-high",66.66,94.72
50,65,6399,4587,13,50,7177,0.609756097560976,0.749266247379455,"South Africa","Vynnycky-high",91.74,127.98
0.5,66,53214,361,50,50,59461,0.596837719047891,0.744904873599166,"South Africa","Vynnycky-high",7.22,1064.28
1,66,36540,486,45,50,40929,0.599752679307502,0.750189480066697,"South Africa","Vynnycky-high",9.72,730.8
2,66,34602,807,45,50,38686,0.593994893017522,0.751009741031124,"South Africa","Vynnycky-high",16.14,692.04
3,66,24568,935,39,50,27592,0.598217555853986,0.741457480924472,"South Africa","Vynnycky-high",18.7,491.36
4,66,27216,1318,44,50,30514,0.590371991247265,0.736767245758407,"South Africa","Vynnycky-high",26.36,544.32
5,66,30574,1891,34,50,34286,0.599064583540651,0.735959088462229,"South Africa","Vynnycky-high",37.82,611.48
6,66,20611,1508,38,50,23099,0.596365235233768,0.743522293831382,"South Africa","Vynnycky-high",30.16,412.22
7,66,22471,2090,35,50,25074,0.599706744868035,0.746803377563329,"South Africa","Vynnycky-high",41.8,449.42
8,66,20643,2144,38,50,23026,0.600146198830409,0.748961265245946,"South Africa","Vynnycky-high",42.88,412.86
9,66,17234,2102,26,50,19235,0.598044351318317,0.750878313637815,"South Africa","Vynnycky-high",42.04,344.68
10,66,14451,2004,28,50,16235,0.59283183996666,0.738009478672986,"South Africa","Vynnycky-high",40.08,289.02
12,66,18715,3331,24,50,20930,0.597152564309982,0.750771945302161,"South Africa","Vynnycky-high",66.62,374.3
14,66,15629,3367,22,50,17472,0.592842024244757,0.737780130580554,"South Africa","Vynnycky-high",67.34,312.58
16,66,12990,3411,20,50,14513,0.588674698795181,0.737811257585269,"South Africa","Vynnycky-high",68.22,259.8
18,66,12115,3799,21,50,13542,0.586206896551724,0.746996303142329,"South Africa","Vynnycky-high",75.98,242.3
20,66,13131,4652,20,50,14651,0.595591542959964,0.737704918032787,"South Africa","Vynnycky-high",93.04,262.62
22,66,11415,4494,17,50,12768,0.593538301198541,0.732888146911519,"South Africa","Vynnycky-high",89.88,228.3
24,66,10833,4708,15,50,12097,0.597789115646258,0.745068664169788,"South Africa","Vynnycky-high",94.16,216.66
26,66,9600,4447,14,50,10705,0.581072555205047,0.734594439667526,"South Africa","Vynnycky-high",88.94,192
28,66,10267,5279,7,50,11518,0.618978944332276,0.742039068771742,"South Africa","Vynnycky-high",105.58,205.34
30,66,8733,4831,12,50,9723,0.61169313957418,0.752308182107609,"South Africa","Vynnycky-high",96.62,174.66
32,66,8280,4743,12,50,9228,0.604929322218195,0.745879120879121,"South Africa","Vynnycky-high",94.86,165.6
34,66,7915,4750,9,50,8827,0.600772200772201,0.740318118948824,"South Africa","Vynnycky-high",95,158.3
36,66,9005,5690,13,50,10094,0.598881210924646,0.751167860479601,"South Africa","Vynnycky-high",113.8,180.1
38,66,6276,4075,13,50,6996,0.587009209888512,0.743201069995542,"South Africa","Vynnycky-high",81.5,125.52
40,66,5740,3812,14,50,6418,0.599459459459459,0.746931067044382,"South Africa","Vynnycky-high",76.24,114.8
42,66,6104,4166,6,50,6850,0.591857506361323,0.740923352756611,"South Africa","Vynnycky-high",83.32,122.08
44,66,5327,3660,12,50,5948,0.598039215686274,0.739176346356917,"South Africa","Vynnycky-high",73.2,106.54
46,66,6186,4387,5,50,6958,0.595053346265761,0.75,"South Africa","Vynnycky-high",87.74,123.72
48,66,7343,5141,7,50,8240,0.584960531782302,0.735228122662678,"South Africa","Vynnycky-high",102.82,146.86
50,66,6865,4821,8,50,7683,0.586965904186448,0.734187349879904,"South Africa","Vynnycky-high",96.42,137.3
0.5,67,53423,332,47,50,59825,0.593424218123496,0.744716606406274,"South Africa","Vynnycky-high",6.64,1068.46
1,67,36833,457,46,50,41164,0.588424702774108,0.739988221436985,"South Africa","Vynnycky-high",9.14,736.66
2,67,33798,846,47,50,37645,0.582361977048884,0.746007296311309,"South Africa","Vynnycky-high",16.92,675.96
3,67,43021,1548,48,50,48037,0.594977328217649,0.742136325312926,"South Africa","Vynnycky-high",30.96,860.42
4,67,25104,1197,41,50,28021,0.596921949432026,0.73730106823632,"South Africa","Vynnycky-high",23.94,502.08
5,67,23841,1455,34,50,26601,0.598862755233911,0.751363267200371,"South Africa","Vynnycky-high",29.1,476.82
6,67,18117,1393,39,50,20366,0.599834574028122,0.742844092570037,"South Africa","Vynnycky-high",27.86,362.34
7,67,22956,2072,30,50,25575,0.586970855861796,0.736221419975933,"South Africa","Vynnycky-high",41.44,459.12
8,67,18027,1915,31,50,20125,0.600432684306873,0.73737217229625,"South Africa","Vynnycky-high",38.3,360.54
9,67,26262,3196,32,50,29333,0.586850187691958,0.738546771787769,"South Africa","Vynnycky-high",63.92,525.24
10,67,17376,2417,25,50,19429,0.597900894700619,0.755856573705179,"South Africa","Vynnycky-high",48.34,347.52
12,67,12111,2189,33,50,13547,0.603538499875405,0.744675978932906,"South Africa","Vynnycky-high",43.78,242.22
14,67,14955,3192,18,50,16687,0.594418415155836,0.732753837617903,"South Africa","Vynnycky-high",63.84,299.1
16,67,11859,3182,18,50,13240,0.608208004078511,0.744754438551994,"South Africa","Vynnycky-high",63.64,237.18
18,67,11315,3501,18,50,12666,0.591571279916753,0.73921568627451,"South Africa","Vynnycky-high",70.02,226.3
20,67,10831,3791,18,50,12102,0.587578316535004,0.744209722575719,"South Africa","Vynnycky-high",75.82,216.62
22,67,9933,3860,18,50,11143,0.585305871503228,0.734520547945205,"South Africa","Vynnycky-high",77.2,198.66
24,67,8009,3477,20,50,8900,0.609586393505992,0.749651810584958,"South Africa","Vynnycky-high",69.54,160.18
26,67,8646,4065,11,50,9618,0.58422321736135,0.740359897172236,"South Africa","Vynnycky-high",81.3,172.92
28,67,9470,4788,12,50,10570,0.596971649484536,0.736857476635514,"South Africa","Vynnycky-high",95.76,189.4
30,67,7560,4055,10,50,8443,0.577323884952063,0.749456915278783,"South Africa","Vynnycky-high",81.1,151.2
32,67,8212,4685,12,50,9176,0.597114317425083,0.729890764647468,"South Africa","Vynnycky-high",93.7,164.24
34,67,7545,4605,11,50,8425,0.599301784328937,0.754129129129129,"South Africa","Vynnycky-high",92.1,150.9
36,67,7269,4559,8,50,8138,0.617089883111648,0.738738738738739,"South Africa","Vynnycky-high",91.18,145.38
38,67,6592,4327,14,50,7373,0.588235294117647,0.752487562189055,"South Africa","Vynnycky-high",86.54,131.84
40,67,6626,4498,10,50,7386,0.600917431192661,0.745952677459527,"South Africa","Vynnycky-high",89.96,132.52
42,67,8016,5394,14,50,8978,0.58147198828268,0.732062391681109,"South Africa","Vynnycky-high",107.88,160.32
44,67,6955,4816,14,50,7794,0.588028169014085,0.731433159373746,"South Africa","Vynnycky-high",96.32,139.1
46,67,6207,4429,19,50,6964,0.612133267031328,0.753357206803939,"South Africa","Vynnycky-high",88.58,124.14
48,67,6483,4573,11,50,7217,0.58502119642016,0.750757247944613,"South Africa","Vynnycky-high",91.46,129.66
50,67,6843,4764,11,50,7683,0.585849870578085,0.725721251523771,"South Africa","Vynnycky-high",95.28,136.86
0.5,68,65907,450,46,50,73799,0.59080205014545,0.74314027563809,"South Africa","Vynnycky-high",9,1318.14
1,68,48228,615,48,50,53864,0.593905472636816,0.741742596810934,"South Africa","Vynnycky-high",12.3,964.56
2,68,32887,824,44,50,36681,0.596712786702572,0.743714381495139,"South Africa","Vynnycky-high",16.48,657.74
3,68,20231,763,38,50,22523,0.59079583760809,0.737299834345665,"South Africa","Vynnycky-high",15.26,404.62
4,68,25158,1212,41,50,28116,0.595147478591817,0.744474986256185,"South Africa","Vynnycky-high",24.24,503.16
5,68,19475,1277,42,50,21621,0.594543744120414,0.751823773422972,"South Africa","Vynnycky-high",25.54,389.5
6,68,17381,1276,37,50,19425,0.600207146556188,0.75035685963521,"South Africa","Vynnycky-high",25.52,347.62
7,68,21888,1998,34,50,24445,0.593536017529444,0.745895428138419,"South Africa","Vynnycky-high",39.96,437.76
8,68,19243,2033,28,50,21581,0.590102707749767,0.752621749748599,"South Africa","Vynnycky-high",40.66,384.86
9,68,14715,1809,33,50,16452,0.589888776541962,0.755403868031854,"South Africa","Vynnycky-high",36.18,294.3
10,68,15115,2121,33,50,16921,0.601144661535425,0.740022172949002,"South Africa","Vynnycky-high",42.42,302.3
12,68,12806,2226,32,50,14347,0.590347123157394,0.733822260569456,"South Africa","Vynnycky-high",44.52,256.12
14,68,11845,2575,18,50,13225,0.591354611711485,0.741637831603229,"South Africa","Vynnycky-high",51.5,236.9
16,68,12077,3125,18,50,13462,0.5835,0.745195568618585,"South Africa","Vynnycky-high",62.5,241.54
18,68,11600,3554,21,50,12932,0.577634961439589,0.747436203195803,"South Africa","Vynnycky-high",71.08,232
20,68,8908,3125,15,50,9973,0.602951039570758,0.732889733840304,"South Africa","Vynnycky-high",62.5,178.16
22,68,9776,3763,15,50,11023,0.576769843702115,0.741613529248683,"South Africa","Vynnycky-high",75.26,195.52
24,68,8384,3578,15,50,9460,0.603554588320638,0.7294921875,"South Africa","Vynnycky-high",71.56,167.68
26,68,8133,3802,11,50,9132,0.587482219061166,0.751298926220991,"South Africa","Vynnycky-high",76.04,162.66
28,68,10063,5139,9,50,11202,0.592692422881102,0.751462803009195,"South Africa","Vynnycky-high",102.78,201.26
30,68,7220,3880,12,50,7980,0.590756302521008,0.732388973966309,"South Africa","Vynnycky-high",77.6,144.4
32,68,8195,4649,13,50,9133,0.575691411935953,0.748237663645519,"South Africa","Vynnycky-high",92.98,163.9
34,68,7571,4477,10,50,8480,0.589567327133037,0.73224043715847,"South Africa","Vynnycky-high",89.54,151.42
36,68,6350,3989,5,50,7094,0.595351043643264,0.743401125054089,"South Africa","Vynnycky-high",79.78,127
38,68,6061,3898,8,50,6788,0.587087087087087,0.743482309124767,"South Africa","Vynnycky-high",77.96,121.22
40,68,6441,4316,14,50,7212,0.589695550351288,0.761200338123415,"South Africa","Vynnycky-high",86.32,128.82
42,68,6097,4098,9,50,6820,0.579643765903308,0.728661275831087,"South Africa","Vynnycky-high",81.96,121.94
44,68,6049,4114,5,50,6761,0.577096936212958,0.715924736117485,"South Africa","Vynnycky-high",82.28,120.98
46,68,5562,3882,9,50,6260,0.587292817679558,0.74090682610862,"South Africa","Vynnycky-high",77.64,111.24
48,68,6410,4563,10,50,7178,0.60418648905804,0.742437337942956,"South Africa","Vynnycky-high",91.26,128.2
50,68,5729,4048,6,50,6419,0.609461499748364,0.740047961630695,"South Africa","Vynnycky-high",80.96,114.58
0.5,69,52927,342,51,50,59225,0.591727438468551,0.741213225722468,"South Africa","Vynnycky-high",6.84,1058.54
1,69,47469,563,45,50,53195,0.590914818548387,0.737757357217634,"South Africa","Vynnycky-high",11.26,949.38
2,69,24844,663,39,50,27745,0.597649624424521,0.746811578130198,"South Africa","Vynnycky-high",13.26,496.88
3,69,25041,949,40,50,28012,0.594844357976654,0.740425531914894,"South Africa","Vynnycky-high",18.98,500.82
4,69,24659,1210,37,50,27543,0.587370242214533,0.739383753501401,"South Africa","Vynnycky-high",24.2,493.18
5,69,29159,1763,35,50,32575,0.594714109419992,0.74379775492878,"South Africa","Vynnycky-high",35.26,583.18
6,69,26271,1987,36,50,29293,0.595759312320917,0.737366167023555,"South Africa","Vynnycky-high",39.74,525.42
7,69,24875,2291,37,50,27890,0.594390507011866,0.742305570876999,"South Africa","Vynnycky-high",45.82,497.5
8,69,18778,2021,36,50,20932,0.602312881464825,0.737191078963231,"South Africa","Vynnycky-high",40.42,375.56
9,69,18748,2270,30,50,20914,0.584190231362468,0.744406578752408,"South Africa","Vynnycky-high",45.4,374.96
10,69,23492,3164,33,50,26185,0.592782152230971,0.736236355007119,"South Africa","Vynnycky-high",63.28,469.84
12,69,18783,3264,24,50,20963,0.591685465678376,0.733195449844881,"South Africa","Vynnycky-high",65.28,375.66
14,69,12096,2704,21,50,13527,0.599137931034483,0.750788643533123,"South Africa","Vynnycky-high",54.08,241.92
16,69,12905,3382,23,50,14411,0.591312470808034,0.743534482758621,"South Africa","Vynnycky-high",67.64,258.1
18,69,11635,3628,15,50,13075,0.602963719979561,0.74911158493248,"South Africa","Vynnycky-high",72.56,232.7
20,69,12525,4349,11,50,13960,0.587343599615014,0.737763012181617,"South Africa","Vynnycky-high",86.98,250.5
22,69,11520,4454,21,50,12840,0.58968253968254,0.738795180722892,"South Africa","Vynnycky-high",89.08,230.4
24,69,9253,4007,16,50,10366,0.598170532505717,0.741837968561064,"South Africa","Vynnycky-high",80.14,185.06
26,69,8071,3820,15,50,9028,0.595463137996219,0.746450973918785,"South Africa","Vynnycky-high",76.4,161.42
28,69,8331,4187,12,50,9267,0.601011926273943,0.729006356641017,"South Africa","Vynnycky-high",83.74,166.62
30,69,7868,4262,12,50,8839,0.590735068912711,0.741678224687933,"South Africa","Vynnycky-high",85.24,157.36
32,69,7880,4514,9,50,8850,0.583673469387755,0.74931693989071,"South Africa","Vynnycky-high",90.28,157.6
34,69,7540,4544,9,50,8442,0.593774319066148,0.754385964912281,"South Africa","Vynnycky-high",90.88,150.8
36,69,5541,3520,11,50,6171,0.601445247359644,0.75531914893617,"South Africa","Vynnycky-high",70.4,110.82
38,69,6621,4320,7,50,7362,0.578409595735229,0.738520408163265,"South Africa","Vynnycky-high",86.4,132.42
40,69,7232,4750,10,50,8098,0.582059533386967,0.728780864197531,"South Africa","Vynnycky-high",95,144.64
42,69,6728,4528,6,50,7515,0.589529256489221,0.730970600080548,"South Africa","Vynnycky-high",90.56,134.56
44,69,7634,5316,15,50,8506,0.611267605633803,0.736298932384342,"South Africa","Vynnycky-high",106.32,152.68
46,69,7869,5562,5,50,8786,0.595382286146858,0.748153359127682,"South Africa","Vynnycky-high",111.24,157.38
48,69,4950,3493,10,50,5552,0.59541511771995,0.737604456824513,"South Africa","Vynnycky-high",69.86,99
50,69,5034,3522,7,50,5653,0.592081583683263,0.731038192576654,"South Africa","Vynnycky-high",70.44,100.68
0.5,70,50360,327,46,50,56225,0.597289908474979,0.735316761988561,"South Africa","Vynnycky-high",6.54,1007.2
1,70,35806,433,46,50,39930,0.597469220246238,0.741588360109124,"South Africa","Vynnycky-high",8.66,716.12
2,70,32903,822,45,50,36816,0.594533029612756,0.743768359211078,"South Africa","Vynnycky-high",16.44,658.06
3,70,29660,1061,44,50,33075,0.589393939393939,0.739755639097744,"South Africa","Vynnycky-high",21.22,593.2
4,70,20547,1067,37,50,22957,0.588372431881102,0.745931405514459,"South Africa","Vynnycky-high",21.34,410.94
5,70,19587,1293,40,50,21931,0.596592685214129,0.743899018232819,"South Africa","Vynnycky-high",25.86,391.74
6,70,18913,1495,39,50,21128,0.60015923566879,0.736028016926893,"South Africa","Vynnycky-high",29.9,378.26
7,70,21530,2054,35,50,24167,0.600083577099875,0.744627054361568,"South Africa","Vynnycky-high",41.08,430.6
8,70,18266,1938,25,50,20365,0.596972245584525,0.742492492492492,"South Africa","Vynnycky-high",38.76,365.32
9,70,21335,2575,32,50,23824,0.587216669013093,0.74326750448833,"South Africa","Vynnycky-high",51.5,426.7
10,70,24522,3430,29,50,27379,0.597168756984975,0.735957590796301,"South Africa","Vynnycky-high",68.6,490.44
12,70,18061,3210,32,50,20138,0.582555036691127,0.745073891625616,"South Africa","Vynnycky-high",64.2,361.22
14,70,14527,3096,24,50,16275,0.592986850344396,0.742478041487572,"South Africa","Vynnycky-high",61.92,290.54
16,70,11736,2970,17,50,13079,0.581869834710744,0.740047961630695,"South Africa","Vynnycky-high",59.4,234.72
18,70,11198,3407,18,50,12473,0.584073177293516,0.741951710261569,"South Africa","Vynnycky-high",68.14,223.96
20,70,11170,3899,20,50,12510,0.592101704084393,0.748844000973473,"South Africa","Vynnycky-high",77.98,223.4
22,70,10264,4059,16,50,11459,0.589239224761354,0.751469802244789,"South Africa","Vynnycky-high",81.18,205.28
24,70,6785,2907,15,50,7592,0.577232142857143,0.734419551934827,"South Africa","Vynnycky-high",58.14,135.7
26,70,9468,4421,13,50,10568,0.589820359281437,0.748407643312102,"South Africa","Vynnycky-high",88.42,189.36
28,70,7466,3801,15,50,8281,0.591096455070074,0.736243580337491,"South Africa","Vynnycky-high",76.02,149.32
30,70,7010,3800,11,50,7819,0.599484314568113,0.735059760956175,"South Africa","Vynnycky-high",76,140.2
32,70,7978,4539,16,50,8947,0.583076923076923,0.738998992274101,"South Africa","Vynnycky-high",90.78,159.56
34,70,6707,4064,10,50,7493,0.605533244087461,0.755648535564854,"South Africa","Vynnycky-high",81.28,134.14
36,70,6628,4087,8,50,7383,0.581669691470054,0.719015280135823,"South Africa","Vynnycky-high",81.74,132.56
38,70,7583,4927,11,50,8425,0.598650258038904,0.740231548480463,"South Africa","Vynnycky-high",98.54,151.66
40,70,6804,4496,7,50,7578,0.582961641391615,0.743747437474375,"South Africa","Vynnycky-high",89.92,136.08
42,70,6308,4272,7,50,7087,0.595692608908468,0.736751400258509,"South Africa","Vynnycky-high",85.44,126.16
44,70,8091,5586,12,50,9078,0.592172640819312,0.742299794661191,"South Africa","Vynnycky-high",111.72,161.82
46,70,7206,5027,10,50,8008,0.581942661531878,0.745939675174014,"South Africa","Vynnycky-high",100.54,144.12
48,70,6158,4351,11,50,6796,0.609867751780265,0.735663082437276,"South Africa","Vynnycky-high",87.02,123.16
50,70,6122,4428,6,50,6870,0.616093068347067,0.755808656036446,"South Africa","Vynnycky-high",88.56,122.44
0.5,71,53809,382,50,50,60183,0.586338399416746,0.740394441038218,"South Africa","Vynnycky-high",7.64,1076.18
1,71,39222,474,50,50,43764,0.601385148133898,0.745589992269309,"South Africa","Vynnycky-high",9.48,784.44
2,71,28782,725,47,50,32116,0.59268215750184,0.741198032217614,"South Africa","Vynnycky-high",14.5,575.64
3,71,33465,1189,44,50,37431,0.591459528362014,0.740942928039702,"South Africa","Vynnycky-high",23.78,669.3
4,71,23253,1100,41,50,25908,0.594086727989487,0.749674979316866,"South Africa","Vynnycky-high",22,465.06
5,71,23857,1466,33,50,26602,0.588693210821848,0.735388863322595,"South Africa","Vynnycky-high",29.32,477.14
6,71,21007,1577,31,50,23482,0.592857142857143,0.747393427477894,"South Africa","Vynnycky-high",31.54,420.14
7,71,18881,1727,40,50,21078,0.60139751552795,0.743420085281576,"South Africa","Vynnycky-high",34.54,377.62
8,71,22136,2320,35,50,24758,0.587614926987561,0.755320472930927,"South Africa","Vynnycky-high",46.4,442.72
9,71,20564,2582,28,50,22953,0.60695727482679,0.741604855023601,"South Africa","Vynnycky-high",51.64,411.28
10,71,18018,2485,26,50,20127,0.593353888317917,0.736083422787916,"South Africa","Vynnycky-high",49.7,360.36
12,71,15310,2698,31,50,17082,0.591960784313725,0.742780269058296,"South Africa","Vynnycky-high",53.96,306.2
14,71,15643,3400,28,50,17567,0.59241891363814,0.75043630017452,"South Africa","Vynnycky-high",68,312.86
16,71,9734,2624,19,50,10935,0.606033182503771,0.750072317037894,"South Africa","Vynnycky-high",52.48,194.68
18,71,10741,3327,20,50,12078,0.598167175784504,0.730459620877694,"South Africa","Vynnycky-high",66.54,214.82
20,71,12977,4497,20,50,14535,0.595249294449671,0.733686440677966,"South Africa","Vynnycky-high",89.94,259.54
22,71,8092,3135,20,50,9057,0.586324140536456,0.739576213260424,"South Africa","Vynnycky-high",62.7,161.84
24,71,10414,4452,22,50,11633,0.575705238917674,0.752527940393827,"South Africa","Vynnycky-high",89.04,208.28
26,71,7998,3838,12,50,8934,0.601194921583271,0.750173973556019,"South Africa","Vynnycky-high",76.76,159.96
28,71,8044,4062,12,50,9032,0.589505024190547,0.748513466246939,"South Africa","Vynnycky-high",81.24,160.88
30,71,7400,4026,12,50,8270,0.591937474290415,0.746895544192842,"South Africa","Vynnycky-high",80.52,148
32,71,5852,3316,11,50,6563,0.581560283687943,0.740476190476191,"South Africa","Vynnycky-high",66.32,117.04
34,71,7702,4604,13,50,8628,0.582327753989879,0.737477797513322,"South Africa","Vynnycky-high",92.08,154.04
36,71,6447,4065,8,50,7194,0.587628865979381,0.749033089815213,"South Africa","Vynnycky-high",81.3,128.94
38,71,7993,5243,14,50,8910,0.589753178758414,0.747692307692308,"South Africa","Vynnycky-high",104.86,159.86
40,71,6693,4402,16,50,7497,0.593189964157706,0.74375503626108,"South Africa","Vynnycky-high",88.04,133.86
42,71,8147,5505,12,50,9147,0.594852941176471,0.735048446374875,"South Africa","Vynnycky-high",110.1,162.94
44,71,8751,5987,9,50,9753,0.576351351351351,0.729547641963426,"South Africa","Vynnycky-high",119.74,175.02
46,71,6857,4779,8,50,7697,0.591739130434783,0.742306114074682,"South Africa","Vynnycky-high",95.58,137.14
48,71,7095,5037,8,50,7926,0.587144089732528,0.75,"South Africa","Vynnycky-high",100.74,141.9
50,71,6144,4379,10,50,6889,0.593269230769231,0.754656974102681,"South Africa","Vynnycky-high",87.58,122.88
0.5,72,58257,380,46,50,65246,0.59240077940724,0.744230311682132,"South Africa","Vynnycky-high",7.6,1165.14
1,72,43972,590,46,50,49086,0.597371483332192,0.743530764807361,"South Africa","Vynnycky-high",11.8,879.44
2,72,22153,542,47,50,24760,0.593698854337152,0.737512363996043,"South Africa","Vynnycky-high",10.84,443.06
3,72,26544,1002,43,50,29623,0.593476256339327,0.745624871319745,"South Africa","Vynnycky-high",20.04,530.88
4,72,27449,1345,35,50,30694,0.594971154892783,0.742488834754365,"South Africa","Vynnycky-high",26.9,548.98
5,72,25901,1688,38,50,28988,0.590600161271743,0.755097683356464,"South Africa","Vynnycky-high",33.76,518.02
6,72,20222,1588,39,50,22609,0.595077292510881,0.742925468314069,"South Africa","Vynnycky-high",31.76,404.44
7,72,24021,2199,33,50,26859,0.597241553840314,0.746938308343825,"South Africa","Vynnycky-high",43.98,480.42
8,72,16061,1703,34,50,17890,0.595497185741088,0.755376814128344,"South Africa","Vynnycky-high",34.06,321.22
9,72,20720,2514,33,50,23129,0.602807119085516,0.738833912810912,"South Africa","Vynnycky-high",50.28,414.4
10,72,21408,2994,27,50,23889,0.595832758382779,0.75196129707113,"South Africa","Vynnycky-high",59.88,428.16
12,72,18971,3276,23,50,21161,0.594249201277955,0.741152383737935,"South Africa","Vynnycky-high",65.52,379.42
14,72,15477,3381,21,50,17328,0.586640851887706,0.737737200143215,"South Africa","Vynnycky-high",67.62,309.54
16,72,13873,3674,20,50,15529,0.592982456140351,0.742768394486507,"South Africa","Vynnycky-high",73.48,277.46
18,72,11206,3477,17,50,12503,0.605111294311624,0.741709029290729,"South Africa","Vynnycky-high",69.54,224.12
20,72,8081,2861,16,50,9050,0.587695834925487,0.746983914209115,"South Africa","Vynnycky-high",57.22,161.62
22,72,6236,2463,15,50,6966,0.597147073290703,0.747696358051777,"South Africa","Vynnycky-high",49.26,124.72
24,72,8549,3697,13,50,9540,0.599435825105783,0.755851755526658,"South Africa","Vynnycky-high",73.94,170.98
26,72,10642,5015,14,50,11901,0.595827538247566,0.749063670411985,"South Africa","Vynnycky-high",100.3,212.84
28,72,8288,4222,15,50,9289,0.597365610537558,0.738015978695073,"South Africa","Vynnycky-high",84.44,165.76
30,72,6730,3675,7,50,7502,0.59964881474978,0.754292722812756,"South Africa","Vynnycky-high",73.5,134.6
32,72,8323,4776,15,50,9276,0.589181286549708,0.744335475143727,"South Africa","Vynnycky-high",95.52,166.46
34,72,5744,3473,8,50,6432,0.591631355932203,0.751865671641791,"South Africa","Vynnycky-high",69.46,114.88
36,72,8024,5041,11,50,8982,0.608936484490399,0.736267485499829,"South Africa","Vynnycky-high",100.82,160.48
38,72,7541,4910,10,50,8480,0.593282072035613,0.752588361299536,"South Africa","Vynnycky-high",98.2,150.82
40,72,7666,5090,13,50,8541,0.582936507936508,0.730078966259871,"South Africa","Vynnycky-high",101.8,153.32
42,72,7336,4901,7,50,8164,0.586704044853825,0.725362872421696,"South Africa","Vynnycky-high",98.02,146.72
44,72,6249,4431,8,50,6970,0.605133267522211,0.755742049469965,"South Africa","Vynnycky-high",88.62,124.98
46,72,7281,5101,6,50,8107,0.591194968553459,0.742237186681631,"South Africa","Vynnycky-high",102.02,145.62
48,72,6609,4619,16,50,7412,0.591901728844404,0.732127838519764,"South Africa","Vynnycky-high",92.38,132.18
50,72,6394,4520,9,50,7145,0.585882352941177,0.752665245202559,"South Africa","Vynnycky-high",90.4,127.88
0.5,73,51295,342,50,50,57417,0.592801693719125,0.740521645603657,"South Africa","Vynnycky-high",6.84,1025.9
1,73,49257,601,48,50,55062,0.595710587945273,0.748871677717724,"South Africa","Vynnycky-high",12.02,985.14
2,73,29667,691,46,50,33292,0.594705520213421,0.749953848993908,"South Africa","Vynnycky-high",13.82,593.34
3,73,28591,1017,43,50,31987,0.591856364219301,0.736564805057956,"South Africa","Vynnycky-high",20.34,571.82
4,73,34439,1635,45,50,38425,0.591957524588737,0.742537014805922,"South Africa","Vynnycky-high",32.7,688.78
5,73,21326,1341,30,50,23788,0.592110844054856,0.736150476681268,"South Africa","Vynnycky-high",26.82,426.52
6,73,18949,1414,38,50,21239,0.599968238843894,0.744095622119816,"South Africa","Vynnycky-high",28.28,378.98
7,73,25829,2285,35,50,28902,0.593688133224642,0.732462246974403,"South Africa","Vynnycky-high",45.7,516.58
8,73,18678,1955,31,50,20945,0.594532656735963,0.745611468695143,"South Africa","Vynnycky-high",39.1,373.56
9,73,16058,1916,23,50,17990,0.595852968897267,0.732500879352796,"South Africa","Vynnycky-high",38.32,321.16
10,73,14830,2158,29,50,16582,0.59889547964819,0.748179951465372,"South Africa","Vynnycky-high",43.16,296.6
12,73,17294,3018,15,50,19306,0.584265734265734,0.749598199935712,"South Africa","Vynnycky-high",60.36,345.88
14,73,18580,4041,22,50,20847,0.586157057973342,0.744165170556553,"South Africa","Vynnycky-high",80.82,371.6
16,73,12228,3220,22,50,13597,0.593780607247796,0.747885714285714,"South Africa","Vynnycky-high",64.4,244.56
18,73,10859,3228,20,50,12170,0.586216596343179,0.729811320754717,"South Africa","Vynnycky-high",64.56,217.18
20,73,11057,3869,16,50,12382,0.59594298245614,0.733635448136959,"South Africa","Vynnycky-high",77.38,221.14
22,73,11040,4381,16,50,12325,0.593946004908645,0.750378979282466,"South Africa","Vynnycky-high",87.62,220.8
24,73,8334,3619,18,50,9366,0.586306306306306,0.753078418664938,"South Africa","Vynnycky-high",72.38,166.68
26,73,10014,4664,15,50,11184,0.590567738059477,0.740649064906491,"South Africa","Vynnycky-high",93.28,200.28
28,73,8274,4240,21,50,9269,0.598646723646724,0.74975272007913,"South Africa","Vynnycky-high",84.8,165.48
30,73,7427,4064,7,50,8286,0.60859375,0.746425884123401,"South Africa","Vynnycky-high",81.28,148.54
32,73,7383,4272,17,50,8248,0.607274213322436,0.73330832708177,"South Africa","Vynnycky-high",85.44,147.66
34,73,7959,4759,14,50,8909,0.598357596117954,0.744762569832402,"South Africa","Vynnycky-high",95.18,159.18
36,73,6261,3936,11,50,7034,0.591595845136922,0.749444691248334,"South Africa","Vynnycky-high",78.72,125.22
38,73,6779,4349,8,50,7605,0.57661996497373,0.73371104815864,"South Africa","Vynnycky-high",86.98,135.58
40,73,6536,4298,9,50,7309,0.580601706331388,0.742619542619543,"South Africa","Vynnycky-high",85.96,130.72
42,73,6603,4534,9,50,7368,0.620081411126187,0.738758029978587,"South Africa","Vynnycky-high",90.68,132.06
44,73,6857,4717,7,50,7700,0.59037711313394,0.741016109045849,"South Africa","Vynnycky-high",94.34,137.14
46,73,5982,4169,8,50,6652,0.588413098236776,0.737378415933302,"South Africa","Vynnycky-high",83.38,119.64
48,73,6982,4889,6,50,7837,0.574652777777778,0.744838332684067,"South Africa","Vynnycky-high",97.78,139.64
50,73,7202,5102,15,50,8037,0.582378854625551,0.746510750660128,"South Africa","Vynnycky-high",102.04,144.04
0.5,74,52077,334,45,50,58437,0.59835876098012,0.74425378667514,"South Africa","Vynnycky-high",6.68,1041.54
1,74,28324,379,50,50,31672,0.583560781020365,0.743865480496627,"South Africa","Vynnycky-high",7.58,566.48
2,74,22716,590,45,50,25379,0.585437936593229,0.738901152808438,"South Africa","Vynnycky-high",11.8,454.32
3,74,24859,876,46,50,27843,0.592794759825327,0.740150509074812,"South Africa","Vynnycky-high",17.52,497.18
4,74,26093,1297,41,50,29174,0.58680836317431,0.745773524720893,"South Africa","Vynnycky-high",25.94,521.86
5,74,21008,1294,42,50,23444,0.591591166477916,0.739343394228223,"South Africa","Vynnycky-high",25.88,420.16
6,74,19284,1478,39,50,21569,0.603003284842797,0.745210180154418,"South Africa","Vynnycky-high",29.56,385.68
7,74,20295,1822,35,50,22735,0.593372145096283,0.742030934767989,"South Africa","Vynnycky-high",36.44,405.9
8,74,15247,1571,37,50,16987,0.583252755753239,0.739315448658649,"South Africa","Vynnycky-high",31.42,304.94
9,74,22592,2757,32,50,25274,0.601956055734191,0.741263762565821,"South Africa","Vynnycky-high",55.14,451.84
10,74,24410,3342,23,50,27128,0.590508137656852,0.736560364464693,"South Africa","Vynnycky-high",66.84,488.2
12,74,15322,2681,25,50,17013,0.596094354215004,0.74354809601155,"South Africa","Vynnycky-high",53.62,306.44
14,74,14033,3018,22,50,15746,0.591274148035598,0.744884038199181,"South Africa","Vynnycky-high",60.36,280.66
16,74,10945,2912,18,50,12271,0.616596343178622,0.746601941747573,"South Africa","Vynnycky-high",58.24,218.9
18,74,15050,4685,26,50,16768,0.597288676236045,0.742418639053254,"South Africa","Vynnycky-high",93.7,301
20,74,9619,3411,18,50,10705,0.583946274384394,0.750856164383562,"South Africa","Vynnycky-high",68.22,192.38
22,74,8471,3329,19,50,9466,0.601941747572815,0.73447820343461,"South Africa","Vynnycky-high",66.58,169.42
24,74,9810,4259,15,50,10909,0.600428003668603,0.739639897113461,"South Africa","Vynnycky-high",85.18,196.2
26,74,7838,3684,17,50,8756,0.585581957309706,0.742393509127789,"South Africa","Vynnycky-high",73.68,156.76
28,74,9095,4646,14,50,10162,0.6003300330033,0.73950091296409,"South Africa","Vynnycky-high",92.92,181.9
30,74,9404,5064,10,50,10559,0.592374457532548,0.744220509780676,"South Africa","Vynnycky-high",101.28,188.08
32,74,7568,4333,13,50,8484,0.60087370929309,0.741828865222181,"South Africa","Vynnycky-high",86.66,151.36
34,74,7872,4742,14,50,8816,0.599765716516986,0.73720371006527,"South Africa","Vynnycky-high",94.84,157.44
36,74,7316,4507,12,50,8177,0.594755661501788,0.732996502137583,"South Africa","Vynnycky-high",90.14,146.32
38,74,6378,4086,9,50,7110,0.577333952624245,0.738385205232296,"South Africa","Vynnycky-high",81.72,127.56
40,74,5383,3574,15,50,6019,0.584589614740369,0.741237113402062,"South Africa","Vynnycky-high",71.48,107.66
42,74,6405,4370,10,50,7196,0.583333333333333,0.749355116079106,"South Africa","Vynnycky-high",87.4,128.1
44,74,6044,4233,13,50,6762,0.595408163265306,0.750233426704015,"South Africa","Vynnycky-high",84.66,120.88
46,74,6717,4645,12,50,7488,0.585388127853881,0.725401399752985,"South Africa","Vynnycky-high",92.9,134.34
48,74,5380,3842,11,50,6042,0.607545045045045,0.742782152230971,"South Africa","Vynnycky-high",76.84,107.6
50,74,6687,4671,15,50,7492,0.58264282599215,0.743642329778507,"South Africa","Vynnycky-high",93.42,133.74
0.5,75,52174,375,50,50,58339,0.590522970239815,0.741236895054538,"South Africa","Vynnycky-high",7.5,1043.48
1,75,38559,476,48,50,43190,0.592723004694836,0.74752582532688,"South Africa","Vynnycky-high",9.52,771.18
2,75,25626,661,44,50,28676,0.587735849056604,0.740875912408759,"South Africa","Vynnycky-high",13.22,512.52
3,75,26266,963,41,50,29428,0.593169837267935,0.742829929093026,"South Africa","Vynnycky-high",19.26,525.32
4,75,25054,1212,41,50,28035,0.599280143971206,0.744557488239799,"South Africa","Vynnycky-high",24.24,501.08
5,75,21015,1350,38,50,23516,0.595292766934558,0.74921218487395,"South Africa","Vynnycky-high",27,420.3
6,75,28425,2174,41,50,31752,0.59490296438473,0.736105750675415,"South Africa","Vynnycky-high",43.48,568.5
7,75,23761,2211,38,50,26563,0.586466165413534,0.746201657458563,"South Africa","Vynnycky-high",44.22,475.22
8,75,16958,1744,32,50,19012,0.602458296751536,0.73480032599837,"South Africa","Vynnycky-high",34.88,339.16
9,75,23797,2867,36,50,26673,0.591702504427017,0.746829658402833,"South Africa","Vynnycky-high",57.34,475.94
10,75,18652,2546,22,50,20797,0.591206276560968,0.747627520759193,"South Africa","Vynnycky-high",50.92,373.04
12,75,15669,2703,27,50,17496,0.591809523809524,0.728258904357259,"South Africa","Vynnycky-high",54.06,313.38
14,75,10601,2281,24,50,11869,0.593722755013078,0.748800807876799,"South Africa","Vynnycky-high",45.62,212.02
16,75,11846,3100,15,50,13228,0.591498185588388,0.729549632352941,"South Africa","Vynnycky-high",62,236.92
18,75,9561,2908,18,50,10633,0.573001887979862,0.740578439964943,"South Africa","Vynnycky-high",58.16,191.22
20,75,7067,2510,22,50,7888,0.60108153078203,0.743788819875776,"South Africa","Vynnycky-high",50.2,141.34
22,75,12053,4781,13,50,13447,0.601156069364162,0.741016949152542,"South Africa","Vynnycky-high",95.62,241.06
24,75,9746,4211,15,50,10868,0.596236890808143,0.726679897930252,"South Africa","Vynnycky-high",84.22,194.92
26,75,9470,4467,19,50,10550,0.59473183116471,0.744084136722174,"South Africa","Vynnycky-high",89.34,189.4
28,75,8689,4423,17,50,9696,0.597184065934066,0.738842975206612,"South Africa","Vynnycky-high",88.46,173.78
30,75,7857,4211,16,50,8743,0.5867460908414,0.736484067311135,"South Africa","Vynnycky-high",84.22,157.14
32,75,8969,5138,15,50,10071,0.588919288645691,0.739646772228989,"South Africa","Vynnycky-high",102.76,179.38
34,75,8073,4823,12,50,9074,0.601593625498008,0.741308793456033,"South Africa","Vynnycky-high",96.46,161.46
36,75,7267,4558,11,50,8173,0.62938505984317,0.731331793687452,"South Africa","Vynnycky-high",91.16,145.34
38,75,7539,4908,12,50,8441,0.605434366628396,0.745743893412287,"South Africa","Vynnycky-high",98.16,150.78
40,75,6051,4005,6,50,6781,0.590974555928949,0.737742830712303,"South Africa","Vynnycky-high",80.1,121.02
42,75,5315,3608,6,50,5934,0.57109692396982,0.744810126582279,"South Africa","Vynnycky-high",72.16,106.3
44,75,7115,4818,9,50,7998,0.575833333333333,0.736196319018405,"South Africa","Vynnycky-high",96.36,142.3
46,75,6720,4673,11,50,7544,0.59954954954955,0.732737611697807,"South Africa","Vynnycky-high",93.46,134.4
48,75,8308,5882,14,50,9318,0.595529920692141,0.743007568279039,"South Africa","Vynnycky-high",117.64,166.16
50,75,5830,4142,10,50,6525,0.595979899497487,0.746505125815471,"South Africa","Vynnycky-high",82.84,116.6
0.5,76,59661,381,51,50,66647,0.59507614213198,0.73733247659262,"South Africa","Vynnycky-high",7.62,1193.22
1,76,48370,541,51,50,54144,0.58669642303639,0.740871477345061,"South Africa","Vynnycky-high",10.82,967.4
2,76,23364,555,48,50,26161,0.594410097887687,0.739316239316239,"South Africa","Vynnycky-high",11.1,467.28
3,76,18055,669,45,50,20117,0.591374391676456,0.744739249771272,"South Africa","Vynnycky-high",13.38,361.1
4,76,27218,1359,37,50,30454,0.591441839893852,0.738100040338846,"South Africa","Vynnycky-high",27.18,544.36
5,76,23772,1432,40,50,26540,0.584128195345288,0.736811391223156,"South Africa","Vynnycky-high",28.64,475.44
6,76,21169,1659,39,50,23667,0.605522964658749,0.751772135584483,"South Africa","Vynnycky-high",33.18,423.38
7,76,21887,1917,32,50,24466,0.595463401057612,0.737019470793809,"South Africa","Vynnycky-high",38.34,437.74
8,76,17575,1828,33,50,19730,0.593194514982225,0.738091444957782,"South Africa","Vynnycky-high",36.56,351.5
9,76,18492,2206,29,50,20613,0.591385331781141,0.724945135332846,"South Africa","Vynnycky-high",44.12,369.84
10,76,17269,2518,30,50,19291,0.589344404082339,0.743101500726158,"South Africa","Vynnycky-high",50.36,345.38
12,76,17118,2928,26,50,19133,0.591595763153325,0.742212848799481,"South Africa","Vynnycky-high",58.56,342.36
14,76,13518,2932,21,50,15078,0.582489309025433,0.736017897091723,"South Africa","Vynnycky-high",58.64,270.36
16,76,11459,3078,22,50,12882,0.593865679534638,0.752191423833215,"South Africa","Vynnycky-high",61.56,229.18
18,76,11007,3416,16,50,12321,0.607870115575124,0.744232698094283,"South Africa","Vynnycky-high",68.32,220.14
20,76,10194,3533,17,50,11360,0.583185840707965,0.740400216333153,"South Africa","Vynnycky-high",70.66,203.88
22,76,12201,4812,14,50,13615,0.595232056809536,0.744154976619906,"South Africa","Vynnycky-high",96.24,244.02
24,76,9681,4151,16,50,10814,0.59274319674695,0.731134712129681,"South Africa","Vynnycky-high",83.02,193.62
26,76,8563,4040,13,50,9584,0.596449300102424,0.737011939335269,"South Africa","Vynnycky-high",80.8,171.26
28,76,8680,4364,19,50,9763,0.584984358706986,0.745580808080808,"South Africa","Vynnycky-high",87.28,173.6
30,76,8047,4339,17,50,8992,0.595025983667409,0.737682636765206,"South Africa","Vynnycky-high",86.78,160.94
32,76,8677,4969,12,50,9731,0.593960923623446,0.743171114599686,"South Africa","Vynnycky-high",99.38,173.54
34,76,6963,4154,13,50,7746,0.586776859504132,0.745137763371151,"South Africa","Vynnycky-high",83.08,139.26
36,76,6425,4066,6,50,7214,0.60842803030303,0.751065643648764,"South Africa","Vynnycky-high",81.32,128.5
38,76,6430,4169,12,50,7177,0.609846725499303,0.739301310043668,"South Africa","Vynnycky-high",83.38,128.6
40,76,7397,4964,7,50,8276,0.597285067873303,0.750655185323849,"South Africa","Vynnycky-high",99.28,147.94
42,76,6786,4575,11,50,7605,0.566225165562914,0.739983974358974,"South Africa","Vynnycky-high",91.5,135.72
44,76,6218,4263,9,50,7008,0.598837209302326,0.727111897390535,"South Africa","Vynnycky-high",85.26,124.36
46,76,6580,4644,10,50,7359,0.598135198135198,0.751663893510815,"South Africa","Vynnycky-high",92.88,131.6
48,76,7504,5309,13,50,8435,0.602221308103661,0.746826260428001,"South Africa","Vynnycky-high",106.18,150.08
50,76,5620,4009,6,50,6292,0.603661820140011,0.749135802469136,"South Africa","Vynnycky-high",80.18,112.4
0.5,77,54267,339,47,50,60621,0.596367080849167,0.746385664834046,"South Africa","Vynnycky-high",6.78,1085.34
1,77,33315,397,48,50,37111,0.59253499222395,0.730235667725221,"South Africa","Vynnycky-high",7.94,666.3
2,77,38488,945,45,50,43029,0.598633579393749,0.749766304738621,"South Africa","Vynnycky-high",18.9,769.76
3,77,27465,1045,39,50,30798,0.599891067538126,0.74321187039467,"South Africa","Vynnycky-high",20.9,549.3
4,77,30259,1457,41,50,33835,0.585742771684945,0.737348959752885,"South Africa","Vynnycky-high",29.14,605.18
5,77,19766,1246,40,50,22135,0.589634793150477,0.739958012596221,"South Africa","Vynnycky-high",24.92,395.32
6,77,19713,1501,42,50,22057,0.589465648854962,0.739106066974919,"South Africa","Vynnycky-high",30.02,394.26
7,77,27833,2554,28,50,31130,0.59445652173913,0.735422020162087,"South Africa","Vynnycky-high",51.08,556.66
8,77,16271,1722,39,50,18162,0.588915842507931,0.724765957446808,"South Africa","Vynnycky-high",34.44,325.42
9,77,18423,2240,33,50,20648,0.593589104799867,0.743635287152161,"South Africa","Vynnycky-high",44.8,368.46
10,77,13930,1878,30,50,15546,0.593358258192215,0.73711943793911,"South Africa","Vynnycky-high",37.56,278.6
12,77,18252,3169,21,50,20318,0.583374648818377,0.748420890463719,"South Africa","Vynnycky-high",63.38,365.04
14,77,21163,4628,21,50,23569,0.601106069200227,0.73953795379538,"South Africa","Vynnycky-high",92.56,423.26
16,77,10823,2782,17,50,12187,0.596828046744574,0.742050368862885,"South Africa","Vynnycky-high",55.64,216.46
18,77,12466,3738,21,50,13881,0.583899127061106,0.736712267324512,"South Africa","Vynnycky-high",74.76,249.32
20,77,9293,3229,12,50,10373,0.589189189189189,0.743474347434743,"South Africa","Vynnycky-high",64.58,185.86
22,77,12796,4908,17,50,14305,0.601361205639281,0.732863549007047,"South Africa","Vynnycky-high",98.16,255.92
24,77,8477,3634,20,50,9454,0.583868665239115,0.737083060824068,"South Africa","Vynnycky-high",72.68,169.54
26,77,6935,3285,11,50,7745,0.589270386266094,0.750810372771475,"South Africa","Vynnycky-high",65.7,138.7
28,77,9257,4752,14,50,10365,0.589637635092181,0.751781472684085,"South Africa","Vynnycky-high",95.04,185.14
30,77,7271,3926,7,50,8130,0.611779344670261,0.744738893219018,"South Africa","Vynnycky-high",78.52,145.42
32,77,7331,4239,18,50,8232,0.594462540716612,0.75256947087933,"South Africa","Vynnycky-high",84.78,146.62
34,77,5915,3487,5,50,6637,0.593445980542755,0.735253135160241,"South Africa","Vynnycky-high",69.74,118.3
36,77,7573,4740,14,50,8473,0.59887459807074,0.74288800864242,"South Africa","Vynnycky-high",94.8,151.46
38,77,7571,4894,11,50,8466,0.590834697217676,0.74205073240443,"South Africa","Vynnycky-high",97.88,151.42
40,77,7579,5043,10,50,8479,0.591555014210313,0.739303843364757,"South Africa","Vynnycky-high",100.86,151.58
42,77,5386,3675,8,50,6023,0.596392333709132,0.742842269651223,"South Africa","Vynnycky-high",73.5,107.72
44,77,7853,5443,9,50,8806,0.583139984532096,0.75121107266436,"South Africa","Vynnycky-high",108.86,157.06
46,77,6766,4690,6,50,7584,0.583957690612605,0.741379310344828,"South Africa","Vynnycky-high",93.8,135.32
48,77,6855,4793,9,50,7635,0.571923743500866,0.755193482688391,"South Africa","Vynnycky-high",95.86,137.1
50,77,6670,4700,14,50,7510,0.590098126672614,0.74206672091131,"South Africa","Vynnycky-high",94,133.4
0.5,78,54994,410,50,50,61379,0.59745670995671,0.741905831886426,"South Africa","Vynnycky-high",8.2,1099.88
1,78,39489,480,51,50,44161,0.599242137173172,0.740415446814443,"South Africa","Vynnycky-high",9.6,789.78
2,78,33494,757,49,50,37389,0.601150872145298,0.747033618984838,"South Africa","Vynnycky-high",15.14,669.88
3,78,26967,1020,42,50,30164,0.589174800354925,0.743019648397104,"South Africa","Vynnycky-high",20.4,539.34
4,78,35015,1703,40,50,39168,0.596124031007752,0.740116140322966,"South Africa","Vynnycky-high",34.06,700.3
5,78,17263,1125,36,50,19242,0.591865605658709,0.745920365535248,"South Africa","Vynnycky-high",22.5,345.26
6,78,20485,1593,35,50,22897,0.59400504525894,0.752369347414027,"South Africa","Vynnycky-high",31.86,409.7
7,78,15625,1501,34,50,17447,0.598258460320602,0.746076529712573,"South Africa","Vynnycky-high",30.02,312.5
8,78,24351,2634,29,50,27303,0.59421722476214,0.751311288483466,"South Africa","Vynnycky-high",52.68,487.02
9,78,21669,2646,31,50,24285,0.59929676511955,0.747064023235257,"South Africa","Vynnycky-high",52.92,433.38
10,78,21001,2924,33,50,23473,0.599630471859011,0.743089865135532,"South Africa","Vynnycky-high",58.48,420.02
12,78,14679,2529,35,50,16452,0.585213032581454,0.732468509118255,"South Africa","Vynnycky-high",50.58,293.58
14,78,19996,4350,25,50,22381,0.602675886951293,0.744823803647333,"South Africa","Vynnycky-high",87,399.92
16,78,11154,2876,19,50,12488,0.594572368421053,0.745917862444334,"South Africa","Vynnycky-high",57.52,223.08
18,78,12838,3894,15,50,14340,0.595084705320926,0.743732590529248,"South Africa","Vynnycky-high",77.88,256.76
20,78,10700,3757,8,50,12028,0.600452744765139,0.729932677369239,"South Africa","Vynnycky-high",75.14,214
22,78,8479,3298,19,50,9442,0.590767094758764,0.742398930838623,"South Africa","Vynnycky-high",65.96,169.58
24,78,9940,4296,11,50,11186,0.578707916287534,0.757650273224044,"South Africa","Vynnycky-high",85.92,198.8
26,78,9111,4323,19,50,10239,0.605453350854139,0.766676637750524,"South Africa","Vynnycky-high",86.46,182.22
28,78,8357,4291,13,50,9341,0.609352517985612,0.745751416194602,"South Africa","Vynnycky-high",85.82,167.14
30,78,7622,4037,15,50,8473,0.587263200322451,0.722764838467318,"South Africa","Vynnycky-high",80.74,152.44
32,78,6862,3995,14,50,7663,0.584392014519056,0.756615878107458,"South Africa","Vynnycky-high",79.9,137.24
34,78,8971,5325,13,50,10032,0.602931379080613,0.737442218798151,"South Africa","Vynnycky-high",106.5,179.42
36,78,6611,4095,11,50,7399,0.589140271493213,0.726364014993753,"South Africa","Vynnycky-high",81.9,132.22
38,78,9071,5856,9,50,10145,0.597282068279748,0.731834975369458,"South Africa","Vynnycky-high",117.12,181.42
40,78,7120,4744,12,50,7935,0.586432366162648,0.741542092840283,"South Africa","Vynnycky-high",94.88,142.4
42,78,7680,5256,10,50,8569,0.590926867422761,0.762927895120175,"South Africa","Vynnycky-high",105.12,153.6
44,78,6993,4871,11,50,7838,0.588713125267208,0.747995418098511,"South Africa","Vynnycky-high",97.42,139.86
46,78,7636,5343,6,50,8569,0.605962933118453,0.740227434257285,"South Africa","Vynnycky-high",106.86,152.72
48,78,5902,4238,11,50,6569,0.608493008803729,0.755169172932331,"South Africa","Vynnycky-high",84.76,118.04
50,78,6940,4952,10,50,7741,0.607301869991095,0.744647722849358,"South Africa","Vynnycky-high",99.04,138.8
0.5,79,48093,354,50,50,53854,0.593011688634668,0.737970379761425,"South Africa","Vynnycky-high",7.08,961.86
1,79,37804,490,49,50,42265,0.601413595933926,0.740819312362838,"South Africa","Vynnycky-high",9.8,756.08
2,79,31419,749,44,50,35165,0.59095274683058,0.740444600650206,"South Africa","Vynnycky-high",14.98,628.38
3,79,27329,965,42,50,30636,0.601873026244147,0.740812775104924,"South Africa","Vynnycky-high",19.3,546.58
4,79,24672,1251,39,50,27550,0.594437726723095,0.735823429541596,"South Africa","Vynnycky-high",25.02,493.44
5,79,23132,1543,42,50,25771,0.595410941145968,0.746090930959827,"South Africa","Vynnycky-high",30.86,462.64
6,79,18219,1361,32,50,20336,0.597387755102041,0.744370054777845,"South Africa","Vynnycky-high",27.22,364.38
7,79,22862,2002,27,50,25548,0.586434415413038,0.740749668554899,"South Africa","Vynnycky-high",40.04,457.24
8,79,17729,1982,35,50,19767,0.58734220402593,0.739320236981603,"South Africa","Vynnycky-high",39.64,354.58
9,79,19801,2401,36,50,22206,0.598002118964734,0.744374563242488,"South Africa","Vynnycky-high",48.02,396.02
10,79,15715,2099,29,50,17561,0.584669534610872,0.74503950834065,"South Africa","Vynnycky-high",41.98,314.3
12,79,14679,2644,26,50,16438,0.599711874871373,0.740796112876098,"South Africa","Vynnycky-high",52.88,293.58
14,79,15173,3372,21,50,16995,0.603621334382995,0.747704737421961,"South Africa","Vynnycky-high",67.44,303.46
16,79,15475,4073,17,50,17268,0.594795539033457,0.734777936962751,"South Africa","Vynnycky-high",81.46,309.5
18,79,14527,4460,16,50,16266,0.585767946577629,0.738233639602475,"South Africa","Vynnycky-high",89.2,290.54
20,79,12562,4259,20,50,14030,0.579946458992456,0.743773012778861,"South Africa","Vynnycky-high",85.18,251.24
22,79,9449,3692,18,50,10579,0.592757306226175,0.742923840093376,"South Africa","Vynnycky-high",73.84,188.98
24,79,8170,3505,18,50,9145,0.582744514689476,0.738198861734181,"South Africa","Vynnycky-high",70.1,163.4
26,79,7038,3325,11,50,7924,0.593972373377982,0.747478665632273,"South Africa","Vynnycky-high",66.5,140.76
28,79,10093,5172,11,50,11252,0.595853365384615,0.742710583153348,"South Africa","Vynnycky-high",103.44,201.86
30,79,8999,4881,17,50,10075,0.59445178335535,0.74869751762182,"South Africa","Vynnycky-high",97.62,179.98
32,79,6237,3567,14,50,6993,0.585721223895095,0.737242614145031,"South Africa","Vynnycky-high",71.34,124.74
34,79,7025,4258,12,50,7869,0.605651623787431,0.734467748318164,"South Africa","Vynnycky-high",85.16,140.5
36,79,6438,4024,11,50,7198,0.597938144329897,0.730994152046784,"South Africa","Vynnycky-high",80.48,128.76
38,79,5719,3719,9,50,6424,0.594566353187043,0.743463246176616,"South Africa","Vynnycky-high",74.38,114.38
40,79,6228,4135,9,50,6986,0.586987951807229,0.746913580246914,"South Africa","Vynnycky-high",82.7,124.56
42,79,5867,4032,13,50,6580,0.605095541401274,0.760707635009311,"South Africa","Vynnycky-high",80.64,117.34
44,79,8124,5590,8,50,9049,0.58450184501845,0.736751548520303,"South Africa","Vynnycky-high",111.8,162.48
46,79,8704,6103,6,50,9758,0.597256419275413,0.743085433312846,"South Africa","Vynnycky-high",122.06,174.08
48,79,5452,3925,8,50,6071,0.621896162528217,0.751427088738972,"South Africa","Vynnycky-high",78.5,109.04
50,79,5629,3974,11,50,6289,0.599468085106383,0.738454059309674,"South Africa","Vynnycky-high",79.48,112.58
0.5,80,47869,324,47,50,53581,0.593328691689347,0.742460865561694,"South Africa","Vynnycky-high",6.48,957.38
1,80,33514,462,47,50,37463,0.592399135446686,0.739976901501402,"South Africa","Vynnycky-high",9.24,670.28
2,80,23829,598,43,50,26650,0.59207370945349,0.737432779985971,"South Africa","Vynnycky-high",11.96,476.58
3,80,22812,839,43,50,25473,0.601238556812063,0.744425593795443,"South Africa","Vynnycky-high",16.78,456.24
4,80,27124,1322,39,50,30330,0.606246514221974,0.741098677517803,"South Africa","Vynnycky-high",26.44,542.48
5,80,18328,1148,37,50,20520,0.586609639743379,0.748130421776847,"South Africa","Vynnycky-high",22.96,366.56
6,80,22953,1759,34,50,25682,0.588404659076037,0.751456772505649,"South Africa","Vynnycky-high",35.18,459.06
7,80,20206,1850,28,50,22574,0.584503851381966,0.746594005449591,"South Africa","Vynnycky-high",37,404.12
8,80,24121,2519,28,50,26916,0.587534836584748,0.735504368546466,"South Africa","Vynnycky-high",50.38,482.42
9,80,18637,2360,32,50,20826,0.596995638830561,0.740571596935769,"South Africa","Vynnycky-high",47.2,372.74
10,80,17991,2470,27,50,20069,0.585633521782507,0.747586206896552,"South Africa","Vynnycky-high",49.4,359.82
12,80,15661,2786,22,50,17514,0.599146294140473,0.741002117148906,"South Africa","Vynnycky-high",55.72,313.22
14,80,15485,3335,24,50,17308,0.586442664582926,0.746747460345749,"South Africa","Vynnycky-high",66.7,309.7
16,80,12204,3251,18,50,13653,0.596830113917781,0.733891024191725,"South Africa","Vynnycky-high",65.02,244.08
18,80,12766,3832,20,50,14208,0.591930417975356,0.73730106823632,"South Africa","Vynnycky-high",76.64,255.32
20,80,8822,3078,14,50,9946,0.596521145975443,0.752784653465347,"South Africa","Vynnycky-high",61.56,176.44
22,80,11514,4512,9,50,12887,0.581302966101695,0.750836920133907,"South Africa","Vynnycky-high",90.24,230.28
24,80,9974,4232,14,50,11198,0.589486478274081,0.726648351648352,"South Africa","Vynnycky-high",84.64,199.48
26,80,6581,3148,11,50,7362,0.606378132118451,0.756463719766472,"South Africa","Vynnycky-high",62.96,131.62
28,80,7399,3732,12,50,8218,0.582262743472855,0.738725307491614,"South Africa","Vynnycky-high",74.64,147.98
30,80,7035,3790,12,50,7861,0.583664459161148,0.753005040713455,"South Africa","Vynnycky-high",75.8,140.7
32,80,7244,4166,9,50,8135,0.603559870550162,0.747802827665266,"South Africa","Vynnycky-high",83.32,144.88
34,80,8003,4803,12,50,8955,0.590608950843727,0.74186778593914,"South Africa","Vynnycky-high",96.06,160.06
36,80,6536,4108,9,50,7327,0.59794296400187,0.752633796881584,"South Africa","Vynnycky-high",82.16,130.72
38,80,7176,4685,9,50,8057,0.602346805736636,0.747169811320755,"South Africa","Vynnycky-high",93.7,143.52
40,80,6458,4257,8,50,7231,0.582974653275945,0.732494758909853,"South Africa","Vynnycky-high",85.14,129.16
42,80,6159,4195,4,50,6908,0.581553398058252,0.74586869138008,"South Africa","Vynnycky-high",83.9,123.18
44,80,6118,4188,14,50,6846,0.598455598455598,0.736842105263158,"South Africa","Vynnycky-high",83.76,122.36
46,80,6105,4270,5,50,6808,0.574645129711209,0.748466257668712,"South Africa","Vynnycky-high",85.4,122.1
48,80,6509,4583,10,50,7282,0.593017914561323,0.737733391228832,"South Africa","Vynnycky-high",91.66,130.18
50,80,5942,4258,11,50,6614,0.608517188301693,0.749090909090909,"South Africa","Vynnycky-high",85.16,118.84
0.5,81,62457,371,50,50,69851,0.59337451962835,0.739989369241673,"South Africa","Vynnycky-high",7.42,1249.14
1,81,36940,517,48,50,41424,0.5936729663106,0.742321822189567,"South Africa","Vynnycky-high",10.34,738.8
2,81,28039,709,48,50,31327,0.589967982924226,0.73955363287779,"South Africa","Vynnycky-high",14.18,560.78
3,81,23307,876,48,50,26175,0.596557079989645,0.747990543735225,"South Africa","Vynnycky-high",17.52,466.14
4,81,20878,1066,41,50,23329,0.598895653405069,0.745714671345661,"South Africa","Vynnycky-high",21.32,417.56
5,81,35418,2269,38,50,39570,0.584424475823706,0.746513085723241,"South Africa","Vynnycky-high",45.38,708.36
6,81,23123,1729,34,50,25833,0.595669291338583,0.739114875342956,"South Africa","Vynnycky-high",34.58,462.46
7,81,24875,2284,37,50,27813,0.599085549272049,0.739910813823857,"South Africa","Vynnycky-high",45.68,497.5
8,81,17898,1994,39,50,20117,0.608226567768038,0.752562907735322,"South Africa","Vynnycky-high",39.88,357.96
9,81,18757,2189,24,50,20969,0.577135433582332,0.735414235705951,"South Africa","Vynnycky-high",43.78,375.14
10,81,14976,2060,33,50,16721,0.57871033776868,0.745526838966203,"South Africa","Vynnycky-high",41.2,299.52
12,81,14199,2488,23,50,15763,0.592281155670548,0.750869733281794,"South Africa","Vynnycky-high",49.76,283.98
14,81,13462,2961,24,50,15028,0.60445434298441,0.750866462793068,"South Africa","Vynnycky-high",59.22,269.24
16,81,10946,2937,20,50,12265,0.583989145183175,0.747526008627252,"South Africa","Vynnycky-high",58.74,218.92
18,81,13681,4166,19,50,15290,0.584922394678492,0.741292530702637,"South Africa","Vynnycky-high",83.32,273.62
20,81,12675,4451,16,50,14224,0.605104743558873,0.746796288113124,"South Africa","Vynnycky-high",89.02,253.5
22,81,14177,5427,14,50,15845,0.585608465608466,0.738043262552094,"South Africa","Vynnycky-high",108.54,283.54
24,81,8440,3554,14,50,9400,0.582918149466192,0.724285244824187,"South Africa","Vynnycky-high",71.08,168.8
26,81,9127,4232,13,50,10199,0.586573612495846,0.74019312009656,"South Africa","Vynnycky-high",84.64,182.54
28,81,8943,4483,12,50,9994,0.578365706630944,0.735285147910948,"South Africa","Vynnycky-high",89.66,178.86
30,81,8206,4493,12,50,9164,0.596987509184423,0.751399407309845,"South Africa","Vynnycky-high",89.86,164.12
32,81,6497,3715,13,50,7269,0.61108545034642,0.72791963164504,"South Africa","Vynnycky-high",74.3,129.94
34,81,5938,3541,10,50,6608,0.597886260694514,0.720055710306407,"South Africa","Vynnycky-high",70.82,118.76
36,81,6109,3814,14,50,6838,0.588091752074183,0.743554952510176,"South Africa","Vynnycky-high",76.28,122.18
38,81,5853,3826,16,50,6536,0.594508975712777,0.747353888633226,"South Africa","Vynnycky-high",76.52,117.06
40,81,6697,4450,13,50,7484,0.572751322751323,0.757386600083229,"South Africa","Vynnycky-high",89,133.94
42,81,6895,4696,13,50,7712,0.580096027935399,0.752089136490251,"South Africa","Vynnycky-high",93.92,137.9
44,81,7116,4943,7,50,7967,0.611754966887417,0.744195046439629,"South Africa","Vynnycky-high",98.86,142.32
46,81,7650,5371,12,50,8571,0.592028135990621,0.74349839686498,"South Africa","Vynnycky-high",107.42,153
48,81,5538,3913,12,50,6180,0.597915523861766,0.747179487179487,"South Africa","Vynnycky-high",78.26,110.76
50,81,7107,4994,11,50,7926,0.579365079365079,0.732142857142857,"South Africa","Vynnycky-high",99.88,142.14
0.5,82,65860,442,49,50,73565,0.591668975708876,0.738334858188472,"South Africa","Vynnycky-high",8.84,1317.2
1,82,42781,537,43,50,47920,0.593905031892275,0.746471611780628,"South Africa","Vynnycky-high",10.74,855.62
2,82,27458,712,45,50,30772,0.598275673905926,0.741812336749046,"South Africa","Vynnycky-high",14.24,549.16
3,82,22509,808,38,50,25179,0.595058061031596,0.743192995082164,"South Africa","Vynnycky-high",16.16,450.18
4,82,22698,1154,37,50,25268,0.598584968629021,0.744581487247036,"South Africa","Vynnycky-high",23.08,453.96
5,82,25527,1577,40,50,28508,0.588971543275475,0.746215009258251,"South Africa","Vynnycky-high",31.54,510.54
6,82,23097,1711,33,50,25889,0.587619539932799,0.746567983765071,"South Africa","Vynnycky-high",34.22,461.94
7,82,25088,2218,42,50,27951,0.588285644411837,0.752349726775956,"South Africa","Vynnycky-high",44.36,501.76
8,82,21000,2145,36,50,23498,0.584751823773423,0.743610013175231,"South Africa","Vynnycky-high",42.9,420
9,82,20968,2555,39,50,23476,0.594088381621305,0.74166232412715,"South Africa","Vynnycky-high",51.1,419.36
10,82,13509,1879,27,50,15089,0.593516209476309,0.750520183104453,"South Africa","Vynnycky-high",37.58,270.18
12,82,16142,2905,29,50,17999,0.5913715146948,0.744590219798944,"South Africa","Vynnycky-high",58.1,322.84
14,82,16952,3607,18,50,18972,0.585179932636057,0.743066884176183,"South Africa","Vynnycky-high",72.14,339.04
16,82,11408,2912,21,50,12749,0.583805668016194,0.739947026246087,"South Africa","Vynnycky-high",58.24,228.16
18,82,13391,4168,19,50,14914,0.600187485352707,0.744190705128205,"South Africa","Vynnycky-high",83.36,267.82
20,82,9045,3223,23,50,10147,0.583389830508475,0.74402831023297,"South Africa","Vynnycky-high",64.46,180.9
22,82,9580,3749,19,50,10703,0.589584624922505,0.747516072472239,"South Africa","Vynnycky-high",74.98,191.6
24,82,7010,2996,12,50,7858,0.584059233449477,0.744897959183674,"South Africa","Vynnycky-high",59.92,140.2
26,82,9368,4477,17,50,10443,0.587058455767427,0.745305164319249,"South Africa","Vynnycky-high",89.54,187.36
28,82,7156,3645,14,50,8030,0.588757396449704,0.757729941291585,"South Africa","Vynnycky-high",72.9,143.12
30,82,6266,3412,6,50,7010,0.596433599249179,0.738873751135331,"South Africa","Vynnycky-high",68.24,125.32
32,82,6454,3674,16,50,7191,0.585342789598109,0.74385510996119,"South Africa","Vynnycky-high",73.48,129.08
34,82,8422,5021,12,50,9367,0.57596535546734,0.745965138799225,"South Africa","Vynnycky-high",100.42,168.44
36,82,6970,4341,19,50,7820,0.582494529540481,0.734741784037559,"South Africa","Vynnycky-high",86.82,139.4
38,82,8083,5244,15,50,9023,0.598091603053435,0.744595942800133,"South Africa","Vynnycky-high",104.88,161.66
40,82,6560,4351,8,50,7299,0.590867158671587,0.740409207161125,"South Africa","Vynnycky-high",87.02,131.2
42,82,8549,5753,13,50,9596,0.590811965811966,0.737915881983679,"South Africa","Vynnycky-high",115.06,170.98
44,82,6400,4447,12,50,7143,0.595874355368026,0.743513398553807,"South Africa","Vynnycky-high",88.94,128
46,82,5693,4047,15,50,6287,0.592592592592593,0.754385964912281,"South Africa","Vynnycky-high",80.94,113.86
48,82,6434,4488,14,50,7178,0.588072122052705,0.727873183619551,"South Africa","Vynnycky-high",89.76,128.68
50,82,6467,4569,7,50,7267,0.582560296846011,0.743600682593857,"South Africa","Vynnycky-high",91.38,129.34
0.5,83,71493,486,50,50,79821,0.588096641131408,0.73476219793751,"South Africa","Vynnycky-high",9.72,1429.86
1,83,41459,515,48,50,46364,0.590780604479235,0.738003711558855,"South Africa","Vynnycky-high",10.3,829.18
2,83,34300,842,47,50,38325,0.594273992151267,0.748421717171717,"South Africa","Vynnycky-high",16.84,686
3,83,22047,834,37,50,24608,0.594505945059451,0.746735961465331,"South Africa","Vynnycky-high",16.68,440.94
4,83,22784,1098,42,50,25480,0.587954364552932,0.73741610738255,"South Africa","Vynnycky-high",21.96,455.68
5,83,22895,1430,44,50,25597,0.587952450914919,0.756315725855192,"South Africa","Vynnycky-high",28.6,457.9
6,83,20989,1617,33,50,23527,0.589341692789969,0.750363612323152,"South Africa","Vynnycky-high",32.34,419.78
7,83,26482,2459,33,50,29569,0.589455782312925,0.737675114960967,"South Africa","Vynnycky-high",49.18,529.64
8,83,18547,1955,27,50,20732,0.598890339425587,0.746831712348954,"South Africa","Vynnycky-high",39.1,370.94
9,83,20024,2492,32,50,22422,0.592509698597434,0.749069863579992,"South Africa","Vynnycky-high",49.84,400.48
10,83,20632,2863,33,50,23091,0.583817547937246,0.743453409544065,"South Africa","Vynnycky-high",57.26,412.64
12,83,17622,3107,26,50,19713,0.583290532443075,0.736284001844168,"South Africa","Vynnycky-high",62.14,352.44
14,83,13545,2949,23,50,15087,0.594099240053643,0.745170571311139,"South Africa","Vynnycky-high",58.98,270.9
16,83,9643,2560,17,50,10766,0.604593420235878,0.739643268124281,"South Africa","Vynnycky-high",51.2,192.86
18,83,12103,3738,23,50,13564,0.593820084724645,0.736492673992674,"South Africa","Vynnycky-high",74.76,242.06
20,83,10874,3864,14,50,12248,0.598843612334802,0.746575342465753,"South Africa","Vynnycky-high",77.28,217.48
22,83,10026,3911,15,50,11190,0.6004828002414,0.745827633378933,"South Africa","Vynnycky-high",78.22,200.52
24,83,7964,3406,14,50,8932,0.594202898550725,0.747379454926625,"South Africa","Vynnycky-high",68.12,159.28
26,83,7957,3791,15,50,8911,0.591619047619048,0.744557823129252,"South Africa","Vynnycky-high",75.82,159.14
28,83,7539,3843,15,50,8423,0.603712671509282,0.733020231213873,"South Africa","Vynnycky-high",76.86,150.78
30,83,8621,4606,16,50,9662,0.579930795847751,0.735531846104106,"South Africa","Vynnycky-high",92.12,172.42
32,83,8308,4673,11,50,9243,0.589883551673945,0.740728366187771,"South Africa","Vynnycky-high",93.46,166.16
34,83,7415,4536,14,50,8304,0.606859054788791,0.739776951672863,"South Africa","Vynnycky-high",90.72,148.3
36,83,8969,5605,17,50,10016,0.592330978809284,0.746522411128284,"South Africa","Vynnycky-high",112.1,179.38
38,83,4682,3052,11,50,5220,0.605161290322581,0.743373493975904,"South Africa","Vynnycky-high",61.04,93.64
40,83,5556,3732,9,50,6203,0.579795808704997,0.749497991967871,"South Africa","Vynnycky-high",74.64,111.12
42,83,6382,4397,5,50,7147,0.614265603003285,0.74486301369863,"South Africa","Vynnycky-high",87.94,127.64
44,83,5423,3716,14,50,6030,0.593285635663181,0.712866108786611,"South Africa","Vynnycky-high",74.32,108.46
46,83,5548,3903,11,50,6183,0.59070796460177,0.7412109375,"South Africa","Vynnycky-high",78.06,110.96
48,83,6402,4568,14,50,7168,0.612558139534884,0.748293515358362,"South Africa","Vynnycky-high",91.36,128.04
50,83,6855,4847,10,50,7695,0.583220568335589,0.746210649047804,"South Africa","Vynnycky-high",96.94,137.1
0.5,84,42693,289,45,50,47708,0.596763846318341,0.744854914994248,"South Africa","Vynnycky-high",5.78,853.86
1,84,32714,426,51,50,36525,0.590099191770757,0.744786750193083,"South Africa","Vynnycky-high",8.52,654.28
2,84,25339,586,48,50,28268,0.590140164330594,0.745692475463468,"South Africa","Vynnycky-high",11.72,506.78
3,84,21021,756,44,50,23471,0.583879236684705,0.74037316395395,"South Africa","Vynnycky-high",15.12,420.42
4,84,29977,1479,40,50,33559,0.595067941620533,0.746384770272744,"South Africa","Vynnycky-high",29.58,599.54
5,84,27510,1759,33,50,30710,0.595299978340914,0.743501218521527,"South Africa","Vynnycky-high",35.18,550.2
6,84,22756,1682,40,50,25471,0.600242849433351,0.729946204423192,"South Africa","Vynnycky-high",33.64,455.12
7,84,21995,1976,35,50,24533,0.596488840500817,0.742864327926569,"South Africa","Vynnycky-high",39.52,439.9
8,84,19289,2039,28,50,21553,0.58960878305242,0.743313953488372,"South Africa","Vynnycky-high",40.78,385.78
9,84,14562,1765,34,50,16306,0.599460132890365,0.741626794258373,"South Africa","Vynnycky-high",35.3,291.24
10,84,14777,2049,22,50,16513,0.594605723697756,0.73729446935725,"South Africa","Vynnycky-high",40.98,295.54
12,84,14309,2555,23,50,15968,0.58670336650434,0.73220469411312,"South Africa","Vynnycky-high",51.1,286.18
14,84,11978,2582,20,50,13449,0.58983392048314,0.751424014581909,"South Africa","Vynnycky-high",51.64,239.56
16,84,11176,2928,24,50,12509,0.587964217945243,0.743481499875838,"South Africa","Vynnycky-high",58.56,223.52
18,84,9433,3042,19,50,10571,0.615336068160303,0.748767043806208,"South Africa","Vynnycky-high",60.84,188.66
20,84,8718,3060,16,50,9745,0.599861303744799,0.739021329987453,"South Africa","Vynnycky-high",61.2,174.36
22,84,9113,3513,21,50,10151,0.584376056814339,0.734341906202723,"South Africa","Vynnycky-high",70.26,182.26
24,84,14591,6305,14,50,16280,0.593283582089552,0.743084501705191,"South Africa","Vynnycky-high",126.1,291.82
26,84,7929,3721,11,50,8879,0.589153046062407,0.73701955495617,"South Africa","Vynnycky-high",74.42,158.58
28,84,8517,4275,16,50,9526,0.590655509065551,0.733247005503399,"South Africa","Vynnycky-high",85.5,170.34
30,84,8855,4750,7,50,9881,0.582647462277092,0.743621655258245,"South Africa","Vynnycky-high",95,177.1
32,84,6629,3789,12,50,7421,0.595541401273885,0.741430385103682,"South Africa","Vynnycky-high",75.78,132.58
34,84,6726,4068,17,50,7516,0.589184474487571,0.741787941787942,"South Africa","Vynnycky-high",81.36,134.52
36,84,5463,3429,15,50,6071,0.61129207383279,0.728232189973615,"South Africa","Vynnycky-high",68.58,109.26
38,84,6295,4096,9,50,7015,0.597066014669927,0.742795698924731,"South Africa","Vynnycky-high",81.92,125.9
40,84,7241,4751,9,50,8079,0.583436341161928,0.737625604763677,"South Africa","Vynnycky-high",95.02,144.82
42,84,6509,4448,7,50,7296,0.588345864661654,0.752936059156155,"South Africa","Vynnycky-high",88.96,130.18
44,84,7727,5348,11,50,8578,0.598178939034046,0.734245588764854,"South Africa","Vynnycky-high",106.96,154.54
46,84,7248,5032,9,50,8113,0.590272052761748,0.73901205756515,"South Africa","Vynnycky-high",100.64,144.96
48,84,5936,4190,7,50,6642,0.589847715736041,0.749764373232799,"South Africa","Vynnycky-high",83.8,118.72
50,84,6516,4634,8,50,7293,0.594520547945205,0.755784061696658,"South Africa","Vynnycky-high",92.68,130.32
0.5,85,60877,410,51,50,68118,0.595325344161632,0.743945108374608,"South Africa","Vynnycky-high",8.2,1217.54
1,85,35081,420,47,50,39091,0.600604490500864,0.739880715705765,"South Africa","Vynnycky-high",8.4,701.62
2,85,34462,837,36,50,38448,0.590179916688824,0.744277821625888,"South Africa","Vynnycky-high",16.74,689.24
3,85,25930,979,40,50,29029,0.597812172698708,0.745927989712816,"South Africa","Vynnycky-high",19.58,518.6
4,85,18813,923,37,50,20946,0.59488,0.749339207048458,"South Africa","Vynnycky-high",18.46,376.26
5,85,24825,1508,40,50,27771,0.583742030407062,0.73412211184284,"South Africa","Vynnycky-high",30.16,496.5
6,85,24458,1889,39,50,27300,0.595959595959596,0.743371855880353,"South Africa","Vynnycky-high",37.78,489.16
7,85,22904,2104,31,50,25641,0.597711730668069,0.739879518072289,"South Africa","Vynnycky-high",42.08,458.08
8,85,22284,2350,30,50,24945,0.597055616139586,0.737564959168523,"South Africa","Vynnycky-high",47,445.68
9,85,19419,2361,30,50,21751,0.590281012265176,0.734866324975758,"South Africa","Vynnycky-high",47.22,388.38
10,85,19395,2730,30,50,21685,0.592818015824711,0.750035365681143,"South Africa","Vynnycky-high",54.6,387.9
12,85,13871,2403,27,50,15513,0.590231251350767,0.745266095276061,"South Africa","Vynnycky-high",48.06,277.42
14,85,14637,3234,17,50,16402,0.595310289064079,0.743691899070385,"South Africa","Vynnycky-high",64.68,292.74
16,85,9705,2561,15,50,10877,0.598325062034739,0.732044995673493,"South Africa","Vynnycky-high",51.22,194.1
18,85,9714,3078,19,50,10860,0.59975445058318,0.732260844584889,"South Africa","Vynnycky-high",61.56,194.28
20,85,10934,3861,20,50,12268,0.601818682832736,0.733857107782961,"South Africa","Vynnycky-high",77.22,218.68
22,85,11459,4467,9,50,12780,0.588837961714748,0.745458891013384,"South Africa","Vynnycky-high",89.34,229.18
24,85,9833,4182,13,50,11027,0.579718998167379,0.743124468386731,"South Africa","Vynnycky-high",83.64,196.66
26,85,7558,3527,16,50,8432,0.604678826328311,0.734334921216563,"South Africa","Vynnycky-high",70.54,151.16
28,85,7514,3804,17,50,8357,0.590097402597403,0.751624548736462,"South Africa","Vynnycky-high",76.08,150.28
30,85,8600,4678,7,50,9651,0.601363473268748,0.740729101194217,"South Africa","Vynnycky-high",93.56,172
32,85,8756,5046,7,50,9775,0.592566619915849,0.741315136476427,"South Africa","Vynnycky-high",100.92,175.12
34,85,7123,4266,9,50,7962,0.603316326530612,0.728298949007396,"South Africa","Vynnycky-high",85.32,142.46
36,85,5851,3698,12,50,6543,0.585677749360614,0.740830115830116,"South Africa","Vynnycky-high",73.96,117.02
38,85,7148,4626,7,50,8032,0.586320560362588,0.752399232245681,"South Africa","Vynnycky-high",92.52,142.96
40,85,8760,5869,6,50,9818,0.594809688581315,0.733333333333333,"South Africa","Vynnycky-high",117.38,175.2
42,85,6302,4296,10,50,7095,0.596805421103582,0.750868055555556,"South Africa","Vynnycky-high",85.92,126.04
44,85,6879,4755,17,50,7649,0.595905651980418,0.741110667199361,"South Africa","Vynnycky-high",95.1,137.58
46,85,5322,3744,11,50,5970,0.595707656612529,0.756147540983607,"South Africa","Vynnycky-high",74.88,106.44
48,85,7133,5006,9,50,7971,0.591120507399577,0.744773175542406,"South Africa","Vynnycky-high",100.12,142.66
50,85,7454,5202,9,50,8326,0.588744588744589,0.732116788321168,"South Africa","Vynnycky-high",104.04,149.08
0.5,86,61762,424,52,50,69051,0.594409000146106,0.743659703895872,"South Africa","Vynnycky-high",8.48,1235.24
1,86,39512,476,50,50,44254,0.593128390596745,0.744083461700042,"South Africa","Vynnycky-high",9.52,790.24
2,86,26259,696,39,50,29331,0.601631621280018,0.740941274468971,"South Africa","Vynnycky-high",13.92,525.18
3,86,22766,844,35,50,25435,0.590891193069957,0.749603416717511,"South Africa","Vynnycky-high",16.88,455.32
4,86,26698,1260,38,50,29899,0.593690355899854,0.74225641025641,"South Africa","Vynnycky-high",25.2,533.96
5,86,22061,1392,32,50,24690,0.593984962406015,0.743421880901423,"South Africa","Vynnycky-high",27.84,441.22
6,86,19681,1477,38,50,21986,0.586138005225142,0.742103778905809,"South Africa","Vynnycky-high",29.54,393.62
7,86,22992,2077,33,50,25668,0.598077935755661,0.740833932422717,"South Africa","Vynnycky-high",41.54,459.84
8,86,21563,2256,32,50,24163,0.594008559201141,0.745470783363103,"South Africa","Vynnycky-high",45.12,431.26
9,86,15552,1952,32,50,17420,0.592906707787201,0.735388453314326,"South Africa","Vynnycky-high",39.04,311.04
10,86,14376,1941,30,50,16133,0.603273254609488,0.738432122370937,"South Africa","Vynnycky-high",38.82,287.52
12,86,17778,3041,23,50,19924,0.592752659574468,0.737732919254658,"South Africa","Vynnycky-high",60.82,355.56
14,86,15971,3440,19,50,17822,0.587319884726225,0.738220785847933,"South Africa","Vynnycky-high",68.8,319.42
16,86,12798,3265,20,50,14280,0.577777777777778,0.745538526138988,"South Africa","Vynnycky-high",65.3,255.96
18,86,10278,3188,13,50,11439,0.588747099767981,0.741988049972841,"South Africa","Vynnycky-high",63.76,205.56
20,86,10516,3689,18,50,11760,0.594723547572271,0.732589048378522,"South Africa","Vynnycky-high",73.78,210.32
22,86,10741,4144,20,50,11979,0.58252977878616,0.741219008264463,"South Africa","Vynnycky-high",82.88,214.82
24,86,12458,5426,14,50,13999,0.603787327021122,0.743243243243243,"South Africa","Vynnycky-high",108.52,249.16
26,86,7924,3759,21,50,8836,0.602133544053734,0.739820565907522,"South Africa","Vynnycky-high",75.18,158.48
28,86,6956,3508,13,50,7796,0.585889570552147,0.723924001550989,"South Africa","Vynnycky-high",70.16,139.12
30,86,9048,4904,13,50,10132,0.579583613163197,0.75045648204504,"South Africa","Vynnycky-high",98.08,180.96
32,86,7741,4461,10,50,8657,0.586740770146884,0.745768688293371,"South Africa","Vynnycky-high",89.22,154.82
34,86,6726,4007,9,50,7561,0.582766439909297,0.73240589198036,"South Africa","Vynnycky-high",80.14,134.52
36,86,7339,4645,12,50,8214,0.604718543046358,0.756787330316742,"South Africa","Vynnycky-high",92.9,146.78
38,86,7855,5097,15,50,8823,0.600701207635372,0.740932642487047,"South Africa","Vynnycky-high",101.94,157.1
40,86,7478,5063,12,50,8423,0.612877263581489,0.750820868296242,"South Africa","Vynnycky-high",101.26,149.56
42,86,5553,3841,10,50,6243,0.615384615384615,0.754220456802383,"South Africa","Vynnycky-high",76.82,111.06
44,86,6758,4693,15,50,7529,0.590312358533273,0.740847387906211,"South Africa","Vynnycky-high",93.86,135.16
46,86,6225,4378,7,50,6965,0.580582524271845,0.749446657813192,"South Africa","Vynnycky-high",87.56,124.5
48,86,5479,3894,7,50,6148,0.600340136054422,0.740940254652302,"South Africa","Vynnycky-high",77.88,109.58
50,86,8634,6018,4,50,9631,0.58474870017331,0.730199613650998,"South Africa","Vynnycky-high",120.36,172.68
0.5,87,59092,382,47,50,65983,0.591882866683791,0.733758320052498,"South Africa","Vynnycky-high",7.64,1181.84
1,87,30810,398,48,50,34528,0.595277108433735,0.746898039920878,"South Africa","Vynnycky-high",7.96,616.2
2,87,28906,689,45,50,32407,0.592380952380952,0.743442158897905,"South Africa","Vynnycky-high",13.78,578.12
3,87,23220,887,43,50,25944,0.591826041393765,0.746114604342152,"South Africa","Vynnycky-high",17.74,464.4
4,87,20633,1007,42,50,23018,0.600719424460432,0.74181577203446,"South Africa","Vynnycky-high",20.14,412.66
5,87,26677,1616,40,50,30001,0.598712446351931,0.746467165419784,"South Africa","Vynnycky-high",32.32,533.54
6,87,26082,1983,34,50,29123,0.59307010475423,0.744619951235026,"South Africa","Vynnycky-high",39.66,521.64
7,87,25717,2376,38,50,28714,0.600817757009346,0.743491250533504,"South Africa","Vynnycky-high",47.52,514.34
8,87,20993,2207,34,50,23467,0.592197545295149,0.73071381794368,"South Africa","Vynnycky-high",44.14,419.86
9,87,20874,2504,35,50,23441,0.596945269410267,0.738850151295882,"South Africa","Vynnycky-high",50.08,417.48
10,87,13183,1847,27,50,14729,0.595821980018165,0.748091603053435,"South Africa","Vynnycky-high",36.94,263.66
12,87,12966,2305,25,50,14497,0.593463437573478,0.749892101855848,"South Africa","Vynnycky-high",46.1,259.32
14,87,13015,2849,28,50,14519,0.593580363464716,0.738702928870293,"South Africa","Vynnycky-high",56.98,260.3
16,87,9136,2481,17,50,10265,0.594844679444812,0.757869249394673,"South Africa","Vynnycky-high",49.62,182.72
18,87,12653,3906,17,50,14163,0.590684544812985,0.734743335536462,"South Africa","Vynnycky-high",78.12,253.06
20,87,12536,4289,18,50,13989,0.592646347363328,0.727900244934313,"South Africa","Vynnycky-high",85.78,250.72
22,87,10491,4116,16,50,11722,0.603256212510711,0.733879492600423,"South Africa","Vynnycky-high",82.32,209.82
24,87,7905,3412,12,50,8884,0.582885648503454,0.743304347826087,"South Africa","Vynnycky-high",68.24,158.1
26,87,9188,4347,17,50,10237,0.599666110183639,0.746078721515241,"South Africa","Vynnycky-high",86.94,183.76
28,87,7411,3749,14,50,8287,0.582970297029703,0.738328313253012,"South Africa","Vynnycky-high",74.98,148.22
30,87,7861,4225,15,50,8801,0.603092783505155,0.73468660968661,"South Africa","Vynnycky-high",84.5,157.22
32,87,8502,4849,11,50,9530,0.584730645736711,0.743761996161228,"South Africa","Vynnycky-high",96.98,170.04
34,87,7685,4590,12,50,8543,0.585375047116472,0.732280572897539,"South Africa","Vynnycky-high",91.8,153.7
36,87,8072,5041,10,50,9109,0.598010316875461,0.74468802698145,"South Africa","Vynnycky-high",100.82,161.44
38,87,7239,4690,10,50,8074,0.602711585866886,0.732589457483648,"South Africa","Vynnycky-high",93.8,144.78
40,87,5454,3665,12,50,6142,0.593192868719611,0.754926730672057,"South Africa","Vynnycky-high",73.3,109.08
42,87,6366,4377,10,50,7093,0.600671140939597,0.736570691877954,"South Africa","Vynnycky-high",87.54,127.32
44,87,5312,3715,8,50,5947,0.609125893347993,0.750998003992016,"South Africa","Vynnycky-high",74.3,106.24
46,87,6170,4328,16,50,6884,0.584729064039409,0.740027510316369,"South Africa","Vynnycky-high",86.56,123.4
48,87,5598,3908,12,50,6239,0.587354409317804,0.729382716049383,"South Africa","Vynnycky-high",78.16,111.96
50,87,6836,4785,10,50,7673,0.571748878923767,0.740508806262231,"South Africa","Vynnycky-high",95.7,136.72
0.5,88,52822,327,47,50,59091,0.597230105573845,0.73889735638829,"South Africa","Vynnycky-high",6.54,1056.44
1,88,40334,550,49,50,44959,0.590119353376643,0.740159100260595,"South Africa","Vynnycky-high",11,806.68
2,88,26258,670,43,50,29377,0.600813743218807,0.74271121515216,"South Africa","Vynnycky-high",13.4,525.16
3,88,28607,1039,42,50,32021,0.604966852572872,0.738479373973529,"South Africa","Vynnycky-high",20.78,572.14
4,88,27713,1324,40,50,31015,0.601368226734716,0.752072720007991,"South Africa","Vynnycky-high",26.48,554.26
5,88,23726,1512,35,50,26568,0.593614856270669,0.738095238095238,"South Africa","Vynnycky-high",30.24,474.52
6,88,17038,1277,41,50,19029,0.598162219473405,0.739957716701903,"South Africa","Vynnycky-high",25.54,340.76
7,88,21119,1879,37,50,23581,0.595112671934445,0.739407330387315,"South Africa","Vynnycky-high",37.58,422.38
8,88,21352,2250,30,50,23934,0.598020078081428,0.747917751171265,"South Africa","Vynnycky-high",45,427.04
9,88,18205,2206,25,50,20319,0.577069852331176,0.746106870229008,"South Africa","Vynnycky-high",44.12,364.1
10,88,15144,2090,28,50,16910,0.590882061446977,0.734460196292257,"South Africa","Vynnycky-high",41.8,302.88
12,88,15255,2701,27,50,17055,0.593095190580722,0.746555474981871,"South Africa","Vynnycky-high",54.02,305.1
14,88,13541,3020,18,50,15183,0.605192479856759,0.748473748473748,"South Africa","Vynnycky-high",60.4,270.82
16,88,10242,2750,20,50,11469,0.588924699677703,0.747795885653219,"South Africa","Vynnycky-high",55,204.84
18,88,11733,3584,21,50,13123,0.600769230769231,0.735998140831978,"South Africa","Vynnycky-high",71.68,234.66
20,88,10774,3677,21,50,12065,0.585861476817401,0.737503139914594,"South Africa","Vynnycky-high",73.54,215.48
22,88,9765,3888,16,50,10859,0.597719353816915,0.740916713247624,"South Africa","Vynnycky-high",77.76,195.3
24,88,10680,4665,16,50,11968,0.577846849392484,0.754421943091515,"South Africa","Vynnycky-high",93.3,213.6
26,88,8448,4049,12,50,9461,0.604166666666667,0.744346116027532,"South Africa","Vynnycky-high",80.98,168.96
28,88,7912,3984,22,50,8855,0.596804868771396,0.730120481927711,"South Africa","Vynnycky-high",79.68,158.24
30,88,8157,4406,16,50,9105,0.580739655803735,0.754570074475288,"South Africa","Vynnycky-high",88.12,163.14
32,88,9793,5632,12,50,10936,0.601111454152516,0.740772048464356,"South Africa","Vynnycky-high",112.64,195.86
34,88,4887,2928,11,50,5447,0.571161048689139,0.753424657534247,"South Africa","Vynnycky-high",58.56,97.74
36,88,7674,4798,13,50,8624,0.57740916271722,0.744718940207662,"South Africa","Vynnycky-high",95.96,153.48
38,88,6480,4212,8,50,7247,0.59082483781279,0.741949152542373,"South Africa","Vynnycky-high",84.24,129.6
40,88,7049,4727,8,50,7871,0.599397590361446,0.745933384972889,"South Africa","Vynnycky-high",94.54,140.98
42,88,7832,5293,12,50,8691,0.583008573655495,0.72432239657632,"South Africa","Vynnycky-high",105.86,156.64
44,88,5986,4128,9,50,6677,0.600492610837438,0.749302325581395,"South Africa","Vynnycky-high",82.56,119.72
46,88,7393,5220,10,50,8350,0.609108910891089,0.741803278688525,"South Africa","Vynnycky-high",104.4,147.86
48,88,6162,4330,14,50,6905,0.584286424664346,0.735243055555556,"South Africa","Vynnycky-high",86.6,123.24
50,88,6675,4691,9,50,7482,0.597122302158273,0.731603572947682,"South Africa","Vynnycky-high",93.82,133.5
0.5,89,58572,387,50,50,65426,0.596714388711505,0.7375396412174,"South Africa","Vynnycky-high",7.74,1171.44
1,89,45369,629,52,50,50677,0.600106638229805,0.740854219008518,"South Africa","Vynnycky-high",12.58,907.38
2,89,31595,801,43,50,35233,0.593554502369668,0.744643790280439,"South Africa","Vynnycky-high",16.02,631.9
3,89,31017,1112,46,50,34526,0.592752626927232,0.741421019621898,"South Africa","Vynnycky-high",22.24,620.34
4,89,25880,1246,45,50,28981,0.589313157583639,0.733220946159519,"South Africa","Vynnycky-high",24.92,517.6
5,89,26486,1586,39,50,29643,0.587555758892829,0.744554657940485,"South Africa","Vynnycky-high",31.72,529.72
6,89,21298,1726,37,50,23802,0.60113074204947,0.741234312330185,"South Africa","Vynnycky-high",34.52,425.96
7,89,25173,2262,31,50,28151,0.59142239308025,0.73834453874132,"South Africa","Vynnycky-high",45.24,503.46
8,89,19475,2085,35,50,21782,0.590072676666151,0.738487777146106,"South Africa","Vynnycky-high",41.7,389.5
9,89,19303,2357,31,50,21542,0.590273363000636,0.741144800226693,"South Africa","Vynnycky-high",47.14,386.06
10,89,22130,3148,28,50,24716,0.602706359945873,0.745701016693862,"South Africa","Vynnycky-high",62.96,442.6
12,89,12683,2204,31,50,14145,0.59542530378842,0.733857264231096,"South Africa","Vynnycky-high",44.08,253.66
14,89,13614,2907,29,50,15225,0.582250112057373,0.74158435799234,"South Africa","Vynnycky-high",58.14,272.28
16,89,11434,3059,24,50,12827,0.605774278215223,0.749334623759981,"South Africa","Vynnycky-high",61.18,228.68
18,89,10362,3261,18,50,11630,0.616430431009546,0.742790335151988,"South Africa","Vynnycky-high",65.22,207.24
20,89,12322,4386,15,50,13795,0.60390243902439,0.739450770261219,"South Africa","Vynnycky-high",87.72,246.44
22,89,11021,4373,13,50,12331,0.597943722943723,0.7473604826546,"South Africa","Vynnycky-high",87.46,220.42
24,89,8663,3758,22,50,9692,0.597931034482759,0.740433673469388,"South Africa","Vynnycky-high",75.16,173.26
26,89,9513,4462,10,50,10654,0.589139987445072,0.742502883506344,"South Africa","Vynnycky-high",89.24,190.26
28,89,8120,4170,11,50,9068,0.597422289613343,0.748675496688742,"South Africa","Vynnycky-high",83.4,162.4
30,89,7588,4000,16,50,8454,0.58159509202454,0.731733914940022,"South Africa","Vynnycky-high",80,151.76
32,89,6657,3795,15,50,7472,0.582554517133956,0.745564690610126,"South Africa","Vynnycky-high",75.9,133.14
34,89,6063,3667,8,50,6798,0.597325408618128,0.755222524977293,"South Africa","Vynnycky-high",73.34,121.26
36,89,7428,4668,8,50,8304,0.583848372476308,0.751759911078177,"South Africa","Vynnycky-high",93.36,148.56
38,89,6557,4241,18,50,7350,0.594183445190157,0.744972186563971,"South Africa","Vynnycky-high",84.82,131.14
40,89,5071,3368,17,50,5645,0.586018237082067,0.74472807991121,"South Africa","Vynnycky-high",67.36,101.42
42,89,6704,4536,11,50,7482,0.593220338983051,0.74110835401158,"South Africa","Vynnycky-high",90.72,134.08
44,89,7023,4864,7,50,7873,0.60958904109589,0.717793880837359,"South Africa","Vynnycky-high",97.28,140.46
46,89,7072,4914,6,50,7931,0.574532811820947,0.738104758096761,"South Africa","Vynnycky-high",98.28,141.44
48,89,5659,4003,11,50,6325,0.599046610169492,0.729176814417925,"South Africa","Vynnycky-high",80.06,113.18
50,89,8425,5931,9,50,9385,0.579731202324737,0.742473821989529,"South Africa","Vynnycky-high",118.62,168.5
0.5,90,43130,287,47,50,48211,0.596778711484594,0.739805701137671,"South Africa","Vynnycky-high",5.74,862.6
1,90,32796,460,50,50,36637,0.588420857301911,0.743368700265252,"South Africa","Vynnycky-high",9.2,655.92
2,90,31950,743,47,50,35548,0.600206031091965,0.73549339819319,"South Africa","Vynnycky-high",14.86,639
3,90,28429,1068,44,50,31844,0.592912975508077,0.746730431387859,"South Africa","Vynnycky-high",21.36,568.58
4,90,19703,965,38,50,22091,0.591889824024484,0.737954353338969,"South Africa","Vynnycky-high",19.3,394.06
5,90,20233,1285,39,50,22706,0.587672052663076,0.736174804424063,"South Africa","Vynnycky-high",25.7,404.66
6,90,23109,1765,35,50,25904,0.587979438513246,0.741161012900143,"South Africa","Vynnycky-high",35.3,462.18
7,90,25078,2230,34,50,28085,0.600119904076739,0.738473249238799,"South Africa","Vynnycky-high",44.6,501.56
8,90,18463,2005,37,50,20601,0.589570255915017,0.737178511642064,"South Africa","Vynnycky-high",40.1,369.26
9,90,22723,2850,29,50,25388,0.598885054419963,0.747969450842526,"South Africa","Vynnycky-high",57,454.46
10,90,18384,2629,27,50,20522,0.598013676326929,0.728,"South Africa","Vynnycky-high",52.58,367.68
12,90,17864,3208,23,50,19980,0.586975004250978,0.741995073891626,"South Africa","Vynnycky-high",64.16,357.28
14,90,15625,3382,15,50,17442,0.589963042209687,0.731533101045296,"South Africa","Vynnycky-high",67.64,312.5
16,90,12125,3196,24,50,13588,0.588370313695486,0.745943543009558,"South Africa","Vynnycky-high",63.92,242.5
18,90,10435,3257,20,50,11650,0.594177583697234,0.7569573283859,"South Africa","Vynnycky-high",65.14,208.7
20,90,7586,2704,16,50,8534,0.608661104489472,0.74115523465704,"South Africa","Vynnycky-high",54.08,151.72
22,90,10310,4007,13,50,11509,0.591540964211772,0.735641438539989,"South Africa","Vynnycky-high",80.14,206.2
24,90,7526,3274,13,50,8451,0.598956242472902,0.733164373642288,"South Africa","Vynnycky-high",65.48,150.52
26,90,7780,3648,7,50,8696,0.591727307545002,0.73075533068305,"South Africa","Vynnycky-high",72.96,155.6
28,90,9178,4649,18,50,10296,0.603698811096433,0.737316121284899,"South Africa","Vynnycky-high",92.98,183.56
30,90,7539,4064,13,50,8407,0.591940532081377,0.738235294117647,"South Africa","Vynnycky-high",81.28,150.78
32,90,7687,4412,12,50,8578,0.600406504065041,0.741592920353982,"South Africa","Vynnycky-high",88.24,153.74
34,90,5679,3420,10,50,6337,0.584823848238482,0.758080313418217,"South Africa","Vynnycky-high",68.4,113.58
36,90,7550,4735,11,50,8448,0.598228663446055,0.734563520227111,"South Africa","Vynnycky-high",94.7,151
38,90,6232,4095,8,50,6922,0.591678761490082,0.7455102934735,"South Africa","Vynnycky-high",81.9,124.64
40,90,6252,4205,9,50,7023,0.580721747388414,0.755808656036446,"South Africa","Vynnycky-high",84.1,125.04
42,90,7904,5325,13,50,8824,0.577051615298923,0.744137206860343,"South Africa","Vynnycky-high",106.5,158.08
44,90,5020,3544,11,50,5636,0.602106495026331,0.775917926565875,"South Africa","Vynnycky-high",70.88,100.4
46,90,5952,4107,9,50,6610,0.559642669469259,0.732817478379609,"South Africa","Vynnycky-high",82.14,119.04
48,90,7101,5005,14,50,7967,0.588260314759677,0.755054432348367,"South Africa","Vynnycky-high",100.1,142.02
50,90,5485,3898,7,50,6134,0.600112170499159,0.750734573947111,"South Africa","Vynnycky-high",77.96,109.7
0.5,91,58879,384,49,50,65640,0.598787941040522,0.736341931557511,"South Africa","Vynnycky-high",7.68,1177.58
1,91,35789,456,50,50,39922,0.598118049615056,0.743941153697251,"South Africa","Vynnycky-high",9.12,715.78
2,91,22672,544,38,50,25354,0.59024064171123,0.750330727600722,"South Africa","Vynnycky-high",10.88,453.44
3,91,27595,1013,43,50,30896,0.595990747879722,0.752979414951246,"South Africa","Vynnycky-high",20.26,551.9
4,91,23846,1162,45,50,26720,0.587352080417356,0.751074456963643,"South Africa","Vynnycky-high",23.24,476.92
5,91,25238,1525,41,50,28308,0.588015882565275,0.74125040632788,"South Africa","Vynnycky-high",30.5,504.76
6,91,21693,1673,37,50,24172,0.584693303320203,0.736370519939424,"South Africa","Vynnycky-high",33.46,433.86
7,91,25788,2311,35,50,28911,0.591540999057493,0.743534943363967,"South Africa","Vynnycky-high",46.22,515.76
8,91,19850,2061,27,50,22156,0.595538017908636,0.744159864902899,"South Africa","Vynnycky-high",41.22,397
9,91,19025,2383,32,50,21303,0.596079691516709,0.737704918032787,"South Africa","Vynnycky-high",47.66,380.5
10,91,18729,2606,30,50,20956,0.598853868194842,0.744903988183161,"South Africa","Vynnycky-high",52.12,374.58
12,91,19242,3529,23,50,21525,0.594691647150664,0.752147766323024,"South Africa","Vynnycky-high",70.58,384.84
14,91,16004,3523,18,50,17859,0.594429607020221,0.734612724757953,"South Africa","Vynnycky-high",70.46,320.08
16,91,12355,3230,24,50,13861,0.5972894482091,0.746143375680581,"South Africa","Vynnycky-high",64.6,247.1
18,91,12137,3783,20,50,13580,0.604243770046879,0.744579945799458,"South Africa","Vynnycky-high",75.66,242.74
20,91,12765,4431,14,50,14273,0.583038869257951,0.737851383743735,"South Africa","Vynnycky-high",88.62,255.3
22,91,11492,4484,15,50,12873,0.598394614189539,0.745754488112567,"South Africa","Vynnycky-high",89.68,229.84
24,91,8024,3522,17,50,8927,0.594277329420396,0.739788732394366,"South Africa","Vynnycky-high",70.44,160.48
26,91,7087,3292,9,50,7951,0.590984974958264,0.731611893583725,"South Africa","Vynnycky-high",65.84,141.74
28,91,8317,4248,10,50,9338,0.594808940158616,0.74104774535809,"South Africa","Vynnycky-high",84.96,166.34
30,91,8096,4352,15,50,8957,0.581954887218045,0.74591280653951,"South Africa","Vynnycky-high",87.04,161.92
32,91,8489,4845,15,50,9488,0.592986184909671,0.744701986754967,"South Africa","Vynnycky-high",96.9,169.78
34,91,7990,4721,17,50,8930,0.584439528023599,0.728777738640366,"South Africa","Vynnycky-high",94.42,159.8
36,91,6793,4178,12,50,7628,0.577027027027027,0.733674272226593,"South Africa","Vynnycky-high",83.56,135.86
38,91,6718,4384,4,50,7466,0.59215863001352,0.740907233346955,"South Africa","Vynnycky-high",87.68,134.36
40,91,7214,4747,8,50,8076,0.582047116165719,0.745383104125737,"South Africa","Vynnycky-high",94.94,144.28
42,91,5867,4046,15,50,6505,0.587687532333161,0.76046511627907,"South Africa","Vynnycky-high",80.92,117.34
44,91,6120,4229,9,50,6851,0.592281048985651,0.742895805142084,"South Africa","Vynnycky-high",84.58,122.4
46,91,6213,4350,7,50,6944,0.589181286549708,0.73953695458593,"South Africa","Vynnycky-high",87,124.26
48,91,6546,4598,8,50,7280,0.589911256422233,0.74311148791861,"South Africa","Vynnycky-high",91.96,130.92
50,91,5662,3975,18,50,6341,0.584457636265515,0.728705071393402,"South Africa","Vynnycky-high",79.5,113.24
0.5,92,56094,383,46,50,62598,0.593096008629989,0.741952921519485,"South Africa","Vynnycky-high",7.66,1121.88
1,92,39351,481,50,50,43972,0.587429802292484,0.733530197567321,"South Africa","Vynnycky-high",9.62,787.02
2,92,34479,838,43,50,38618,0.590924805531547,0.748236048749198,"South Africa","Vynnycky-high",16.76,689.58
3,92,23606,835,41,50,26425,0.590710241893978,0.747283892300425,"South Africa","Vynnycky-high",16.7,472.12
4,92,22887,1100,40,50,25480,0.597766813814594,0.743875551200392,"South Africa","Vynnycky-high",22,457.74
5,92,26901,1699,38,50,30011,0.597098214285714,0.741189766772835,"South Africa","Vynnycky-high",33.98,538.02
6,92,24212,1870,40,50,27054,0.592357480706995,0.743672342383801,"South Africa","Vynnycky-high",37.4,484.24
7,92,16969,1596,32,50,18924,0.587284861257464,0.742776014698513,"South Africa","Vynnycky-high",31.92,339.38
8,92,16815,1861,29,50,18834,0.597341954022989,0.751477347340775,"South Africa","Vynnycky-high",37.22,336.3
9,92,22105,2694,31,50,24691,0.592799672712396,0.739582029783506,"South Africa","Vynnycky-high",53.88,442.1
10,92,16015,2248,29,50,17910,0.592661575712423,0.743025472188529,"South Africa","Vynnycky-high",44.96,320.3
12,92,18617,3260,23,50,20795,0.594322495461297,0.742049992604644,"South Africa","Vynnycky-high",65.2,372.34
14,92,13924,3047,20,50,15610,0.593769866497139,0.749455337690632,"South Africa","Vynnycky-high",60.94,278.48
16,92,14747,3927,14,50,16492,0.59038854805726,0.727153065062053,"South Africa","Vynnycky-high",78.54,294.94
18,92,11725,3666,15,50,13109,0.595016360432922,0.738942307692308,"South Africa","Vynnycky-high",73.32,234.5
20,92,12252,4367,18,50,13628,0.595244055068836,0.740458015267176,"South Africa","Vynnycky-high",87.34,245.04
22,92,12170,4821,14,50,13642,0.592924642597528,0.740545496218199,"South Africa","Vynnycky-high",96.42,243.4
24,92,6037,2601,11,50,6791,0.595934556271691,0.748387096774194,"South Africa","Vynnycky-high",52.02,120.74
26,92,9858,4641,18,50,11115,0.601047443006778,0.755136504362511,"South Africa","Vynnycky-high",92.82,197.16
28,92,6467,3285,10,50,7202,0.587906976744186,0.73868488471392,"South Africa","Vynnycky-high",65.7,129.34
30,92,8328,4520,8,50,9343,0.598997493734336,0.741469816272966,"South Africa","Vynnycky-high",90.4,166.56
32,92,7617,4331,11,50,8558,0.594901960784314,0.738472622478386,"South Africa","Vynnycky-high",86.62,152.34
34,92,8411,5057,7,50,9409,0.596307023895728,0.744871794871795,"South Africa","Vynnycky-high",101.14,168.22
36,92,6055,3842,14,50,6768,0.612118073537027,0.750221043324492,"South Africa","Vynnycky-high",76.84,121.1
38,92,6344,4137,13,50,7125,0.605374823196605,0.746786632390745,"South Africa","Vynnycky-high",82.74,126.88
40,92,6651,4462,11,50,7438,0.595923792645104,0.760504201680672,"South Africa","Vynnycky-high",89.24,133.02
42,92,5749,3875,13,50,6470,0.56615709014233,0.752873563218391,"South Africa","Vynnycky-high",77.5,114.98
44,92,7122,5019,9,50,7962,0.611780455153949,0.743105402342274,"South Africa","Vynnycky-high",100.38,142.44
46,92,6747,4757,9,50,7519,0.58688819039066,0.748656469615544,"South Africa","Vynnycky-high",95.14,134.94
48,92,6218,4406,10,50,6961,0.61927255550307,0.730579254602604,"South Africa","Vynnycky-high",88.12,124.36
50,92,5366,3810,10,50,5973,0.590577678070667,0.75840662183135,"South Africa","Vynnycky-high",76.2,107.32
0.5,93,78007,479,50,50,87301,0.593609430742981,0.742308099897559,"South Africa","Vynnycky-high",9.58,1560.14
1,93,35783,412,50,50,40081,0.595068083693125,0.747004715158074,"South Africa","Vynnycky-high",8.24,715.66
2,93,33902,887,43,50,37870,0.595337663493193,0.742393672827052,"South Africa","Vynnycky-high",17.74,678.04
3,93,24626,921,43,50,27567,0.592485199951673,0.742269200494771,"South Africa","Vynnycky-high",18.42,492.52
4,93,20002,1038,44,50,22368,0.600481710070751,0.743139407244786,"South Africa","Vynnycky-high",20.76,400.04
5,93,23712,1453,37,50,26459,0.591957726511148,0.733832853025937,"South Africa","Vynnycky-high",29.06,474.24
6,93,23228,1772,40,50,25829,0.5855587243972,0.738679694947569,"South Africa","Vynnycky-high",35.44,464.56
7,93,17449,1604,36,50,19448,0.586998087954111,0.745630759453448,"South Africa","Vynnycky-high",32.08,348.98
8,93,17848,1870,30,50,19891,0.582619129242372,0.739993889398106,"South Africa","Vynnycky-high",37.4,356.96
9,93,15188,1890,24,50,17004,0.582561417639952,0.739950195659907,"South Africa","Vynnycky-high",37.8,303.76
10,93,12709,1791,24,50,14283,0.597464721358527,0.742283617526441,"South Africa","Vynnycky-high",35.82,254.18
12,93,12949,2306,27,50,14508,0.596412556053812,0.742440041710115,"South Africa","Vynnycky-high",46.12,258.98
14,93,14565,3210,26,50,16283,0.593025641025641,0.752806850618459,"South Africa","Vynnycky-high",64.2,291.3
16,93,12889,3401,15,50,14340,0.591702027345592,0.754852320675105,"South Africa","Vynnycky-high",68.02,257.78
18,93,11569,3520,12,50,12984,0.593725893545899,0.747834456207892,"South Africa","Vynnycky-high",70.4,231.38
20,93,9484,3275,11,50,10636,0.595819935691318,0.735625370480142,"South Africa","Vynnycky-high",65.5,189.68
22,93,9536,3743,14,50,10679,0.605522056490003,0.737933076695292,"South Africa","Vynnycky-high",74.86,190.72
24,93,11585,4941,18,50,12925,0.594085317979587,0.729467455621302,"South Africa","Vynnycky-high",98.82,231.7
26,93,9517,4519,14,50,10642,0.602709514807814,0.72940156114484,"South Africa","Vynnycky-high",90.38,190.34
28,93,8198,4224,13,50,9221,0.601691798455315,0.755778894472362,"South Africa","Vynnycky-high",84.48,163.96
30,93,6781,3620,10,50,7599,0.583592017738359,0.735365853658537,"South Africa","Vynnycky-high",72.4,135.62
32,93,5935,3363,17,50,6581,0.585316455696202,0.742243436754177,"South Africa","Vynnycky-high",67.26,118.7
34,93,7733,4694,11,50,8566,0.593934619929106,0.743461125044787,"South Africa","Vynnycky-high",93.88,154.66
36,93,6109,3886,8,50,6839,0.58957150232318,0.759283529925732,"South Africa","Vynnycky-high",77.72,122.18
38,93,7705,5038,9,50,8600,0.600487210718636,0.743252840909091,"South Africa","Vynnycky-high",100.76,154.1
40,93,5284,3564,11,50,5895,0.610169491525424,0.744860305745915,"South Africa","Vynnycky-high",71.28,105.68
42,93,5438,3730,13,50,6091,0.597694840834248,0.746841839312784,"South Africa","Vynnycky-high",74.6,108.76
44,93,6174,4332,11,50,6911,0.60625,0.747233289065958,"South Africa","Vynnycky-high",86.64,123.48
46,93,6031,4274,12,50,6765,0.616632860040568,0.745106964041875,"South Africa","Vynnycky-high",85.48,120.62
48,93,5679,4025,14,50,6300,0.601880877742947,0.745107632093933,"South Africa","Vynnycky-high",80.5,113.58
50,93,6457,4515,8,50,7234,0.584095063985375,0.746745065098698,"South Africa","Vynnycky-high",90.3,129.14
0.5,94,74630,505,48,50,83466,0.593382531830346,0.74559881897029,"South Africa","Vynnycky-high",10.1,1492.6
1,94,34824,460,51,50,38869,0.586586847128232,0.745970958991543,"South Africa","Vynnycky-high",9.2,696.48
2,94,23846,585,44,50,26711,0.592739930382894,0.748603351955307,"South Africa","Vynnycky-high",11.7,476.92
3,94,29843,1120,44,50,33457,0.5951031970862,0.735674676524954,"South Africa","Vynnycky-high",22.4,596.86
4,94,27609,1371,39,50,30891,0.586710239651416,0.747263781504167,"South Africa","Vynnycky-high",27.42,552.18
5,94,30885,1941,37,50,34522,0.596242774566474,0.73933944627437,"South Africa","Vynnycky-high",38.82,617.7
6,94,24395,1857,31,50,27276,0.589977505623594,0.73674630261661,"South Africa","Vynnycky-high",37.14,487.9
7,94,24683,2198,34,50,27583,0.589474981513434,0.740579223974058,"South Africa","Vynnycky-high",43.96,493.66
8,94,18830,2001,38,50,20968,0.586980565650182,0.742148760330579,"South Africa","Vynnycky-high",40.02,376.6
9,94,23081,2786,34,50,25794,0.598110276986798,0.746602525556224,"South Africa","Vynnycky-high",55.72,461.62
10,94,16303,2308,27,50,18178,0.600584688470674,0.747397166752006,"South Africa","Vynnycky-high",46.16,326.06
12,94,19467,3479,28,50,21733,0.600929512006197,0.748854524627721,"South Africa","Vynnycky-high",69.58,389.34
14,94,17722,3927,26,50,19851,0.594645941278066,0.738428083255669,"South Africa","Vynnycky-high",78.54,354.44
16,94,14997,4085,24,50,16757,0.587729816147082,0.749862662516023,"South Africa","Vynnycky-high",81.7,299.94
18,94,10882,3335,23,50,12257,0.588576158940397,0.756886530199646,"South Africa","Vynnycky-high",66.7,217.64
20,94,9889,3511,18,50,11013,0.598686174977605,0.741547918412965,"South Africa","Vynnycky-high",70.22,197.78
22,94,10822,4127,11,50,12096,0.570048309178744,0.747230614300101,"South Africa","Vynnycky-high",82.54,216.44
24,94,9793,4192,10,50,10957,0.596124735089313,0.74473000288767,"South Africa","Vynnycky-high",83.84,195.86
26,94,7625,3625,16,50,8597,0.598849157418824,0.756494631104953,"South Africa","Vynnycky-high",72.5,152.5
28,94,8430,4263,12,50,9403,0.589396709323583,0.739708265802269,"South Africa","Vynnycky-high",85.26,168.6
30,94,9324,5095,12,50,10476,0.595703125,0.745161290322581,"South Africa","Vynnycky-high",101.9,186.48
32,94,8652,4895,12,50,9717,0.607980399019951,0.738621997471555,"South Africa","Vynnycky-high",97.9,173.04
34,94,6541,3957,9,50,7284,0.58310502283105,0.738603094939356,"South Africa","Vynnycky-high",79.14,130.82
36,94,7817,4879,12,50,8732,0.577404222048475,0.749911316069528,"South Africa","Vynnycky-high",97.58,156.34
38,94,5704,3712,10,50,6367,0.589285714285714,0.74647201946472,"South Africa","Vynnycky-high",74.24,114.08
40,94,6005,4018,10,50,6703,0.597434632461766,0.747826086956522,"South Africa","Vynnycky-high",80.36,120.1
42,94,6792,4658,13,50,7602,0.607732406602954,0.742242449317336,"South Africa","Vynnycky-high",93.16,135.84
44,94,5794,3948,10,50,6523,0.584075432163436,0.73862036602534,"South Africa","Vynnycky-high",78.96,115.88
46,94,6695,4693,5,50,7490,0.577333952624245,0.752479174930583,"South Africa","Vynnycky-high",93.86,133.9
48,94,6567,4609,18,50,7364,0.585410895660203,0.744233104006475,"South Africa","Vynnycky-high",92.18,131.34
50,94,7792,5464,8,50,8673,0.588549618320611,0.733309659090909,"South Africa","Vynnycky-high",109.28,155.84
0.5,95,68645,463,50,50,76931,0.59751166407465,0.742243532919655,"South Africa","Vynnycky-high",9.26,1372.9
1,95,46827,603,46,50,52265,0.591222366710013,0.741604641622224,"South Africa","Vynnycky-high",12.06,936.54
2,95,25165,653,47,50,28129,0.583433085946852,0.745222929936306,"South Africa","Vynnycky-high",13.06,503.3
3,95,24609,921,42,50,27446,0.602912621359223,0.746272003587846,"South Africa","Vynnycky-high",18.42,492.18
4,95,23899,1151,41,50,26694,0.591882470119522,0.732772528232312,"South Africa","Vynnycky-high",23.02,477.98
5,95,23968,1485,40,50,26804,0.593805086879879,0.740646651270208,"South Africa","Vynnycky-high",29.7,479.36
6,95,24335,1822,34,50,27226,0.597715420908865,0.740942028985507,"South Africa","Vynnycky-high",36.44,486.7
7,95,22420,2072,32,50,25157,0.598564402499003,0.735535137819717,"South Africa","Vynnycky-high",41.44,448.4
8,95,19039,1982,34,50,21347,0.591284987277354,0.746994848311391,"South Africa","Vynnycky-high",39.64,380.78
9,95,16863,2062,27,50,18869,0.606076950737145,0.73929638234318,"South Africa","Vynnycky-high",41.24,337.26
10,95,17693,2473,34,50,19782,0.596593841389988,0.734858044164038,"South Africa","Vynnycky-high",49.46,353.86
12,95,12392,2161,28,50,13836,0.592173270982033,0.744959007312209,"South Africa","Vynnycky-high",43.22,247.84
14,95,12362,2659,20,50,13779,0.595535933284278,0.734996628455833,"South Africa","Vynnycky-high",53.18,247.24
16,95,9817,2658,20,50,10934,0.59825327510917,0.731173628871839,"South Africa","Vynnycky-high",53.16,196.34
18,95,12629,3914,18,50,14120,0.592341250605914,0.744495312840637,"South Africa","Vynnycky-high",78.28,252.58
20,95,10195,3563,20,50,11411,0.608644168146832,0.740387237523861,"South Africa","Vynnycky-high",71.26,203.9
22,95,9554,3764,18,50,10740,0.587651256593236,0.75517836593786,"South Africa","Vynnycky-high",75.28,191.08
24,95,9145,3957,11,50,10210,0.594276094276094,0.735462488701416,"South Africa","Vynnycky-high",79.14,182.9
26,95,9936,4684,19,50,11144,0.597159262617105,0.746338767615363,"South Africa","Vynnycky-high",93.68,198.72
28,95,6479,3261,9,50,7281,0.595383890720678,0.736774193548387,"South Africa","Vynnycky-high",65.22,129.58
30,95,7584,4141,16,50,8484,0.590385379419944,0.735775248933144,"South Africa","Vynnycky-high",82.82,151.68
32,95,8887,5059,13,50,9921,0.58744545149379,0.743715511955855,"South Africa","Vynnycky-high",101.18,177.74
34,95,7930,4745,13,50,8841,0.603044496487119,0.740241305890703,"South Africa","Vynnycky-high",94.9,158.6
36,95,7291,4497,15,50,8156,0.569088618227635,0.730682670667667,"South Africa","Vynnycky-high",89.94,145.82
38,95,6807,4486,8,50,7613,0.612701252236136,0.756630265210608,"South Africa","Vynnycky-high",89.72,136.14
40,95,5216,3471,14,50,5842,0.599062133645955,0.744399185336049,"South Africa","Vynnycky-high",69.42,104.32
42,95,6641,4521,12,50,7440,0.579716765646414,0.750822368421053,"South Africa","Vynnycky-high",90.42,132.82
44,95,5610,3871,10,50,6235,0.607622114868492,0.734196117471379,"South Africa","Vynnycky-high",77.42,112.2
46,95,8039,5639,12,50,9009,0.596952380952381,0.736788617886179,"South Africa","Vynnycky-high",112.78,160.78
48,95,5603,3881,12,50,6293,0.602099737532808,0.720631786771964,"South Africa","Vynnycky-high",77.62,112.06
50,95,6229,4439,9,50,6960,0.614105793450882,0.739921976592978,"South Africa","Vynnycky-high",88.78,124.58
0.5,96,59750,387,48,50,66820,0.593915811814644,0.749723909442297,"South Africa","Vynnycky-high",7.74,1195
1,96,37640,462,44,50,41904,0.598114552800444,0.737967914438503,"South Africa","Vynnycky-high",9.24,752.8
2,96,29379,727,41,50,32761,0.596073950976319,0.731520418652462,"South Africa","Vynnycky-high",14.54,587.58
3,96,20941,807,42,50,23331,0.599485052209984,0.739073196419168,"South Africa","Vynnycky-high",16.14,418.82
4,96,26571,1351,48,50,29745,0.593162780167535,0.743806771263419,"South Africa","Vynnycky-high",27.02,531.42
5,96,23911,1527,37,50,26739,0.589362238467356,0.74444573688496,"South Africa","Vynnycky-high",30.54,478.22
6,96,21383,1712,34,50,23919,0.583216978497626,0.739334027055151,"South Africa","Vynnycky-high",34.24,427.66
7,96,23422,2077,38,50,26153,0.587828131121849,0.743267291493653,"South Africa","Vynnycky-high",41.54,468.44
8,96,16599,1767,32,50,18490,0.587529540083621,0.748187211601846,"South Africa","Vynnycky-high",35.34,331.98
9,96,19439,2378,30,50,21774,0.593052109181141,0.736546762589928,"South Africa","Vynnycky-high",47.56,388.78
10,96,17998,2555,24,50,20128,0.58343057176196,0.738942158985462,"South Africa","Vynnycky-high",51.1,359.96
12,96,14822,2603,30,50,16614,0.594328238133548,0.735648994515539,"South Africa","Vynnycky-high",52.06,296.44
14,96,11823,2512,24,50,13201,0.591134289439374,0.734262485481998,"South Africa","Vynnycky-high",50.24,236.46
16,96,15366,4093,21,50,17180,0.59048178613396,0.747762262799857,"South Africa","Vynnycky-high",81.86,307.32
18,96,9242,2892,14,50,10283,0.600314465408805,0.742140266021765,"South Africa","Vynnycky-high",57.84,184.84
20,96,9684,3298,10,50,10883,0.581271531475102,0.73619972260749,"South Africa","Vynnycky-high",65.96,193.68
22,96,9035,3583,13,50,10121,0.611388611388611,0.751477541371158,"South Africa","Vynnycky-high",71.66,180.7
24,96,10225,4424,23,50,11442,0.605600933488915,0.74330835117773,"South Africa","Vynnycky-high",88.48,204.5
26,96,8291,3791,12,50,9299,0.591233071988596,0.743,"South Africa","Vynnycky-high",75.82,165.82
28,96,11530,5826,8,50,12892,0.595790034638956,0.747913188647746,"South Africa","Vynnycky-high",116.52,230.6
30,96,7620,4104,11,50,8493,0.60459492140266,0.740007202016565,"South Africa","Vynnycky-high",82.08,152.4
32,96,8486,4858,10,50,9450,0.595462478184991,0.739973262032086,"South Africa","Vynnycky-high",97.16,169.72
34,96,6850,4063,8,50,7652,0.609019264448336,0.718570254724733,"South Africa","Vynnycky-high",81.26,137
36,96,5634,3552,10,50,6271,0.597797587834295,0.750370004933399,"South Africa","Vynnycky-high",71.04,112.68
38,96,7157,4654,15,50,8014,0.600738613048831,0.751996805111821,"South Africa","Vynnycky-high",93.08,143.14
40,96,6114,4084,10,50,6853,0.602278355621595,0.744758432087511,"South Africa","Vynnycky-high",81.68,122.28
42,96,6793,4647,10,50,7592,0.608852755194219,0.74065138721351,"South Africa","Vynnycky-high",92.94,135.86
44,96,5973,4129,10,50,6704,0.59152719665272,0.758377425044092,"South Africa","Vynnycky-high",82.58,119.46
46,96,7101,5013,9,50,7952,0.599412751677852,0.733676296003166,"South Africa","Vynnycky-high",100.26,142.02
48,96,7628,5451,13,50,8571,0.609098228663446,0.743963068181818,"South Africa","Vynnycky-high",109.02,152.56
50,96,6444,4563,7,50,7196,0.602830188679245,0.73505722763883,"South Africa","Vynnycky-high",91.26,128.88
0.5,97,57427,356,47,50,64073,0.596024739652165,0.743746392149317,"South Africa","Vynnycky-high",7.12,1148.54
1,97,45659,590,50,50,51138,0.588556755333158,0.744365899341429,"South Africa","Vynnycky-high",11.8,913.18
2,97,34494,836,49,50,38503,0.59333506899245,0.74449196997821,"South Africa","Vynnycky-high",16.72,689.88
3,97,25784,961,43,50,28768,0.594528521536671,0.741304817455174,"South Africa","Vynnycky-high",19.22,515.68
4,97,25173,1229,41,50,28234,0.599258550585984,0.745506046410284,"South Africa","Vynnycky-high",24.58,503.46
5,97,27853,1633,36,50,31147,0.586180795847751,0.74369830641985,"South Africa","Vynnycky-high",32.66,557.06
6,97,23699,1818,37,50,26481,0.593956323006602,0.737387698686939,"South Africa","Vynnycky-high",36.36,473.98
7,97,18217,1625,40,50,20389,0.59390101649725,0.740500603136309,"South Africa","Vynnycky-high",32.5,364.34
8,97,21043,2270,28,50,23498,0.595663265306122,0.749073093220339,"South Africa","Vynnycky-high",45.4,420.86
9,97,17943,2197,33,50,20075,0.585300067430883,0.737607099143207,"South Africa","Vynnycky-high",43.94,358.86
10,97,17049,2303,33,50,18952,0.588413008708015,0.741962352157255,"South Africa","Vynnycky-high",46.06,340.98
12,97,11296,2003,30,50,12600,0.595087163232964,0.739504051068009,"South Africa","Vynnycky-high",40.06,225.92
14,97,14720,3218,28,50,16434,0.595972050965886,0.750741289844329,"South Africa","Vynnycky-high",64.36,294.4
16,97,13806,3582,21,50,15410,0.587554585152838,0.730276331597917,"South Africa","Vynnycky-high",71.64,276.12
18,97,15050,4642,20,50,16856,0.596585269009331,0.751467351430668,"South Africa","Vynnycky-high",92.84,301
20,97,12549,4381,15,50,14050,0.596700932345207,0.743601257296812,"South Africa","Vynnycky-high",87.62,250.98
22,97,10403,4027,16,50,11629,0.589982527664531,0.734901122394441,"South Africa","Vynnycky-high",80.54,208.06
24,97,9108,4007,16,50,10206,0.597779954293177,0.739024390243902,"South Africa","Vynnycky-high",80.14,182.16
26,97,6489,3010,16,50,7211,0.590569561157796,0.734002509410289,"South Africa","Vynnycky-high",60.2,129.78
28,97,6514,3309,17,50,7285,0.603471904979443,0.739484978540773,"South Africa","Vynnycky-high",66.18,130.28
30,97,7277,3909,15,50,8113,0.589249076733689,0.744168547780286,"South Africa","Vynnycky-high",78.18,145.54
32,97,8696,5062,14,50,9716,0.587685921826358,0.757898029402565,"South Africa","Vynnycky-high",101.24,173.92
34,97,7487,4501,13,50,8415,0.595778574273198,0.752554744525547,"South Africa","Vynnycky-high",90.02,149.74
36,97,7309,4586,11,50,8150,0.590909090909091,0.73523660539695,"South Africa","Vynnycky-high",91.72,146.18
38,97,6508,4204,15,50,7275,0.592681752527684,0.743480119709278,"South Africa","Vynnycky-high",84.08,130.16
40,97,5956,3976,7,50,6675,0.603617571059431,0.745321770880876,"South Africa","Vynnycky-high",79.52,119.12
42,97,7374,5035,11,50,8211,0.589775051124744,0.742331288343558,"South Africa","Vynnycky-high",100.7,147.48
44,97,6097,4286,8,50,6828,0.612599206349206,0.746002740977615,"South Africa","Vynnycky-high",85.72,121.94
46,97,5643,4033,9,50,6325,0.614420062695925,0.750484496124031,"South Africa","Vynnycky-high",80.66,112.86
48,97,7304,5172,8,50,8171,0.60804224207961,0.738095238095238,"South Africa","Vynnycky-high",103.44,146.08
50,97,7182,4998,5,50,8041,0.569811320754717,0.736540664375716,"South Africa","Vynnycky-high",99.96,143.64
0.5,98,54798,360,50,50,61384,0.595406360424028,0.741286399367182,"South Africa","Vynnycky-high",7.2,1095.96
1,98,32711,414,54,50,36600,0.590060380863911,0.740961829493862,"South Africa","Vynnycky-high",8.28,654.22
2,98,35408,908,48,50,39585,0.594721407624633,0.740504836046237,"South Africa","Vynnycky-high",18.16,708.16
3,98,34327,1253,46,50,38465,0.599527930763179,0.742543044216312,"South Africa","Vynnycky-high",25.06,686.54
4,98,27691,1382,46,50,30954,0.598999129677981,0.744202319072371,"South Africa","Vynnycky-high",27.64,553.82
5,98,27227,1625,39,50,30335,0.583526810392482,0.741909220435579,"South Africa","Vynnycky-high",32.5,544.54
6,98,22066,1779,37,50,24662,0.603152654867257,0.750125,"South Africa","Vynnycky-high",35.58,441.32
7,98,25830,2386,37,50,28826,0.590660300454175,0.744449188727583,"South Africa","Vynnycky-high",47.72,516.6
8,98,22147,2373,30,50,24800,0.595221654467615,0.745504154781099,"South Africa","Vynnycky-high",47.46,442.94
9,98,13692,1667,32,50,15205,0.58273219116321,0.737397420867526,"South Africa","Vynnycky-high",33.34,273.84
10,98,16854,2372,21,50,18796,0.590382902938557,0.745784907513505,"South Africa","Vynnycky-high",47.44,337.08
12,98,15017,2681,24,50,16826,0.592556317335945,0.743461324429605,"South Africa","Vynnycky-high",53.62,300.34
14,98,16959,3732,21,50,19021,0.586902212705211,0.738476312419974,"South Africa","Vynnycky-high",74.64,339.18
16,98,14689,3867,20,50,16450,0.59519967728923,0.737459158177974,"South Africa","Vynnycky-high",77.34,293.78
18,98,11654,3610,25,50,13040,0.597772597772598,0.736206488278475,"South Africa","Vynnycky-high",72.2,233.08
20,98,10366,3609,25,50,11562,0.594689232564926,0.741127348643006,"South Africa","Vynnycky-high",72.18,207.32
22,98,9351,3702,16,50,10504,0.598492297607342,0.756447831184056,"South Africa","Vynnycky-high",74.04,187.02
24,98,6905,2987,11,50,7701,0.587979094076655,0.757194973652209,"South Africa","Vynnycky-high",59.74,138.1
26,98,12142,5770,16,50,13603,0.600847668910496,0.747235387045814,"South Africa","Vynnycky-high",115.4,242.84
28,98,9971,4991,17,50,11155,0.584934431229033,0.745823062174747,"South Africa","Vynnycky-high",99.82,199.42
30,98,6099,3247,15,50,6822,0.57952380952381,0.734460694698355,"South Africa","Vynnycky-high",64.94,121.98
32,98,6941,4032,14,50,7715,0.597742663656885,0.740799366838148,"South Africa","Vynnycky-high",80.64,138.82
34,98,5883,3587,15,50,6614,0.611561866125761,0.74077578051088,"South Africa","Vynnycky-high",71.74,117.66
36,98,6876,4365,14,50,7664,0.595866314863676,0.762772277227723,"South Africa","Vynnycky-high",87.3,137.52
38,98,8155,5308,14,50,9139,0.591988130563798,0.742799732083054,"South Africa","Vynnycky-high",106.16,163.1
40,98,5958,4006,8,50,6649,0.577003121748179,0.753853339560953,"South Africa","Vynnycky-high",80.12,119.16
42,98,8372,5726,12,50,9329,0.592537864794976,0.738211382113821,"South Africa","Vynnycky-high",114.52,167.44
44,98,5793,4076,12,50,6453,0.603234501347709,0.761560693641618,"South Africa","Vynnycky-high",81.52,115.86
46,98,6972,4858,11,50,7760,0.581244598098531,0.73904052936311,"South Africa","Vynnycky-high",97.16,139.44
48,98,6352,4506,9,50,7175,0.604452865940313,0.749029754204398,"South Africa","Vynnycky-high",90.12,127.04
50,98,6739,4778,11,50,7563,0.583371612310519,0.747504159733777,"South Africa","Vynnycky-high",95.56,134.78
0.5,99,55814,358,46,50,62431,0.591611120143066,0.744694502023492,"South Africa","Vynnycky-high",7.16,1116.28
1,99,29034,395,48,50,32483,0.589740910990389,0.740580256217031,"South Africa","Vynnycky-high",7.9,580.68
2,99,30051,745,38,50,33631,0.602280754869311,0.746826194172984,"South Africa","Vynnycky-high",14.9,601.02
3,99,33315,1191,46,50,37290,0.588993824918271,0.737651754531848,"South Africa","Vynnycky-high",23.82,666.3
4,99,21546,1116,38,50,24051,0.584743411927878,0.73149917207999,"South Africa","Vynnycky-high",22.32,430.92
5,99,18918,1134,35,50,21173,0.579375199234938,0.740314593649869,"South Africa","Vynnycky-high",22.68,378.36
6,99,23301,1722,42,50,26062,0.589100459619173,0.746254571192639,"South Africa","Vynnycky-high",34.44,466.02
7,99,22989,2136,33,50,25690,0.594503500129634,0.74001924001924,"South Africa","Vynnycky-high",42.72,459.78
8,99,21540,2285,31,50,24092,0.603455541508639,0.743812196989028,"South Africa","Vynnycky-high",45.7,430.8
9,99,17654,2153,32,50,19692,0.59867272092211,0.738579474342929,"South Africa","Vynnycky-high",43.06,353.08
10,99,19747,2792,32,50,22010,0.596860234720317,0.745284317775024,"South Africa","Vynnycky-high",55.84,394.94
12,99,17926,3163,20,50,20033,0.583249749247743,0.746314972847168,"South Africa","Vynnycky-high",63.26,358.52
14,99,18822,4015,23,50,20991,0.588691437802908,0.742164399763454,"South Africa","Vynnycky-high",80.3,376.44
16,99,15812,4142,23,50,17636,0.593177876276739,0.734020258470136,"South Africa","Vynnycky-high",82.84,316.24
18,99,12317,3851,18,50,13681,0.603062712688381,0.742417383431417,"South Africa","Vynnycky-high",77.02,246.34
20,99,12277,4216,21,50,13739,0.587676570871895,0.734030714444692,"South Africa","Vynnycky-high",84.32,245.54
22,99,10681,4303,13,50,11948,0.605056179775281,0.760701392470346,"South Africa","Vynnycky-high",86.06,213.62
24,99,9442,4113,13,50,10491,0.582286634460548,0.747374562427071,"South Africa","Vynnycky-high",82.26,188.84
26,99,9497,4435,12,50,10657,0.577176988368438,0.746036321706544,"South Africa","Vynnycky-high",88.7,189.94
28,99,7512,3790,15,50,8332,0.599676506267691,0.750839239089892,"South Africa","Vynnycky-high",75.8,150.24
30,99,8285,4520,14,50,9265,0.604684684684685,0.749744984699082,"South Africa","Vynnycky-high",90.4,165.7
32,99,7582,4300,10,50,8490,0.593402225755167,0.730949801372337,"South Africa","Vynnycky-high",86,151.64
34,99,8632,5288,8,50,9664,0.608160393950053,0.745954692556634,"South Africa","Vynnycky-high",105.76,172.64
36,99,6380,3958,8,50,7113,0.592223802750119,0.726003490401396,"South Africa","Vynnycky-high",79.16,127.6
38,99,6318,4050,13,50,7058,0.583801498127341,0.741026805997274,"South Africa","Vynnycky-high",81,126.36
40,99,7947,5298,11,50,8945,0.599699021820918,0.740728021978022,"South Africa","Vynnycky-high",105.96,158.94
42,99,6349,4330,14,50,7138,0.608458390177353,0.735600907029478,"South Africa","Vynnycky-high",86.6,126.98
44,99,7063,4889,12,50,7910,0.582718193660443,0.74120406567631,"South Africa","Vynnycky-high",97.78,141.26
46,99,7026,4861,8,50,7847,0.590289608177172,0.725349301397206,"South Africa","Vynnycky-high",97.22,140.52
48,99,6697,4699,7,50,7506,0.598757212605415,0.732164696290257,"South Africa","Vynnycky-high",93.98,133.94
50,99,6409,4546,11,50,7154,0.598153547133139,0.737022737022737,"South Africa","Vynnycky-high",90.92,128.18
0.5,100,65400,457,48,50,73128,0.598740461524317,0.73838268310247,"South Africa","Vynnycky-high",9.14,1308
1,100,29854,379,44,50,33359,0.597488038277512,0.740813648293963,"South Africa","Vynnycky-high",7.58,597.08
2,100,28156,720,48,50,31441,0.595143440421188,0.742997061704212,"South Africa","Vynnycky-high",14.4,563.12
3,100,22523,841,42,50,25187,0.598777733492759,0.745632511460786,"South Africa","Vynnycky-high",16.82,450.46
4,100,26582,1250,37,50,29682,0.580422742172488,0.745831175556706,"South Africa","Vynnycky-high",25,531.64
5,100,22116,1348,41,50,24746,0.586552799240884,0.738511488511489,"South Africa","Vynnycky-high",26.96,442.32
6,100,21734,1637,35,50,24363,0.592166529717886,0.749683143219265,"South Africa","Vynnycky-high",32.74,434.68
7,100,25474,2199,36,50,28429,0.595896946564885,0.733851803845323,"South Africa","Vynnycky-high",43.98,509.48
8,100,20688,2253,37,50,23017,0.587994742222871,0.745299607737049,"South Africa","Vynnycky-high",45.06,413.76
9,100,22529,2757,33,50,25241,0.605122732123799,0.74321503131524,"South Africa","Vynnycky-high",55.14,450.58
10,100,17884,2576,32,50,20055,0.601750547045952,0.73922480620155,"South Africa","Vynnycky-high",51.52,357.68
12,100,14865,2626,23,50,16537,0.590257879656161,0.752394988946205,"South Africa","Vynnycky-high",52.52,297.3
14,100,12903,2738,27,50,14443,0.588870232669705,0.738362068965517,"South Africa","Vynnycky-high",54.76,258.06
16,100,9533,2564,19,50,10635,0.605304212168487,0.755924170616114,"South Africa","Vynnycky-high",51.28,190.66
18,100,11453,3584,23,50,12703,0.59447128287708,0.74944512946979,"South Africa","Vynnycky-high",71.68,229.06
20,100,9754,3415,17,50,10880,0.580141426045963,0.733586227020718,"South Africa","Vynnycky-high",68.3,195.08
22,100,10434,4071,13,50,11618,0.609239940387481,0.736842105263158,"South Africa","Vynnycky-high",81.42,208.68
24,100,9785,4312,14,50,10984,0.606236624885356,0.757456387169387,"South Africa","Vynnycky-high",86.24,195.7
26,100,9244,4438,10,50,10347,0.583545108005083,0.748490338164251,"South Africa","Vynnycky-high",88.76,184.88
28,100,7405,3803,15,50,8241,0.592472683124241,0.743570057581574,"South Africa","Vynnycky-high",76.06,148.1
30,100,8600,4607,8,50,9604,0.584030683403068,0.749276759884282,"South Africa","Vynnycky-high",92.14,172
32,100,8122,4711,13,50,9033,0.595264520902701,0.75256707519046,"South Africa","Vynnycky-high",94.22,162.44
34,100,7218,4327,12,50,8026,0.596469622331691,0.727730441518203,"South Africa","Vynnycky-high",86.54,144.36
36,100,5965,3726,14,50,6648,0.591679506933744,0.74830239927569,"South Africa","Vynnycky-high",74.52,119.3
38,100,8120,5153,10,50,9115,0.578313253012048,0.734251290877797,"South Africa","Vynnycky-high",103.06,162.4
40,100,7126,4760,12,50,8016,0.59425190194421,0.743443557582668,"South Africa","Vynnycky-high",95.2,142.52
42,100,6946,4689,10,50,7753,0.596879063719116,0.729116945107399,"South Africa","Vynnycky-high",93.78,138.92
44,100,6945,4841,4,50,7715,0.607751277683135,0.731996726677578,"South Africa","Vynnycky-high",96.82,138.9
46,100,7279,5062,13,50,8171,0.591922591501893,0.727000747943156,"South Africa","Vynnycky-high",101.24,145.58
48,100,5996,4236,13,50,6723,0.589170392449081,0.75493345571363,"South Africa","Vynnycky-high",84.72,119.92
50,100,5598,3999,11,50,6251,0.608187134502924,0.751872191712431,"South Africa","Vynnycky-high",79.98,111.96
