"country","p_slow","sigma","rep","metric","value"
"India","uniform",0.5,1,"Enrolled",25.38
"India","uniform",0.5,1,"Tested",3616.68
"India","uniform",0.5,2,"Enrolled",16.98
"India","uniform",0.5,2,"Tested",2498.94
"India","uniform",0.5,3,"Enrolled",28.14
"India","uniform",0.5,3,"Tested",4050.72
"India","uniform",0.5,4,"Enrolled",23.44
"India","uniform",0.5,4,"Tested",3389.02
"India","uniform",0.5,5,"Enrolled",26.18
"India","uniform",0.5,5,"Tested",3763.72
"India","uniform",0.5,6,"Enrolled",20.82
"India","uniform",0.5,6,"Tested",2924.52
"India","uniform",0.5,7,"Enrolled",29.02
"India","uniform",0.5,7,"Tested",4364.84
"India","uniform",0.5,8,"Enrolled",17.6
"India","uniform",0.5,8,"Tested",2536.82
"India","uniform",0.5,9,"Enrolled",26.9
"India","uniform",0.5,9,"Tested",3891.24
"India","uniform",0.5,10,"Enrolled",24.66
"India","uniform",0.5,10,"Tested",3509.96
"India","uniform",0.5,11,"Enrolled",28.98
"India","uniform",0.5,11,"Tested",4139.6
"India","uniform",0.5,12,"Enrolled",18.92
"India","uniform",0.5,12,"Tested",2638.7
"India","uniform",0.5,13,"Enrolled",29.86
"India","uniform",0.5,13,"Tested",4283.86
"India","uniform",0.5,14,"Enrolled",22.9
"India","uniform",0.5,14,"Tested",3311.26
"India","uniform",0.5,15,"Enrolled",18.98
"India","uniform",0.5,15,"Tested",2807.06
"India","uniform",0.5,16,"Enrolled",26.38
"India","uniform",0.5,16,"Tested",3836.88
"India","uniform",0.5,17,"Enrolled",22.16
"India","uniform",0.5,17,"Tested",3336.46
"India","uniform",0.5,18,"Enrolled",25.82
"India","uniform",0.5,18,"Tested",3620.48
"India","uniform",0.5,19,"Enrolled",21.8
"India","uniform",0.5,19,"Tested",3183.12
"India","uniform",0.5,20,"Enrolled",23.12
"India","uniform",0.5,20,"Tested",3436.04
"India","uniform",0.5,21,"Enrolled",27.56
"India","uniform",0.5,21,"Tested",3894.02
"India","uniform",0.5,22,"Enrolled",19.52
"India","uniform",0.5,22,"Tested",2786.46
"India","uniform",0.5,23,"Enrolled",22.04
"India","uniform",0.5,23,"Tested",3100.5
"India","uniform",0.5,24,"Enrolled",25.5
"India","uniform",0.5,24,"Tested",3522.64
"India","uniform",0.5,25,"Enrolled",25.78
"India","uniform",0.5,25,"Tested",3611.24
"India","uniform",0.5,26,"Enrolled",24.58
"India","uniform",0.5,26,"Tested",3447.24
"India","uniform",0.5,27,"Enrolled",21.48
"India","uniform",0.5,27,"Tested",3228.62
"India","uniform",0.5,28,"Enrolled",25.18
"India","uniform",0.5,28,"Tested",3572.12
"India","uniform",0.5,29,"Enrolled",23.16
"India","uniform",0.5,29,"Tested",3245.36
"India","uniform",0.5,30,"Enrolled",25.94
"India","uniform",0.5,30,"Tested",3855.02
"India","uniform",0.5,31,"Enrolled",18.32
"India","uniform",0.5,31,"Tested",2647.38
"India","uniform",0.5,32,"Enrolled",20.64
"India","uniform",0.5,32,"Tested",3026.56
"India","uniform",0.5,33,"Enrolled",29.46
"India","uniform",0.5,33,"Tested",4028.1
"India","uniform",0.5,34,"Enrolled",21.94
"India","uniform",0.5,34,"Tested",3295.26
"India","uniform",0.5,35,"Enrolled",18.24
"India","uniform",0.5,35,"Tested",2694.92
"India","uniform",0.5,36,"Enrolled",24.96
"India","uniform",0.5,36,"Tested",3480.86
"India","uniform",0.5,37,"Enrolled",22.58
"India","uniform",0.5,37,"Tested",3245.32
"India","uniform",0.5,38,"Enrolled",24.4
"India","uniform",0.5,38,"Tested",3562.16
"India","uniform",0.5,39,"Enrolled",29.84
"India","uniform",0.5,39,"Tested",4373.12
"India","uniform",0.5,40,"Enrolled",18.98
"India","uniform",0.5,40,"Tested",2767.82
"India","uniform",0.5,41,"Enrolled",23.06
"India","uniform",0.5,41,"Tested",3326.76
"India","uniform",0.5,42,"Enrolled",23.78
"India","uniform",0.5,42,"Tested",3412.18
"India","uniform",0.5,43,"Enrolled",23.76
"India","uniform",0.5,43,"Tested",3305.68
"India","uniform",0.5,44,"Enrolled",29.78
"India","uniform",0.5,44,"Tested",4289.16
"India","uniform",0.5,45,"Enrolled",23.98
"India","uniform",0.5,45,"Tested",3349.28
"India","uniform",0.5,46,"Enrolled",20.66
"India","uniform",0.5,46,"Tested",2895.66
"India","uniform",0.5,47,"Enrolled",28.26
"India","uniform",0.5,47,"Tested",3908.88
"India","uniform",0.5,48,"Enrolled",21.16
"India","uniform",0.5,48,"Tested",3049.68
"India","uniform",0.5,49,"Enrolled",23.84
"India","uniform",0.5,49,"Tested",3454.12
"India","uniform",0.5,50,"Enrolled",32.62
"India","uniform",0.5,50,"Tested",4716.56
"India","uniform",0.5,51,"Enrolled",26.34
"India","uniform",0.5,51,"Tested",3940.12
"India","uniform",0.5,52,"Enrolled",26.96
"India","uniform",0.5,52,"Tested",3918.72
"India","uniform",0.5,53,"Enrolled",22.42
"India","uniform",0.5,53,"Tested",3274.36
"India","uniform",0.5,54,"Enrolled",23.36
"India","uniform",0.5,54,"Tested",3288.18
"India","uniform",0.5,55,"Enrolled",23.94
"India","uniform",0.5,55,"Tested",3369.88
"India","uniform",0.5,56,"Enrolled",34.06
"India","uniform",0.5,56,"Tested",4801.96
"India","uniform",0.5,57,"Enrolled",21.2
"India","uniform",0.5,57,"Tested",2969.88
"India","uniform",0.5,58,"Enrolled",19.9
"India","uniform",0.5,58,"Tested",2759.56
"India","uniform",0.5,59,"Enrolled",17.68
"India","uniform",0.5,59,"Tested",2619.4
"India","uniform",0.5,60,"Enrolled",22.92
"India","uniform",0.5,60,"Tested",3470.34
"India","uniform",0.5,61,"Enrolled",25.66
"India","uniform",0.5,61,"Tested",3615.98
"India","uniform",0.5,62,"Enrolled",23
"India","uniform",0.5,62,"Tested",3202.22
"India","uniform",0.5,63,"Enrolled",30.86
"India","uniform",0.5,63,"Tested",4501.16
"India","uniform",0.5,64,"Enrolled",28.32
"India","uniform",0.5,64,"Tested",4145.78
"India","uniform",0.5,65,"Enrolled",22.14
"India","uniform",0.5,65,"Tested",3268.36
"India","uniform",0.5,66,"Enrolled",18.02
"India","uniform",0.5,66,"Tested",2665.7
"India","uniform",0.5,67,"Enrolled",22.04
"India","uniform",0.5,67,"Tested",3127.84
"India","uniform",0.5,68,"Enrolled",27.6
"India","uniform",0.5,68,"Tested",3979.26
"India","uniform",0.5,69,"Enrolled",20.06
"India","uniform",0.5,69,"Tested",2559.38
"India","uniform",0.5,70,"Enrolled",19.32
"India","uniform",0.5,70,"Tested",2701.86
"India","uniform",0.5,71,"Enrolled",19.38
"India","uniform",0.5,71,"Tested",2739.96
"India","uniform",0.5,72,"Enrolled",30.3
"India","uniform",0.5,72,"Tested",4258.1
"India","uniform",0.5,73,"Enrolled",24.9
"India","uniform",0.5,73,"Tested",3694.84
"India","uniform",0.5,74,"Enrolled",22.76
"India","uniform",0.5,74,"Tested",3378.68
"India","uniform",0.5,75,"Enrolled",19.24
"India","uniform",0.5,75,"Tested",2893.12
"India","uniform",0.5,76,"Enrolled",19.78
"India","uniform",0.5,76,"Tested",2900.86
"India","uniform",0.5,77,"Enrolled",22.18
"India","uniform",0.5,77,"Tested",3274.42
"India","uniform",0.5,78,"Enrolled",28.24
"India","uniform",0.5,78,"Tested",3957.32
"India","uniform",0.5,79,"Enrolled",18.64
"India","uniform",0.5,79,"Tested",2653.68
"India","uniform",0.5,80,"Enrolled",28
"India","uniform",0.5,80,"Tested",3958.66
"India","uniform",0.5,81,"Enrolled",29
"India","uniform",0.5,81,"Tested",4136.48
"India","uniform",0.5,82,"Enrolled",28.42
"India","uniform",0.5,82,"Tested",4092.46
"India","uniform",0.5,83,"Enrolled",24.6
"India","uniform",0.5,83,"Tested",3530.68
"India","uniform",0.5,84,"Enrolled",24.16
"India","uniform",0.5,84,"Tested",3478.06
"India","uniform",0.5,85,"Enrolled",27.92
"India","uniform",0.5,85,"Tested",3970.64
"India","uniform",0.5,86,"Enrolled",28.24
"India","uniform",0.5,86,"Tested",4153.58
"India","uniform",0.5,87,"Enrolled",22.22
"India","uniform",0.5,87,"Tested",2997.76
"India","uniform",0.5,88,"Enrolled",17.54
"India","uniform",0.5,88,"Tested",2572.26
"India","uniform",0.5,89,"Enrolled",23.48
"India","uniform",0.5,89,"Tested",3308.18
"India","uniform",0.5,90,"Enrolled",29.42
"India","uniform",0.5,90,"Tested",4197.62
"India","uniform",0.5,91,"Enrolled",21.22
"India","uniform",0.5,91,"Tested",3044.86
"India","uniform",0.5,92,"Enrolled",24.9
"India","uniform",0.5,92,"Tested",3519.78
"India","uniform",0.5,93,"Enrolled",22.22
"India","uniform",0.5,93,"Tested",3142.14
"India","uniform",0.5,94,"Enrolled",25.78
"India","uniform",0.5,94,"Tested",3683.18
"India","uniform",0.5,95,"Enrolled",19.56
"India","uniform",0.5,95,"Tested",2737.6
"India","uniform",0.5,96,"Enrolled",21.78
"India","uniform",0.5,96,"Tested",3096.3
"India","uniform",0.5,97,"Enrolled",23.56
"India","uniform",0.5,97,"Tested",3486.1
"India","uniform",0.5,98,"Enrolled",25.22
"India","uniform",0.5,98,"Tested",3469.76
"India","uniform",0.5,99,"Enrolled",19.7
"India","uniform",0.5,99,"Tested",2866.64
"India","uniform",0.5,100,"Enrolled",21.26
"India","uniform",0.5,100,"Tested",2884.56
"India","uniform",1,1,"Enrolled",34.3
"India","uniform",1,1,"Tested",2645.48
"India","uniform",1,2,"Enrolled",33.62
"India","uniform",1,2,"Tested",2483.74
"India","uniform",1,3,"Enrolled",34.78
"India","uniform",1,3,"Tested",2591.94
"India","uniform",1,4,"Enrolled",25.1
"India","uniform",1,4,"Tested",1968.6
"India","uniform",1,5,"Enrolled",32.2
"India","uniform",1,5,"Tested",2420.5
"India","uniform",1,6,"Enrolled",33.76
"India","uniform",1,6,"Tested",2619.04
"India","uniform",1,7,"Enrolled",24.82
"India","uniform",1,7,"Tested",1828.52
"India","uniform",1,8,"Enrolled",29.44
"India","uniform",1,8,"Tested",2156.24
"India","uniform",1,9,"Enrolled",26.04
"India","uniform",1,9,"Tested",1951.48
"India","uniform",1,10,"Enrolled",27.36
"India","uniform",1,10,"Tested",2064.54
"India","uniform",1,11,"Enrolled",29.7
"India","uniform",1,11,"Tested",2306.52
"India","uniform",1,12,"Enrolled",25.26
"India","uniform",1,12,"Tested",1839.64
"India","uniform",1,13,"Enrolled",31.92
"India","uniform",1,13,"Tested",2274.3
"India","uniform",1,14,"Enrolled",27.22
"India","uniform",1,14,"Tested",2054.56
"India","uniform",1,15,"Enrolled",31.76
"India","uniform",1,15,"Tested",2410.86
"India","uniform",1,16,"Enrolled",26.08
"India","uniform",1,16,"Tested",2019.62
"India","uniform",1,17,"Enrolled",33.84
"India","uniform",1,17,"Tested",2485.8
"India","uniform",1,18,"Enrolled",28
"India","uniform",1,18,"Tested",2189.84
"India","uniform",1,19,"Enrolled",31.78
"India","uniform",1,19,"Tested",2404.42
"India","uniform",1,20,"Enrolled",38.72
"India","uniform",1,20,"Tested",2949.92
"India","uniform",1,21,"Enrolled",26.36
"India","uniform",1,21,"Tested",2063.2
"India","uniform",1,22,"Enrolled",31.18
"India","uniform",1,22,"Tested",2318.24
"India","uniform",1,23,"Enrolled",28.88
"India","uniform",1,23,"Tested",2129.82
"India","uniform",1,24,"Enrolled",26.86
"India","uniform",1,24,"Tested",1974.18
"India","uniform",1,25,"Enrolled",27.94
"India","uniform",1,25,"Tested",2094.46
"India","uniform",1,26,"Enrolled",30.64
"India","uniform",1,26,"Tested",2293.28
"India","uniform",1,27,"Enrolled",29.18
"India","uniform",1,27,"Tested",2135.88
"India","uniform",1,28,"Enrolled",35.18
"India","uniform",1,28,"Tested",2608.2
"India","uniform",1,29,"Enrolled",29.8
"India","uniform",1,29,"Tested",2197.06
"India","uniform",1,30,"Enrolled",25.08
"India","uniform",1,30,"Tested",1800.88
"India","uniform",1,31,"Enrolled",30.04
"India","uniform",1,31,"Tested",2160.14
"India","uniform",1,32,"Enrolled",26.52
"India","uniform",1,32,"Tested",2014.78
"India","uniform",1,33,"Enrolled",26.26
"India","uniform",1,33,"Tested",1951.96
"India","uniform",1,34,"Enrolled",29.54
"India","uniform",1,34,"Tested",2139.5
"India","uniform",1,35,"Enrolled",31.88
"India","uniform",1,35,"Tested",2343.16
"India","uniform",1,36,"Enrolled",33.44
"India","uniform",1,36,"Tested",2509.16
"India","uniform",1,37,"Enrolled",28.06
"India","uniform",1,37,"Tested",2098.26
"India","uniform",1,38,"Enrolled",31.06
"India","uniform",1,38,"Tested",2189
"India","uniform",1,39,"Enrolled",26.36
"India","uniform",1,39,"Tested",1988.62
"India","uniform",1,40,"Enrolled",32.14
"India","uniform",1,40,"Tested",2368.76
"India","uniform",1,41,"Enrolled",34.8
"India","uniform",1,41,"Tested",2550.62
"India","uniform",1,42,"Enrolled",26.84
"India","uniform",1,42,"Tested",2100.64
"India","uniform",1,43,"Enrolled",29.64
"India","uniform",1,43,"Tested",2245
"India","uniform",1,44,"Enrolled",24.36
"India","uniform",1,44,"Tested",1784.98
"India","uniform",1,45,"Enrolled",25.62
"India","uniform",1,45,"Tested",1892.68
"India","uniform",1,46,"Enrolled",18.42
"India","uniform",1,46,"Tested",1375.1
"India","uniform",1,47,"Enrolled",26.32
"India","uniform",1,47,"Tested",2006.9
"India","uniform",1,48,"Enrolled",29.76
"India","uniform",1,48,"Tested",2277.3
"India","uniform",1,49,"Enrolled",27.2
"India","uniform",1,49,"Tested",2062.06
"India","uniform",1,50,"Enrolled",34.9
"India","uniform",1,50,"Tested",2647.42
"India","uniform",1,51,"Enrolled",29.18
"India","uniform",1,51,"Tested",2208.56
"India","uniform",1,52,"Enrolled",36.98
"India","uniform",1,52,"Tested",2886.3
"India","uniform",1,53,"Enrolled",31.88
"India","uniform",1,53,"Tested",2393.98
"India","uniform",1,54,"Enrolled",25.8
"India","uniform",1,54,"Tested",1870.26
"India","uniform",1,55,"Enrolled",32.04
"India","uniform",1,55,"Tested",2377.72
"India","uniform",1,56,"Enrolled",27.84
"India","uniform",1,56,"Tested",2101.54
"India","uniform",1,57,"Enrolled",36.78
"India","uniform",1,57,"Tested",2673.28
"India","uniform",1,58,"Enrolled",28.78
"India","uniform",1,58,"Tested",2166.06
"India","uniform",1,59,"Enrolled",32.5
"India","uniform",1,59,"Tested",2451.58
"India","uniform",1,60,"Enrolled",27.14
"India","uniform",1,60,"Tested",2077.46
"India","uniform",1,61,"Enrolled",25.56
"India","uniform",1,61,"Tested",1861.36
"India","uniform",1,62,"Enrolled",33.8
"India","uniform",1,62,"Tested",2453.1
"India","uniform",1,63,"Enrolled",30.98
"India","uniform",1,63,"Tested",2277.98
"India","uniform",1,64,"Enrolled",30.96
"India","uniform",1,64,"Tested",2377.14
"India","uniform",1,65,"Enrolled",25.42
"India","uniform",1,65,"Tested",1854.24
"India","uniform",1,66,"Enrolled",22.66
"India","uniform",1,66,"Tested",1697.52
"India","uniform",1,67,"Enrolled",32.62
"India","uniform",1,67,"Tested",2485.16
"India","uniform",1,68,"Enrolled",31.18
"India","uniform",1,68,"Tested",2406.22
"India","uniform",1,69,"Enrolled",29.24
"India","uniform",1,69,"Tested",2219.8
"India","uniform",1,70,"Enrolled",31.56
"India","uniform",1,70,"Tested",2299.18
"India","uniform",1,71,"Enrolled",31.88
"India","uniform",1,71,"Tested",2443.66
"India","uniform",1,72,"Enrolled",32.24
"India","uniform",1,72,"Tested",2503.22
"India","uniform",1,73,"Enrolled",29.94
"India","uniform",1,73,"Tested",2110.98
"India","uniform",1,74,"Enrolled",28.8
"India","uniform",1,74,"Tested",2161.8
"India","uniform",1,75,"Enrolled",26.42
"India","uniform",1,75,"Tested",1996.88
"India","uniform",1,76,"Enrolled",31.26
"India","uniform",1,76,"Tested",2360.78
"India","uniform",1,77,"Enrolled",32.5
"India","uniform",1,77,"Tested",2385.66
"India","uniform",1,78,"Enrolled",28.06
"India","uniform",1,78,"Tested",2164.36
"India","uniform",1,79,"Enrolled",38.58
"India","uniform",1,79,"Tested",2851.16
"India","uniform",1,80,"Enrolled",31.38
"India","uniform",1,80,"Tested",2343.06
"India","uniform",1,81,"Enrolled",39.66
"India","uniform",1,81,"Tested",3019.06
"India","uniform",1,82,"Enrolled",31
"India","uniform",1,82,"Tested",2293.42
"India","uniform",1,83,"Enrolled",21.36
"India","uniform",1,83,"Tested",1633.24
"India","uniform",1,84,"Enrolled",26.46
"India","uniform",1,84,"Tested",2000.8
"India","uniform",1,85,"Enrolled",30.94
"India","uniform",1,85,"Tested",2309.2
"India","uniform",1,86,"Enrolled",24.48
"India","uniform",1,86,"Tested",1815.44
"India","uniform",1,87,"Enrolled",23.4
"India","uniform",1,87,"Tested",1752.34
"India","uniform",1,88,"Enrolled",31.1
"India","uniform",1,88,"Tested",2364.36
"India","uniform",1,89,"Enrolled",21.7
"India","uniform",1,89,"Tested",1656.6
"India","uniform",1,90,"Enrolled",34.44
"India","uniform",1,90,"Tested",2583.54
"India","uniform",1,91,"Enrolled",33.78
"India","uniform",1,91,"Tested",2435.5
"India","uniform",1,92,"Enrolled",30.4
"India","uniform",1,92,"Tested",2223
"India","uniform",1,93,"Enrolled",27.98
"India","uniform",1,93,"Tested",2049.34
"India","uniform",1,94,"Enrolled",30.1
"India","uniform",1,94,"Tested",2082.46
"India","uniform",1,95,"Enrolled",26.26
"India","uniform",1,95,"Tested",2037.56
"India","uniform",1,96,"Enrolled",20.6
"India","uniform",1,96,"Tested",1544.24
"India","uniform",1,97,"Enrolled",34.3
"India","uniform",1,97,"Tested",2545.72
"India","uniform",1,98,"Enrolled",29.62
"India","uniform",1,98,"Tested",2180.02
"India","uniform",1,99,"Enrolled",34.2
"India","uniform",1,99,"Tested",2532.16
"India","uniform",1,100,"Enrolled",28.48
"India","uniform",1,100,"Tested",2085.6
"India","uniform",2,1,"Enrolled",36.4
"India","uniform",2,1,"Tested",1403.4
"India","uniform",2,2,"Enrolled",35.78
"India","uniform",2,2,"Tested",1472.6
"India","uniform",2,3,"Enrolled",44.62
"India","uniform",2,3,"Tested",1739.7
"India","uniform",2,4,"Enrolled",49.66
"India","uniform",2,4,"Tested",1942.6
"India","uniform",2,5,"Enrolled",33.96
"India","uniform",2,5,"Tested",1275.42
"India","uniform",2,6,"Enrolled",42
"India","uniform",2,6,"Tested",1698.42
"India","uniform",2,7,"Enrolled",34.74
"India","uniform",2,7,"Tested",1329.32
"India","uniform",2,8,"Enrolled",50.56
"India","uniform",2,8,"Tested",2020.56
"India","uniform",2,9,"Enrolled",47.78
"India","uniform",2,9,"Tested",1913.14
"India","uniform",2,10,"Enrolled",36.32
"India","uniform",2,10,"Tested",1412.08
"India","uniform",2,11,"Enrolled",42.26
"India","uniform",2,11,"Tested",1655.46
"India","uniform",2,12,"Enrolled",36.24
"India","uniform",2,12,"Tested",1373.48
"India","uniform",2,13,"Enrolled",38.56
"India","uniform",2,13,"Tested",1544.28
"India","uniform",2,14,"Enrolled",39.16
"India","uniform",2,14,"Tested",1594.26
"India","uniform",2,15,"Enrolled",45.6
"India","uniform",2,15,"Tested",1794.24
"India","uniform",2,16,"Enrolled",54.42
"India","uniform",2,16,"Tested",2065.66
"India","uniform",2,17,"Enrolled",41.24
"India","uniform",2,17,"Tested",1590.44
"India","uniform",2,18,"Enrolled",48.72
"India","uniform",2,18,"Tested",1884.54
"India","uniform",2,19,"Enrolled",42.28
"India","uniform",2,19,"Tested",1722.54
"India","uniform",2,20,"Enrolled",46.24
"India","uniform",2,20,"Tested",1809.1
"India","uniform",2,21,"Enrolled",37.56
"India","uniform",2,21,"Tested",1484.18
"India","uniform",2,22,"Enrolled",51.4
"India","uniform",2,22,"Tested",2066.78
"India","uniform",2,23,"Enrolled",41.3
"India","uniform",2,23,"Tested",1619.78
"India","uniform",2,24,"Enrolled",34.94
"India","uniform",2,24,"Tested",1418.38
"India","uniform",2,25,"Enrolled",35.88
"India","uniform",2,25,"Tested",1402.02
"India","uniform",2,26,"Enrolled",43.56
"India","uniform",2,26,"Tested",1686.58
"India","uniform",2,27,"Enrolled",45.52
"India","uniform",2,27,"Tested",1784.16
"India","uniform",2,28,"Enrolled",40.34
"India","uniform",2,28,"Tested",1638.5
"India","uniform",2,29,"Enrolled",33.54
"India","uniform",2,29,"Tested",1277.52
"India","uniform",2,30,"Enrolled",44.8
"India","uniform",2,30,"Tested",1754.9
"India","uniform",2,31,"Enrolled",41.46
"India","uniform",2,31,"Tested",1565.58
"India","uniform",2,32,"Enrolled",44.82
"India","uniform",2,32,"Tested",1800.86
"India","uniform",2,33,"Enrolled",41.64
"India","uniform",2,33,"Tested",1569.92
"India","uniform",2,34,"Enrolled",35.34
"India","uniform",2,34,"Tested",1410.46
"India","uniform",2,35,"Enrolled",38.86
"India","uniform",2,35,"Tested",1522.74
"India","uniform",2,36,"Enrolled",44.52
"India","uniform",2,36,"Tested",1798.82
"India","uniform",2,37,"Enrolled",36.88
"India","uniform",2,37,"Tested",1425.64
"India","uniform",2,38,"Enrolled",28.9
"India","uniform",2,38,"Tested",1117.88
"India","uniform",2,39,"Enrolled",51.04
"India","uniform",2,39,"Tested",1981.9
"India","uniform",2,40,"Enrolled",46.68
"India","uniform",2,40,"Tested",1826.76
"India","uniform",2,41,"Enrolled",44.26
"India","uniform",2,41,"Tested",1739.88
"India","uniform",2,42,"Enrolled",40.92
"India","uniform",2,42,"Tested",1628.34
"India","uniform",2,43,"Enrolled",43.28
"India","uniform",2,43,"Tested",1623.88
"India","uniform",2,44,"Enrolled",55.12
"India","uniform",2,44,"Tested",2135.04
"India","uniform",2,45,"Enrolled",48.36
"India","uniform",2,45,"Tested",1953
"India","uniform",2,46,"Enrolled",45.62
"India","uniform",2,46,"Tested",1777.94
"India","uniform",2,47,"Enrolled",41.24
"India","uniform",2,47,"Tested",1647.98
"India","uniform",2,48,"Enrolled",45.1
"India","uniform",2,48,"Tested",1786.56
"India","uniform",2,49,"Enrolled",48.72
"India","uniform",2,49,"Tested",1968.12
"India","uniform",2,50,"Enrolled",44.98
"India","uniform",2,50,"Tested",1827.1
"India","uniform",2,51,"Enrolled",51.28
"India","uniform",2,51,"Tested",1986.46
"India","uniform",2,52,"Enrolled",38.42
"India","uniform",2,52,"Tested",1467.7
"India","uniform",2,53,"Enrolled",40.94
"India","uniform",2,53,"Tested",1592.34
"India","uniform",2,54,"Enrolled",41.82
"India","uniform",2,54,"Tested",1647.92
"India","uniform",2,55,"Enrolled",45.4
"India","uniform",2,55,"Tested",1778.68
"India","uniform",2,56,"Enrolled",45.12
"India","uniform",2,56,"Tested",1774.04
"India","uniform",2,57,"Enrolled",42.82
"India","uniform",2,57,"Tested",1699.76
"India","uniform",2,58,"Enrolled",41.1
"India","uniform",2,58,"Tested",1629.8
"India","uniform",2,59,"Enrolled",48.08
"India","uniform",2,59,"Tested",1861.86
"India","uniform",2,60,"Enrolled",44.92
"India","uniform",2,60,"Tested",1789.74
"India","uniform",2,61,"Enrolled",43.24
"India","uniform",2,61,"Tested",1704.08
"India","uniform",2,62,"Enrolled",42.58
"India","uniform",2,62,"Tested",1659.54
"India","uniform",2,63,"Enrolled",26.24
"India","uniform",2,63,"Tested",982.38
"India","uniform",2,64,"Enrolled",37.66
"India","uniform",2,64,"Tested",1447.7
"India","uniform",2,65,"Enrolled",35.74
"India","uniform",2,65,"Tested",1397.6
"India","uniform",2,66,"Enrolled",40.16
"India","uniform",2,66,"Tested",1605.52
"India","uniform",2,67,"Enrolled",27.38
"India","uniform",2,67,"Tested",1055.2
"India","uniform",2,68,"Enrolled",48.12
"India","uniform",2,68,"Tested",1848.44
"India","uniform",2,69,"Enrolled",45.24
"India","uniform",2,69,"Tested",1818.08
"India","uniform",2,70,"Enrolled",38.56
"India","uniform",2,70,"Tested",1563.58
"India","uniform",2,71,"Enrolled",41.38
"India","uniform",2,71,"Tested",1627.54
"India","uniform",2,72,"Enrolled",44.8
"India","uniform",2,72,"Tested",1727.8
"India","uniform",2,73,"Enrolled",42.74
"India","uniform",2,73,"Tested",1613.46
"India","uniform",2,74,"Enrolled",44.6
"India","uniform",2,74,"Tested",1676.72
"India","uniform",2,75,"Enrolled",45.98
"India","uniform",2,75,"Tested",1867.68
"India","uniform",2,76,"Enrolled",53.94
"India","uniform",2,76,"Tested",2080.08
"India","uniform",2,77,"Enrolled",46.12
"India","uniform",2,77,"Tested",1755.86
"India","uniform",2,78,"Enrolled",39.68
"India","uniform",2,78,"Tested",1477.26
"India","uniform",2,79,"Enrolled",54.44
"India","uniform",2,79,"Tested",2112.8
"India","uniform",2,80,"Enrolled",29.92
"India","uniform",2,80,"Tested",1166.98
"India","uniform",2,81,"Enrolled",49
"India","uniform",2,81,"Tested",1961.02
"India","uniform",2,82,"Enrolled",31
"India","uniform",2,82,"Tested",1165.78
"India","uniform",2,83,"Enrolled",38.72
"India","uniform",2,83,"Tested",1474.32
"India","uniform",2,84,"Enrolled",48.72
"India","uniform",2,84,"Tested",1818.1
"India","uniform",2,85,"Enrolled",29.46
"India","uniform",2,85,"Tested",1126.42
"India","uniform",2,86,"Enrolled",40.14
"India","uniform",2,86,"Tested",1617.78
"India","uniform",2,87,"Enrolled",44.48
"India","uniform",2,87,"Tested",1778.16
"India","uniform",2,88,"Enrolled",42.28
"India","uniform",2,88,"Tested",1614.14
"India","uniform",2,89,"Enrolled",40.5
"India","uniform",2,89,"Tested",1590.3
"India","uniform",2,90,"Enrolled",35.18
"India","uniform",2,90,"Tested",1370.66
"India","uniform",2,91,"Enrolled",46.26
"India","uniform",2,91,"Tested",1890.5
"India","uniform",2,92,"Enrolled",47.36
"India","uniform",2,92,"Tested",1851
"India","uniform",2,93,"Enrolled",51.32
"India","uniform",2,93,"Tested",2013.78
"India","uniform",2,94,"Enrolled",31.88
"India","uniform",2,94,"Tested",1277.56
"India","uniform",2,95,"Enrolled",52.46
"India","uniform",2,95,"Tested",2064.42
"India","uniform",2,96,"Enrolled",36.22
"India","uniform",2,96,"Tested",1390.76
"India","uniform",2,97,"Enrolled",34.34
"India","uniform",2,97,"Tested",1359.06
"India","uniform",2,98,"Enrolled",39.02
"India","uniform",2,98,"Tested",1518.96
"India","uniform",2,99,"Enrolled",43.12
"India","uniform",2,99,"Tested",1690.62
"India","uniform",2,100,"Enrolled",36.5
"India","uniform",2,100,"Tested",1436.16
"India","uniform",3,1,"Enrolled",51.06
"India","uniform",3,1,"Tested",1378.82
"India","uniform",3,2,"Enrolled",68.92
"India","uniform",3,2,"Tested",1924.7
"India","uniform",3,3,"Enrolled",60.5
"India","uniform",3,3,"Tested",1594.92
"India","uniform",3,4,"Enrolled",56.36
"India","uniform",3,4,"Tested",1509.06
"India","uniform",3,5,"Enrolled",36.84
"India","uniform",3,5,"Tested",984.14
"India","uniform",3,6,"Enrolled",52.4
"India","uniform",3,6,"Tested",1373.6
"India","uniform",3,7,"Enrolled",51.58
"India","uniform",3,7,"Tested",1401.8
"India","uniform",3,8,"Enrolled",51.28
"India","uniform",3,8,"Tested",1372.16
"India","uniform",3,9,"Enrolled",49.52
"India","uniform",3,9,"Tested",1338.78
"India","uniform",3,10,"Enrolled",52.36
"India","uniform",3,10,"Tested",1342.04
"India","uniform",3,11,"Enrolled",49.2
"India","uniform",3,11,"Tested",1326.58
"India","uniform",3,12,"Enrolled",61.72
"India","uniform",3,12,"Tested",1696.04
"India","uniform",3,13,"Enrolled",39.68
"India","uniform",3,13,"Tested",997.92
"India","uniform",3,14,"Enrolled",50.92
"India","uniform",3,14,"Tested",1424.54
"India","uniform",3,15,"Enrolled",39.18
"India","uniform",3,15,"Tested",1053
"India","uniform",3,16,"Enrolled",55.32
"India","uniform",3,16,"Tested",1495.36
"India","uniform",3,17,"Enrolled",59.02
"India","uniform",3,17,"Tested",1630.9
"India","uniform",3,18,"Enrolled",54.2
"India","uniform",3,18,"Tested",1410.16
"India","uniform",3,19,"Enrolled",58.54
"India","uniform",3,19,"Tested",1519.66
"India","uniform",3,20,"Enrolled",60.14
"India","uniform",3,20,"Tested",1613.26
"India","uniform",3,21,"Enrolled",45.38
"India","uniform",3,21,"Tested",1228.12
"India","uniform",3,22,"Enrolled",59.98
"India","uniform",3,22,"Tested",1679.92
"India","uniform",3,23,"Enrolled",48.2
"India","uniform",3,23,"Tested",1268.8
"India","uniform",3,24,"Enrolled",44.54
"India","uniform",3,24,"Tested",1173.72
"India","uniform",3,25,"Enrolled",48.24
"India","uniform",3,25,"Tested",1259.02
"India","uniform",3,26,"Enrolled",50.96
"India","uniform",3,26,"Tested",1424.4
"India","uniform",3,27,"Enrolled",53.7
"India","uniform",3,27,"Tested",1457.68
"India","uniform",3,28,"Enrolled",61.7
"India","uniform",3,28,"Tested",1651.34
"India","uniform",3,29,"Enrolled",45.36
"India","uniform",3,29,"Tested",1221.26
"India","uniform",3,30,"Enrolled",58.84
"India","uniform",3,30,"Tested",1575.66
"India","uniform",3,31,"Enrolled",42.82
"India","uniform",3,31,"Tested",1193.38
"India","uniform",3,32,"Enrolled",46.26
"India","uniform",3,32,"Tested",1273.94
"India","uniform",3,33,"Enrolled",46.82
"India","uniform",3,33,"Tested",1273.76
"India","uniform",3,34,"Enrolled",46.72
"India","uniform",3,34,"Tested",1254.78
"India","uniform",3,35,"Enrolled",41.04
"India","uniform",3,35,"Tested",1110
"India","uniform",3,36,"Enrolled",53.36
"India","uniform",3,36,"Tested",1460.36
"India","uniform",3,37,"Enrolled",51.92
"India","uniform",3,37,"Tested",1375.26
"India","uniform",3,38,"Enrolled",53.62
"India","uniform",3,38,"Tested",1401.32
"India","uniform",3,39,"Enrolled",65.12
"India","uniform",3,39,"Tested",1756.9
"India","uniform",3,40,"Enrolled",64.64
"India","uniform",3,40,"Tested",1696.24
"India","uniform",3,41,"Enrolled",55.2
"India","uniform",3,41,"Tested",1502.56
"India","uniform",3,42,"Enrolled",57.1
"India","uniform",3,42,"Tested",1485.22
"India","uniform",3,43,"Enrolled",49.64
"India","uniform",3,43,"Tested",1308.5
"India","uniform",3,44,"Enrolled",47.32
"India","uniform",3,44,"Tested",1256.4
"India","uniform",3,45,"Enrolled",51.58
"India","uniform",3,45,"Tested",1387.06
"India","uniform",3,46,"Enrolled",62.18
"India","uniform",3,46,"Tested",1648.58
"India","uniform",3,47,"Enrolled",49.92
"India","uniform",3,47,"Tested",1332.62
"India","uniform",3,48,"Enrolled",53.04
"India","uniform",3,48,"Tested",1397.44
"India","uniform",3,49,"Enrolled",43.68
"India","uniform",3,49,"Tested",1218.68
"India","uniform",3,50,"Enrolled",59.8
"India","uniform",3,50,"Tested",1589.94
"India","uniform",3,51,"Enrolled",55.42
"India","uniform",3,51,"Tested",1447
"India","uniform",3,52,"Enrolled",55.22
"India","uniform",3,52,"Tested",1549.06
"India","uniform",3,53,"Enrolled",51.4
"India","uniform",3,53,"Tested",1358.86
"India","uniform",3,54,"Enrolled",53.52
"India","uniform",3,54,"Tested",1457.16
"India","uniform",3,55,"Enrolled",38.24
"India","uniform",3,55,"Tested",1005.4
"India","uniform",3,56,"Enrolled",58.58
"India","uniform",3,56,"Tested",1598.84
"India","uniform",3,57,"Enrolled",57.84
"India","uniform",3,57,"Tested",1571.96
"India","uniform",3,58,"Enrolled",55.2
"India","uniform",3,58,"Tested",1514.24
"India","uniform",3,59,"Enrolled",46.34
"India","uniform",3,59,"Tested",1259.34
"India","uniform",3,60,"Enrolled",49.32
"India","uniform",3,60,"Tested",1260.28
"India","uniform",3,61,"Enrolled",53.56
"India","uniform",3,61,"Tested",1448.14
"India","uniform",3,62,"Enrolled",44.12
"India","uniform",3,62,"Tested",1200.74
"India","uniform",3,63,"Enrolled",43.4
"India","uniform",3,63,"Tested",1135.72
"India","uniform",3,64,"Enrolled",54.38
"India","uniform",3,64,"Tested",1474.26
"India","uniform",3,65,"Enrolled",49.84
"India","uniform",3,65,"Tested",1333.78
"India","uniform",3,66,"Enrolled",51.68
"India","uniform",3,66,"Tested",1389.68
"India","uniform",3,67,"Enrolled",50.28
"India","uniform",3,67,"Tested",1379.72
"India","uniform",3,68,"Enrolled",53.76
"India","uniform",3,68,"Tested",1484.02
"India","uniform",3,69,"Enrolled",62.7
"India","uniform",3,69,"Tested",1736.62
"India","uniform",3,70,"Enrolled",37.78
"India","uniform",3,70,"Tested",996.1
"India","uniform",3,71,"Enrolled",39.4
"India","uniform",3,71,"Tested",1040.98
"India","uniform",3,72,"Enrolled",43.42
"India","uniform",3,72,"Tested",1175.96
"India","uniform",3,73,"Enrolled",56.08
"India","uniform",3,73,"Tested",1523.28
"India","uniform",3,74,"Enrolled",42.3
"India","uniform",3,74,"Tested",1146.9
"India","uniform",3,75,"Enrolled",39.74
"India","uniform",3,75,"Tested",1052.46
"India","uniform",3,76,"Enrolled",55.14
"India","uniform",3,76,"Tested",1448.54
"India","uniform",3,77,"Enrolled",51.68
"India","uniform",3,77,"Tested",1362.52
"India","uniform",3,78,"Enrolled",55.1
"India","uniform",3,78,"Tested",1445.92
"India","uniform",3,79,"Enrolled",42.92
"India","uniform",3,79,"Tested",1111.4
"India","uniform",3,80,"Enrolled",57.12
"India","uniform",3,80,"Tested",1521.84
"India","uniform",3,81,"Enrolled",42.74
"India","uniform",3,81,"Tested",1129.82
"India","uniform",3,82,"Enrolled",69.66
"India","uniform",3,82,"Tested",1844.24
"India","uniform",3,83,"Enrolled",53.26
"India","uniform",3,83,"Tested",1452.52
"India","uniform",3,84,"Enrolled",52.12
"India","uniform",3,84,"Tested",1410.16
"India","uniform",3,85,"Enrolled",46
"India","uniform",3,85,"Tested",1234.64
"India","uniform",3,86,"Enrolled",32.86
"India","uniform",3,86,"Tested",900.12
"India","uniform",3,87,"Enrolled",57.8
"India","uniform",3,87,"Tested",1566.4
"India","uniform",3,88,"Enrolled",44.98
"India","uniform",3,88,"Tested",1188.86
"India","uniform",3,89,"Enrolled",50.02
"India","uniform",3,89,"Tested",1369.4
"India","uniform",3,90,"Enrolled",47
"India","uniform",3,90,"Tested",1250.42
"India","uniform",3,91,"Enrolled",47.54
"India","uniform",3,91,"Tested",1270.46
"India","uniform",3,92,"Enrolled",51.66
"India","uniform",3,92,"Tested",1353.18
"India","uniform",3,93,"Enrolled",52.68
"India","uniform",3,93,"Tested",1407.56
"India","uniform",3,94,"Enrolled",49.82
"India","uniform",3,94,"Tested",1316.36
"India","uniform",3,95,"Enrolled",46.14
"India","uniform",3,95,"Tested",1232.4
"India","uniform",3,96,"Enrolled",43.52
"India","uniform",3,96,"Tested",1172.24
"India","uniform",3,97,"Enrolled",52.64
"India","uniform",3,97,"Tested",1394.36
"India","uniform",3,98,"Enrolled",48.16
"India","uniform",3,98,"Tested",1307.78
"India","uniform",3,99,"Enrolled",68.24
"India","uniform",3,99,"Tested",1796.08
"India","uniform",3,100,"Enrolled",57.74
"India","uniform",3,100,"Tested",1503.34
"India","uniform",4,1,"Enrolled",67.38
"India","uniform",4,1,"Tested",1377.2
"India","uniform",4,2,"Enrolled",66.6
"India","uniform",4,2,"Tested",1360.56
"India","uniform",4,3,"Enrolled",46.92
"India","uniform",4,3,"Tested",969.62
"India","uniform",4,4,"Enrolled",44.86
"India","uniform",4,4,"Tested",961.98
"India","uniform",4,5,"Enrolled",62.56
"India","uniform",4,5,"Tested",1283.96
"India","uniform",4,6,"Enrolled",66.76
"India","uniform",4,6,"Tested",1378.74
"India","uniform",4,7,"Enrolled",68.48
"India","uniform",4,7,"Tested",1411.88
"India","uniform",4,8,"Enrolled",69.74
"India","uniform",4,8,"Tested",1384.92
"India","uniform",4,9,"Enrolled",61.48
"India","uniform",4,9,"Tested",1290.14
"India","uniform",4,10,"Enrolled",54.32
"India","uniform",4,10,"Tested",1113.44
"India","uniform",4,11,"Enrolled",70.76
"India","uniform",4,11,"Tested",1474.4
"India","uniform",4,12,"Enrolled",53.04
"India","uniform",4,12,"Tested",1071.28
"India","uniform",4,13,"Enrolled",46.12
"India","uniform",4,13,"Tested",920.04
"India","uniform",4,14,"Enrolled",58.3
"India","uniform",4,14,"Tested",1168
"India","uniform",4,15,"Enrolled",55.1
"India","uniform",4,15,"Tested",1096.48
"India","uniform",4,16,"Enrolled",66.4
"India","uniform",4,16,"Tested",1337.74
"India","uniform",4,17,"Enrolled",58.68
"India","uniform",4,17,"Tested",1166.82
"India","uniform",4,18,"Enrolled",52.16
"India","uniform",4,18,"Tested",1074.38
"India","uniform",4,19,"Enrolled",61.34
"India","uniform",4,19,"Tested",1250.42
"India","uniform",4,20,"Enrolled",50.6
"India","uniform",4,20,"Tested",1024.4
"India","uniform",4,21,"Enrolled",42.9
"India","uniform",4,21,"Tested",868
"India","uniform",4,22,"Enrolled",56.36
"India","uniform",4,22,"Tested",1114.42
"India","uniform",4,23,"Enrolled",55.14
"India","uniform",4,23,"Tested",1106.66
"India","uniform",4,24,"Enrolled",53.58
"India","uniform",4,24,"Tested",1088.54
"India","uniform",4,25,"Enrolled",49.12
"India","uniform",4,25,"Tested",1016.18
"India","uniform",4,26,"Enrolled",54.04
"India","uniform",4,26,"Tested",1102.96
"India","uniform",4,27,"Enrolled",53.38
"India","uniform",4,27,"Tested",1092.86
"India","uniform",4,28,"Enrolled",73.24
"India","uniform",4,28,"Tested",1459.56
"India","uniform",4,29,"Enrolled",61.8
"India","uniform",4,29,"Tested",1242.74
"India","uniform",4,30,"Enrolled",46.78
"India","uniform",4,30,"Tested",961.46
"India","uniform",4,31,"Enrolled",50.14
"India","uniform",4,31,"Tested",1009.22
"India","uniform",4,32,"Enrolled",55.56
"India","uniform",4,32,"Tested",1149.26
"India","uniform",4,33,"Enrolled",44.4
"India","uniform",4,33,"Tested",914.62
"India","uniform",4,34,"Enrolled",55
"India","uniform",4,34,"Tested",1111.36
"India","uniform",4,35,"Enrolled",47.26
"India","uniform",4,35,"Tested",949.9
"India","uniform",4,36,"Enrolled",53.56
"India","uniform",4,36,"Tested",1096.7
"India","uniform",4,37,"Enrolled",53.66
"India","uniform",4,37,"Tested",1083.4
"India","uniform",4,38,"Enrolled",51.48
"India","uniform",4,38,"Tested",1044.46
"India","uniform",4,39,"Enrolled",52.78
"India","uniform",4,39,"Tested",1050.48
"India","uniform",4,40,"Enrolled",51.1
"India","uniform",4,40,"Tested",1084.4
"India","uniform",4,41,"Enrolled",49.86
"India","uniform",4,41,"Tested",1012.06
"India","uniform",4,42,"Enrolled",54
"India","uniform",4,42,"Tested",1103.88
"India","uniform",4,43,"Enrolled",50.84
"India","uniform",4,43,"Tested",1059.76
"India","uniform",4,44,"Enrolled",47.2
"India","uniform",4,44,"Tested",968.32
"India","uniform",4,45,"Enrolled",40.38
"India","uniform",4,45,"Tested",802.7
"India","uniform",4,46,"Enrolled",51.66
"India","uniform",4,46,"Tested",1039.4
"India","uniform",4,47,"Enrolled",45.18
"India","uniform",4,47,"Tested",911.84
"India","uniform",4,48,"Enrolled",52.7
"India","uniform",4,48,"Tested",1113.28
"India","uniform",4,49,"Enrolled",56.78
"India","uniform",4,49,"Tested",1165.48
"India","uniform",4,50,"Enrolled",75.2
"India","uniform",4,50,"Tested",1499.74
"India","uniform",4,51,"Enrolled",72.58
"India","uniform",4,51,"Tested",1448.18
"India","uniform",4,52,"Enrolled",50.08
"India","uniform",4,52,"Tested",1017.72
"India","uniform",4,53,"Enrolled",58.2
"India","uniform",4,53,"Tested",1166.12
"India","uniform",4,54,"Enrolled",55.66
"India","uniform",4,54,"Tested",1152.9
"India","uniform",4,55,"Enrolled",57.48
"India","uniform",4,55,"Tested",1181.44
"India","uniform",4,56,"Enrolled",65.48
"India","uniform",4,56,"Tested",1325.78
"India","uniform",4,57,"Enrolled",54.02
"India","uniform",4,57,"Tested",1100.66
"India","uniform",4,58,"Enrolled",59.2
"India","uniform",4,58,"Tested",1217.58
"India","uniform",4,59,"Enrolled",59.7
"India","uniform",4,59,"Tested",1240.38
"India","uniform",4,60,"Enrolled",45.74
"India","uniform",4,60,"Tested",905.96
"India","uniform",4,61,"Enrolled",58.08
"India","uniform",4,61,"Tested",1194.66
"India","uniform",4,62,"Enrolled",69.12
"India","uniform",4,62,"Tested",1407.72
"India","uniform",4,63,"Enrolled",71.2
"India","uniform",4,63,"Tested",1471.8
"India","uniform",4,64,"Enrolled",44.18
"India","uniform",4,64,"Tested",913.18
"India","uniform",4,65,"Enrolled",52.9
"India","uniform",4,65,"Tested",1080.5
"India","uniform",4,66,"Enrolled",57.56
"India","uniform",4,66,"Tested",1188.5
"India","uniform",4,67,"Enrolled",62.96
"India","uniform",4,67,"Tested",1287.44
"India","uniform",4,68,"Enrolled",58.52
"India","uniform",4,68,"Tested",1204.02
"India","uniform",4,69,"Enrolled",57.6
"India","uniform",4,69,"Tested",1160
"India","uniform",4,70,"Enrolled",66.76
"India","uniform",4,70,"Tested",1360.7
"India","uniform",4,71,"Enrolled",61.02
"India","uniform",4,71,"Tested",1251.94
"India","uniform",4,72,"Enrolled",47.6
"India","uniform",4,72,"Tested",1023.82
"India","uniform",4,73,"Enrolled",58
"India","uniform",4,73,"Tested",1175.42
"India","uniform",4,74,"Enrolled",62.34
"India","uniform",4,74,"Tested",1297.8
"India","uniform",4,75,"Enrolled",63.66
"India","uniform",4,75,"Tested",1294.84
"India","uniform",4,76,"Enrolled",63.52
"India","uniform",4,76,"Tested",1270.7
"India","uniform",4,77,"Enrolled",59.16
"India","uniform",4,77,"Tested",1231.26
"India","uniform",4,78,"Enrolled",40.98
"India","uniform",4,78,"Tested",836.2
"India","uniform",4,79,"Enrolled",49.2
"India","uniform",4,79,"Tested",978.76
"India","uniform",4,80,"Enrolled",61.44
"India","uniform",4,80,"Tested",1234.7
"India","uniform",4,81,"Enrolled",63.54
"India","uniform",4,81,"Tested",1291.62
"India","uniform",4,82,"Enrolled",48.68
"India","uniform",4,82,"Tested",989.76
"India","uniform",4,83,"Enrolled",58.5
"India","uniform",4,83,"Tested",1210.48
"India","uniform",4,84,"Enrolled",52.4
"India","uniform",4,84,"Tested",1064.98
"India","uniform",4,85,"Enrolled",60.68
"India","uniform",4,85,"Tested",1213.22
"India","uniform",4,86,"Enrolled",62.92
"India","uniform",4,86,"Tested",1287.26
"India","uniform",4,87,"Enrolled",56.52
"India","uniform",4,87,"Tested",1119.56
"India","uniform",4,88,"Enrolled",54.1
"India","uniform",4,88,"Tested",1104.92
"India","uniform",4,89,"Enrolled",67.42
"India","uniform",4,89,"Tested",1339.2
"India","uniform",4,90,"Enrolled",66.24
"India","uniform",4,90,"Tested",1319.32
"India","uniform",4,91,"Enrolled",44.26
"India","uniform",4,91,"Tested",918.34
"India","uniform",4,92,"Enrolled",55.68
"India","uniform",4,92,"Tested",1143.02
"India","uniform",4,93,"Enrolled",58.32
"India","uniform",4,93,"Tested",1218.18
"India","uniform",4,94,"Enrolled",64.08
"India","uniform",4,94,"Tested",1300.24
"India","uniform",4,95,"Enrolled",56.66
"India","uniform",4,95,"Tested",1152.92
"India","uniform",4,96,"Enrolled",57.74
"India","uniform",4,96,"Tested",1171.06
"India","uniform",4,97,"Enrolled",46.44
"India","uniform",4,97,"Tested",953.56
"India","uniform",4,98,"Enrolled",49.38
"India","uniform",4,98,"Tested",1001.86
"India","uniform",4,99,"Enrolled",50.36
"India","uniform",4,99,"Tested",1014.94
"India","uniform",4,100,"Enrolled",47.92
"India","uniform",4,100,"Tested",993.72
"India","uniform",5,1,"Enrolled",63.38
"India","uniform",5,1,"Tested",1050.1
"India","uniform",5,2,"Enrolled",72.28
"India","uniform",5,2,"Tested",1164
"India","uniform",5,3,"Enrolled",62.42
"India","uniform",5,3,"Tested",1046.54
"India","uniform",5,4,"Enrolled",68.28
"India","uniform",5,4,"Tested",1121.24
"India","uniform",5,5,"Enrolled",77.3
"India","uniform",5,5,"Tested",1276.08
"India","uniform",5,6,"Enrolled",54.72
"India","uniform",5,6,"Tested",875
"India","uniform",5,7,"Enrolled",64.92
"India","uniform",5,7,"Tested",1088.94
"India","uniform",5,8,"Enrolled",65.1
"India","uniform",5,8,"Tested",1058.2
"India","uniform",5,9,"Enrolled",64.26
"India","uniform",5,9,"Tested",1091.16
"India","uniform",5,10,"Enrolled",62.72
"India","uniform",5,10,"Tested",1033.52
"India","uniform",5,11,"Enrolled",49.08
"India","uniform",5,11,"Tested",825.2
"India","uniform",5,12,"Enrolled",65.38
"India","uniform",5,12,"Tested",1093.28
"India","uniform",5,13,"Enrolled",63.76
"India","uniform",5,13,"Tested",1067.6
"India","uniform",5,14,"Enrolled",58.62
"India","uniform",5,14,"Tested",974.86
"India","uniform",5,15,"Enrolled",63.7
"India","uniform",5,15,"Tested",1060.16
"India","uniform",5,16,"Enrolled",73.36
"India","uniform",5,16,"Tested",1202.42
"India","uniform",5,17,"Enrolled",65.8
"India","uniform",5,17,"Tested",1098.78
"India","uniform",5,18,"Enrolled",64.94
"India","uniform",5,18,"Tested",1088.06
"India","uniform",5,19,"Enrolled",64.56
"India","uniform",5,19,"Tested",1047.88
"India","uniform",5,20,"Enrolled",57.86
"India","uniform",5,20,"Tested",979.66
"India","uniform",5,21,"Enrolled",59.64
"India","uniform",5,21,"Tested",943.8
"India","uniform",5,22,"Enrolled",79.66
"India","uniform",5,22,"Tested",1278.62
"India","uniform",5,23,"Enrolled",59.78
"India","uniform",5,23,"Tested",951.68
"India","uniform",5,24,"Enrolled",56.48
"India","uniform",5,24,"Tested",948.04
"India","uniform",5,25,"Enrolled",58.92
"India","uniform",5,25,"Tested",964.6
"India","uniform",5,26,"Enrolled",74.24
"India","uniform",5,26,"Tested",1240.78
"India","uniform",5,27,"Enrolled",60.76
"India","uniform",5,27,"Tested",983.94
"India","uniform",5,28,"Enrolled",65.88
"India","uniform",5,28,"Tested",1092.34
"India","uniform",5,29,"Enrolled",60.92
"India","uniform",5,29,"Tested",993.64
"India","uniform",5,30,"Enrolled",67.66
"India","uniform",5,30,"Tested",1088.62
"India","uniform",5,31,"Enrolled",81.62
"India","uniform",5,31,"Tested",1331.5
"India","uniform",5,32,"Enrolled",62.12
"India","uniform",5,32,"Tested",1005.22
"India","uniform",5,33,"Enrolled",67.86
"India","uniform",5,33,"Tested",1078.16
"India","uniform",5,34,"Enrolled",56.78
"India","uniform",5,34,"Tested",950.96
"India","uniform",5,35,"Enrolled",71.78
"India","uniform",5,35,"Tested",1225.4
"India","uniform",5,36,"Enrolled",80.7
"India","uniform",5,36,"Tested",1328.4
"India","uniform",5,37,"Enrolled",60.64
"India","uniform",5,37,"Tested",975.16
"India","uniform",5,38,"Enrolled",64.6
"India","uniform",5,38,"Tested",1072.84
"India","uniform",5,39,"Enrolled",61.8
"India","uniform",5,39,"Tested",1024.34
"India","uniform",5,40,"Enrolled",59.44
"India","uniform",5,40,"Tested",1004.7
"India","uniform",5,41,"Enrolled",58.06
"India","uniform",5,41,"Tested",948
"India","uniform",5,42,"Enrolled",81.52
"India","uniform",5,42,"Tested",1340.28
"India","uniform",5,43,"Enrolled",67.14
"India","uniform",5,43,"Tested",1107.62
"India","uniform",5,44,"Enrolled",65.1
"India","uniform",5,44,"Tested",1085.34
"India","uniform",5,45,"Enrolled",55.6
"India","uniform",5,45,"Tested",885.34
"India","uniform",5,46,"Enrolled",77.56
"India","uniform",5,46,"Tested",1265.3
"India","uniform",5,47,"Enrolled",52.62
"India","uniform",5,47,"Tested",833.68
"India","uniform",5,48,"Enrolled",59.38
"India","uniform",5,48,"Tested",958.78
"India","uniform",5,49,"Enrolled",58.52
"India","uniform",5,49,"Tested",959.12
"India","uniform",5,50,"Enrolled",54.34
"India","uniform",5,50,"Tested",903.68
"India","uniform",5,51,"Enrolled",54.6
"India","uniform",5,51,"Tested",889.8
"India","uniform",5,52,"Enrolled",81.46
"India","uniform",5,52,"Tested",1321.4
"India","uniform",5,53,"Enrolled",79.34
"India","uniform",5,53,"Tested",1285.84
"India","uniform",5,54,"Enrolled",67.4
"India","uniform",5,54,"Tested",1126.52
"India","uniform",5,55,"Enrolled",57.7
"India","uniform",5,55,"Tested",967.98
"India","uniform",5,56,"Enrolled",77.62
"India","uniform",5,56,"Tested",1296.06
"India","uniform",5,57,"Enrolled",69.66
"India","uniform",5,57,"Tested",1138.06
"India","uniform",5,58,"Enrolled",75.98
"India","uniform",5,58,"Tested",1253.46
"India","uniform",5,59,"Enrolled",68.26
"India","uniform",5,59,"Tested",1145.68
"India","uniform",5,60,"Enrolled",68.98
"India","uniform",5,60,"Tested",1098.16
"India","uniform",5,61,"Enrolled",69.08
"India","uniform",5,61,"Tested",1120.6
"India","uniform",5,62,"Enrolled",69.86
"India","uniform",5,62,"Tested",1140.84
"India","uniform",5,63,"Enrolled",55.96
"India","uniform",5,63,"Tested",905.52
"India","uniform",5,64,"Enrolled",63.32
"India","uniform",5,64,"Tested",1033.56
"India","uniform",5,65,"Enrolled",58.5
"India","uniform",5,65,"Tested",952.94
"India","uniform",5,66,"Enrolled",80.02
"India","uniform",5,66,"Tested",1308.26
"India","uniform",5,67,"Enrolled",74.32
"India","uniform",5,67,"Tested",1227.24
"India","uniform",5,68,"Enrolled",65.3
"India","uniform",5,68,"Tested",1063.3
"India","uniform",5,69,"Enrolled",69.18
"India","uniform",5,69,"Tested",1135.52
"India","uniform",5,70,"Enrolled",60.66
"India","uniform",5,70,"Tested",1001.16
"India","uniform",5,71,"Enrolled",61.24
"India","uniform",5,71,"Tested",997.5
"India","uniform",5,72,"Enrolled",48.92
"India","uniform",5,72,"Tested",838.52
"India","uniform",5,73,"Enrolled",71.88
"India","uniform",5,73,"Tested",1216.78
"India","uniform",5,74,"Enrolled",53.76
"India","uniform",5,74,"Tested",891.88
"India","uniform",5,75,"Enrolled",79.36
"India","uniform",5,75,"Tested",1305.14
"India","uniform",5,76,"Enrolled",56.16
"India","uniform",5,76,"Tested",916.64
"India","uniform",5,77,"Enrolled",64.94
"India","uniform",5,77,"Tested",1050.78
"India","uniform",5,78,"Enrolled",60.2
"India","uniform",5,78,"Tested",973.5
"India","uniform",5,79,"Enrolled",71.86
"India","uniform",5,79,"Tested",1133.06
"India","uniform",5,80,"Enrolled",72.86
"India","uniform",5,80,"Tested",1222.38
"India","uniform",5,81,"Enrolled",73.98
"India","uniform",5,81,"Tested",1173.42
"India","uniform",5,82,"Enrolled",60.66
"India","uniform",5,82,"Tested",985.52
"India","uniform",5,83,"Enrolled",66.54
"India","uniform",5,83,"Tested",1083.26
"India","uniform",5,84,"Enrolled",79.2
"India","uniform",5,84,"Tested",1330.94
"India","uniform",5,85,"Enrolled",55.26
"India","uniform",5,85,"Tested",906.22
"India","uniform",5,86,"Enrolled",65.4
"India","uniform",5,86,"Tested",1041.06
"India","uniform",5,87,"Enrolled",56.64
"India","uniform",5,87,"Tested",916.3
"India","uniform",5,88,"Enrolled",64.78
"India","uniform",5,88,"Tested",1084.3
"India","uniform",5,89,"Enrolled",53.5
"India","uniform",5,89,"Tested",913.1
"India","uniform",5,90,"Enrolled",57.54
"India","uniform",5,90,"Tested",928.9
"India","uniform",5,91,"Enrolled",65.44
"India","uniform",5,91,"Tested",1065.86
"India","uniform",5,92,"Enrolled",73.56
"India","uniform",5,92,"Tested",1210.04
"India","uniform",5,93,"Enrolled",82.32
"India","uniform",5,93,"Tested",1358.34
"India","uniform",5,94,"Enrolled",58.84
"India","uniform",5,94,"Tested",974.22
"India","uniform",5,95,"Enrolled",58.92
"India","uniform",5,95,"Tested",973.48
"India","uniform",5,96,"Enrolled",68.88
"India","uniform",5,96,"Tested",1155.26
"India","uniform",5,97,"Enrolled",84.24
"India","uniform",5,97,"Tested",1399.04
"India","uniform",5,98,"Enrolled",66.9
"India","uniform",5,98,"Tested",1087.22
"India","uniform",5,99,"Enrolled",62.06
"India","uniform",5,99,"Tested",1005.3
"India","uniform",5,100,"Enrolled",72.08
"India","uniform",5,100,"Tested",1191.74
"India","uniform",6,1,"Enrolled",63.56
"India","uniform",6,1,"Tested",871.96
"India","uniform",6,2,"Enrolled",50.32
"India","uniform",6,2,"Tested",705.24
"India","uniform",6,3,"Enrolled",80.2
"India","uniform",6,3,"Tested",1097.2
"India","uniform",6,4,"Enrolled",76.26
"India","uniform",6,4,"Tested",1058.68
"India","uniform",6,5,"Enrolled",77.16
"India","uniform",6,5,"Tested",1078.22
"India","uniform",6,6,"Enrolled",64.66
"India","uniform",6,6,"Tested",891.98
"India","uniform",6,7,"Enrolled",69.7
"India","uniform",6,7,"Tested",961.1
"India","uniform",6,8,"Enrolled",66.62
"India","uniform",6,8,"Tested",908.58
"India","uniform",6,9,"Enrolled",72.18
"India","uniform",6,9,"Tested",971.58
"India","uniform",6,10,"Enrolled",66.8
"India","uniform",6,10,"Tested",910.14
"India","uniform",6,11,"Enrolled",74.9
"India","uniform",6,11,"Tested",1008.5
"India","uniform",6,12,"Enrolled",77.82
"India","uniform",6,12,"Tested",1095.5
"India","uniform",6,13,"Enrolled",47.48
"India","uniform",6,13,"Tested",668.08
"India","uniform",6,14,"Enrolled",71.84
"India","uniform",6,14,"Tested",957.62
"India","uniform",6,15,"Enrolled",89.08
"India","uniform",6,15,"Tested",1250.14
"India","uniform",6,16,"Enrolled",57.98
"India","uniform",6,16,"Tested",782.44
"India","uniform",6,17,"Enrolled",78.06
"India","uniform",6,17,"Tested",1092.28
"India","uniform",6,18,"Enrolled",64.54
"India","uniform",6,18,"Tested",882.32
"India","uniform",6,19,"Enrolled",60.82
"India","uniform",6,19,"Tested",833.52
"India","uniform",6,20,"Enrolled",47.06
"India","uniform",6,20,"Tested",671.88
"India","uniform",6,21,"Enrolled",73.7
"India","uniform",6,21,"Tested",993.02
"India","uniform",6,22,"Enrolled",70.88
"India","uniform",6,22,"Tested",974.88
"India","uniform",6,23,"Enrolled",77.12
"India","uniform",6,23,"Tested",1044.12
"India","uniform",6,24,"Enrolled",71.7
"India","uniform",6,24,"Tested",973.64
"India","uniform",6,25,"Enrolled",57.68
"India","uniform",6,25,"Tested",759.46
"India","uniform",6,26,"Enrolled",54.94
"India","uniform",6,26,"Tested",747.4
"India","uniform",6,27,"Enrolled",69.1
"India","uniform",6,27,"Tested",945.94
"India","uniform",6,28,"Enrolled",64.12
"India","uniform",6,28,"Tested",865.62
"India","uniform",6,29,"Enrolled",55.66
"India","uniform",6,29,"Tested",760.16
"India","uniform",6,30,"Enrolled",64.24
"India","uniform",6,30,"Tested",898.22
"India","uniform",6,31,"Enrolled",81.06
"India","uniform",6,31,"Tested",1106.1
"India","uniform",6,32,"Enrolled",72.26
"India","uniform",6,32,"Tested",968.22
"India","uniform",6,33,"Enrolled",81.52
"India","uniform",6,33,"Tested",1100.74
"India","uniform",6,34,"Enrolled",61.14
"India","uniform",6,34,"Tested",842.6
"India","uniform",6,35,"Enrolled",57.9
"India","uniform",6,35,"Tested",796.08
"India","uniform",6,36,"Enrolled",70.36
"India","uniform",6,36,"Tested",961.8
"India","uniform",6,37,"Enrolled",60.22
"India","uniform",6,37,"Tested",811.88
"India","uniform",6,38,"Enrolled",68.12
"India","uniform",6,38,"Tested",945.32
"India","uniform",6,39,"Enrolled",71.78
"India","uniform",6,39,"Tested",1000.1
"India","uniform",6,40,"Enrolled",73.64
"India","uniform",6,40,"Tested",986.52
"India","uniform",6,41,"Enrolled",75.36
"India","uniform",6,41,"Tested",1060.68
"India","uniform",6,42,"Enrolled",66.12
"India","uniform",6,42,"Tested",920.72
"India","uniform",6,43,"Enrolled",78.98
"India","uniform",6,43,"Tested",1109.22
"India","uniform",6,44,"Enrolled",62.58
"India","uniform",6,44,"Tested",871.5
"India","uniform",6,45,"Enrolled",59.92
"India","uniform",6,45,"Tested",851.34
"India","uniform",6,46,"Enrolled",58.56
"India","uniform",6,46,"Tested",830.6
"India","uniform",6,47,"Enrolled",66.12
"India","uniform",6,47,"Tested",922.22
"India","uniform",6,48,"Enrolled",72.78
"India","uniform",6,48,"Tested",987.38
"India","uniform",6,49,"Enrolled",70.16
"India","uniform",6,49,"Tested",938.62
"India","uniform",6,50,"Enrolled",49.28
"India","uniform",6,50,"Tested",679.92
"India","uniform",6,51,"Enrolled",60.34
"India","uniform",6,51,"Tested",857.24
"India","uniform",6,52,"Enrolled",58.54
"India","uniform",6,52,"Tested",816.2
"India","uniform",6,53,"Enrolled",62.82
"India","uniform",6,53,"Tested",859.5
"India","uniform",6,54,"Enrolled",67.06
"India","uniform",6,54,"Tested",902.46
"India","uniform",6,55,"Enrolled",90.4
"India","uniform",6,55,"Tested",1229.28
"India","uniform",6,56,"Enrolled",67.14
"India","uniform",6,56,"Tested",934.42
"India","uniform",6,57,"Enrolled",72.1
"India","uniform",6,57,"Tested",1025.02
"India","uniform",6,58,"Enrolled",75.46
"India","uniform",6,58,"Tested",1044.14
"India","uniform",6,59,"Enrolled",76.14
"India","uniform",6,59,"Tested",1034.38
"India","uniform",6,60,"Enrolled",70.02
"India","uniform",6,60,"Tested",977.88
"India","uniform",6,61,"Enrolled",69.12
"India","uniform",6,61,"Tested",942.28
"India","uniform",6,62,"Enrolled",75.5
"India","uniform",6,62,"Tested",1056.4
"India","uniform",6,63,"Enrolled",53.58
"India","uniform",6,63,"Tested",723.24
"India","uniform",6,64,"Enrolled",67.16
"India","uniform",6,64,"Tested",941.16
"India","uniform",6,65,"Enrolled",60.28
"India","uniform",6,65,"Tested",816.78
"India","uniform",6,66,"Enrolled",67.28
"India","uniform",6,66,"Tested",921.62
"India","uniform",6,67,"Enrolled",78.78
"India","uniform",6,67,"Tested",1108.62
"India","uniform",6,68,"Enrolled",67.22
"India","uniform",6,68,"Tested",912.32
"India","uniform",6,69,"Enrolled",67.48
"India","uniform",6,69,"Tested",919.88
"India","uniform",6,70,"Enrolled",64.76
"India","uniform",6,70,"Tested",891.94
"India","uniform",6,71,"Enrolled",68.88
"India","uniform",6,71,"Tested",940.6
"India","uniform",6,72,"Enrolled",74.66
"India","uniform",6,72,"Tested",1015.5
"India","uniform",6,73,"Enrolled",57.18
"India","uniform",6,73,"Tested",782.86
"India","uniform",6,74,"Enrolled",68.56
"India","uniform",6,74,"Tested",919.24
"India","uniform",6,75,"Enrolled",54.7
"India","uniform",6,75,"Tested",748.12
"India","uniform",6,76,"Enrolled",56.38
"India","uniform",6,76,"Tested",770.12
"India","uniform",6,77,"Enrolled",76.36
"India","uniform",6,77,"Tested",1061.64
"India","uniform",6,78,"Enrolled",77.04
"India","uniform",6,78,"Tested",1068.92
"India","uniform",6,79,"Enrolled",74.58
"India","uniform",6,79,"Tested",1007.94
"India","uniform",6,80,"Enrolled",60.5
"India","uniform",6,80,"Tested",841.04
"India","uniform",6,81,"Enrolled",75.84
"India","uniform",6,81,"Tested",1048.2
"India","uniform",6,82,"Enrolled",71.54
"India","uniform",6,82,"Tested",971
"India","uniform",6,83,"Enrolled",63.34
"India","uniform",6,83,"Tested",869.58
"India","uniform",6,84,"Enrolled",59.14
"India","uniform",6,84,"Tested",811.4
"India","uniform",6,85,"Enrolled",59.16
"India","uniform",6,85,"Tested",806.58
"India","uniform",6,86,"Enrolled",60.52
"India","uniform",6,86,"Tested",861.98
"India","uniform",6,87,"Enrolled",52.12
"India","uniform",6,87,"Tested",729.42
"India","uniform",6,88,"Enrolled",69
"India","uniform",6,88,"Tested",952.22
"India","uniform",6,89,"Enrolled",72.72
"India","uniform",6,89,"Tested",991.94
"India","uniform",6,90,"Enrolled",68.12
"India","uniform",6,90,"Tested",929.68
"India","uniform",6,91,"Enrolled",63.34
"India","uniform",6,91,"Tested",882.2
"India","uniform",6,92,"Enrolled",61.4
"India","uniform",6,92,"Tested",830.56
"India","uniform",6,93,"Enrolled",47.76
"India","uniform",6,93,"Tested",663.18
"India","uniform",6,94,"Enrolled",73.82
"India","uniform",6,94,"Tested",1006.64
"India","uniform",6,95,"Enrolled",67.08
"India","uniform",6,95,"Tested",926.12
"India","uniform",6,96,"Enrolled",60.86
"India","uniform",6,96,"Tested",826.78
"India","uniform",6,97,"Enrolled",72.44
"India","uniform",6,97,"Tested",990.14
"India","uniform",6,98,"Enrolled",65.64
"India","uniform",6,98,"Tested",893.72
"India","uniform",6,99,"Enrolled",52.48
"India","uniform",6,99,"Tested",730.78
"India","uniform",6,100,"Enrolled",79.96
"India","uniform",6,100,"Tested",1091.84
"India","uniform",7,1,"Enrolled",76.18
"India","uniform",7,1,"Tested",917.6
"India","uniform",7,2,"Enrolled",76.84
"India","uniform",7,2,"Tested",887.12
"India","uniform",7,3,"Enrolled",82.48
"India","uniform",7,3,"Tested",987.8
"India","uniform",7,4,"Enrolled",67.5
"India","uniform",7,4,"Tested",793.72
"India","uniform",7,5,"Enrolled",73.14
"India","uniform",7,5,"Tested",858.08
"India","uniform",7,6,"Enrolled",54.44
"India","uniform",7,6,"Tested",628.7
"India","uniform",7,7,"Enrolled",58.78
"India","uniform",7,7,"Tested",694.72
"India","uniform",7,8,"Enrolled",73.3
"India","uniform",7,8,"Tested",832.78
"India","uniform",7,9,"Enrolled",69.44
"India","uniform",7,9,"Tested",817.9
"India","uniform",7,10,"Enrolled",52.66
"India","uniform",7,10,"Tested",596.94
"India","uniform",7,11,"Enrolled",67.72
"India","uniform",7,11,"Tested",811.16
"India","uniform",7,12,"Enrolled",84.94
"India","uniform",7,12,"Tested",994.26
"India","uniform",7,13,"Enrolled",76.2
"India","uniform",7,13,"Tested",914.72
"India","uniform",7,14,"Enrolled",66.6
"India","uniform",7,14,"Tested",773.44
"India","uniform",7,15,"Enrolled",69.86
"India","uniform",7,15,"Tested",826.44
"India","uniform",7,16,"Enrolled",71.32
"India","uniform",7,16,"Tested",845.9
"India","uniform",7,17,"Enrolled",64.32
"India","uniform",7,17,"Tested",771.9
"India","uniform",7,18,"Enrolled",80.1
"India","uniform",7,18,"Tested",948.54
"India","uniform",7,19,"Enrolled",50.68
"India","uniform",7,19,"Tested",605.7
"India","uniform",7,20,"Enrolled",68.56
"India","uniform",7,20,"Tested",816.04
"India","uniform",7,21,"Enrolled",63.32
"India","uniform",7,21,"Tested",742.76
"India","uniform",7,22,"Enrolled",54.3
"India","uniform",7,22,"Tested",621.92
"India","uniform",7,23,"Enrolled",55.66
"India","uniform",7,23,"Tested",659.06
"India","uniform",7,24,"Enrolled",72.86
"India","uniform",7,24,"Tested",862.2
"India","uniform",7,25,"Enrolled",66.38
"India","uniform",7,25,"Tested",771.5
"India","uniform",7,26,"Enrolled",88.16
"India","uniform",7,26,"Tested",1029.54
"India","uniform",7,27,"Enrolled",70.46
"India","uniform",7,27,"Tested",843.1
"India","uniform",7,28,"Enrolled",93.98
"India","uniform",7,28,"Tested",1132.82
"India","uniform",7,29,"Enrolled",75.28
"India","uniform",7,29,"Tested",875.12
"India","uniform",7,30,"Enrolled",60.66
"India","uniform",7,30,"Tested",708.66
"India","uniform",7,31,"Enrolled",78.26
"India","uniform",7,31,"Tested",944.3
"India","uniform",7,32,"Enrolled",69.38
"India","uniform",7,32,"Tested",822.32
"India","uniform",7,33,"Enrolled",90.28
"India","uniform",7,33,"Tested",1078.62
"India","uniform",7,34,"Enrolled",76.8
"India","uniform",7,34,"Tested",904.8
"India","uniform",7,35,"Enrolled",65.32
"India","uniform",7,35,"Tested",750.44
"India","uniform",7,36,"Enrolled",64.24
"India","uniform",7,36,"Tested",773.78
"India","uniform",7,37,"Enrolled",79.92
"India","uniform",7,37,"Tested",955.46
"India","uniform",7,38,"Enrolled",78.5
"India","uniform",7,38,"Tested",949.84
"India","uniform",7,39,"Enrolled",66.6
"India","uniform",7,39,"Tested",788.82
"India","uniform",7,40,"Enrolled",76.7
"India","uniform",7,40,"Tested",910.66
"India","uniform",7,41,"Enrolled",80.16
"India","uniform",7,41,"Tested",950.22
"India","uniform",7,42,"Enrolled",81.88
"India","uniform",7,42,"Tested",958.52
"India","uniform",7,43,"Enrolled",82.62
"India","uniform",7,43,"Tested",977.08
"India","uniform",7,44,"Enrolled",63.14
"India","uniform",7,44,"Tested",756.12
"India","uniform",7,45,"Enrolled",54.7
"India","uniform",7,45,"Tested",634.94
"India","uniform",7,46,"Enrolled",97.2
"India","uniform",7,46,"Tested",1148.1
"India","uniform",7,47,"Enrolled",76.22
"India","uniform",7,47,"Tested",877.14
"India","uniform",7,48,"Enrolled",67.16
"India","uniform",7,48,"Tested",796.02
"India","uniform",7,49,"Enrolled",76.56
"India","uniform",7,49,"Tested",888.76
"India","uniform",7,50,"Enrolled",68.74
"India","uniform",7,50,"Tested",818.92
"India","uniform",7,51,"Enrolled",78.7
"India","uniform",7,51,"Tested",943.48
"India","uniform",7,52,"Enrolled",71.44
"India","uniform",7,52,"Tested",855.02
"India","uniform",7,53,"Enrolled",66.36
"India","uniform",7,53,"Tested",785.46
"India","uniform",7,54,"Enrolled",63.6
"India","uniform",7,54,"Tested",744.08
"India","uniform",7,55,"Enrolled",63.96
"India","uniform",7,55,"Tested",773.7
"India","uniform",7,56,"Enrolled",85.4
"India","uniform",7,56,"Tested",995.86
"India","uniform",7,57,"Enrolled",85.02
"India","uniform",7,57,"Tested",989.38
"India","uniform",7,58,"Enrolled",72.38
"India","uniform",7,58,"Tested",874.3
"India","uniform",7,59,"Enrolled",68.68
"India","uniform",7,59,"Tested",819.76
"India","uniform",7,60,"Enrolled",72.94
"India","uniform",7,60,"Tested",872.76
"India","uniform",7,61,"Enrolled",68.76
"India","uniform",7,61,"Tested",827.32
"India","uniform",7,62,"Enrolled",86.12
"India","uniform",7,62,"Tested",1002.9
"India","uniform",7,63,"Enrolled",59.98
"India","uniform",7,63,"Tested",717.86
"India","uniform",7,64,"Enrolled",94.2
"India","uniform",7,64,"Tested",1089.44
"India","uniform",7,65,"Enrolled",70.74
"India","uniform",7,65,"Tested",853.2
"India","uniform",7,66,"Enrolled",73.08
"India","uniform",7,66,"Tested",889.68
"India","uniform",7,67,"Enrolled",65.48
"India","uniform",7,67,"Tested",759.78
"India","uniform",7,68,"Enrolled",67.1
"India","uniform",7,68,"Tested",787.74
"India","uniform",7,69,"Enrolled",86.28
"India","uniform",7,69,"Tested",1011.04
"India","uniform",7,70,"Enrolled",69.88
"India","uniform",7,70,"Tested",794.42
"India","uniform",7,71,"Enrolled",77.04
"India","uniform",7,71,"Tested",893.78
"India","uniform",7,72,"Enrolled",63.72
"India","uniform",7,72,"Tested",755.94
"India","uniform",7,73,"Enrolled",87.32
"India","uniform",7,73,"Tested",1022.84
"India","uniform",7,74,"Enrolled",76.96
"India","uniform",7,74,"Tested",918.96
"India","uniform",7,75,"Enrolled",83.36
"India","uniform",7,75,"Tested",966.84
"India","uniform",7,76,"Enrolled",70.06
"India","uniform",7,76,"Tested",824.9
"India","uniform",7,77,"Enrolled",87.28
"India","uniform",7,77,"Tested",1066.78
"India","uniform",7,78,"Enrolled",74.54
"India","uniform",7,78,"Tested",870.42
"India","uniform",7,79,"Enrolled",66.26
"India","uniform",7,79,"Tested",797.92
"India","uniform",7,80,"Enrolled",67.86
"India","uniform",7,80,"Tested",800.64
"India","uniform",7,81,"Enrolled",70.6
"India","uniform",7,81,"Tested",838.52
"India","uniform",7,82,"Enrolled",64.72
"India","uniform",7,82,"Tested",768.4
"India","uniform",7,83,"Enrolled",78.08
"India","uniform",7,83,"Tested",907.08
"India","uniform",7,84,"Enrolled",96.5
"India","uniform",7,84,"Tested",1127.62
"India","uniform",7,85,"Enrolled",75.44
"India","uniform",7,85,"Tested",897
"India","uniform",7,86,"Enrolled",79.12
"India","uniform",7,86,"Tested",929.34
"India","uniform",7,87,"Enrolled",79.38
"India","uniform",7,87,"Tested",940.7
"India","uniform",7,88,"Enrolled",72.42
"India","uniform",7,88,"Tested",839.14
"India","uniform",7,89,"Enrolled",64.98
"India","uniform",7,89,"Tested",744.46
"India","uniform",7,90,"Enrolled",56.04
"India","uniform",7,90,"Tested",655.34
"India","uniform",7,91,"Enrolled",51.26
"India","uniform",7,91,"Tested",607.36
"India","uniform",7,92,"Enrolled",66.08
"India","uniform",7,92,"Tested",767.64
"India","uniform",7,93,"Enrolled",71.46
"India","uniform",7,93,"Tested",831.04
"India","uniform",7,94,"Enrolled",58.88
"India","uniform",7,94,"Tested",715.84
"India","uniform",7,95,"Enrolled",86.86
"India","uniform",7,95,"Tested",1048.32
"India","uniform",7,96,"Enrolled",71.3
"India","uniform",7,96,"Tested",818.74
"India","uniform",7,97,"Enrolled",78.78
"India","uniform",7,97,"Tested",941.62
"India","uniform",7,98,"Enrolled",77.34
"India","uniform",7,98,"Tested",910.4
"India","uniform",7,99,"Enrolled",79.4
"India","uniform",7,99,"Tested",934.26
"India","uniform",7,100,"Enrolled",77
"India","uniform",7,100,"Tested",948.44
"India","uniform",8,1,"Enrolled",72.3
"India","uniform",8,1,"Tested",746.46
"India","uniform",8,2,"Enrolled",89.2
"India","uniform",8,2,"Tested",918.2
"India","uniform",8,3,"Enrolled",80.02
"India","uniform",8,3,"Tested",819.32
"India","uniform",8,4,"Enrolled",72.64
"India","uniform",8,4,"Tested",732.88
"India","uniform",8,5,"Enrolled",75.14
"India","uniform",8,5,"Tested",791.5
"India","uniform",8,6,"Enrolled",80.44
"India","uniform",8,6,"Tested",829.74
"India","uniform",8,7,"Enrolled",93.86
"India","uniform",8,7,"Tested",968.18
"India","uniform",8,8,"Enrolled",87.56
"India","uniform",8,8,"Tested",917
"India","uniform",8,9,"Enrolled",68.64
"India","uniform",8,9,"Tested",715.8
"India","uniform",8,10,"Enrolled",64.56
"India","uniform",8,10,"Tested",663.44
"India","uniform",8,11,"Enrolled",61.04
"India","uniform",8,11,"Tested",629.58
"India","uniform",8,12,"Enrolled",87.94
"India","uniform",8,12,"Tested",925.92
"India","uniform",8,13,"Enrolled",76.24
"India","uniform",8,13,"Tested",784.06
"India","uniform",8,14,"Enrolled",79.1
"India","uniform",8,14,"Tested",807.16
"India","uniform",8,15,"Enrolled",76.08
"India","uniform",8,15,"Tested",769.82
"India","uniform",8,16,"Enrolled",78.04
"India","uniform",8,16,"Tested",782.02
"India","uniform",8,17,"Enrolled",63.98
"India","uniform",8,17,"Tested",657.14
"India","uniform",8,18,"Enrolled",63.92
"India","uniform",8,18,"Tested",663.9
"India","uniform",8,19,"Enrolled",84.18
"India","uniform",8,19,"Tested",876.46
"India","uniform",8,20,"Enrolled",69.44
"India","uniform",8,20,"Tested",719.36
"India","uniform",8,21,"Enrolled",78.7
"India","uniform",8,21,"Tested",789.12
"India","uniform",8,22,"Enrolled",74.08
"India","uniform",8,22,"Tested",777.8
"India","uniform",8,23,"Enrolled",86.78
"India","uniform",8,23,"Tested",866.38
"India","uniform",8,24,"Enrolled",83.54
"India","uniform",8,24,"Tested",859.82
"India","uniform",8,25,"Enrolled",80.98
"India","uniform",8,25,"Tested",835
"India","uniform",8,26,"Enrolled",60.88
"India","uniform",8,26,"Tested",626.62
"India","uniform",8,27,"Enrolled",74.62
"India","uniform",8,27,"Tested",774.52
"India","uniform",8,28,"Enrolled",80.78
"India","uniform",8,28,"Tested",842.52
"India","uniform",8,29,"Enrolled",98.96
"India","uniform",8,29,"Tested",1034.52
"India","uniform",8,30,"Enrolled",83.24
"India","uniform",8,30,"Tested",864.88
"India","uniform",8,31,"Enrolled",89.16
"India","uniform",8,31,"Tested",925.7
"India","uniform",8,32,"Enrolled",81.06
"India","uniform",8,32,"Tested",829.28
"India","uniform",8,33,"Enrolled",59.44
"India","uniform",8,33,"Tested",592.8
"India","uniform",8,34,"Enrolled",65.18
"India","uniform",8,34,"Tested",671.28
"India","uniform",8,35,"Enrolled",86.68
"India","uniform",8,35,"Tested",888.74
"India","uniform",8,36,"Enrolled",67.78
"India","uniform",8,36,"Tested",695.84
"India","uniform",8,37,"Enrolled",78.8
"India","uniform",8,37,"Tested",814.24
"India","uniform",8,38,"Enrolled",59.72
"India","uniform",8,38,"Tested",608.78
"India","uniform",8,39,"Enrolled",69.78
"India","uniform",8,39,"Tested",716.58
"India","uniform",8,40,"Enrolled",69.36
"India","uniform",8,40,"Tested",728.62
"India","uniform",8,41,"Enrolled",89.28
"India","uniform",8,41,"Tested",917.28
"India","uniform",8,42,"Enrolled",78.76
"India","uniform",8,42,"Tested",809.66
"India","uniform",8,43,"Enrolled",88.18
"India","uniform",8,43,"Tested",906.3
"India","uniform",8,44,"Enrolled",79.1
"India","uniform",8,44,"Tested",813.02
"India","uniform",8,45,"Enrolled",84.44
"India","uniform",8,45,"Tested",855.92
"India","uniform",8,46,"Enrolled",89.5
"India","uniform",8,46,"Tested",919.98
"India","uniform",8,47,"Enrolled",73.8
"India","uniform",8,47,"Tested",772.04
"India","uniform",8,48,"Enrolled",60.52
"India","uniform",8,48,"Tested",622.92
"India","uniform",8,49,"Enrolled",78.02
"India","uniform",8,49,"Tested",810.28
"India","uniform",8,50,"Enrolled",79.3
"India","uniform",8,50,"Tested",787.94
"India","uniform",8,51,"Enrolled",92.28
"India","uniform",8,51,"Tested",953.12
"India","uniform",8,52,"Enrolled",96.36
"India","uniform",8,52,"Tested",993.86
"India","uniform",8,53,"Enrolled",89.58
"India","uniform",8,53,"Tested",920.54
"India","uniform",8,54,"Enrolled",65.02
"India","uniform",8,54,"Tested",695.7
"India","uniform",8,55,"Enrolled",74
"India","uniform",8,55,"Tested",761.7
"India","uniform",8,56,"Enrolled",73.1
"India","uniform",8,56,"Tested",774.94
"India","uniform",8,57,"Enrolled",63.36
"India","uniform",8,57,"Tested",640.88
"India","uniform",8,58,"Enrolled",74.24
"India","uniform",8,58,"Tested",770.6
"India","uniform",8,59,"Enrolled",58.04
"India","uniform",8,59,"Tested",589.1
"India","uniform",8,60,"Enrolled",93.1
"India","uniform",8,60,"Tested",975.14
"India","uniform",8,61,"Enrolled",75.64
"India","uniform",8,61,"Tested",768.72
"India","uniform",8,62,"Enrolled",83.62
"India","uniform",8,62,"Tested",852.74
"India","uniform",8,63,"Enrolled",60.88
"India","uniform",8,63,"Tested",602.92
"India","uniform",8,64,"Enrolled",71.26
"India","uniform",8,64,"Tested",728.06
"India","uniform",8,65,"Enrolled",66.98
"India","uniform",8,65,"Tested",707.4
"India","uniform",8,66,"Enrolled",66.34
"India","uniform",8,66,"Tested",686.6
"India","uniform",8,67,"Enrolled",73.96
"India","uniform",8,67,"Tested",762.12
"India","uniform",8,68,"Enrolled",81.94
"India","uniform",8,68,"Tested",830.52
"India","uniform",8,69,"Enrolled",77.84
"India","uniform",8,69,"Tested",784.34
"India","uniform",8,70,"Enrolled",74.06
"India","uniform",8,70,"Tested",750.08
"India","uniform",8,71,"Enrolled",77.08
"India","uniform",8,71,"Tested",791.64
"India","uniform",8,72,"Enrolled",70.58
"India","uniform",8,72,"Tested",730.34
"India","uniform",8,73,"Enrolled",71.16
"India","uniform",8,73,"Tested",724.3
"India","uniform",8,74,"Enrolled",73.38
"India","uniform",8,74,"Tested",758.62
"India","uniform",8,75,"Enrolled",70.82
"India","uniform",8,75,"Tested",729.06
"India","uniform",8,76,"Enrolled",102.02
"India","uniform",8,76,"Tested",1046.48
"India","uniform",8,77,"Enrolled",67.8
"India","uniform",8,77,"Tested",712.18
"India","uniform",8,78,"Enrolled",80.36
"India","uniform",8,78,"Tested",813.72
"India","uniform",8,79,"Enrolled",79.24
"India","uniform",8,79,"Tested",803.78
"India","uniform",8,80,"Enrolled",70.86
"India","uniform",8,80,"Tested",750.78
"India","uniform",8,81,"Enrolled",62.84
"India","uniform",8,81,"Tested",630.72
"India","uniform",8,82,"Enrolled",78.58
"India","uniform",8,82,"Tested",823.26
"India","uniform",8,83,"Enrolled",83.24
"India","uniform",8,83,"Tested",885.14
"India","uniform",8,84,"Enrolled",80.12
"India","uniform",8,84,"Tested",830.58
"India","uniform",8,85,"Enrolled",84.74
"India","uniform",8,85,"Tested",883.86
"India","uniform",8,86,"Enrolled",94.64
"India","uniform",8,86,"Tested",982.06
"India","uniform",8,87,"Enrolled",89
"India","uniform",8,87,"Tested",910.9
"India","uniform",8,88,"Enrolled",72.22
"India","uniform",8,88,"Tested",753.66
"India","uniform",8,89,"Enrolled",88.78
"India","uniform",8,89,"Tested",935.28
"India","uniform",8,90,"Enrolled",88.38
"India","uniform",8,90,"Tested",920.84
"India","uniform",8,91,"Enrolled",67.18
"India","uniform",8,91,"Tested",700.84
"India","uniform",8,92,"Enrolled",72.56
"India","uniform",8,92,"Tested",749.94
"India","uniform",8,93,"Enrolled",70.98
"India","uniform",8,93,"Tested",732.36
"India","uniform",8,94,"Enrolled",76.18
"India","uniform",8,94,"Tested",796.8
"India","uniform",8,95,"Enrolled",69.8
"India","uniform",8,95,"Tested",734.96
"India","uniform",8,96,"Enrolled",61.38
"India","uniform",8,96,"Tested",630.14
"India","uniform",8,97,"Enrolled",73.84
"India","uniform",8,97,"Tested",758.66
"India","uniform",8,98,"Enrolled",96.64
"India","uniform",8,98,"Tested",995.36
"India","uniform",8,99,"Enrolled",73.96
"India","uniform",8,99,"Tested",768.84
"India","uniform",8,100,"Enrolled",75.14
"India","uniform",8,100,"Tested",776.24
"India","uniform",9,1,"Enrolled",81.34
"India","uniform",9,1,"Tested",750.66
"India","uniform",9,2,"Enrolled",66.04
"India","uniform",9,2,"Tested",615.8
"India","uniform",9,3,"Enrolled",100.1
"India","uniform",9,3,"Tested",901.56
"India","uniform",9,4,"Enrolled",71.76
"India","uniform",9,4,"Tested",660.3
"India","uniform",9,5,"Enrolled",63.7
"India","uniform",9,5,"Tested",584.72
"India","uniform",9,6,"Enrolled",77.18
"India","uniform",9,6,"Tested",713.82
"India","uniform",9,7,"Enrolled",68.7
"India","uniform",9,7,"Tested",626.54
"India","uniform",9,8,"Enrolled",103.38
"India","uniform",9,8,"Tested",932.84
"India","uniform",9,9,"Enrolled",72
"India","uniform",9,9,"Tested",654.14
"India","uniform",9,10,"Enrolled",94.88
"India","uniform",9,10,"Tested",872.84
"India","uniform",9,11,"Enrolled",84.72
"India","uniform",9,11,"Tested",781.4
"India","uniform",9,12,"Enrolled",70.74
"India","uniform",9,12,"Tested",644.16
"India","uniform",9,13,"Enrolled",66.78
"India","uniform",9,13,"Tested",622.86
"India","uniform",9,14,"Enrolled",84.14
"India","uniform",9,14,"Tested",765.38
"India","uniform",9,15,"Enrolled",94.42
"India","uniform",9,15,"Tested",855.04
"India","uniform",9,16,"Enrolled",74.92
"India","uniform",9,16,"Tested",683.2
"India","uniform",9,17,"Enrolled",85.16
"India","uniform",9,17,"Tested",764.08
"India","uniform",9,18,"Enrolled",81.36
"India","uniform",9,18,"Tested",756.9
"India","uniform",9,19,"Enrolled",76.54
"India","uniform",9,19,"Tested",694.94
"India","uniform",9,20,"Enrolled",99.4
"India","uniform",9,20,"Tested",883.36
"India","uniform",9,21,"Enrolled",72.62
"India","uniform",9,21,"Tested",657.12
"India","uniform",9,22,"Enrolled",86.4
"India","uniform",9,22,"Tested",803.7
"India","uniform",9,23,"Enrolled",77.46
"India","uniform",9,23,"Tested",711.58
"India","uniform",9,24,"Enrolled",89.74
"India","uniform",9,24,"Tested",822.14
"India","uniform",9,25,"Enrolled",87.06
"India","uniform",9,25,"Tested",804.88
"India","uniform",9,26,"Enrolled",84.98
"India","uniform",9,26,"Tested",796.4
"India","uniform",9,27,"Enrolled",92.28
"India","uniform",9,27,"Tested",849.72
"India","uniform",9,28,"Enrolled",71.62
"India","uniform",9,28,"Tested",649.14
"India","uniform",9,29,"Enrolled",58.74
"India","uniform",9,29,"Tested",543.98
"India","uniform",9,30,"Enrolled",89.64
"India","uniform",9,30,"Tested",817.18
"India","uniform",9,31,"Enrolled",62.42
"India","uniform",9,31,"Tested",553.84
"India","uniform",9,32,"Enrolled",90.66
"India","uniform",9,32,"Tested",807.04
"India","uniform",9,33,"Enrolled",61.36
"India","uniform",9,33,"Tested",551.54
"India","uniform",9,34,"Enrolled",77.7
"India","uniform",9,34,"Tested",725.74
"India","uniform",9,35,"Enrolled",69.36
"India","uniform",9,35,"Tested",630.58
"India","uniform",9,36,"Enrolled",86.76
"India","uniform",9,36,"Tested",806.96
"India","uniform",9,37,"Enrolled",71.22
"India","uniform",9,37,"Tested",641.86
"India","uniform",9,38,"Enrolled",86.64
"India","uniform",9,38,"Tested",792.74
"India","uniform",9,39,"Enrolled",81.64
"India","uniform",9,39,"Tested",780.86
"India","uniform",9,40,"Enrolled",83.3
"India","uniform",9,40,"Tested",758.62
"India","uniform",9,41,"Enrolled",81.08
"India","uniform",9,41,"Tested",758
"India","uniform",9,42,"Enrolled",68.62
"India","uniform",9,42,"Tested",625.16
"India","uniform",9,43,"Enrolled",84.74
"India","uniform",9,43,"Tested",787.52
"India","uniform",9,44,"Enrolled",77.02
"India","uniform",9,44,"Tested",714.26
"India","uniform",9,45,"Enrolled",63.04
"India","uniform",9,45,"Tested",575.64
"India","uniform",9,46,"Enrolled",72.2
"India","uniform",9,46,"Tested",655.24
"India","uniform",9,47,"Enrolled",79.02
"India","uniform",9,47,"Tested",720.42
"India","uniform",9,48,"Enrolled",66.4
"India","uniform",9,48,"Tested",619.22
"India","uniform",9,49,"Enrolled",76.94
"India","uniform",9,49,"Tested",710.7
"India","uniform",9,50,"Enrolled",87.7
"India","uniform",9,50,"Tested",814.22
"India","uniform",9,51,"Enrolled",89.04
"India","uniform",9,51,"Tested",792.12
"India","uniform",9,52,"Enrolled",81.84
"India","uniform",9,52,"Tested",757.08
"India","uniform",9,53,"Enrolled",71.94
"India","uniform",9,53,"Tested",672.32
"India","uniform",9,54,"Enrolled",77.82
"India","uniform",9,54,"Tested",694.42
"India","uniform",9,55,"Enrolled",73.24
"India","uniform",9,55,"Tested",652.68
"India","uniform",9,56,"Enrolled",79.06
"India","uniform",9,56,"Tested",719.18
"India","uniform",9,57,"Enrolled",60.56
"India","uniform",9,57,"Tested",543.1
"India","uniform",9,58,"Enrolled",76.68
"India","uniform",9,58,"Tested",691.44
"India","uniform",9,59,"Enrolled",91.12
"India","uniform",9,59,"Tested",839.78
"India","uniform",9,60,"Enrolled",78.96
"India","uniform",9,60,"Tested",738.32
"India","uniform",9,61,"Enrolled",82.82
"India","uniform",9,61,"Tested",762.3
"India","uniform",9,62,"Enrolled",83.56
"India","uniform",9,62,"Tested",768.66
"India","uniform",9,63,"Enrolled",68.5
"India","uniform",9,63,"Tested",623.62
"India","uniform",9,64,"Enrolled",75.46
"India","uniform",9,64,"Tested",709.82
"India","uniform",9,65,"Enrolled",79.28
"India","uniform",9,65,"Tested",730.9
"India","uniform",9,66,"Enrolled",87.82
"India","uniform",9,66,"Tested",797.12
"India","uniform",9,67,"Enrolled",69.66
"India","uniform",9,67,"Tested",644.5
"India","uniform",9,68,"Enrolled",72.28
"India","uniform",9,68,"Tested",660.24
"India","uniform",9,69,"Enrolled",81.48
"India","uniform",9,69,"Tested",737.28
"India","uniform",9,70,"Enrolled",63.44
"India","uniform",9,70,"Tested",575.08
"India","uniform",9,71,"Enrolled",73.6
"India","uniform",9,71,"Tested",649.7
"India","uniform",9,72,"Enrolled",72.9
"India","uniform",9,72,"Tested",658.7
"India","uniform",9,73,"Enrolled",72.6
"India","uniform",9,73,"Tested",659.66
"India","uniform",9,74,"Enrolled",91.4
"India","uniform",9,74,"Tested",841.5
"India","uniform",9,75,"Enrolled",83.14
"India","uniform",9,75,"Tested",768.22
"India","uniform",9,76,"Enrolled",67.18
"India","uniform",9,76,"Tested",617.56
"India","uniform",9,77,"Enrolled",76.2
"India","uniform",9,77,"Tested",681.68
"India","uniform",9,78,"Enrolled",69.06
"India","uniform",9,78,"Tested",632.34
"India","uniform",9,79,"Enrolled",71.04
"India","uniform",9,79,"Tested",647.32
"India","uniform",9,80,"Enrolled",61
"India","uniform",9,80,"Tested",551.88
"India","uniform",9,81,"Enrolled",76.8
"India","uniform",9,81,"Tested",671.4
"India","uniform",9,82,"Enrolled",65.36
"India","uniform",9,82,"Tested",604.5
"India","uniform",9,83,"Enrolled",70.76
"India","uniform",9,83,"Tested",651.2
"India","uniform",9,84,"Enrolled",65.32
"India","uniform",9,84,"Tested",601.88
"India","uniform",9,85,"Enrolled",88.3
"India","uniform",9,85,"Tested",809.14
"India","uniform",9,86,"Enrolled",77.52
"India","uniform",9,86,"Tested",684.24
"India","uniform",9,87,"Enrolled",88.62
"India","uniform",9,87,"Tested",811.52
"India","uniform",9,88,"Enrolled",78.88
"India","uniform",9,88,"Tested",736.04
"India","uniform",9,89,"Enrolled",67.92
"India","uniform",9,89,"Tested",608.1
"India","uniform",9,90,"Enrolled",63.06
"India","uniform",9,90,"Tested",561.68
"India","uniform",9,91,"Enrolled",71.46
"India","uniform",9,91,"Tested",638.74
"India","uniform",9,92,"Enrolled",81.9
"India","uniform",9,92,"Tested",747.26
"India","uniform",9,93,"Enrolled",92.74
"India","uniform",9,93,"Tested",863.5
"India","uniform",9,94,"Enrolled",91.18
"India","uniform",9,94,"Tested",839.12
"India","uniform",9,95,"Enrolled",72.58
"India","uniform",9,95,"Tested",650.12
"India","uniform",9,96,"Enrolled",87.96
"India","uniform",9,96,"Tested",803.18
"India","uniform",9,97,"Enrolled",94.78
"India","uniform",9,97,"Tested",870.16
"India","uniform",9,98,"Enrolled",83.08
"India","uniform",9,98,"Tested",773.18
"India","uniform",9,99,"Enrolled",71.28
"India","uniform",9,99,"Tested",662.38
"India","uniform",9,100,"Enrolled",89.78
"India","uniform",9,100,"Tested",838.66
"India","uniform",10,1,"Enrolled",74.2
"India","uniform",10,1,"Tested",619.04
"India","uniform",10,2,"Enrolled",85.52
"India","uniform",10,2,"Tested",714.62
"India","uniform",10,3,"Enrolled",76.02
"India","uniform",10,3,"Tested",626.78
"India","uniform",10,4,"Enrolled",74.68
"India","uniform",10,4,"Tested",604.32
"India","uniform",10,5,"Enrolled",94.74
"India","uniform",10,5,"Tested",772.52
"India","uniform",10,6,"Enrolled",75.5
"India","uniform",10,6,"Tested",626.28
"India","uniform",10,7,"Enrolled",71.92
"India","uniform",10,7,"Tested",589.88
"India","uniform",10,8,"Enrolled",88.92
"India","uniform",10,8,"Tested",732.26
"India","uniform",10,9,"Enrolled",71.26
"India","uniform",10,9,"Tested",599.34
"India","uniform",10,10,"Enrolled",88.94
"India","uniform",10,10,"Tested",714.76
"India","uniform",10,11,"Enrolled",69.12
"India","uniform",10,11,"Tested",560.8
"India","uniform",10,12,"Enrolled",92.72
"India","uniform",10,12,"Tested",776.16
"India","uniform",10,13,"Enrolled",96.92
"India","uniform",10,13,"Tested",799.44
"India","uniform",10,14,"Enrolled",79.28
"India","uniform",10,14,"Tested",648.7
"India","uniform",10,15,"Enrolled",70.44
"India","uniform",10,15,"Tested",574.38
"India","uniform",10,16,"Enrolled",86.32
"India","uniform",10,16,"Tested",703.68
"India","uniform",10,17,"Enrolled",90.58
"India","uniform",10,17,"Tested",739.36
"India","uniform",10,18,"Enrolled",67.42
"India","uniform",10,18,"Tested",557.34
"India","uniform",10,19,"Enrolled",81.74
"India","uniform",10,19,"Tested",680.4
"India","uniform",10,20,"Enrolled",78.04
"India","uniform",10,20,"Tested",647.38
"India","uniform",10,21,"Enrolled",70.48
"India","uniform",10,21,"Tested",582.82
"India","uniform",10,22,"Enrolled",78.56
"India","uniform",10,22,"Tested",637.82
"India","uniform",10,23,"Enrolled",88.56
"India","uniform",10,23,"Tested",731.96
"India","uniform",10,24,"Enrolled",82.14
"India","uniform",10,24,"Tested",668.4
"India","uniform",10,25,"Enrolled",51.54
"India","uniform",10,25,"Tested",427.96
"India","uniform",10,26,"Enrolled",79.72
"India","uniform",10,26,"Tested",664.42
"India","uniform",10,27,"Enrolled",74.7
"India","uniform",10,27,"Tested",627.14
"India","uniform",10,28,"Enrolled",79.58
"India","uniform",10,28,"Tested",637.32
"India","uniform",10,29,"Enrolled",82.72
"India","uniform",10,29,"Tested",683.92
"India","uniform",10,30,"Enrolled",67.58
"India","uniform",10,30,"Tested",565.68
"India","uniform",10,31,"Enrolled",103.1
"India","uniform",10,31,"Tested",847.74
"India","uniform",10,32,"Enrolled",63.76
"India","uniform",10,32,"Tested",532.28
"India","uniform",10,33,"Enrolled",72.52
"India","uniform",10,33,"Tested",597.66
"India","uniform",10,34,"Enrolled",93.14
"India","uniform",10,34,"Tested",758.14
"India","uniform",10,35,"Enrolled",77.96
"India","uniform",10,35,"Tested",627.66
"India","uniform",10,36,"Enrolled",81.74
"India","uniform",10,36,"Tested",697
"India","uniform",10,37,"Enrolled",72.66
"India","uniform",10,37,"Tested",603.64
"India","uniform",10,38,"Enrolled",61.36
"India","uniform",10,38,"Tested",497.64
"India","uniform",10,39,"Enrolled",83.1
"India","uniform",10,39,"Tested",689.1
"India","uniform",10,40,"Enrolled",90.56
"India","uniform",10,40,"Tested",733.6
"India","uniform",10,41,"Enrolled",58.24
"India","uniform",10,41,"Tested",477.2
"India","uniform",10,42,"Enrolled",86.92
"India","uniform",10,42,"Tested",704.38
"India","uniform",10,43,"Enrolled",88.54
"India","uniform",10,43,"Tested",722.26
"India","uniform",10,44,"Enrolled",72.8
"India","uniform",10,44,"Tested",590.84
"India","uniform",10,45,"Enrolled",68.26
"India","uniform",10,45,"Tested",547.74
"India","uniform",10,46,"Enrolled",79.24
"India","uniform",10,46,"Tested",650.86
"India","uniform",10,47,"Enrolled",61.44
"India","uniform",10,47,"Tested",505.56
"India","uniform",10,48,"Enrolled",94.82
"India","uniform",10,48,"Tested",773.82
"India","uniform",10,49,"Enrolled",98.4
"India","uniform",10,49,"Tested",812.44
"India","uniform",10,50,"Enrolled",74.5
"India","uniform",10,50,"Tested",620.86
"India","uniform",10,51,"Enrolled",85.3
"India","uniform",10,51,"Tested",698.22
"India","uniform",10,52,"Enrolled",70.24
"India","uniform",10,52,"Tested",588.1
"India","uniform",10,53,"Enrolled",69.46
"India","uniform",10,53,"Tested",563.28
"India","uniform",10,54,"Enrolled",102.08
"India","uniform",10,54,"Tested",855
"India","uniform",10,55,"Enrolled",84.2
"India","uniform",10,55,"Tested",681.44
"India","uniform",10,56,"Enrolled",67.12
"India","uniform",10,56,"Tested",568.52
"India","uniform",10,57,"Enrolled",76.66
"India","uniform",10,57,"Tested",618.82
"India","uniform",10,58,"Enrolled",67.86
"India","uniform",10,58,"Tested",554.68
"India","uniform",10,59,"Enrolled",64.76
"India","uniform",10,59,"Tested",537.22
"India","uniform",10,60,"Enrolled",65.76
"India","uniform",10,60,"Tested",546.26
"India","uniform",10,61,"Enrolled",105.68
"India","uniform",10,61,"Tested",842.76
"India","uniform",10,62,"Enrolled",75.86
"India","uniform",10,62,"Tested",627.52
"India","uniform",10,63,"Enrolled",71.24
"India","uniform",10,63,"Tested",594.28
"India","uniform",10,64,"Enrolled",97.68
"India","uniform",10,64,"Tested",813.04
"India","uniform",10,65,"Enrolled",75.06
"India","uniform",10,65,"Tested",627.32
"India","uniform",10,66,"Enrolled",89.86
"India","uniform",10,66,"Tested",742.44
"India","uniform",10,67,"Enrolled",87.44
"India","uniform",10,67,"Tested",725.44
"India","uniform",10,68,"Enrolled",88.32
"India","uniform",10,68,"Tested",758.58
"India","uniform",10,69,"Enrolled",83.36
"India","uniform",10,69,"Tested",667.14
"India","uniform",10,70,"Enrolled",77.46
"India","uniform",10,70,"Tested",658.38
"India","uniform",10,71,"Enrolled",74.96
"India","uniform",10,71,"Tested",614.22
"India","uniform",10,72,"Enrolled",89.1
"India","uniform",10,72,"Tested",753.34
"India","uniform",10,73,"Enrolled",89.2
"India","uniform",10,73,"Tested",728.34
"India","uniform",10,74,"Enrolled",76.82
"India","uniform",10,74,"Tested",634.9
"India","uniform",10,75,"Enrolled",78.78
"India","uniform",10,75,"Tested",655.94
"India","uniform",10,76,"Enrolled",93.12
"India","uniform",10,76,"Tested",765
"India","uniform",10,77,"Enrolled",80.72
"India","uniform",10,77,"Tested",666.4
"India","uniform",10,78,"Enrolled",75.94
"India","uniform",10,78,"Tested",623.3
"India","uniform",10,79,"Enrolled",81.34
"India","uniform",10,79,"Tested",659.74
"India","uniform",10,80,"Enrolled",52.12
"India","uniform",10,80,"Tested",432.08
"India","uniform",10,81,"Enrolled",83.26
"India","uniform",10,81,"Tested",682.82
"India","uniform",10,82,"Enrolled",77.52
"India","uniform",10,82,"Tested",641.14
"India","uniform",10,83,"Enrolled",59.14
"India","uniform",10,83,"Tested",480.36
"India","uniform",10,84,"Enrolled",76.34
"India","uniform",10,84,"Tested",625.5
"India","uniform",10,85,"Enrolled",65.66
"India","uniform",10,85,"Tested",527.94
"India","uniform",10,86,"Enrolled",69.9
"India","uniform",10,86,"Tested",590.9
"India","uniform",10,87,"Enrolled",87.88
"India","uniform",10,87,"Tested",713.92
"India","uniform",10,88,"Enrolled",77.46
"India","uniform",10,88,"Tested",647.5
"India","uniform",10,89,"Enrolled",76.92
"India","uniform",10,89,"Tested",641.56
"India","uniform",10,90,"Enrolled",69.72
"India","uniform",10,90,"Tested",575.06
"India","uniform",10,91,"Enrolled",90.58
"India","uniform",10,91,"Tested",735.28
"India","uniform",10,92,"Enrolled",85.9
"India","uniform",10,92,"Tested",706.94
"India","uniform",10,93,"Enrolled",92.88
"India","uniform",10,93,"Tested",751.84
"India","uniform",10,94,"Enrolled",68.44
"India","uniform",10,94,"Tested",574.3
"India","uniform",10,95,"Enrolled",96.02
"India","uniform",10,95,"Tested",773.26
"India","uniform",10,96,"Enrolled",73.94
"India","uniform",10,96,"Tested",612.82
"India","uniform",10,97,"Enrolled",90.54
"India","uniform",10,97,"Tested",728.8
"India","uniform",10,98,"Enrolled",72.9
"India","uniform",10,98,"Tested",605.12
"India","uniform",10,99,"Enrolled",91.36
"India","uniform",10,99,"Tested",763.82
"India","uniform",10,100,"Enrolled",92.66
"India","uniform",10,100,"Tested",762.84
"India","uniform",15,1,"Enrolled",110.3
"India","uniform",15,1,"Tested",594.2
"India","uniform",15,2,"Enrolled",92.08
"India","uniform",15,2,"Tested",509.84
"India","uniform",15,3,"Enrolled",80.54
"India","uniform",15,3,"Tested",438.84
"India","uniform",15,4,"Enrolled",82.94
"India","uniform",15,4,"Tested",439.32
"India","uniform",15,5,"Enrolled",78.44
"India","uniform",15,5,"Tested",430.88
"India","uniform",15,6,"Enrolled",91.36
"India","uniform",15,6,"Tested",513.54
"India","uniform",15,7,"Enrolled",69.76
"India","uniform",15,7,"Tested",385.26
"India","uniform",15,8,"Enrolled",84.72
"India","uniform",15,8,"Tested",466.4
"India","uniform",15,9,"Enrolled",95.46
"India","uniform",15,9,"Tested",531.6
"India","uniform",15,10,"Enrolled",109.54
"India","uniform",15,10,"Tested",609.2
"India","uniform",15,11,"Enrolled",104.26
"India","uniform",15,11,"Tested",576.62
"India","uniform",15,12,"Enrolled",79.2
"India","uniform",15,12,"Tested",428.68
"India","uniform",15,13,"Enrolled",90.34
"India","uniform",15,13,"Tested",486.52
"India","uniform",15,14,"Enrolled",83.86
"India","uniform",15,14,"Tested",461.4
"India","uniform",15,15,"Enrolled",111.82
"India","uniform",15,15,"Tested",617.76
"India","uniform",15,16,"Enrolled",83.36
"India","uniform",15,16,"Tested",458.66
"India","uniform",15,17,"Enrolled",90.96
"India","uniform",15,17,"Tested",502.18
"India","uniform",15,18,"Enrolled",87.52
"India","uniform",15,18,"Tested",483.8
"India","uniform",15,19,"Enrolled",77.74
"India","uniform",15,19,"Tested",429.12
"India","uniform",15,20,"Enrolled",92.1
"India","uniform",15,20,"Tested",507.16
"India","uniform",15,21,"Enrolled",96.98
"India","uniform",15,21,"Tested",544.72
"India","uniform",15,22,"Enrolled",79.36
"India","uniform",15,22,"Tested",438.02
"India","uniform",15,23,"Enrolled",128.2
"India","uniform",15,23,"Tested",710.02
"India","uniform",15,24,"Enrolled",98.14
"India","uniform",15,24,"Tested",539.38
"India","uniform",15,25,"Enrolled",75.1
"India","uniform",15,25,"Tested",415.04
"India","uniform",15,26,"Enrolled",97.56
"India","uniform",15,26,"Tested",530.52
"India","uniform",15,27,"Enrolled",82.32
"India","uniform",15,27,"Tested",458.08
"India","uniform",15,28,"Enrolled",92.14
"India","uniform",15,28,"Tested",506.12
"India","uniform",15,29,"Enrolled",93.84
"India","uniform",15,29,"Tested",515.56
"India","uniform",15,30,"Enrolled",113.16
"India","uniform",15,30,"Tested",617.8
"India","uniform",15,31,"Enrolled",91.52
"India","uniform",15,31,"Tested",502.16
"India","uniform",15,32,"Enrolled",99.66
"India","uniform",15,32,"Tested",548.08
"India","uniform",15,33,"Enrolled",83.48
"India","uniform",15,33,"Tested",459.02
"India","uniform",15,34,"Enrolled",104.84
"India","uniform",15,34,"Tested",582.26
"India","uniform",15,35,"Enrolled",90.62
"India","uniform",15,35,"Tested",485.42
"India","uniform",15,36,"Enrolled",69.6
"India","uniform",15,36,"Tested",381.64
"India","uniform",15,37,"Enrolled",89.76
"India","uniform",15,37,"Tested",494.7
"India","uniform",15,38,"Enrolled",97.88
"India","uniform",15,38,"Tested",523.32
"India","uniform",15,39,"Enrolled",103.14
"India","uniform",15,39,"Tested",576.68
"India","uniform",15,40,"Enrolled",99.12
"India","uniform",15,40,"Tested",550.38
"India","uniform",15,41,"Enrolled",106.04
"India","uniform",15,41,"Tested",579.98
"India","uniform",15,42,"Enrolled",93.16
"India","uniform",15,42,"Tested",516.3
"India","uniform",15,43,"Enrolled",92.9
"India","uniform",15,43,"Tested",519.96
"India","uniform",15,44,"Enrolled",133.2
"India","uniform",15,44,"Tested",716.06
"India","uniform",15,45,"Enrolled",78.4
"India","uniform",15,45,"Tested",425.56
"India","uniform",15,46,"Enrolled",78.9
"India","uniform",15,46,"Tested",434.94
"India","uniform",15,47,"Enrolled",113.4
"India","uniform",15,47,"Tested",627.92
"India","uniform",15,48,"Enrolled",84.12
"India","uniform",15,48,"Tested",463.48
"India","uniform",15,49,"Enrolled",82.74
"India","uniform",15,49,"Tested",454.14
"India","uniform",15,50,"Enrolled",91.26
"India","uniform",15,50,"Tested",501.66
"India","uniform",15,51,"Enrolled",81.04
"India","uniform",15,51,"Tested",439.82
"India","uniform",15,52,"Enrolled",83.82
"India","uniform",15,52,"Tested",456.56
"India","uniform",15,53,"Enrolled",83.36
"India","uniform",15,53,"Tested",457.74
"India","uniform",15,54,"Enrolled",62.6
"India","uniform",15,54,"Tested",332.52
"India","uniform",15,55,"Enrolled",85.52
"India","uniform",15,55,"Tested",467.96
"India","uniform",15,56,"Enrolled",92.4
"India","uniform",15,56,"Tested",508.72
"India","uniform",15,57,"Enrolled",86.06
"India","uniform",15,57,"Tested",470.14
"India","uniform",15,58,"Enrolled",82.54
"India","uniform",15,58,"Tested",455.54
"India","uniform",15,59,"Enrolled",91.36
"India","uniform",15,59,"Tested",493.58
"India","uniform",15,60,"Enrolled",82.94
"India","uniform",15,60,"Tested",457.36
"India","uniform",15,61,"Enrolled",118.92
"India","uniform",15,61,"Tested",659
"India","uniform",15,62,"Enrolled",73.54
"India","uniform",15,62,"Tested",398.26
"India","uniform",15,63,"Enrolled",81.8
"India","uniform",15,63,"Tested",442.3
"India","uniform",15,64,"Enrolled",90.54
"India","uniform",15,64,"Tested",506.7
"India","uniform",15,65,"Enrolled",100.04
"India","uniform",15,65,"Tested",553.66
"India","uniform",15,66,"Enrolled",103.28
"India","uniform",15,66,"Tested",560.14
"India","uniform",15,67,"Enrolled",81.18
"India","uniform",15,67,"Tested",444.48
"India","uniform",15,68,"Enrolled",80.16
"India","uniform",15,68,"Tested",429.8
"India","uniform",15,69,"Enrolled",111.32
"India","uniform",15,69,"Tested",598.44
"India","uniform",15,70,"Enrolled",100.58
"India","uniform",15,70,"Tested",551.9
"India","uniform",15,71,"Enrolled",80.96
"India","uniform",15,71,"Tested",453
"India","uniform",15,72,"Enrolled",90.5
"India","uniform",15,72,"Tested",493.62
"India","uniform",15,73,"Enrolled",82.34
"India","uniform",15,73,"Tested",456.38
"India","uniform",15,74,"Enrolled",101.56
"India","uniform",15,74,"Tested",558.46
"India","uniform",15,75,"Enrolled",88
"India","uniform",15,75,"Tested",474.82
"India","uniform",15,76,"Enrolled",98.72
"India","uniform",15,76,"Tested",547.24
"India","uniform",15,77,"Enrolled",91.3
"India","uniform",15,77,"Tested",485.28
"India","uniform",15,78,"Enrolled",80.22
"India","uniform",15,78,"Tested",437.46
"India","uniform",15,79,"Enrolled",72.28
"India","uniform",15,79,"Tested",391.34
"India","uniform",15,80,"Enrolled",61.18
"India","uniform",15,80,"Tested",337.96
"India","uniform",15,81,"Enrolled",124.4
"India","uniform",15,81,"Tested",678.06
"India","uniform",15,82,"Enrolled",84.12
"India","uniform",15,82,"Tested",449.88
"India","uniform",15,83,"Enrolled",92.36
"India","uniform",15,83,"Tested",492.84
"India","uniform",15,84,"Enrolled",86.8
"India","uniform",15,84,"Tested",476.84
"India","uniform",15,85,"Enrolled",74.28
"India","uniform",15,85,"Tested",399.16
"India","uniform",15,86,"Enrolled",91.14
"India","uniform",15,86,"Tested",508.08
"India","uniform",15,87,"Enrolled",91.38
"India","uniform",15,87,"Tested",496.78
"India","uniform",15,88,"Enrolled",89.58
"India","uniform",15,88,"Tested",492.56
"India","uniform",15,89,"Enrolled",75.18
"India","uniform",15,89,"Tested",409.82
"India","uniform",15,90,"Enrolled",95.74
"India","uniform",15,90,"Tested",510.92
"India","uniform",15,91,"Enrolled",85.9
"India","uniform",15,91,"Tested",464.24
"India","uniform",15,92,"Enrolled",84.06
"India","uniform",15,92,"Tested",456.94
"India","uniform",15,93,"Enrolled",96.22
"India","uniform",15,93,"Tested",540.14
"India","uniform",15,94,"Enrolled",69.44
"India","uniform",15,94,"Tested",383.06
"India","uniform",15,95,"Enrolled",78.7
"India","uniform",15,95,"Tested",436.68
"India","uniform",15,96,"Enrolled",98.64
"India","uniform",15,96,"Tested",547.32
"India","uniform",15,97,"Enrolled",119.5
"India","uniform",15,97,"Tested",649.32
"India","uniform",15,98,"Enrolled",85.36
"India","uniform",15,98,"Tested",469.68
"India","uniform",15,99,"Enrolled",75.8
"India","uniform",15,99,"Tested",410.34
"India","uniform",15,100,"Enrolled",88.14
"India","uniform",15,100,"Tested",482.66
"India","uniform",20,1,"Enrolled",98.56
"India","uniform",20,1,"Tested",413.64
"India","uniform",20,2,"Enrolled",96.82
"India","uniform",20,2,"Tested",417.56
"India","uniform",20,3,"Enrolled",91.88
"India","uniform",20,3,"Tested",378.28
"India","uniform",20,4,"Enrolled",86.3
"India","uniform",20,4,"Tested",367.14
"India","uniform",20,5,"Enrolled",107.12
"India","uniform",20,5,"Tested",451.7
"India","uniform",20,6,"Enrolled",79.92
"India","uniform",20,6,"Tested",335.9
"India","uniform",20,7,"Enrolled",84.1
"India","uniform",20,7,"Tested",353.64
"India","uniform",20,8,"Enrolled",90.26
"India","uniform",20,8,"Tested",377.74
"India","uniform",20,9,"Enrolled",89.64
"India","uniform",20,9,"Tested",378.26
"India","uniform",20,10,"Enrolled",88.04
"India","uniform",20,10,"Tested",375.88
"India","uniform",20,11,"Enrolled",101.32
"India","uniform",20,11,"Tested",433.14
"India","uniform",20,12,"Enrolled",109.04
"India","uniform",20,12,"Tested",456.7
"India","uniform",20,13,"Enrolled",83.6
"India","uniform",20,13,"Tested",345.84
"India","uniform",20,14,"Enrolled",96.96
"India","uniform",20,14,"Tested",414.42
"India","uniform",20,15,"Enrolled",83.26
"India","uniform",20,15,"Tested",358.16
"India","uniform",20,16,"Enrolled",100.22
"India","uniform",20,16,"Tested",431.9
"India","uniform",20,17,"Enrolled",120
"India","uniform",20,17,"Tested",503.32
"India","uniform",20,18,"Enrolled",70.88
"India","uniform",20,18,"Tested",304.42
"India","uniform",20,19,"Enrolled",116.36
"India","uniform",20,19,"Tested",497.62
"India","uniform",20,20,"Enrolled",81.94
"India","uniform",20,20,"Tested",345.76
"India","uniform",20,21,"Enrolled",111.72
"India","uniform",20,21,"Tested",474.68
"India","uniform",20,22,"Enrolled",80.5
"India","uniform",20,22,"Tested",339.86
"India","uniform",20,23,"Enrolled",124.9
"India","uniform",20,23,"Tested",540.16
"India","uniform",20,24,"Enrolled",85.58
"India","uniform",20,24,"Tested",359.34
"India","uniform",20,25,"Enrolled",88.2
"India","uniform",20,25,"Tested",370.78
"India","uniform",20,26,"Enrolled",102.98
"India","uniform",20,26,"Tested",441.42
"India","uniform",20,27,"Enrolled",83.2
"India","uniform",20,27,"Tested",348.22
"India","uniform",20,28,"Enrolled",111.44
"India","uniform",20,28,"Tested",468.92
"India","uniform",20,29,"Enrolled",94.62
"India","uniform",20,29,"Tested",399.06
"India","uniform",20,30,"Enrolled",109.48
"India","uniform",20,30,"Tested",454.42
"India","uniform",20,31,"Enrolled",103.16
"India","uniform",20,31,"Tested",434.2
"India","uniform",20,32,"Enrolled",122.38
"India","uniform",20,32,"Tested",521
"India","uniform",20,33,"Enrolled",75.68
"India","uniform",20,33,"Tested",317.78
"India","uniform",20,34,"Enrolled",84.64
"India","uniform",20,34,"Tested",356
"India","uniform",20,35,"Enrolled",80.62
"India","uniform",20,35,"Tested",339.06
"India","uniform",20,36,"Enrolled",92.34
"India","uniform",20,36,"Tested",388.32
"India","uniform",20,37,"Enrolled",95.78
"India","uniform",20,37,"Tested",419.52
"India","uniform",20,38,"Enrolled",118.12
"India","uniform",20,38,"Tested",497.44
"India","uniform",20,39,"Enrolled",74.74
"India","uniform",20,39,"Tested",317.74
"India","uniform",20,40,"Enrolled",108.38
"India","uniform",20,40,"Tested",473.32
"India","uniform",20,41,"Enrolled",102.62
"India","uniform",20,41,"Tested",433
"India","uniform",20,42,"Enrolled",107.44
"India","uniform",20,42,"Tested",450.56
"India","uniform",20,43,"Enrolled",115.26
"India","uniform",20,43,"Tested",482.74
"India","uniform",20,44,"Enrolled",102.16
"India","uniform",20,44,"Tested",425.92
"India","uniform",20,45,"Enrolled",74.78
"India","uniform",20,45,"Tested",320.18
"India","uniform",20,46,"Enrolled",94
"India","uniform",20,46,"Tested",405.52
"India","uniform",20,47,"Enrolled",103.52
"India","uniform",20,47,"Tested",440.5
"India","uniform",20,48,"Enrolled",83.1
"India","uniform",20,48,"Tested",355.8
"India","uniform",20,49,"Enrolled",93.44
"India","uniform",20,49,"Tested",387.14
"India","uniform",20,50,"Enrolled",94.14
"India","uniform",20,50,"Tested",398.94
"India","uniform",20,51,"Enrolled",113.78
"India","uniform",20,51,"Tested",480.14
"India","uniform",20,52,"Enrolled",99.12
"India","uniform",20,52,"Tested",412.08
"India","uniform",20,53,"Enrolled",93.06
"India","uniform",20,53,"Tested",393.84
"India","uniform",20,54,"Enrolled",80.08
"India","uniform",20,54,"Tested",337.26
"India","uniform",20,55,"Enrolled",94.64
"India","uniform",20,55,"Tested",399.42
"India","uniform",20,56,"Enrolled",96.34
"India","uniform",20,56,"Tested",411.94
"India","uniform",20,57,"Enrolled",74.04
"India","uniform",20,57,"Tested",310.66
"India","uniform",20,58,"Enrolled",90.36
"India","uniform",20,58,"Tested",385.18
"India","uniform",20,59,"Enrolled",81.42
"India","uniform",20,59,"Tested",346.36
"India","uniform",20,60,"Enrolled",112.32
"India","uniform",20,60,"Tested",481.98
"India","uniform",20,61,"Enrolled",71.58
"India","uniform",20,61,"Tested",296.44
"India","uniform",20,62,"Enrolled",103.12
"India","uniform",20,62,"Tested",434.62
"India","uniform",20,63,"Enrolled",71.24
"India","uniform",20,63,"Tested",302.78
"India","uniform",20,64,"Enrolled",70.28
"India","uniform",20,64,"Tested",299.16
"India","uniform",20,65,"Enrolled",109.76
"India","uniform",20,65,"Tested",461
"India","uniform",20,66,"Enrolled",96.34
"India","uniform",20,66,"Tested",403.14
"India","uniform",20,67,"Enrolled",82.5
"India","uniform",20,67,"Tested",353.28
"India","uniform",20,68,"Enrolled",101.54
"India","uniform",20,68,"Tested",429.58
"India","uniform",20,69,"Enrolled",117
"India","uniform",20,69,"Tested",502.16
"India","uniform",20,70,"Enrolled",80.74
"India","uniform",20,70,"Tested",342.04
"India","uniform",20,71,"Enrolled",87.18
"India","uniform",20,71,"Tested",376.04
"India","uniform",20,72,"Enrolled",91.58
"India","uniform",20,72,"Tested",392.38
"India","uniform",20,73,"Enrolled",110.32
"India","uniform",20,73,"Tested",468.08
"India","uniform",20,74,"Enrolled",93.52
"India","uniform",20,74,"Tested",398.8
"India","uniform",20,75,"Enrolled",92.22
"India","uniform",20,75,"Tested",391.06
"India","uniform",20,76,"Enrolled",107.38
"India","uniform",20,76,"Tested",464.56
"India","uniform",20,77,"Enrolled",113.9
"India","uniform",20,77,"Tested",480.6
"India","uniform",20,78,"Enrolled",92.08
"India","uniform",20,78,"Tested",393.88
"India","uniform",20,79,"Enrolled",101.84
"India","uniform",20,79,"Tested",431.54
"India","uniform",20,80,"Enrolled",104.54
"India","uniform",20,80,"Tested",445.44
"India","uniform",20,81,"Enrolled",82.8
"India","uniform",20,81,"Tested",349.8
"India","uniform",20,82,"Enrolled",82.8
"India","uniform",20,82,"Tested",346.18
"India","uniform",20,83,"Enrolled",119.68
"India","uniform",20,83,"Tested",506.56
"India","uniform",20,84,"Enrolled",100.2
"India","uniform",20,84,"Tested",435.42
"India","uniform",20,85,"Enrolled",98.22
"India","uniform",20,85,"Tested",423.76
"India","uniform",20,86,"Enrolled",96.72
"India","uniform",20,86,"Tested",396.06
"India","uniform",20,87,"Enrolled",74.46
"India","uniform",20,87,"Tested",313.24
"India","uniform",20,88,"Enrolled",101.22
"India","uniform",20,88,"Tested",425.96
"India","uniform",20,89,"Enrolled",102.3
"India","uniform",20,89,"Tested",432.8
"India","uniform",20,90,"Enrolled",82.8
"India","uniform",20,90,"Tested",355.3
"India","uniform",20,91,"Enrolled",109.98
"India","uniform",20,91,"Tested",459.38
"India","uniform",20,92,"Enrolled",113.84
"India","uniform",20,92,"Tested",495.46
"India","uniform",20,93,"Enrolled",102.94
"India","uniform",20,93,"Tested",430.5
"India","uniform",20,94,"Enrolled",96.5
"India","uniform",20,94,"Tested",410.12
"India","uniform",20,95,"Enrolled",89.3
"India","uniform",20,95,"Tested",376.8
"India","uniform",20,96,"Enrolled",82.46
"India","uniform",20,96,"Tested",347.82
"India","uniform",20,97,"Enrolled",80.44
"India","uniform",20,97,"Tested",348.32
"India","uniform",20,98,"Enrolled",93.66
"India","uniform",20,98,"Tested",406.5
"India","uniform",20,99,"Enrolled",109.08
"India","uniform",20,99,"Tested",453.9
"India","uniform",20,100,"Enrolled",106.04
"India","uniform",20,100,"Tested",456.78
"India","uniform",25,1,"Enrolled",101.18
"India","uniform",25,1,"Tested",366.54
"India","uniform",25,2,"Enrolled",89.24
"India","uniform",25,2,"Tested",313.94
"India","uniform",25,3,"Enrolled",92.08
"India","uniform",25,3,"Tested",332.22
"India","uniform",25,4,"Enrolled",73.76
"India","uniform",25,4,"Tested",267.2
"India","uniform",25,5,"Enrolled",100.96
"India","uniform",25,5,"Tested",359.58
"India","uniform",25,6,"Enrolled",110.86
"India","uniform",25,6,"Tested",406.18
"India","uniform",25,7,"Enrolled",71.3
"India","uniform",25,7,"Tested",258.16
"India","uniform",25,8,"Enrolled",109.72
"India","uniform",25,8,"Tested",400.42
"India","uniform",25,9,"Enrolled",104.98
"India","uniform",25,9,"Tested",381.58
"India","uniform",25,10,"Enrolled",96.1
"India","uniform",25,10,"Tested",350.74
"India","uniform",25,11,"Enrolled",98.18
"India","uniform",25,11,"Tested",345.66
"India","uniform",25,12,"Enrolled",83.46
"India","uniform",25,12,"Tested",305.48
"India","uniform",25,13,"Enrolled",80.96
"India","uniform",25,13,"Tested",293.44
"India","uniform",25,14,"Enrolled",91.16
"India","uniform",25,14,"Tested",322.98
"India","uniform",25,15,"Enrolled",82.42
"India","uniform",25,15,"Tested",299.88
"India","uniform",25,16,"Enrolled",125.18
"India","uniform",25,16,"Tested",453.02
"India","uniform",25,17,"Enrolled",97.7
"India","uniform",25,17,"Tested",353.8
"India","uniform",25,18,"Enrolled",107.94
"India","uniform",25,18,"Tested",389.92
"India","uniform",25,19,"Enrolled",109.24
"India","uniform",25,19,"Tested",404.26
"India","uniform",25,20,"Enrolled",120.04
"India","uniform",25,20,"Tested",432.68
"India","uniform",25,21,"Enrolled",91.04
"India","uniform",25,21,"Tested",322.04
"India","uniform",25,22,"Enrolled",94.68
"India","uniform",25,22,"Tested",343.2
"India","uniform",25,23,"Enrolled",113.8
"India","uniform",25,23,"Tested",404.92
"India","uniform",25,24,"Enrolled",105.64
"India","uniform",25,24,"Tested",379.92
"India","uniform",25,25,"Enrolled",85.12
"India","uniform",25,25,"Tested",305.54
"India","uniform",25,26,"Enrolled",96.22
"India","uniform",25,26,"Tested",351.84
"India","uniform",25,27,"Enrolled",86.8
"India","uniform",25,27,"Tested",314.86
"India","uniform",25,28,"Enrolled",75.32
"India","uniform",25,28,"Tested",274.46
"India","uniform",25,29,"Enrolled",85.22
"India","uniform",25,29,"Tested",311.44
"India","uniform",25,30,"Enrolled",93.02
"India","uniform",25,30,"Tested",335.46
"India","uniform",25,31,"Enrolled",80.12
"India","uniform",25,31,"Tested",285.66
"India","uniform",25,32,"Enrolled",72.68
"India","uniform",25,32,"Tested",255.44
"India","uniform",25,33,"Enrolled",90.64
"India","uniform",25,33,"Tested",326.64
"India","uniform",25,34,"Enrolled",98.16
"India","uniform",25,34,"Tested",360.68
"India","uniform",25,35,"Enrolled",80.18
"India","uniform",25,35,"Tested",291.62
"India","uniform",25,36,"Enrolled",105.24
"India","uniform",25,36,"Tested",379.94
"India","uniform",25,37,"Enrolled",91.1
"India","uniform",25,37,"Tested",323.84
"India","uniform",25,38,"Enrolled",98.28
"India","uniform",25,38,"Tested",363.74
"India","uniform",25,39,"Enrolled",89
"India","uniform",25,39,"Tested",319.98
"India","uniform",25,40,"Enrolled",96.74
"India","uniform",25,40,"Tested",344.84
"India","uniform",25,41,"Enrolled",97.6
"India","uniform",25,41,"Tested",352.84
"India","uniform",25,42,"Enrolled",104.2
"India","uniform",25,42,"Tested",384.14
"India","uniform",25,43,"Enrolled",110.42
"India","uniform",25,43,"Tested",399.18
"India","uniform",25,44,"Enrolled",79.08
"India","uniform",25,44,"Tested",287.66
"India","uniform",25,45,"Enrolled",89.76
"India","uniform",25,45,"Tested",330.4
"India","uniform",25,46,"Enrolled",74.36
"India","uniform",25,46,"Tested",271.36
"India","uniform",25,47,"Enrolled",89.62
"India","uniform",25,47,"Tested",317.66
"India","uniform",25,48,"Enrolled",119.2
"India","uniform",25,48,"Tested",440.24
"India","uniform",25,49,"Enrolled",104.5
"India","uniform",25,49,"Tested",372.06
"India","uniform",25,50,"Enrolled",108.12
"India","uniform",25,50,"Tested",388.02
"India","uniform",25,51,"Enrolled",127.54
"India","uniform",25,51,"Tested",456.22
"India","uniform",25,52,"Enrolled",100.86
"India","uniform",25,52,"Tested",364.28
"India","uniform",25,53,"Enrolled",96.34
"India","uniform",25,53,"Tested",349.22
"India","uniform",25,54,"Enrolled",106.04
"India","uniform",25,54,"Tested",381.28
"India","uniform",25,55,"Enrolled",85.48
"India","uniform",25,55,"Tested",315.28
"India","uniform",25,56,"Enrolled",105.12
"India","uniform",25,56,"Tested",373.42
"India","uniform",25,57,"Enrolled",96.7
"India","uniform",25,57,"Tested",348.7
"India","uniform",25,58,"Enrolled",89.86
"India","uniform",25,58,"Tested",324.06
"India","uniform",25,59,"Enrolled",87.7
"India","uniform",25,59,"Tested",317.42
"India","uniform",25,60,"Enrolled",103.56
"India","uniform",25,60,"Tested",382.34
"India","uniform",25,61,"Enrolled",116.26
"India","uniform",25,61,"Tested",423.28
"India","uniform",25,62,"Enrolled",78.62
"India","uniform",25,62,"Tested",288.26
"India","uniform",25,63,"Enrolled",101.4
"India","uniform",25,63,"Tested",361.8
"India","uniform",25,64,"Enrolled",98.46
"India","uniform",25,64,"Tested",356.36
"India","uniform",25,65,"Enrolled",76.1
"India","uniform",25,65,"Tested",272.28
"India","uniform",25,66,"Enrolled",105.42
"India","uniform",25,66,"Tested",378.98
"India","uniform",25,67,"Enrolled",126.62
"India","uniform",25,67,"Tested",458.18
"India","uniform",25,68,"Enrolled",70.32
"India","uniform",25,68,"Tested",254.96
"India","uniform",25,69,"Enrolled",99.48
"India","uniform",25,69,"Tested",367.1
"India","uniform",25,70,"Enrolled",98.7
"India","uniform",25,70,"Tested",362.22
"India","uniform",25,71,"Enrolled",91.46
"India","uniform",25,71,"Tested",328.88
"India","uniform",25,72,"Enrolled",74.92
"India","uniform",25,72,"Tested",269.74
"India","uniform",25,73,"Enrolled",99.64
"India","uniform",25,73,"Tested",358.46
"India","uniform",25,74,"Enrolled",90.06
"India","uniform",25,74,"Tested",326.76
"India","uniform",25,75,"Enrolled",86.68
"India","uniform",25,75,"Tested",316.58
"India","uniform",25,76,"Enrolled",72.66
"India","uniform",25,76,"Tested",268.48
"India","uniform",25,77,"Enrolled",81.16
"India","uniform",25,77,"Tested",294
"India","uniform",25,78,"Enrolled",119.06
"India","uniform",25,78,"Tested",427.42
"India","uniform",25,79,"Enrolled",87.9
"India","uniform",25,79,"Tested",317.86
"India","uniform",25,80,"Enrolled",97.1
"India","uniform",25,80,"Tested",341.96
"India","uniform",25,81,"Enrolled",108.52
"India","uniform",25,81,"Tested",393
"India","uniform",25,82,"Enrolled",93
"India","uniform",25,82,"Tested",339.68
"India","uniform",25,83,"Enrolled",76.6
"India","uniform",25,83,"Tested",277.44
"India","uniform",25,84,"Enrolled",83.72
"India","uniform",25,84,"Tested",311.06
"India","uniform",25,85,"Enrolled",90.4
"India","uniform",25,85,"Tested",329.76
"India","uniform",25,86,"Enrolled",72.36
"India","uniform",25,86,"Tested",264.16
"India","uniform",25,87,"Enrolled",85.26
"India","uniform",25,87,"Tested",309.28
"India","uniform",25,88,"Enrolled",129.14
"India","uniform",25,88,"Tested",477.46
"India","uniform",25,89,"Enrolled",79.08
"India","uniform",25,89,"Tested",286.88
"India","uniform",25,90,"Enrolled",106.2
"India","uniform",25,90,"Tested",385.98
"India","uniform",25,91,"Enrolled",104.82
"India","uniform",25,91,"Tested",379.18
"India","uniform",25,92,"Enrolled",72.68
"India","uniform",25,92,"Tested",258.68
"India","uniform",25,93,"Enrolled",112.36
"India","uniform",25,93,"Tested",405.96
"India","uniform",25,94,"Enrolled",91.36
"India","uniform",25,94,"Tested",325.44
"India","uniform",25,95,"Enrolled",91.78
"India","uniform",25,95,"Tested",333.96
"India","uniform",25,96,"Enrolled",115.22
"India","uniform",25,96,"Tested",422.8
"India","uniform",25,97,"Enrolled",106.54
"India","uniform",25,97,"Tested",390.78
"India","uniform",25,98,"Enrolled",116.62
"India","uniform",25,98,"Tested",413.94
"India","uniform",25,99,"Enrolled",93.98
"India","uniform",25,99,"Tested",340.42
"India","uniform",25,100,"Enrolled",99.76
"India","uniform",25,100,"Tested",368.54
"India","uniform",30,1,"Enrolled",74.68
"India","uniform",30,1,"Tested",243.36
"India","uniform",30,2,"Enrolled",91.7
"India","uniform",30,2,"Tested",294.24
"India","uniform",30,3,"Enrolled",88.88
"India","uniform",30,3,"Tested",288.86
"India","uniform",30,4,"Enrolled",114.8
"India","uniform",30,4,"Tested",373.58
"India","uniform",30,5,"Enrolled",111.76
"India","uniform",30,5,"Tested",359.56
"India","uniform",30,6,"Enrolled",98.62
"India","uniform",30,6,"Tested",321.92
"India","uniform",30,7,"Enrolled",90.72
"India","uniform",30,7,"Tested",293.18
"India","uniform",30,8,"Enrolled",78.38
"India","uniform",30,8,"Tested",258.46
"India","uniform",30,9,"Enrolled",90.42
"India","uniform",30,9,"Tested",292.7
"India","uniform",30,10,"Enrolled",85.06
"India","uniform",30,10,"Tested",277.96
"India","uniform",30,11,"Enrolled",85.76
"India","uniform",30,11,"Tested",278.48
"India","uniform",30,12,"Enrolled",94.48
"India","uniform",30,12,"Tested",308.48
"India","uniform",30,13,"Enrolled",91.72
"India","uniform",30,13,"Tested",304.06
"India","uniform",30,14,"Enrolled",109.86
"India","uniform",30,14,"Tested",356.06
"India","uniform",30,15,"Enrolled",115.24
"India","uniform",30,15,"Tested",375.24
"India","uniform",30,16,"Enrolled",93.3
"India","uniform",30,16,"Tested",305.04
"India","uniform",30,17,"Enrolled",92.38
"India","uniform",30,17,"Tested",298.9
"India","uniform",30,18,"Enrolled",107.32
"India","uniform",30,18,"Tested",350.76
"India","uniform",30,19,"Enrolled",101.74
"India","uniform",30,19,"Tested",331.7
"India","uniform",30,20,"Enrolled",93.8
"India","uniform",30,20,"Tested",304.8
"India","uniform",30,21,"Enrolled",108.96
"India","uniform",30,21,"Tested",359.12
"India","uniform",30,22,"Enrolled",117.24
"India","uniform",30,22,"Tested",382.12
"India","uniform",30,23,"Enrolled",110.28
"India","uniform",30,23,"Tested",351.9
"India","uniform",30,24,"Enrolled",79.24
"India","uniform",30,24,"Tested",257.26
"India","uniform",30,25,"Enrolled",122.42
"India","uniform",30,25,"Tested",392.7
"India","uniform",30,26,"Enrolled",98.62
"India","uniform",30,26,"Tested",315.18
"India","uniform",30,27,"Enrolled",126.54
"India","uniform",30,27,"Tested",407.88
"India","uniform",30,28,"Enrolled",98.32
"India","uniform",30,28,"Tested",325.98
"India","uniform",30,29,"Enrolled",72.94
"India","uniform",30,29,"Tested",236.14
"India","uniform",30,30,"Enrolled",98.54
"India","uniform",30,30,"Tested",323.94
"India","uniform",30,31,"Enrolled",111
"India","uniform",30,31,"Tested",361.92
"India","uniform",30,32,"Enrolled",69.04
"India","uniform",30,32,"Tested",219.08
"India","uniform",30,33,"Enrolled",106.78
"India","uniform",30,33,"Tested",341.16
"India","uniform",30,34,"Enrolled",77.24
"India","uniform",30,34,"Tested",252.76
"India","uniform",30,35,"Enrolled",109.8
"India","uniform",30,35,"Tested",366.02
"India","uniform",30,36,"Enrolled",87.94
"India","uniform",30,36,"Tested",280.14
"India","uniform",30,37,"Enrolled",102.74
"India","uniform",30,37,"Tested",331.36
"India","uniform",30,38,"Enrolled",89.96
"India","uniform",30,38,"Tested",298.36
"India","uniform",30,39,"Enrolled",92.64
"India","uniform",30,39,"Tested",300.08
"India","uniform",30,40,"Enrolled",109.26
"India","uniform",30,40,"Tested",358.66
"India","uniform",30,41,"Enrolled",96.24
"India","uniform",30,41,"Tested",313.34
"India","uniform",30,42,"Enrolled",95.4
"India","uniform",30,42,"Tested",312.56
"India","uniform",30,43,"Enrolled",104.24
"India","uniform",30,43,"Tested",333.32
"India","uniform",30,44,"Enrolled",115.52
"India","uniform",30,44,"Tested",376.82
"India","uniform",30,45,"Enrolled",92.38
"India","uniform",30,45,"Tested",298.2
"India","uniform",30,46,"Enrolled",82.66
"India","uniform",30,46,"Tested",262.06
"India","uniform",30,47,"Enrolled",100.52
"India","uniform",30,47,"Tested",328.18
"India","uniform",30,48,"Enrolled",116.6
"India","uniform",30,48,"Tested",378.98
"India","uniform",30,49,"Enrolled",103.06
"India","uniform",30,49,"Tested",337.66
"India","uniform",30,50,"Enrolled",115.86
"India","uniform",30,50,"Tested",377.9
"India","uniform",30,51,"Enrolled",79.14
"India","uniform",30,51,"Tested",257.64
"India","uniform",30,52,"Enrolled",104.3
"India","uniform",30,52,"Tested",336.38
"India","uniform",30,53,"Enrolled",97.86
"India","uniform",30,53,"Tested",316
"India","uniform",30,54,"Enrolled",99.64
"India","uniform",30,54,"Tested",321.34
"India","uniform",30,55,"Enrolled",85.62
"India","uniform",30,55,"Tested",281.44
"India","uniform",30,56,"Enrolled",66.8
"India","uniform",30,56,"Tested",219.48
"India","uniform",30,57,"Enrolled",86.16
"India","uniform",30,57,"Tested",282.54
"India","uniform",30,58,"Enrolled",105.9
"India","uniform",30,58,"Tested",350
"India","uniform",30,59,"Enrolled",120.64
"India","uniform",30,59,"Tested",390.14
"India","uniform",30,60,"Enrolled",85.76
"India","uniform",30,60,"Tested",279.94
"India","uniform",30,61,"Enrolled",101.42
"India","uniform",30,61,"Tested",334.04
"India","uniform",30,62,"Enrolled",84.56
"India","uniform",30,62,"Tested",272.16
"India","uniform",30,63,"Enrolled",92.26
"India","uniform",30,63,"Tested",306.34
"India","uniform",30,64,"Enrolled",103.36
"India","uniform",30,64,"Tested",338.54
"India","uniform",30,65,"Enrolled",79.84
"India","uniform",30,65,"Tested",261.3
"India","uniform",30,66,"Enrolled",103.58
"India","uniform",30,66,"Tested",329.24
"India","uniform",30,67,"Enrolled",110.26
"India","uniform",30,67,"Tested",359.58
"India","uniform",30,68,"Enrolled",90.38
"India","uniform",30,68,"Tested",294.24
"India","uniform",30,69,"Enrolled",97.18
"India","uniform",30,69,"Tested",320.36
"India","uniform",30,70,"Enrolled",81.06
"India","uniform",30,70,"Tested",261.8
"India","uniform",30,71,"Enrolled",77.4
"India","uniform",30,71,"Tested",253.66
"India","uniform",30,72,"Enrolled",103.98
"India","uniform",30,72,"Tested",338.76
"India","uniform",30,73,"Enrolled",93.12
"India","uniform",30,73,"Tested",303.48
"India","uniform",30,74,"Enrolled",85.52
"India","uniform",30,74,"Tested",274.26
"India","uniform",30,75,"Enrolled",106.46
"India","uniform",30,75,"Tested",345.62
"India","uniform",30,76,"Enrolled",84.34
"India","uniform",30,76,"Tested",279.12
"India","uniform",30,77,"Enrolled",78.32
"India","uniform",30,77,"Tested",258.4
"India","uniform",30,78,"Enrolled",85.52
"India","uniform",30,78,"Tested",281.6
"India","uniform",30,79,"Enrolled",79.68
"India","uniform",30,79,"Tested",257.22
"India","uniform",30,80,"Enrolled",115.96
"India","uniform",30,80,"Tested",381.94
"India","uniform",30,81,"Enrolled",109.64
"India","uniform",30,81,"Tested",358.74
"India","uniform",30,82,"Enrolled",107.62
"India","uniform",30,82,"Tested",353.36
"India","uniform",30,83,"Enrolled",91.86
"India","uniform",30,83,"Tested",294.22
"India","uniform",30,84,"Enrolled",106.54
"India","uniform",30,84,"Tested",349.22
"India","uniform",30,85,"Enrolled",101.04
"India","uniform",30,85,"Tested",327.42
"India","uniform",30,86,"Enrolled",91.86
"India","uniform",30,86,"Tested",296.1
"India","uniform",30,87,"Enrolled",115.58
"India","uniform",30,87,"Tested",379.34
"India","uniform",30,88,"Enrolled",95.42
"India","uniform",30,88,"Tested",313.72
"India","uniform",30,89,"Enrolled",99.1
"India","uniform",30,89,"Tested",323.48
"India","uniform",30,90,"Enrolled",119.92
"India","uniform",30,90,"Tested",391.78
"India","uniform",30,91,"Enrolled",113.94
"India","uniform",30,91,"Tested",371.3
"India","uniform",30,92,"Enrolled",107.56
"India","uniform",30,92,"Tested",352.64
"India","uniform",30,93,"Enrolled",77.58
"India","uniform",30,93,"Tested",252.78
"India","uniform",30,94,"Enrolled",131
"India","uniform",30,94,"Tested",425.3
"India","uniform",30,95,"Enrolled",97.4
"India","uniform",30,95,"Tested",313.94
"India","uniform",30,96,"Enrolled",72.72
"India","uniform",30,96,"Tested",246.34
"India","uniform",30,97,"Enrolled",82.74
"India","uniform",30,97,"Tested",277.34
"India","uniform",30,98,"Enrolled",110.92
"India","uniform",30,98,"Tested",359.32
"India","uniform",30,99,"Enrolled",82.36
"India","uniform",30,99,"Tested",266.22
"India","uniform",30,100,"Enrolled",82.06
"India","uniform",30,100,"Tested",271.98
"India","uniform",35,1,"Enrolled",116.52
"India","uniform",35,1,"Tested",364.94
"India","uniform",35,2,"Enrolled",104.82
"India","uniform",35,2,"Tested",320.46
"India","uniform",35,3,"Enrolled",84.04
"India","uniform",35,3,"Tested",254
"India","uniform",35,4,"Enrolled",138.98
"India","uniform",35,4,"Tested",425.78
"India","uniform",35,5,"Enrolled",97.42
"India","uniform",35,5,"Tested",293.42
"India","uniform",35,6,"Enrolled",86.92
"India","uniform",35,6,"Tested",262.6
"India","uniform",35,7,"Enrolled",87.06
"India","uniform",35,7,"Tested",263.3
"India","uniform",35,8,"Enrolled",98.88
"India","uniform",35,8,"Tested",297.72
"India","uniform",35,9,"Enrolled",78.22
"India","uniform",35,9,"Tested",232.7
"India","uniform",35,10,"Enrolled",73.88
"India","uniform",35,10,"Tested",220.2
"India","uniform",35,11,"Enrolled",77.08
"India","uniform",35,11,"Tested",233.14
"India","uniform",35,12,"Enrolled",87.64
"India","uniform",35,12,"Tested",266.06
"India","uniform",35,13,"Enrolled",108.88
"India","uniform",35,13,"Tested",331.78
"India","uniform",35,14,"Enrolled",108.44
"India","uniform",35,14,"Tested",331.98
"India","uniform",35,15,"Enrolled",98.38
"India","uniform",35,15,"Tested",301.22
"India","uniform",35,16,"Enrolled",116.96
"India","uniform",35,16,"Tested",357.98
"India","uniform",35,17,"Enrolled",96.74
"India","uniform",35,17,"Tested",293.96
"India","uniform",35,18,"Enrolled",110.3
"India","uniform",35,18,"Tested",338.22
"India","uniform",35,19,"Enrolled",113.1
"India","uniform",35,19,"Tested",343.8
"India","uniform",35,20,"Enrolled",95.4
"India","uniform",35,20,"Tested",284.06
"India","uniform",35,21,"Enrolled",101.54
"India","uniform",35,21,"Tested",309.68
"India","uniform",35,22,"Enrolled",111.04
"India","uniform",35,22,"Tested",340.7
"India","uniform",35,23,"Enrolled",102.52
"India","uniform",35,23,"Tested",309.2
"India","uniform",35,24,"Enrolled",105.98
"India","uniform",35,24,"Tested",321.3
"India","uniform",35,25,"Enrolled",96.32
"India","uniform",35,25,"Tested",290.2
"India","uniform",35,26,"Enrolled",112.68
"India","uniform",35,26,"Tested",339.56
"India","uniform",35,27,"Enrolled",91.48
"India","uniform",35,27,"Tested",278.72
"India","uniform",35,28,"Enrolled",86.82
"India","uniform",35,28,"Tested",260.68
"India","uniform",35,29,"Enrolled",111.24
"India","uniform",35,29,"Tested",342.86
"India","uniform",35,30,"Enrolled",82.92
"India","uniform",35,30,"Tested",252.6
"India","uniform",35,31,"Enrolled",95.12
"India","uniform",35,31,"Tested",280.44
"India","uniform",35,32,"Enrolled",88.84
"India","uniform",35,32,"Tested",268.48
"India","uniform",35,33,"Enrolled",85.94
"India","uniform",35,33,"Tested",258.56
"India","uniform",35,34,"Enrolled",98.2
"India","uniform",35,34,"Tested",302.82
"India","uniform",35,35,"Enrolled",90.62
"India","uniform",35,35,"Tested",280.3
"India","uniform",35,36,"Enrolled",107.28
"India","uniform",35,36,"Tested",324.78
"India","uniform",35,37,"Enrolled",92.34
"India","uniform",35,37,"Tested",278.6
"India","uniform",35,38,"Enrolled",97.54
"India","uniform",35,38,"Tested",293.9
"India","uniform",35,39,"Enrolled",96.84
"India","uniform",35,39,"Tested",297.48
"India","uniform",35,40,"Enrolled",103.4
"India","uniform",35,40,"Tested",316.28
"India","uniform",35,41,"Enrolled",77.36
"India","uniform",35,41,"Tested",236.96
"India","uniform",35,42,"Enrolled",95.12
"India","uniform",35,42,"Tested",282.34
"India","uniform",35,43,"Enrolled",101.18
"India","uniform",35,43,"Tested",304.16
"India","uniform",35,44,"Enrolled",103.2
"India","uniform",35,44,"Tested",312.96
"India","uniform",35,45,"Enrolled",97.62
"India","uniform",35,45,"Tested",294.32
"India","uniform",35,46,"Enrolled",82.16
"India","uniform",35,46,"Tested",252.36
"India","uniform",35,47,"Enrolled",73.3
"India","uniform",35,47,"Tested",221.58
"India","uniform",35,48,"Enrolled",89.68
"India","uniform",35,48,"Tested",270.9
"India","uniform",35,49,"Enrolled",114.52
"India","uniform",35,49,"Tested",348.7
"India","uniform",35,50,"Enrolled",95.2
"India","uniform",35,50,"Tested",291.1
"India","uniform",35,51,"Enrolled",113.14
"India","uniform",35,51,"Tested",341.8
"India","uniform",35,52,"Enrolled",96.12
"India","uniform",35,52,"Tested",284.78
"India","uniform",35,53,"Enrolled",103.66
"India","uniform",35,53,"Tested",311.78
"India","uniform",35,54,"Enrolled",119.84
"India","uniform",35,54,"Tested",367.54
"India","uniform",35,55,"Enrolled",79.18
"India","uniform",35,55,"Tested",241.18
"India","uniform",35,56,"Enrolled",93.5
"India","uniform",35,56,"Tested",283.66
"India","uniform",35,57,"Enrolled",104.54
"India","uniform",35,57,"Tested",319.74
"India","uniform",35,58,"Enrolled",122.46
"India","uniform",35,58,"Tested",376.5
"India","uniform",35,59,"Enrolled",105.9
"India","uniform",35,59,"Tested",315.52
"India","uniform",35,60,"Enrolled",90.24
"India","uniform",35,60,"Tested",277.72
"India","uniform",35,61,"Enrolled",91.08
"India","uniform",35,61,"Tested",275.6
"India","uniform",35,62,"Enrolled",107.38
"India","uniform",35,62,"Tested",324.12
"India","uniform",35,63,"Enrolled",94.44
"India","uniform",35,63,"Tested",285.9
"India","uniform",35,64,"Enrolled",107.44
"India","uniform",35,64,"Tested",321.38
"India","uniform",35,65,"Enrolled",94.82
"India","uniform",35,65,"Tested",283.32
"India","uniform",35,66,"Enrolled",89.46
"India","uniform",35,66,"Tested",266.54
"India","uniform",35,67,"Enrolled",96.68
"India","uniform",35,67,"Tested",295.28
"India","uniform",35,68,"Enrolled",68.5
"India","uniform",35,68,"Tested",204.46
"India","uniform",35,69,"Enrolled",105.98
"India","uniform",35,69,"Tested",323
"India","uniform",35,70,"Enrolled",110.6
"India","uniform",35,70,"Tested",331.44
"India","uniform",35,71,"Enrolled",117.66
"India","uniform",35,71,"Tested",358.72
"India","uniform",35,72,"Enrolled",94.26
"India","uniform",35,72,"Tested",287.24
"India","uniform",35,73,"Enrolled",85.92
"India","uniform",35,73,"Tested",252.24
"India","uniform",35,74,"Enrolled",110.92
"India","uniform",35,74,"Tested",334.68
"India","uniform",35,75,"Enrolled",71.84
"India","uniform",35,75,"Tested",217.7
"India","uniform",35,76,"Enrolled",74.5
"India","uniform",35,76,"Tested",227.72
"India","uniform",35,77,"Enrolled",108.9
"India","uniform",35,77,"Tested",334.14
"India","uniform",35,78,"Enrolled",78.78
"India","uniform",35,78,"Tested",238.94
"India","uniform",35,79,"Enrolled",117.84
"India","uniform",35,79,"Tested",354.04
"India","uniform",35,80,"Enrolled",89.54
"India","uniform",35,80,"Tested",263
"India","uniform",35,81,"Enrolled",86.64
"India","uniform",35,81,"Tested",258.92
"India","uniform",35,82,"Enrolled",86.52
"India","uniform",35,82,"Tested",263.84
"India","uniform",35,83,"Enrolled",101.34
"India","uniform",35,83,"Tested",307.46
"India","uniform",35,84,"Enrolled",122.4
"India","uniform",35,84,"Tested",373.8
"India","uniform",35,85,"Enrolled",90.88
"India","uniform",35,85,"Tested",278.58
"India","uniform",35,86,"Enrolled",75.06
"India","uniform",35,86,"Tested",227.46
"India","uniform",35,87,"Enrolled",120.6
"India","uniform",35,87,"Tested",361.26
"India","uniform",35,88,"Enrolled",87.66
"India","uniform",35,88,"Tested",267
"India","uniform",35,89,"Enrolled",68.22
"India","uniform",35,89,"Tested",204.52
"India","uniform",35,90,"Enrolled",104.82
"India","uniform",35,90,"Tested",317.14
"India","uniform",35,91,"Enrolled",75.98
"India","uniform",35,91,"Tested",230.04
"India","uniform",35,92,"Enrolled",94.1
"India","uniform",35,92,"Tested",285.94
"India","uniform",35,93,"Enrolled",84.5
"India","uniform",35,93,"Tested",259.76
"India","uniform",35,94,"Enrolled",122.62
"India","uniform",35,94,"Tested",371.66
"India","uniform",35,95,"Enrolled",80.2
"India","uniform",35,95,"Tested",245.68
"India","uniform",35,96,"Enrolled",123.04
"India","uniform",35,96,"Tested",370.62
"India","uniform",35,97,"Enrolled",77.94
"India","uniform",35,97,"Tested",234.74
"India","uniform",35,98,"Enrolled",97.4
"India","uniform",35,98,"Tested",300.16
"India","uniform",35,99,"Enrolled",84.96
"India","uniform",35,99,"Tested",253.48
"India","uniform",35,100,"Enrolled",101.2
"India","uniform",35,100,"Tested",312.88
"India","uniform",40,1,"Enrolled",88.16
"India","uniform",40,1,"Tested",258.96
"India","uniform",40,2,"Enrolled",87.44
"India","uniform",40,2,"Tested",246.48
"India","uniform",40,3,"Enrolled",109
"India","uniform",40,3,"Tested",318.8
"India","uniform",40,4,"Enrolled",102.4
"India","uniform",40,4,"Tested",296.36
"India","uniform",40,5,"Enrolled",88.64
"India","uniform",40,5,"Tested",260.66
"India","uniform",40,6,"Enrolled",109.8
"India","uniform",40,6,"Tested",315.3
"India","uniform",40,7,"Enrolled",81.78
"India","uniform",40,7,"Tested",242.16
"India","uniform",40,8,"Enrolled",90
"India","uniform",40,8,"Tested",263.12
"India","uniform",40,9,"Enrolled",93.32
"India","uniform",40,9,"Tested",269.34
"India","uniform",40,10,"Enrolled",96.84
"India","uniform",40,10,"Tested",279.16
"India","uniform",40,11,"Enrolled",94.12
"India","uniform",40,11,"Tested",269.58
"India","uniform",40,12,"Enrolled",77.96
"India","uniform",40,12,"Tested",233.52
"India","uniform",40,13,"Enrolled",96.12
"India","uniform",40,13,"Tested",280.7
"India","uniform",40,14,"Enrolled",86.3
"India","uniform",40,14,"Tested",251.34
"India","uniform",40,15,"Enrolled",105.12
"India","uniform",40,15,"Tested",302.88
"India","uniform",40,16,"Enrolled",87.94
"India","uniform",40,16,"Tested",257.08
"India","uniform",40,17,"Enrolled",88.28
"India","uniform",40,17,"Tested",258.28
"India","uniform",40,18,"Enrolled",92.18
"India","uniform",40,18,"Tested",271.14
"India","uniform",40,19,"Enrolled",79.36
"India","uniform",40,19,"Tested",227.02
"India","uniform",40,20,"Enrolled",107.2
"India","uniform",40,20,"Tested",321.52
"India","uniform",40,21,"Enrolled",115.94
"India","uniform",40,21,"Tested",337.72
"India","uniform",40,22,"Enrolled",88.32
"India","uniform",40,22,"Tested",261.26
"India","uniform",40,23,"Enrolled",93.6
"India","uniform",40,23,"Tested",272.16
"India","uniform",40,24,"Enrolled",111.06
"India","uniform",40,24,"Tested",330.78
"India","uniform",40,25,"Enrolled",108.72
"India","uniform",40,25,"Tested",320.12
"India","uniform",40,26,"Enrolled",107.34
"India","uniform",40,26,"Tested",317.1
"India","uniform",40,27,"Enrolled",79.96
"India","uniform",40,27,"Tested",232.72
"India","uniform",40,28,"Enrolled",69.34
"India","uniform",40,28,"Tested",200.7
"India","uniform",40,29,"Enrolled",75.66
"India","uniform",40,29,"Tested",218.78
"India","uniform",40,30,"Enrolled",102.14
"India","uniform",40,30,"Tested",298.2
"India","uniform",40,31,"Enrolled",100.12
"India","uniform",40,31,"Tested",289.58
"India","uniform",40,32,"Enrolled",98.22
"India","uniform",40,32,"Tested",285.8
"India","uniform",40,33,"Enrolled",97.92
"India","uniform",40,33,"Tested",284.14
"India","uniform",40,34,"Enrolled",66.92
"India","uniform",40,34,"Tested",190.98
"India","uniform",40,35,"Enrolled",98.8
"India","uniform",40,35,"Tested",286.42
"India","uniform",40,36,"Enrolled",98.96
"India","uniform",40,36,"Tested",287.82
"India","uniform",40,37,"Enrolled",88.88
"India","uniform",40,37,"Tested",258.24
"India","uniform",40,38,"Enrolled",90.46
"India","uniform",40,38,"Tested",261.6
"India","uniform",40,39,"Enrolled",79.82
"India","uniform",40,39,"Tested",227.58
"India","uniform",40,40,"Enrolled",112.3
"India","uniform",40,40,"Tested",329.32
"India","uniform",40,41,"Enrolled",96.66
"India","uniform",40,41,"Tested",284.24
"India","uniform",40,42,"Enrolled",93.06
"India","uniform",40,42,"Tested",274.88
"India","uniform",40,43,"Enrolled",108.58
"India","uniform",40,43,"Tested",321.06
"India","uniform",40,44,"Enrolled",100.8
"India","uniform",40,44,"Tested",296.24
"India","uniform",40,45,"Enrolled",101.9
"India","uniform",40,45,"Tested",298.5
"India","uniform",40,46,"Enrolled",106.92
"India","uniform",40,46,"Tested",315.72
"India","uniform",40,47,"Enrolled",109.84
"India","uniform",40,47,"Tested",317.36
"India","uniform",40,48,"Enrolled",96.04
"India","uniform",40,48,"Tested",276.6
"India","uniform",40,49,"Enrolled",103.78
"India","uniform",40,49,"Tested",304.24
"India","uniform",40,50,"Enrolled",113.1
"India","uniform",40,50,"Tested",329.04
"India","uniform",40,51,"Enrolled",86.12
"India","uniform",40,51,"Tested",251.1
"India","uniform",40,52,"Enrolled",90.62
"India","uniform",40,52,"Tested",268.92
"India","uniform",40,53,"Enrolled",107.74
"India","uniform",40,53,"Tested",312.68
"India","uniform",40,54,"Enrolled",86.5
"India","uniform",40,54,"Tested",256.4
"India","uniform",40,55,"Enrolled",102.26
"India","uniform",40,55,"Tested",300.7
"India","uniform",40,56,"Enrolled",116.12
"India","uniform",40,56,"Tested",340.28
"India","uniform",40,57,"Enrolled",96.34
"India","uniform",40,57,"Tested",283.8
"India","uniform",40,58,"Enrolled",78.5
"India","uniform",40,58,"Tested",228.6
"India","uniform",40,59,"Enrolled",93.3
"India","uniform",40,59,"Tested",272.24
"India","uniform",40,60,"Enrolled",95.24
"India","uniform",40,60,"Tested",276.52
"India","uniform",40,61,"Enrolled",83.88
"India","uniform",40,61,"Tested",247.28
"India","uniform",40,62,"Enrolled",115.06
"India","uniform",40,62,"Tested",331.16
"India","uniform",40,63,"Enrolled",100.5
"India","uniform",40,63,"Tested",289.48
"India","uniform",40,64,"Enrolled",106.86
"India","uniform",40,64,"Tested",306.72
"India","uniform",40,65,"Enrolled",102.8
"India","uniform",40,65,"Tested",299.86
"India","uniform",40,66,"Enrolled",99.86
"India","uniform",40,66,"Tested",291.24
"India","uniform",40,67,"Enrolled",89.1
"India","uniform",40,67,"Tested",264.54
"India","uniform",40,68,"Enrolled",82.04
"India","uniform",40,68,"Tested",233.22
"India","uniform",40,69,"Enrolled",80.96
"India","uniform",40,69,"Tested",233.1
"India","uniform",40,70,"Enrolled",99.34
"India","uniform",40,70,"Tested",294.44
"India","uniform",40,71,"Enrolled",86.42
"India","uniform",40,71,"Tested",256.96
"India","uniform",40,72,"Enrolled",79.78
"India","uniform",40,72,"Tested",228.18
"India","uniform",40,73,"Enrolled",86.96
"India","uniform",40,73,"Tested",255.28
"India","uniform",40,74,"Enrolled",92.08
"India","uniform",40,74,"Tested",269.02
"India","uniform",40,75,"Enrolled",94.86
"India","uniform",40,75,"Tested",274.1
"India","uniform",40,76,"Enrolled",102.56
"India","uniform",40,76,"Tested",300.66
"India","uniform",40,77,"Enrolled",81.78
"India","uniform",40,77,"Tested",237.88
"India","uniform",40,78,"Enrolled",91.42
"India","uniform",40,78,"Tested",267.58
"India","uniform",40,79,"Enrolled",108.42
"India","uniform",40,79,"Tested",314.68
"India","uniform",40,80,"Enrolled",100.74
"India","uniform",40,80,"Tested",292.2
"India","uniform",40,81,"Enrolled",85
"India","uniform",40,81,"Tested",250.08
"India","uniform",40,82,"Enrolled",101.86
"India","uniform",40,82,"Tested",294.68
"India","uniform",40,83,"Enrolled",106.82
"India","uniform",40,83,"Tested",308.22
"India","uniform",40,84,"Enrolled",102.82
"India","uniform",40,84,"Tested",299.38
"India","uniform",40,85,"Enrolled",97.64
"India","uniform",40,85,"Tested",283.32
"India","uniform",40,86,"Enrolled",79.18
"India","uniform",40,86,"Tested",231.16
"India","uniform",40,87,"Enrolled",105.54
"India","uniform",40,87,"Tested",307.78
"India","uniform",40,88,"Enrolled",102.94
"India","uniform",40,88,"Tested",300.6
"India","uniform",40,89,"Enrolled",74.84
"India","uniform",40,89,"Tested",220.4
"India","uniform",40,90,"Enrolled",78.84
"India","uniform",40,90,"Tested",231.64
"India","uniform",40,91,"Enrolled",81.54
"India","uniform",40,91,"Tested",236
"India","uniform",40,92,"Enrolled",90.7
"India","uniform",40,92,"Tested",269.86
"India","uniform",40,93,"Enrolled",72.52
"India","uniform",40,93,"Tested",210.64
"India","uniform",40,94,"Enrolled",85.76
"India","uniform",40,94,"Tested",250.04
"India","uniform",40,95,"Enrolled",112.22
"India","uniform",40,95,"Tested",325.98
"India","uniform",40,96,"Enrolled",120.64
"India","uniform",40,96,"Tested",349.76
"India","uniform",40,97,"Enrolled",102.64
"India","uniform",40,97,"Tested",301.46
"India","uniform",40,98,"Enrolled",99.36
"India","uniform",40,98,"Tested",292.08
"India","uniform",40,99,"Enrolled",115.58
"India","uniform",40,99,"Tested",333.86
"India","uniform",40,100,"Enrolled",100.72
"India","uniform",40,100,"Tested",299.82
"India","uniform",45,1,"Enrolled",108.78
"India","uniform",45,1,"Tested",311.22
"India","uniform",45,2,"Enrolled",102.34
"India","uniform",45,2,"Tested",290.8
"India","uniform",45,3,"Enrolled",123.5
"India","uniform",45,3,"Tested",355.58
"India","uniform",45,4,"Enrolled",89.7
"India","uniform",45,4,"Tested",257.52
"India","uniform",45,5,"Enrolled",100.38
"India","uniform",45,5,"Tested",287.14
"India","uniform",45,6,"Enrolled",90.72
"India","uniform",45,6,"Tested",262.34
"India","uniform",45,7,"Enrolled",82.98
"India","uniform",45,7,"Tested",235.24
"India","uniform",45,8,"Enrolled",90.96
"India","uniform",45,8,"Tested",263.58
"India","uniform",45,9,"Enrolled",102.56
"India","uniform",45,9,"Tested",288.06
"India","uniform",45,10,"Enrolled",92.94
"India","uniform",45,10,"Tested",267.08
"India","uniform",45,11,"Enrolled",91.64
"India","uniform",45,11,"Tested",260.08
"India","uniform",45,12,"Enrolled",99.42
"India","uniform",45,12,"Tested",281.98
"India","uniform",45,13,"Enrolled",67.66
"India","uniform",45,13,"Tested",191.52
"India","uniform",45,14,"Enrolled",106.68
"India","uniform",45,14,"Tested",303.72
"India","uniform",45,15,"Enrolled",104.76
"India","uniform",45,15,"Tested",300.34
"India","uniform",45,16,"Enrolled",115.6
"India","uniform",45,16,"Tested",330.18
"India","uniform",45,17,"Enrolled",78.52
"India","uniform",45,17,"Tested",224.66
"India","uniform",45,18,"Enrolled",98.94
"India","uniform",45,18,"Tested",282.68
"India","uniform",45,19,"Enrolled",79.9
"India","uniform",45,19,"Tested",228.38
"India","uniform",45,20,"Enrolled",109.08
"India","uniform",45,20,"Tested",311.92
"India","uniform",45,21,"Enrolled",80.24
"India","uniform",45,21,"Tested",234.6
"India","uniform",45,22,"Enrolled",82.4
"India","uniform",45,22,"Tested",239.72
"India","uniform",45,23,"Enrolled",83.48
"India","uniform",45,23,"Tested",236.6
"India","uniform",45,24,"Enrolled",88.2
"India","uniform",45,24,"Tested",253.38
"India","uniform",45,25,"Enrolled",106.24
"India","uniform",45,25,"Tested",299.52
"India","uniform",45,26,"Enrolled",87.84
"India","uniform",45,26,"Tested",254.24
"India","uniform",45,27,"Enrolled",100.78
"India","uniform",45,27,"Tested",286.38
"India","uniform",45,28,"Enrolled",97.34
"India","uniform",45,28,"Tested",275.06
"India","uniform",45,29,"Enrolled",73.12
"India","uniform",45,29,"Tested",207.64
"India","uniform",45,30,"Enrolled",114.5
"India","uniform",45,30,"Tested",325.06
"India","uniform",45,31,"Enrolled",94.18
"India","uniform",45,31,"Tested",270.14
"India","uniform",45,32,"Enrolled",117.56
"India","uniform",45,32,"Tested",339.96
"India","uniform",45,33,"Enrolled",108.24
"India","uniform",45,33,"Tested",305.82
"India","uniform",45,34,"Enrolled",96.78
"India","uniform",45,34,"Tested",276.74
"India","uniform",45,35,"Enrolled",106.58
"India","uniform",45,35,"Tested",308.96
"India","uniform",45,36,"Enrolled",82.02
"India","uniform",45,36,"Tested",236.04
"India","uniform",45,37,"Enrolled",96.62
"India","uniform",45,37,"Tested",276.46
"India","uniform",45,38,"Enrolled",88.14
"India","uniform",45,38,"Tested",258.94
"India","uniform",45,39,"Enrolled",100.6
"India","uniform",45,39,"Tested",291.72
"India","uniform",45,40,"Enrolled",85.04
"India","uniform",45,40,"Tested",243.94
"India","uniform",45,41,"Enrolled",94.8
"India","uniform",45,41,"Tested",268.02
"India","uniform",45,42,"Enrolled",106.82
"India","uniform",45,42,"Tested",308.18
"India","uniform",45,43,"Enrolled",76.4
"India","uniform",45,43,"Tested",211.72
"India","uniform",45,44,"Enrolled",125.6
"India","uniform",45,44,"Tested",362.38
"India","uniform",45,45,"Enrolled",86.1
"India","uniform",45,45,"Tested",244.54
"India","uniform",45,46,"Enrolled",80.36
"India","uniform",45,46,"Tested",226.94
"India","uniform",45,47,"Enrolled",89.2
"India","uniform",45,47,"Tested",253.52
"India","uniform",45,48,"Enrolled",81.56
"India","uniform",45,48,"Tested",230.14
"India","uniform",45,49,"Enrolled",114.38
"India","uniform",45,49,"Tested",323.54
"India","uniform",45,50,"Enrolled",78.52
"India","uniform",45,50,"Tested",223.68
"India","uniform",45,51,"Enrolled",98.64
"India","uniform",45,51,"Tested",281.46
"India","uniform",45,52,"Enrolled",121.34
"India","uniform",45,52,"Tested",355.04
"India","uniform",45,53,"Enrolled",116.22
"India","uniform",45,53,"Tested",336.32
"India","uniform",45,54,"Enrolled",92.56
"India","uniform",45,54,"Tested",264.92
"India","uniform",45,55,"Enrolled",85.72
"India","uniform",45,55,"Tested",245.78
"India","uniform",45,56,"Enrolled",91.14
"India","uniform",45,56,"Tested",260.82
"India","uniform",45,57,"Enrolled",70.46
"India","uniform",45,57,"Tested",199.08
"India","uniform",45,58,"Enrolled",88.04
"India","uniform",45,58,"Tested",249.54
"India","uniform",45,59,"Enrolled",76.06
"India","uniform",45,59,"Tested",219.9
"India","uniform",45,60,"Enrolled",123.96
"India","uniform",45,60,"Tested",357
"India","uniform",45,61,"Enrolled",77.2
"India","uniform",45,61,"Tested",220.2
"India","uniform",45,62,"Enrolled",97.04
"India","uniform",45,62,"Tested",283.94
"India","uniform",45,63,"Enrolled",96.24
"India","uniform",45,63,"Tested",280.4
"India","uniform",45,64,"Enrolled",75.48
"India","uniform",45,64,"Tested",216.3
"India","uniform",45,65,"Enrolled",80.3
"India","uniform",45,65,"Tested",232.1
"India","uniform",45,66,"Enrolled",92.04
"India","uniform",45,66,"Tested",263.5
"India","uniform",45,67,"Enrolled",125.44
"India","uniform",45,67,"Tested",355.4
"India","uniform",45,68,"Enrolled",84.36
"India","uniform",45,68,"Tested",246.1
"India","uniform",45,69,"Enrolled",121.52
"India","uniform",45,69,"Tested",351.32
"India","uniform",45,70,"Enrolled",111.36
"India","uniform",45,70,"Tested",318.42
"India","uniform",45,71,"Enrolled",88.72
"India","uniform",45,71,"Tested",251.18
"India","uniform",45,72,"Enrolled",118.74
"India","uniform",45,72,"Tested",329.96
"India","uniform",45,73,"Enrolled",102.1
"India","uniform",45,73,"Tested",292.3
"India","uniform",45,74,"Enrolled",89.76
"India","uniform",45,74,"Tested",253.9
"India","uniform",45,75,"Enrolled",81.08
"India","uniform",45,75,"Tested",234.26
"India","uniform",45,76,"Enrolled",82.84
"India","uniform",45,76,"Tested",234.26
"India","uniform",45,77,"Enrolled",94.8
"India","uniform",45,77,"Tested",273.54
"India","uniform",45,78,"Enrolled",101.22
"India","uniform",45,78,"Tested",290.06
"India","uniform",45,79,"Enrolled",91.3
"India","uniform",45,79,"Tested",258.1
"India","uniform",45,80,"Enrolled",100.96
"India","uniform",45,80,"Tested",294.24
"India","uniform",45,81,"Enrolled",107.14
"India","uniform",45,81,"Tested",306.28
"India","uniform",45,82,"Enrolled",94.16
"India","uniform",45,82,"Tested",268.62
"India","uniform",45,83,"Enrolled",125.12
"India","uniform",45,83,"Tested",362.58
"India","uniform",45,84,"Enrolled",107.98
"India","uniform",45,84,"Tested",312.16
"India","uniform",45,85,"Enrolled",98.94
"India","uniform",45,85,"Tested",284.06
"India","uniform",45,86,"Enrolled",95.9
"India","uniform",45,86,"Tested",273.04
"India","uniform",45,87,"Enrolled",110.68
"India","uniform",45,87,"Tested",316.98
"India","uniform",45,88,"Enrolled",116.5
"India","uniform",45,88,"Tested",326.88
"India","uniform",45,89,"Enrolled",105.02
"India","uniform",45,89,"Tested",303.26
"India","uniform",45,90,"Enrolled",105
"India","uniform",45,90,"Tested",304.02
"India","uniform",45,91,"Enrolled",112.68
"India","uniform",45,91,"Tested",320.62
"India","uniform",45,92,"Enrolled",84.88
"India","uniform",45,92,"Tested",238.74
"India","uniform",45,93,"Enrolled",130.58
"India","uniform",45,93,"Tested",370.46
"India","uniform",45,94,"Enrolled",90.1
"India","uniform",45,94,"Tested",259.84
"India","uniform",45,95,"Enrolled",97.68
"India","uniform",45,95,"Tested",280.58
"India","uniform",45,96,"Enrolled",111.84
"India","uniform",45,96,"Tested",323.44
"India","uniform",45,97,"Enrolled",90.26
"India","uniform",45,97,"Tested",256.56
"India","uniform",45,98,"Enrolled",80.66
"India","uniform",45,98,"Tested",232.74
"India","uniform",45,99,"Enrolled",90.84
"India","uniform",45,99,"Tested",260.02
"India","uniform",45,100,"Enrolled",109.4
"India","uniform",45,100,"Tested",310.46
"India","uniform",50,1,"Enrolled",108.16
"India","uniform",50,1,"Tested",308.68
"India","uniform",50,2,"Enrolled",98.4
"India","uniform",50,2,"Tested",280.66
"India","uniform",50,3,"Enrolled",88.72
"India","uniform",50,3,"Tested",252.94
"India","uniform",50,4,"Enrolled",90.18
"India","uniform",50,4,"Tested",256.58
"India","uniform",50,5,"Enrolled",102.36
"India","uniform",50,5,"Tested",289.42
"India","uniform",50,6,"Enrolled",94.72
"India","uniform",50,6,"Tested",268.98
"India","uniform",50,7,"Enrolled",114.76
"India","uniform",50,7,"Tested",332.84
"India","uniform",50,8,"Enrolled",119.02
"India","uniform",50,8,"Tested",341.54
"India","uniform",50,9,"Enrolled",87.46
"India","uniform",50,9,"Tested",252.44
"India","uniform",50,10,"Enrolled",98.86
"India","uniform",50,10,"Tested",288.08
"India","uniform",50,11,"Enrolled",95.56
"India","uniform",50,11,"Tested",271.9
"India","uniform",50,12,"Enrolled",68.08
"India","uniform",50,12,"Tested",193.98
"India","uniform",50,13,"Enrolled",93.16
"India","uniform",50,13,"Tested",263.8
"India","uniform",50,14,"Enrolled",103.4
"India","uniform",50,14,"Tested",298.2
"India","uniform",50,15,"Enrolled",83.68
"India","uniform",50,15,"Tested",239.72
"India","uniform",50,16,"Enrolled",117.74
"India","uniform",50,16,"Tested",336.04
"India","uniform",50,17,"Enrolled",104.8
"India","uniform",50,17,"Tested",300.22
"India","uniform",50,18,"Enrolled",84.14
"India","uniform",50,18,"Tested",241.08
"India","uniform",50,19,"Enrolled",85.7
"India","uniform",50,19,"Tested",241.52
"India","uniform",50,20,"Enrolled",107.22
"India","uniform",50,20,"Tested",305.58
"India","uniform",50,21,"Enrolled",101.32
"India","uniform",50,21,"Tested",290.88
"India","uniform",50,22,"Enrolled",80.56
"India","uniform",50,22,"Tested",228.4
"India","uniform",50,23,"Enrolled",97.98
"India","uniform",50,23,"Tested",280.14
"India","uniform",50,24,"Enrolled",106.14
"India","uniform",50,24,"Tested",303.82
"India","uniform",50,25,"Enrolled",100.54
"India","uniform",50,25,"Tested",286.9
"India","uniform",50,26,"Enrolled",115.2
"India","uniform",50,26,"Tested",328.2
"India","uniform",50,27,"Enrolled",117.4
"India","uniform",50,27,"Tested",335.46
"India","uniform",50,28,"Enrolled",83.8
"India","uniform",50,28,"Tested",242.48
"India","uniform",50,29,"Enrolled",111.66
"India","uniform",50,29,"Tested",320.1
"India","uniform",50,30,"Enrolled",124.54
"India","uniform",50,30,"Tested",354.74
"India","uniform",50,31,"Enrolled",131.44
"India","uniform",50,31,"Tested",368.54
"India","uniform",50,32,"Enrolled",101.6
"India","uniform",50,32,"Tested",287.88
"India","uniform",50,33,"Enrolled",93.12
"India","uniform",50,33,"Tested",258.7
"India","uniform",50,34,"Enrolled",105.12
"India","uniform",50,34,"Tested",295.42
"India","uniform",50,35,"Enrolled",93.4
"India","uniform",50,35,"Tested",257.74
"India","uniform",50,36,"Enrolled",120.92
"India","uniform",50,36,"Tested",346.84
"India","uniform",50,37,"Enrolled",71.34
"India","uniform",50,37,"Tested",203.44
"India","uniform",50,38,"Enrolled",77.28
"India","uniform",50,38,"Tested",218.78
"India","uniform",50,39,"Enrolled",135.96
"India","uniform",50,39,"Tested",383.08
"India","uniform",50,40,"Enrolled",123.2
"India","uniform",50,40,"Tested",353.06
"India","uniform",50,41,"Enrolled",102.5
"India","uniform",50,41,"Tested",293.58
"India","uniform",50,42,"Enrolled",139.16
"India","uniform",50,42,"Tested",394.68
"India","uniform",50,43,"Enrolled",113.72
"India","uniform",50,43,"Tested",325.3
"India","uniform",50,44,"Enrolled",111.92
"India","uniform",50,44,"Tested",316.36
"India","uniform",50,45,"Enrolled",108.62
"India","uniform",50,45,"Tested",305.44
"India","uniform",50,46,"Enrolled",103.74
"India","uniform",50,46,"Tested",290.92
"India","uniform",50,47,"Enrolled",104.68
"India","uniform",50,47,"Tested",295.34
"India","uniform",50,48,"Enrolled",104.96
"India","uniform",50,48,"Tested",292.04
"India","uniform",50,49,"Enrolled",98.28
"India","uniform",50,49,"Tested",275.76
"India","uniform",50,50,"Enrolled",107.88
"India","uniform",50,50,"Tested",306.94
"India","uniform",50,51,"Enrolled",101.34
"India","uniform",50,51,"Tested",292.06
"India","uniform",50,52,"Enrolled",92.76
"India","uniform",50,52,"Tested",263.76
"India","uniform",50,53,"Enrolled",117.24
"India","uniform",50,53,"Tested",334.22
"India","uniform",50,54,"Enrolled",104.48
"India","uniform",50,54,"Tested",297.74
"India","uniform",50,55,"Enrolled",99.02
"India","uniform",50,55,"Tested",277.92
"India","uniform",50,56,"Enrolled",83.8
"India","uniform",50,56,"Tested",236.28
"India","uniform",50,57,"Enrolled",107.8
"India","uniform",50,57,"Tested",309.24
"India","uniform",50,58,"Enrolled",115.72
"India","uniform",50,58,"Tested",327.98
"India","uniform",50,59,"Enrolled",111.04
"India","uniform",50,59,"Tested",317.5
"India","uniform",50,60,"Enrolled",112.68
"India","uniform",50,60,"Tested",320.6
"India","uniform",50,61,"Enrolled",108.1
"India","uniform",50,61,"Tested",304.3
"India","uniform",50,62,"Enrolled",89.4
"India","uniform",50,62,"Tested",256.78
"India","uniform",50,63,"Enrolled",79.94
"India","uniform",50,63,"Tested",226.22
"India","uniform",50,64,"Enrolled",89.84
"India","uniform",50,64,"Tested",254.2
"India","uniform",50,65,"Enrolled",84.66
"India","uniform",50,65,"Tested",241.1
"India","uniform",50,66,"Enrolled",102.36
"India","uniform",50,66,"Tested",291.76
"India","uniform",50,67,"Enrolled",72.04
"India","uniform",50,67,"Tested",203.94
"India","uniform",50,68,"Enrolled",95.6
"India","uniform",50,68,"Tested",271.02
"India","uniform",50,69,"Enrolled",100.96
"India","uniform",50,69,"Tested",283.04
"India","uniform",50,70,"Enrolled",120.58
"India","uniform",50,70,"Tested",336.46
"India","uniform",50,71,"Enrolled",98.86
"India","uniform",50,71,"Tested",285.82
"India","uniform",50,72,"Enrolled",136.36
"India","uniform",50,72,"Tested",386.88
"India","uniform",50,73,"Enrolled",93.82
"India","uniform",50,73,"Tested",262.08
"India","uniform",50,74,"Enrolled",78.3
"India","uniform",50,74,"Tested",222.84
"India","uniform",50,75,"Enrolled",101.2
"India","uniform",50,75,"Tested",286.1
"India","uniform",50,76,"Enrolled",108.86
"India","uniform",50,76,"Tested",312.06
"India","uniform",50,77,"Enrolled",94
"India","uniform",50,77,"Tested",263.34
"India","uniform",50,78,"Enrolled",80.34
"India","uniform",50,78,"Tested",225.76
"India","uniform",50,79,"Enrolled",103.54
"India","uniform",50,79,"Tested",295.02
"India","uniform",50,80,"Enrolled",84.46
"India","uniform",50,80,"Tested",238.92
"India","uniform",50,81,"Enrolled",101.86
"India","uniform",50,81,"Tested",293.22
"India","uniform",50,82,"Enrolled",88.68
"India","uniform",50,82,"Tested",255.74
"India","uniform",50,83,"Enrolled",99.8
"India","uniform",50,83,"Tested",289.48
"India","uniform",50,84,"Enrolled",107.54
"India","uniform",50,84,"Tested",301.14
"India","uniform",50,85,"Enrolled",103.16
"India","uniform",50,85,"Tested",292.5
"India","uniform",50,86,"Enrolled",91.38
"India","uniform",50,86,"Tested",258.4
"India","uniform",50,87,"Enrolled",80.9
"India","uniform",50,87,"Tested",228.56
"India","uniform",50,88,"Enrolled",107.38
"India","uniform",50,88,"Tested",305.6
"India","uniform",50,89,"Enrolled",111.68
"India","uniform",50,89,"Tested",317.46
"India","uniform",50,90,"Enrolled",78.98
"India","uniform",50,90,"Tested",220.96
"India","uniform",50,91,"Enrolled",93.48
"India","uniform",50,91,"Tested",270.46
"India","uniform",50,92,"Enrolled",87.06
"India","uniform",50,92,"Tested",252.02
"India","uniform",50,93,"Enrolled",93.9
"India","uniform",50,93,"Tested",268.22
"India","uniform",50,94,"Enrolled",103.84
"India","uniform",50,94,"Tested",294.86
"India","uniform",50,95,"Enrolled",121.12
"India","uniform",50,95,"Tested",341.42
"India","uniform",50,96,"Enrolled",87.36
"India","uniform",50,96,"Tested",256.08
"India","uniform",50,97,"Enrolled",98.88
"India","uniform",50,97,"Tested",285.12
"India","uniform",50,98,"Enrolled",98.12
"India","uniform",50,98,"Tested",280.3
"India","uniform",50,99,"Enrolled",101.68
"India","uniform",50,99,"Tested",289.08
"India","uniform",50,100,"Enrolled",100.16
"India","uniform",50,100,"Tested",286.06
"India","Vynnycky-1997",0.5,1,"Enrolled",8.9
"India","Vynnycky-1997",0.5,1,"Tested",1311.9
"India","Vynnycky-1997",0.5,2,"Enrolled",9.8
"India","Vynnycky-1997",0.5,2,"Tested",1392.5
"India","Vynnycky-1997",0.5,3,"Enrolled",10.98
"India","Vynnycky-1997",0.5,3,"Tested",1540.86
"India","Vynnycky-1997",0.5,4,"Enrolled",10.16
"India","Vynnycky-1997",0.5,4,"Tested",1431.52
"India","Vynnycky-1997",0.5,5,"Enrolled",10.8
"India","Vynnycky-1997",0.5,5,"Tested",1544.46
"India","Vynnycky-1997",0.5,6,"Enrolled",10.48
"India","Vynnycky-1997",0.5,6,"Tested",1589.1
"India","Vynnycky-1997",0.5,7,"Enrolled",8.9
"India","Vynnycky-1997",0.5,7,"Tested",1242.9
"India","Vynnycky-1997",0.5,8,"Enrolled",10.84
"India","Vynnycky-1997",0.5,8,"Tested",1503.78
"India","Vynnycky-1997",0.5,9,"Enrolled",9.12
"India","Vynnycky-1997",0.5,9,"Tested",1288
"India","Vynnycky-1997",0.5,10,"Enrolled",9.36
"India","Vynnycky-1997",0.5,10,"Tested",1393.58
"India","Vynnycky-1997",0.5,11,"Enrolled",9.94
"India","Vynnycky-1997",0.5,11,"Tested",1485.02
"India","Vynnycky-1997",0.5,12,"Enrolled",8.5
"India","Vynnycky-1997",0.5,12,"Tested",1284.74
"India","Vynnycky-1997",0.5,13,"Enrolled",10.1
"India","Vynnycky-1997",0.5,13,"Tested",1486.94
"India","Vynnycky-1997",0.5,14,"Enrolled",12.9
"India","Vynnycky-1997",0.5,14,"Tested",1866.36
"India","Vynnycky-1997",0.5,15,"Enrolled",9.38
"India","Vynnycky-1997",0.5,15,"Tested",1316.56
"India","Vynnycky-1997",0.5,16,"Enrolled",9.72
"India","Vynnycky-1997",0.5,16,"Tested",1408.4
"India","Vynnycky-1997",0.5,17,"Enrolled",10.9
"India","Vynnycky-1997",0.5,17,"Tested",1613.92
"India","Vynnycky-1997",0.5,18,"Enrolled",10.32
"India","Vynnycky-1997",0.5,18,"Tested",1621.66
"India","Vynnycky-1997",0.5,19,"Enrolled",8.7
"India","Vynnycky-1997",0.5,19,"Tested",1271.2
"India","Vynnycky-1997",0.5,20,"Enrolled",9.5
"India","Vynnycky-1997",0.5,20,"Tested",1240.3
"India","Vynnycky-1997",0.5,21,"Enrolled",12.74
"India","Vynnycky-1997",0.5,21,"Tested",1846.84
"India","Vynnycky-1997",0.5,22,"Enrolled",10.26
"India","Vynnycky-1997",0.5,22,"Tested",1528.64
"India","Vynnycky-1997",0.5,23,"Enrolled",10
"India","Vynnycky-1997",0.5,23,"Tested",1479.18
"India","Vynnycky-1997",0.5,24,"Enrolled",11.3
"India","Vynnycky-1997",0.5,24,"Tested",1708.48
"India","Vynnycky-1997",0.5,25,"Enrolled",10.76
"India","Vynnycky-1997",0.5,25,"Tested",1532.5
"India","Vynnycky-1997",0.5,26,"Enrolled",9.36
"India","Vynnycky-1997",0.5,26,"Tested",1300.08
"India","Vynnycky-1997",0.5,27,"Enrolled",11.16
"India","Vynnycky-1997",0.5,27,"Tested",1794.2
"India","Vynnycky-1997",0.5,28,"Enrolled",12.04
"India","Vynnycky-1997",0.5,28,"Tested",1864.32
"India","Vynnycky-1997",0.5,29,"Enrolled",7.78
"India","Vynnycky-1997",0.5,29,"Tested",1064.4
"India","Vynnycky-1997",0.5,30,"Enrolled",10.44
"India","Vynnycky-1997",0.5,30,"Tested",1528.32
"India","Vynnycky-1997",0.5,31,"Enrolled",9.38
"India","Vynnycky-1997",0.5,31,"Tested",1269.3
"India","Vynnycky-1997",0.5,32,"Enrolled",8.88
"India","Vynnycky-1997",0.5,32,"Tested",1191.88
"India","Vynnycky-1997",0.5,33,"Enrolled",11.22
"India","Vynnycky-1997",0.5,33,"Tested",1591.98
"India","Vynnycky-1997",0.5,34,"Enrolled",10.14
"India","Vynnycky-1997",0.5,34,"Tested",1424.96
"India","Vynnycky-1997",0.5,35,"Enrolled",13
"India","Vynnycky-1997",0.5,35,"Tested",1932.82
"India","Vynnycky-1997",0.5,36,"Enrolled",7.94
"India","Vynnycky-1997",0.5,36,"Tested",1100.72
"India","Vynnycky-1997",0.5,37,"Enrolled",10.32
"India","Vynnycky-1997",0.5,37,"Tested",1400.18
"India","Vynnycky-1997",0.5,38,"Enrolled",7.84
"India","Vynnycky-1997",0.5,38,"Tested",1198.1
"India","Vynnycky-1997",0.5,39,"Enrolled",8.84
"India","Vynnycky-1997",0.5,39,"Tested",1283.92
"India","Vynnycky-1997",0.5,40,"Enrolled",9.66
"India","Vynnycky-1997",0.5,40,"Tested",1395.62
"India","Vynnycky-1997",0.5,41,"Enrolled",8.86
"India","Vynnycky-1997",0.5,41,"Tested",1375.9
"India","Vynnycky-1997",0.5,42,"Enrolled",9.56
"India","Vynnycky-1997",0.5,42,"Tested",1342.7
"India","Vynnycky-1997",0.5,43,"Enrolled",11.22
"India","Vynnycky-1997",0.5,43,"Tested",1654.3
"India","Vynnycky-1997",0.5,44,"Enrolled",11.44
"India","Vynnycky-1997",0.5,44,"Tested",1540.18
"India","Vynnycky-1997",0.5,45,"Enrolled",10.32
"India","Vynnycky-1997",0.5,45,"Tested",1545.02
"India","Vynnycky-1997",0.5,46,"Enrolled",11.06
"India","Vynnycky-1997",0.5,46,"Tested",1769.58
"India","Vynnycky-1997",0.5,47,"Enrolled",11.22
"India","Vynnycky-1997",0.5,47,"Tested",1443.32
"India","Vynnycky-1997",0.5,48,"Enrolled",10.4
"India","Vynnycky-1997",0.5,48,"Tested",1425.64
"India","Vynnycky-1997",0.5,49,"Enrolled",10
"India","Vynnycky-1997",0.5,49,"Tested",1387.8
"India","Vynnycky-1997",0.5,50,"Enrolled",8.9
"India","Vynnycky-1997",0.5,50,"Tested",1290
"India","Vynnycky-1997",0.5,51,"Enrolled",9.7
"India","Vynnycky-1997",0.5,51,"Tested",1399.96
"India","Vynnycky-1997",0.5,52,"Enrolled",9.04
"India","Vynnycky-1997",0.5,52,"Tested",1380.04
"India","Vynnycky-1997",0.5,53,"Enrolled",8.98
"India","Vynnycky-1997",0.5,53,"Tested",1267.96
"India","Vynnycky-1997",0.5,54,"Enrolled",8.92
"India","Vynnycky-1997",0.5,54,"Tested",1265.72
"India","Vynnycky-1997",0.5,55,"Enrolled",11.04
"India","Vynnycky-1997",0.5,55,"Tested",1584.24
"India","Vynnycky-1997",0.5,56,"Enrolled",10.46
"India","Vynnycky-1997",0.5,56,"Tested",1434.12
"India","Vynnycky-1997",0.5,57,"Enrolled",12.06
"India","Vynnycky-1997",0.5,57,"Tested",1773.02
"India","Vynnycky-1997",0.5,58,"Enrolled",10.94
"India","Vynnycky-1997",0.5,58,"Tested",1580.06
"India","Vynnycky-1997",0.5,59,"Enrolled",12.5
"India","Vynnycky-1997",0.5,59,"Tested",1796.46
"India","Vynnycky-1997",0.5,60,"Enrolled",11.02
"India","Vynnycky-1997",0.5,60,"Tested",1655.58
"India","Vynnycky-1997",0.5,61,"Enrolled",9.74
"India","Vynnycky-1997",0.5,61,"Tested",1364.52
"India","Vynnycky-1997",0.5,62,"Enrolled",8.1
"India","Vynnycky-1997",0.5,62,"Tested",1224.36
"India","Vynnycky-1997",0.5,63,"Enrolled",10.9
"India","Vynnycky-1997",0.5,63,"Tested",1511.26
"India","Vynnycky-1997",0.5,64,"Enrolled",12.04
"India","Vynnycky-1997",0.5,64,"Tested",1850.12
"India","Vynnycky-1997",0.5,65,"Enrolled",10.24
"India","Vynnycky-1997",0.5,65,"Tested",1449.24
"India","Vynnycky-1997",0.5,66,"Enrolled",7.68
"India","Vynnycky-1997",0.5,66,"Tested",1132.18
"India","Vynnycky-1997",0.5,67,"Enrolled",11.86
"India","Vynnycky-1997",0.5,67,"Tested",1575.72
"India","Vynnycky-1997",0.5,68,"Enrolled",8.74
"India","Vynnycky-1997",0.5,68,"Tested",1275.88
"India","Vynnycky-1997",0.5,69,"Enrolled",9.68
"India","Vynnycky-1997",0.5,69,"Tested",1358.84
"India","Vynnycky-1997",0.5,70,"Enrolled",9.7
"India","Vynnycky-1997",0.5,70,"Tested",1397.52
"India","Vynnycky-1997",0.5,71,"Enrolled",13.6
"India","Vynnycky-1997",0.5,71,"Tested",2066.46
"India","Vynnycky-1997",0.5,72,"Enrolled",10.14
"India","Vynnycky-1997",0.5,72,"Tested",1497.38
"India","Vynnycky-1997",0.5,73,"Enrolled",9.88
"India","Vynnycky-1997",0.5,73,"Tested",1306.16
"India","Vynnycky-1997",0.5,74,"Enrolled",9.28
"India","Vynnycky-1997",0.5,74,"Tested",1388.5
"India","Vynnycky-1997",0.5,75,"Enrolled",10.7
"India","Vynnycky-1997",0.5,75,"Tested",1493.98
"India","Vynnycky-1997",0.5,76,"Enrolled",11.34
"India","Vynnycky-1997",0.5,76,"Tested",1709.92
"India","Vynnycky-1997",0.5,77,"Enrolled",11.1
"India","Vynnycky-1997",0.5,77,"Tested",1735.7
"India","Vynnycky-1997",0.5,78,"Enrolled",9.58
"India","Vynnycky-1997",0.5,78,"Tested",1376.78
"India","Vynnycky-1997",0.5,79,"Enrolled",13.5
"India","Vynnycky-1997",0.5,79,"Tested",1863.7
"India","Vynnycky-1997",0.5,80,"Enrolled",11.06
"India","Vynnycky-1997",0.5,80,"Tested",1653.4
"India","Vynnycky-1997",0.5,81,"Enrolled",9.32
"India","Vynnycky-1997",0.5,81,"Tested",1430.58
"India","Vynnycky-1997",0.5,82,"Enrolled",11.32
"India","Vynnycky-1997",0.5,82,"Tested",1664.14
"India","Vynnycky-1997",0.5,83,"Enrolled",10.4
"India","Vynnycky-1997",0.5,83,"Tested",1534.04
"India","Vynnycky-1997",0.5,84,"Enrolled",9.44
"India","Vynnycky-1997",0.5,84,"Tested",1393.74
"India","Vynnycky-1997",0.5,85,"Enrolled",8.68
"India","Vynnycky-1997",0.5,85,"Tested",1199.22
"India","Vynnycky-1997",0.5,86,"Enrolled",9.14
"India","Vynnycky-1997",0.5,86,"Tested",1245.8
"India","Vynnycky-1997",0.5,87,"Enrolled",9.16
"India","Vynnycky-1997",0.5,87,"Tested",1313
"India","Vynnycky-1997",0.5,88,"Enrolled",9.26
"India","Vynnycky-1997",0.5,88,"Tested",1254.64
"India","Vynnycky-1997",0.5,89,"Enrolled",10.6
"India","Vynnycky-1997",0.5,89,"Tested",1512.08
"India","Vynnycky-1997",0.5,90,"Enrolled",11.44
"India","Vynnycky-1997",0.5,90,"Tested",1620.44
"India","Vynnycky-1997",0.5,91,"Enrolled",9.98
"India","Vynnycky-1997",0.5,91,"Tested",1583.78
"India","Vynnycky-1997",0.5,92,"Enrolled",8.7
"India","Vynnycky-1997",0.5,92,"Tested",1150.04
"India","Vynnycky-1997",0.5,93,"Enrolled",9.98
"India","Vynnycky-1997",0.5,93,"Tested",1554.56
"India","Vynnycky-1997",0.5,94,"Enrolled",9.94
"India","Vynnycky-1997",0.5,94,"Tested",1457.78
"India","Vynnycky-1997",0.5,95,"Enrolled",10.7
"India","Vynnycky-1997",0.5,95,"Tested",1616.28
"India","Vynnycky-1997",0.5,96,"Enrolled",11.54
"India","Vynnycky-1997",0.5,96,"Tested",1592.38
"India","Vynnycky-1997",0.5,97,"Enrolled",10.12
"India","Vynnycky-1997",0.5,97,"Tested",1386.18
"India","Vynnycky-1997",0.5,98,"Enrolled",11.66
"India","Vynnycky-1997",0.5,98,"Tested",1661.82
"India","Vynnycky-1997",0.5,99,"Enrolled",7.94
"India","Vynnycky-1997",0.5,99,"Tested",1155.78
"India","Vynnycky-1997",0.5,100,"Enrolled",10.44
"India","Vynnycky-1997",0.5,100,"Tested",1432.52
"India","Vynnycky-1997",1,1,"Enrolled",14
"India","Vynnycky-1997",1,1,"Tested",1041.66
"India","Vynnycky-1997",1,2,"Enrolled",12.82
"India","Vynnycky-1997",1,2,"Tested",1010.26
"India","Vynnycky-1997",1,3,"Enrolled",11.78
"India","Vynnycky-1997",1,3,"Tested",902.86
"India","Vynnycky-1997",1,4,"Enrolled",14.72
"India","Vynnycky-1997",1,4,"Tested",1094.36
"India","Vynnycky-1997",1,5,"Enrolled",11.58
"India","Vynnycky-1997",1,5,"Tested",894.92
"India","Vynnycky-1997",1,6,"Enrolled",10.92
"India","Vynnycky-1997",1,6,"Tested",826.42
"India","Vynnycky-1997",1,7,"Enrolled",12.02
"India","Vynnycky-1997",1,7,"Tested",955.8
"India","Vynnycky-1997",1,8,"Enrolled",9.54
"India","Vynnycky-1997",1,8,"Tested",784.64
"India","Vynnycky-1997",1,9,"Enrolled",13.18
"India","Vynnycky-1997",1,9,"Tested",974.08
"India","Vynnycky-1997",1,10,"Enrolled",10.4
"India","Vynnycky-1997",1,10,"Tested",771.98
"India","Vynnycky-1997",1,11,"Enrolled",10.06
"India","Vynnycky-1997",1,11,"Tested",772.84
"India","Vynnycky-1997",1,12,"Enrolled",14.62
"India","Vynnycky-1997",1,12,"Tested",1128.56
"India","Vynnycky-1997",1,13,"Enrolled",11.9
"India","Vynnycky-1997",1,13,"Tested",900.22
"India","Vynnycky-1997",1,14,"Enrolled",16.68
"India","Vynnycky-1997",1,14,"Tested",1344.18
"India","Vynnycky-1997",1,15,"Enrolled",14.02
"India","Vynnycky-1997",1,15,"Tested",979
"India","Vynnycky-1997",1,16,"Enrolled",10.28
"India","Vynnycky-1997",1,16,"Tested",807.02
"India","Vynnycky-1997",1,17,"Enrolled",11.36
"India","Vynnycky-1997",1,17,"Tested",867.4
"India","Vynnycky-1997",1,18,"Enrolled",15.6
"India","Vynnycky-1997",1,18,"Tested",1177.48
"India","Vynnycky-1997",1,19,"Enrolled",13.92
"India","Vynnycky-1997",1,19,"Tested",1048
"India","Vynnycky-1997",1,20,"Enrolled",14.5
"India","Vynnycky-1997",1,20,"Tested",1075.26
"India","Vynnycky-1997",1,21,"Enrolled",15.24
"India","Vynnycky-1997",1,21,"Tested",1220.22
"India","Vynnycky-1997",1,22,"Enrolled",11
"India","Vynnycky-1997",1,22,"Tested",894.26
"India","Vynnycky-1997",1,23,"Enrolled",10.52
"India","Vynnycky-1997",1,23,"Tested",791.48
"India","Vynnycky-1997",1,24,"Enrolled",12.76
"India","Vynnycky-1997",1,24,"Tested",1016.3
"India","Vynnycky-1997",1,25,"Enrolled",11.2
"India","Vynnycky-1997",1,25,"Tested",885.36
"India","Vynnycky-1997",1,26,"Enrolled",13.08
"India","Vynnycky-1997",1,26,"Tested",957.78
"India","Vynnycky-1997",1,27,"Enrolled",12.28
"India","Vynnycky-1997",1,27,"Tested",1026.76
"India","Vynnycky-1997",1,28,"Enrolled",12.7
"India","Vynnycky-1997",1,28,"Tested",896.64
"India","Vynnycky-1997",1,29,"Enrolled",12
"India","Vynnycky-1997",1,29,"Tested",958.86
"India","Vynnycky-1997",1,30,"Enrolled",16.22
"India","Vynnycky-1997",1,30,"Tested",1156.8
"India","Vynnycky-1997",1,31,"Enrolled",17.32
"India","Vynnycky-1997",1,31,"Tested",1327.9
"India","Vynnycky-1997",1,32,"Enrolled",16.64
"India","Vynnycky-1997",1,32,"Tested",1377.58
"India","Vynnycky-1997",1,33,"Enrolled",13
"India","Vynnycky-1997",1,33,"Tested",1019.84
"India","Vynnycky-1997",1,34,"Enrolled",13.24
"India","Vynnycky-1997",1,34,"Tested",950.06
"India","Vynnycky-1997",1,35,"Enrolled",12.48
"India","Vynnycky-1997",1,35,"Tested",966.48
"India","Vynnycky-1997",1,36,"Enrolled",8.58
"India","Vynnycky-1997",1,36,"Tested",646.16
"India","Vynnycky-1997",1,37,"Enrolled",14.48
"India","Vynnycky-1997",1,37,"Tested",1069.52
"India","Vynnycky-1997",1,38,"Enrolled",13.64
"India","Vynnycky-1997",1,38,"Tested",1107.44
"India","Vynnycky-1997",1,39,"Enrolled",9.6
"India","Vynnycky-1997",1,39,"Tested",679.46
"India","Vynnycky-1997",1,40,"Enrolled",11.36
"India","Vynnycky-1997",1,40,"Tested",875.44
"India","Vynnycky-1997",1,41,"Enrolled",10.42
"India","Vynnycky-1997",1,41,"Tested",823.16
"India","Vynnycky-1997",1,42,"Enrolled",13.1
"India","Vynnycky-1997",1,42,"Tested",1028.56
"India","Vynnycky-1997",1,43,"Enrolled",16.36
"India","Vynnycky-1997",1,43,"Tested",1228.66
"India","Vynnycky-1997",1,44,"Enrolled",10.5
"India","Vynnycky-1997",1,44,"Tested",790.9
"India","Vynnycky-1997",1,45,"Enrolled",15
"India","Vynnycky-1997",1,45,"Tested",1095.42
"India","Vynnycky-1997",1,46,"Enrolled",12.74
"India","Vynnycky-1997",1,46,"Tested",949.34
"India","Vynnycky-1997",1,47,"Enrolled",13.02
"India","Vynnycky-1997",1,47,"Tested",1039.34
"India","Vynnycky-1997",1,48,"Enrolled",16.46
"India","Vynnycky-1997",1,48,"Tested",1225.68
"India","Vynnycky-1997",1,49,"Enrolled",12.06
"India","Vynnycky-1997",1,49,"Tested",929.68
"India","Vynnycky-1997",1,50,"Enrolled",11.4
"India","Vynnycky-1997",1,50,"Tested",830.3
"India","Vynnycky-1997",1,51,"Enrolled",17.58
"India","Vynnycky-1997",1,51,"Tested",1301.92
"India","Vynnycky-1997",1,52,"Enrolled",14.48
"India","Vynnycky-1997",1,52,"Tested",1141.98
"India","Vynnycky-1997",1,53,"Enrolled",15.1
"India","Vynnycky-1997",1,53,"Tested",1174.54
"India","Vynnycky-1997",1,54,"Enrolled",10.86
"India","Vynnycky-1997",1,54,"Tested",817.62
"India","Vynnycky-1997",1,55,"Enrolled",11.8
"India","Vynnycky-1997",1,55,"Tested",872.44
"India","Vynnycky-1997",1,56,"Enrolled",12.6
"India","Vynnycky-1997",1,56,"Tested",981.7
"India","Vynnycky-1997",1,57,"Enrolled",11.38
"India","Vynnycky-1997",1,57,"Tested",913.54
"India","Vynnycky-1997",1,58,"Enrolled",14.44
"India","Vynnycky-1997",1,58,"Tested",1086.18
"India","Vynnycky-1997",1,59,"Enrolled",13.34
"India","Vynnycky-1997",1,59,"Tested",1022.12
"India","Vynnycky-1997",1,60,"Enrolled",9.1
"India","Vynnycky-1997",1,60,"Tested",748.44
"India","Vynnycky-1997",1,61,"Enrolled",13.04
"India","Vynnycky-1997",1,61,"Tested",1042.48
"India","Vynnycky-1997",1,62,"Enrolled",11.54
"India","Vynnycky-1997",1,62,"Tested",929.52
"India","Vynnycky-1997",1,63,"Enrolled",12.36
"India","Vynnycky-1997",1,63,"Tested",971.44
"India","Vynnycky-1997",1,64,"Enrolled",12.78
"India","Vynnycky-1997",1,64,"Tested",976.26
"India","Vynnycky-1997",1,65,"Enrolled",12.82
"India","Vynnycky-1997",1,65,"Tested",1028.26
"India","Vynnycky-1997",1,66,"Enrolled",15.46
"India","Vynnycky-1997",1,66,"Tested",1173.68
"India","Vynnycky-1997",1,67,"Enrolled",11.62
"India","Vynnycky-1997",1,67,"Tested",778.92
"India","Vynnycky-1997",1,68,"Enrolled",11.08
"India","Vynnycky-1997",1,68,"Tested",895.48
"India","Vynnycky-1997",1,69,"Enrolled",15.44
"India","Vynnycky-1997",1,69,"Tested",1194.74
"India","Vynnycky-1997",1,70,"Enrolled",13.96
"India","Vynnycky-1997",1,70,"Tested",1059.14
"India","Vynnycky-1997",1,71,"Enrolled",14.24
"India","Vynnycky-1997",1,71,"Tested",1140.32
"India","Vynnycky-1997",1,72,"Enrolled",16.38
"India","Vynnycky-1997",1,72,"Tested",1303.54
"India","Vynnycky-1997",1,73,"Enrolled",13.22
"India","Vynnycky-1997",1,73,"Tested",975.86
"India","Vynnycky-1997",1,74,"Enrolled",13.78
"India","Vynnycky-1997",1,74,"Tested",1100.04
"India","Vynnycky-1997",1,75,"Enrolled",10.6
"India","Vynnycky-1997",1,75,"Tested",768.82
"India","Vynnycky-1997",1,76,"Enrolled",10.82
"India","Vynnycky-1997",1,76,"Tested",893.9
"India","Vynnycky-1997",1,77,"Enrolled",15.84
"India","Vynnycky-1997",1,77,"Tested",1253.8
"India","Vynnycky-1997",1,78,"Enrolled",12.52
"India","Vynnycky-1997",1,78,"Tested",952.44
"India","Vynnycky-1997",1,79,"Enrolled",14.42
"India","Vynnycky-1997",1,79,"Tested",1156.9
"India","Vynnycky-1997",1,80,"Enrolled",13.12
"India","Vynnycky-1997",1,80,"Tested",1023.14
"India","Vynnycky-1997",1,81,"Enrolled",10.84
"India","Vynnycky-1997",1,81,"Tested",881.52
"India","Vynnycky-1997",1,82,"Enrolled",14.6
"India","Vynnycky-1997",1,82,"Tested",1107.82
"India","Vynnycky-1997",1,83,"Enrolled",13.94
"India","Vynnycky-1997",1,83,"Tested",1072.6
"India","Vynnycky-1997",1,84,"Enrolled",11.42
"India","Vynnycky-1997",1,84,"Tested",863.8
"India","Vynnycky-1997",1,85,"Enrolled",12.22
"India","Vynnycky-1997",1,85,"Tested",922.78
"India","Vynnycky-1997",1,86,"Enrolled",12.9
"India","Vynnycky-1997",1,86,"Tested",978.56
"India","Vynnycky-1997",1,87,"Enrolled",15.54
"India","Vynnycky-1997",1,87,"Tested",1162.12
"India","Vynnycky-1997",1,88,"Enrolled",11.44
"India","Vynnycky-1997",1,88,"Tested",903.38
"India","Vynnycky-1997",1,89,"Enrolled",14.76
"India","Vynnycky-1997",1,89,"Tested",1100.22
"India","Vynnycky-1997",1,90,"Enrolled",14.02
"India","Vynnycky-1997",1,90,"Tested",1070
"India","Vynnycky-1997",1,91,"Enrolled",12.42
"India","Vynnycky-1997",1,91,"Tested",859.96
"India","Vynnycky-1997",1,92,"Enrolled",14.56
"India","Vynnycky-1997",1,92,"Tested",1125.78
"India","Vynnycky-1997",1,93,"Enrolled",10.88
"India","Vynnycky-1997",1,93,"Tested",795.74
"India","Vynnycky-1997",1,94,"Enrolled",9.78
"India","Vynnycky-1997",1,94,"Tested",759.34
"India","Vynnycky-1997",1,95,"Enrolled",11.72
"India","Vynnycky-1997",1,95,"Tested",927.7
"India","Vynnycky-1997",1,96,"Enrolled",14.44
"India","Vynnycky-1997",1,96,"Tested",1151.54
"India","Vynnycky-1997",1,97,"Enrolled",15.84
"India","Vynnycky-1997",1,97,"Tested",1252.34
"India","Vynnycky-1997",1,98,"Enrolled",10.9
"India","Vynnycky-1997",1,98,"Tested",808.58
"India","Vynnycky-1997",1,99,"Enrolled",11.82
"India","Vynnycky-1997",1,99,"Tested",892
"India","Vynnycky-1997",1,100,"Enrolled",15.46
"India","Vynnycky-1997",1,100,"Tested",1179.58
"India","Vynnycky-1997",2,1,"Enrolled",17.02
"India","Vynnycky-1997",2,1,"Tested",719.58
"India","Vynnycky-1997",2,2,"Enrolled",21.76
"India","Vynnycky-1997",2,2,"Tested",884.54
"India","Vynnycky-1997",2,3,"Enrolled",20.1
"India","Vynnycky-1997",2,3,"Tested",823.98
"India","Vynnycky-1997",2,4,"Enrolled",13.84
"India","Vynnycky-1997",2,4,"Tested",581.74
"India","Vynnycky-1997",2,5,"Enrolled",18.04
"India","Vynnycky-1997",2,5,"Tested",761.22
"India","Vynnycky-1997",2,6,"Enrolled",20.44
"India","Vynnycky-1997",2,6,"Tested",853.16
"India","Vynnycky-1997",2,7,"Enrolled",20.08
"India","Vynnycky-1997",2,7,"Tested",807.66
"India","Vynnycky-1997",2,8,"Enrolled",18.14
"India","Vynnycky-1997",2,8,"Tested",710.74
"India","Vynnycky-1997",2,9,"Enrolled",23.86
"India","Vynnycky-1997",2,9,"Tested",987.48
"India","Vynnycky-1997",2,10,"Enrolled",15.42
"India","Vynnycky-1997",2,10,"Tested",619.78
"India","Vynnycky-1997",2,11,"Enrolled",17.64
"India","Vynnycky-1997",2,11,"Tested",708.04
"India","Vynnycky-1997",2,12,"Enrolled",19.68
"India","Vynnycky-1997",2,12,"Tested",850.32
"India","Vynnycky-1997",2,13,"Enrolled",18.78
"India","Vynnycky-1997",2,13,"Tested",802.84
"India","Vynnycky-1997",2,14,"Enrolled",19.02
"India","Vynnycky-1997",2,14,"Tested",798.4
"India","Vynnycky-1997",2,15,"Enrolled",21.14
"India","Vynnycky-1997",2,15,"Tested",850.62
"India","Vynnycky-1997",2,16,"Enrolled",18.3
"India","Vynnycky-1997",2,16,"Tested",746.52
"India","Vynnycky-1997",2,17,"Enrolled",15.04
"India","Vynnycky-1997",2,17,"Tested",582.98
"India","Vynnycky-1997",2,18,"Enrolled",18.04
"India","Vynnycky-1997",2,18,"Tested",738.56
"India","Vynnycky-1997",2,19,"Enrolled",18.04
"India","Vynnycky-1997",2,19,"Tested",767.54
"India","Vynnycky-1997",2,20,"Enrolled",20.72
"India","Vynnycky-1997",2,20,"Tested",836.68
"India","Vynnycky-1997",2,21,"Enrolled",17.68
"India","Vynnycky-1997",2,21,"Tested",723.88
"India","Vynnycky-1997",2,22,"Enrolled",20.06
"India","Vynnycky-1997",2,22,"Tested",844.26
"India","Vynnycky-1997",2,23,"Enrolled",21
"India","Vynnycky-1997",2,23,"Tested",844.88
"India","Vynnycky-1997",2,24,"Enrolled",19.7
"India","Vynnycky-1997",2,24,"Tested",810.34
"India","Vynnycky-1997",2,25,"Enrolled",15.98
"India","Vynnycky-1997",2,25,"Tested",651.82
"India","Vynnycky-1997",2,26,"Enrolled",16.62
"India","Vynnycky-1997",2,26,"Tested",678.22
"India","Vynnycky-1997",2,27,"Enrolled",20.52
"India","Vynnycky-1997",2,27,"Tested",821.24
"India","Vynnycky-1997",2,28,"Enrolled",20.58
"India","Vynnycky-1997",2,28,"Tested",890.86
"India","Vynnycky-1997",2,29,"Enrolled",17.74
"India","Vynnycky-1997",2,29,"Tested",718.76
"India","Vynnycky-1997",2,30,"Enrolled",21.84
"India","Vynnycky-1997",2,30,"Tested",874.9
"India","Vynnycky-1997",2,31,"Enrolled",17.94
"India","Vynnycky-1997",2,31,"Tested",748.54
"India","Vynnycky-1997",2,32,"Enrolled",21.64
"India","Vynnycky-1997",2,32,"Tested",941.26
"India","Vynnycky-1997",2,33,"Enrolled",20.82
"India","Vynnycky-1997",2,33,"Tested",847.82
"India","Vynnycky-1997",2,34,"Enrolled",21.3
"India","Vynnycky-1997",2,34,"Tested",849.14
"India","Vynnycky-1997",2,35,"Enrolled",20.38
"India","Vynnycky-1997",2,35,"Tested",860.12
"India","Vynnycky-1997",2,36,"Enrolled",22.5
"India","Vynnycky-1997",2,36,"Tested",917
"India","Vynnycky-1997",2,37,"Enrolled",20.96
"India","Vynnycky-1997",2,37,"Tested",812.86
"India","Vynnycky-1997",2,38,"Enrolled",17
"India","Vynnycky-1997",2,38,"Tested",699.4
"India","Vynnycky-1997",2,39,"Enrolled",17.74
"India","Vynnycky-1997",2,39,"Tested",717.66
"India","Vynnycky-1997",2,40,"Enrolled",18.7
"India","Vynnycky-1997",2,40,"Tested",731.56
"India","Vynnycky-1997",2,41,"Enrolled",14.38
"India","Vynnycky-1997",2,41,"Tested",581.06
"India","Vynnycky-1997",2,42,"Enrolled",21.18
"India","Vynnycky-1997",2,42,"Tested",865.38
"India","Vynnycky-1997",2,43,"Enrolled",17.5
"India","Vynnycky-1997",2,43,"Tested",673.92
"India","Vynnycky-1997",2,44,"Enrolled",13.98
"India","Vynnycky-1997",2,44,"Tested",588.2
"India","Vynnycky-1997",2,45,"Enrolled",18.9
"India","Vynnycky-1997",2,45,"Tested",757.34
"India","Vynnycky-1997",2,46,"Enrolled",17.22
"India","Vynnycky-1997",2,46,"Tested",689.6
"India","Vynnycky-1997",2,47,"Enrolled",23.24
"India","Vynnycky-1997",2,47,"Tested",940.44
"India","Vynnycky-1997",2,48,"Enrolled",15.6
"India","Vynnycky-1997",2,48,"Tested",640.06
"India","Vynnycky-1997",2,49,"Enrolled",21.26
"India","Vynnycky-1997",2,49,"Tested",879.84
"India","Vynnycky-1997",2,50,"Enrolled",16.16
"India","Vynnycky-1997",2,50,"Tested",679.78
"India","Vynnycky-1997",2,51,"Enrolled",14.76
"India","Vynnycky-1997",2,51,"Tested",573.52
"India","Vynnycky-1997",2,52,"Enrolled",18
"India","Vynnycky-1997",2,52,"Tested",722.78
"India","Vynnycky-1997",2,53,"Enrolled",17.56
"India","Vynnycky-1997",2,53,"Tested",689.78
"India","Vynnycky-1997",2,54,"Enrolled",18.7
"India","Vynnycky-1997",2,54,"Tested",759.06
"India","Vynnycky-1997",2,55,"Enrolled",18.36
"India","Vynnycky-1997",2,55,"Tested",718.6
"India","Vynnycky-1997",2,56,"Enrolled",22.64
"India","Vynnycky-1997",2,56,"Tested",876.42
"India","Vynnycky-1997",2,57,"Enrolled",20.36
"India","Vynnycky-1997",2,57,"Tested",805.46
"India","Vynnycky-1997",2,58,"Enrolled",15.32
"India","Vynnycky-1997",2,58,"Tested",636.34
"India","Vynnycky-1997",2,59,"Enrolled",18.3
"India","Vynnycky-1997",2,59,"Tested",757
"India","Vynnycky-1997",2,60,"Enrolled",21.64
"India","Vynnycky-1997",2,60,"Tested",907.08
"India","Vynnycky-1997",2,61,"Enrolled",19.82
"India","Vynnycky-1997",2,61,"Tested",767.34
"India","Vynnycky-1997",2,62,"Enrolled",19.4
"India","Vynnycky-1997",2,62,"Tested",796.12
"India","Vynnycky-1997",2,63,"Enrolled",22.18
"India","Vynnycky-1997",2,63,"Tested",926.24
"India","Vynnycky-1997",2,64,"Enrolled",19.92
"India","Vynnycky-1997",2,64,"Tested",818.62
"India","Vynnycky-1997",2,65,"Enrolled",20.9
"India","Vynnycky-1997",2,65,"Tested",861.92
"India","Vynnycky-1997",2,66,"Enrolled",15.54
"India","Vynnycky-1997",2,66,"Tested",645.82
"India","Vynnycky-1997",2,67,"Enrolled",18.82
"India","Vynnycky-1997",2,67,"Tested",774.52
"India","Vynnycky-1997",2,68,"Enrolled",19.82
"India","Vynnycky-1997",2,68,"Tested",790.08
"India","Vynnycky-1997",2,69,"Enrolled",17.36
"India","Vynnycky-1997",2,69,"Tested",711.16
"India","Vynnycky-1997",2,70,"Enrolled",22.98
"India","Vynnycky-1997",2,70,"Tested",955.3
"India","Vynnycky-1997",2,71,"Enrolled",18.72
"India","Vynnycky-1997",2,71,"Tested",729.56
"India","Vynnycky-1997",2,72,"Enrolled",21.72
"India","Vynnycky-1997",2,72,"Tested",864.86
"India","Vynnycky-1997",2,73,"Enrolled",15.04
"India","Vynnycky-1997",2,73,"Tested",620.42
"India","Vynnycky-1997",2,74,"Enrolled",16.02
"India","Vynnycky-1997",2,74,"Tested",637.28
"India","Vynnycky-1997",2,75,"Enrolled",19.54
"India","Vynnycky-1997",2,75,"Tested",785.7
"India","Vynnycky-1997",2,76,"Enrolled",21.18
"India","Vynnycky-1997",2,76,"Tested",890.84
"India","Vynnycky-1997",2,77,"Enrolled",19.48
"India","Vynnycky-1997",2,77,"Tested",815
"India","Vynnycky-1997",2,78,"Enrolled",17.6
"India","Vynnycky-1997",2,78,"Tested",685.7
"India","Vynnycky-1997",2,79,"Enrolled",20.66
"India","Vynnycky-1997",2,79,"Tested",841.4
"India","Vynnycky-1997",2,80,"Enrolled",15.86
"India","Vynnycky-1997",2,80,"Tested",637.66
"India","Vynnycky-1997",2,81,"Enrolled",18.92
"India","Vynnycky-1997",2,81,"Tested",802.48
"India","Vynnycky-1997",2,82,"Enrolled",16.86
"India","Vynnycky-1997",2,82,"Tested",676.52
"India","Vynnycky-1997",2,83,"Enrolled",18.7
"India","Vynnycky-1997",2,83,"Tested",725.3
"India","Vynnycky-1997",2,84,"Enrolled",18.5
"India","Vynnycky-1997",2,84,"Tested",762.86
"India","Vynnycky-1997",2,85,"Enrolled",18.92
"India","Vynnycky-1997",2,85,"Tested",768.02
"India","Vynnycky-1997",2,86,"Enrolled",19.68
"India","Vynnycky-1997",2,86,"Tested",823.44
"India","Vynnycky-1997",2,87,"Enrolled",22.4
"India","Vynnycky-1997",2,87,"Tested",913.24
"India","Vynnycky-1997",2,88,"Enrolled",23.46
"India","Vynnycky-1997",2,88,"Tested",943.84
"India","Vynnycky-1997",2,89,"Enrolled",23.14
"India","Vynnycky-1997",2,89,"Tested",939.84
"India","Vynnycky-1997",2,90,"Enrolled",15.96
"India","Vynnycky-1997",2,90,"Tested",624.38
"India","Vynnycky-1997",2,91,"Enrolled",20
"India","Vynnycky-1997",2,91,"Tested",812.74
"India","Vynnycky-1997",2,92,"Enrolled",20.86
"India","Vynnycky-1997",2,92,"Tested",888.76
"India","Vynnycky-1997",2,93,"Enrolled",24.16
"India","Vynnycky-1997",2,93,"Tested",981.4
"India","Vynnycky-1997",2,94,"Enrolled",17.34
"India","Vynnycky-1997",2,94,"Tested",709.74
"India","Vynnycky-1997",2,95,"Enrolled",22.02
"India","Vynnycky-1997",2,95,"Tested",897.5
"India","Vynnycky-1997",2,96,"Enrolled",20.6
"India","Vynnycky-1997",2,96,"Tested",837.1
"India","Vynnycky-1997",2,97,"Enrolled",16.86
"India","Vynnycky-1997",2,97,"Tested",668.6
"India","Vynnycky-1997",2,98,"Enrolled",20.54
"India","Vynnycky-1997",2,98,"Tested",856.22
"India","Vynnycky-1997",2,99,"Enrolled",19.2
"India","Vynnycky-1997",2,99,"Tested",789.28
"India","Vynnycky-1997",2,100,"Enrolled",18.38
"India","Vynnycky-1997",2,100,"Tested",777.08
"India","Vynnycky-1997",3,1,"Enrolled",21.54
"India","Vynnycky-1997",3,1,"Tested",605.28
"India","Vynnycky-1997",3,2,"Enrolled",29.16
"India","Vynnycky-1997",3,2,"Tested",825.26
"India","Vynnycky-1997",3,3,"Enrolled",25.34
"India","Vynnycky-1997",3,3,"Tested",695.62
"India","Vynnycky-1997",3,4,"Enrolled",22.86
"India","Vynnycky-1997",3,4,"Tested",667.74
"India","Vynnycky-1997",3,5,"Enrolled",21.54
"India","Vynnycky-1997",3,5,"Tested",581.94
"India","Vynnycky-1997",3,6,"Enrolled",23.78
"India","Vynnycky-1997",3,6,"Tested",617.44
"India","Vynnycky-1997",3,7,"Enrolled",32.34
"India","Vynnycky-1997",3,7,"Tested",887.62
"India","Vynnycky-1997",3,8,"Enrolled",28.74
"India","Vynnycky-1997",3,8,"Tested",814.58
"India","Vynnycky-1997",3,9,"Enrolled",23.66
"India","Vynnycky-1997",3,9,"Tested",659.38
"India","Vynnycky-1997",3,10,"Enrolled",26.22
"India","Vynnycky-1997",3,10,"Tested",760.44
"India","Vynnycky-1997",3,11,"Enrolled",27.52
"India","Vynnycky-1997",3,11,"Tested",779
"India","Vynnycky-1997",3,12,"Enrolled",21.72
"India","Vynnycky-1997",3,12,"Tested",607.66
"India","Vynnycky-1997",3,13,"Enrolled",23.2
"India","Vynnycky-1997",3,13,"Tested",630.62
"India","Vynnycky-1997",3,14,"Enrolled",25.34
"India","Vynnycky-1997",3,14,"Tested",712.38
"India","Vynnycky-1997",3,15,"Enrolled",25.8
"India","Vynnycky-1997",3,15,"Tested",739.4
"India","Vynnycky-1997",3,16,"Enrolled",25.7
"India","Vynnycky-1997",3,16,"Tested",678.36
"India","Vynnycky-1997",3,17,"Enrolled",28.98
"India","Vynnycky-1997",3,17,"Tested",773.44
"India","Vynnycky-1997",3,18,"Enrolled",23.22
"India","Vynnycky-1997",3,18,"Tested",636.34
"India","Vynnycky-1997",3,19,"Enrolled",26.08
"India","Vynnycky-1997",3,19,"Tested",728.58
"India","Vynnycky-1997",3,20,"Enrolled",25.1
"India","Vynnycky-1997",3,20,"Tested",693.42
"India","Vynnycky-1997",3,21,"Enrolled",26.54
"India","Vynnycky-1997",3,21,"Tested",739.88
"India","Vynnycky-1997",3,22,"Enrolled",25.46
"India","Vynnycky-1997",3,22,"Tested",687.56
"India","Vynnycky-1997",3,23,"Enrolled",24.18
"India","Vynnycky-1997",3,23,"Tested",683.48
"India","Vynnycky-1997",3,24,"Enrolled",24.82
"India","Vynnycky-1997",3,24,"Tested",685.36
"India","Vynnycky-1997",3,25,"Enrolled",31.34
"India","Vynnycky-1997",3,25,"Tested",852.56
"India","Vynnycky-1997",3,26,"Enrolled",19.68
"India","Vynnycky-1997",3,26,"Tested",559.22
"India","Vynnycky-1997",3,27,"Enrolled",23.62
"India","Vynnycky-1997",3,27,"Tested",669.36
"India","Vynnycky-1997",3,28,"Enrolled",36.14
"India","Vynnycky-1997",3,28,"Tested",1015.92
"India","Vynnycky-1997",3,29,"Enrolled",31.54
"India","Vynnycky-1997",3,29,"Tested",877.86
"India","Vynnycky-1997",3,30,"Enrolled",26.56
"India","Vynnycky-1997",3,30,"Tested",721.92
"India","Vynnycky-1997",3,31,"Enrolled",22.2
"India","Vynnycky-1997",3,31,"Tested",641.68
"India","Vynnycky-1997",3,32,"Enrolled",32.12
"India","Vynnycky-1997",3,32,"Tested",885.82
"India","Vynnycky-1997",3,33,"Enrolled",27.42
"India","Vynnycky-1997",3,33,"Tested",785.46
"India","Vynnycky-1997",3,34,"Enrolled",20.5
"India","Vynnycky-1997",3,34,"Tested",586.52
"India","Vynnycky-1997",3,35,"Enrolled",23.22
"India","Vynnycky-1997",3,35,"Tested",631.68
"India","Vynnycky-1997",3,36,"Enrolled",21.44
"India","Vynnycky-1997",3,36,"Tested",585.22
"India","Vynnycky-1997",3,37,"Enrolled",29.64
"India","Vynnycky-1997",3,37,"Tested",847.26
"India","Vynnycky-1997",3,38,"Enrolled",31.42
"India","Vynnycky-1997",3,38,"Tested",850.62
"India","Vynnycky-1997",3,39,"Enrolled",30.42
"India","Vynnycky-1997",3,39,"Tested",837.82
"India","Vynnycky-1997",3,40,"Enrolled",21.34
"India","Vynnycky-1997",3,40,"Tested",619.08
"India","Vynnycky-1997",3,41,"Enrolled",24.34
"India","Vynnycky-1997",3,41,"Tested",716.02
"India","Vynnycky-1997",3,42,"Enrolled",22.72
"India","Vynnycky-1997",3,42,"Tested",647.4
"India","Vynnycky-1997",3,43,"Enrolled",23.34
"India","Vynnycky-1997",3,43,"Tested",673.28
"India","Vynnycky-1997",3,44,"Enrolled",26.26
"India","Vynnycky-1997",3,44,"Tested",727.62
"India","Vynnycky-1997",3,45,"Enrolled",21.42
"India","Vynnycky-1997",3,45,"Tested",607.5
"India","Vynnycky-1997",3,46,"Enrolled",22.74
"India","Vynnycky-1997",3,46,"Tested",646.12
"India","Vynnycky-1997",3,47,"Enrolled",24.22
"India","Vynnycky-1997",3,47,"Tested",676.48
"India","Vynnycky-1997",3,48,"Enrolled",24.96
"India","Vynnycky-1997",3,48,"Tested",674.34
"India","Vynnycky-1997",3,49,"Enrolled",24.48
"India","Vynnycky-1997",3,49,"Tested",682.16
"India","Vynnycky-1997",3,50,"Enrolled",25.68
"India","Vynnycky-1997",3,50,"Tested",703.9
"India","Vynnycky-1997",3,51,"Enrolled",26.9
"India","Vynnycky-1997",3,51,"Tested",792.04
"India","Vynnycky-1997",3,52,"Enrolled",20.26
"India","Vynnycky-1997",3,52,"Tested",565.6
"India","Vynnycky-1997",3,53,"Enrolled",29.86
"India","Vynnycky-1997",3,53,"Tested",823.6
"India","Vynnycky-1997",3,54,"Enrolled",28.18
"India","Vynnycky-1997",3,54,"Tested",800.14
"India","Vynnycky-1997",3,55,"Enrolled",26.6
"India","Vynnycky-1997",3,55,"Tested",740.32
"India","Vynnycky-1997",3,56,"Enrolled",29.46
"India","Vynnycky-1997",3,56,"Tested",859
"India","Vynnycky-1997",3,57,"Enrolled",31.42
"India","Vynnycky-1997",3,57,"Tested",873.26
"India","Vynnycky-1997",3,58,"Enrolled",29.22
"India","Vynnycky-1997",3,58,"Tested",848.84
"India","Vynnycky-1997",3,59,"Enrolled",17.72
"India","Vynnycky-1997",3,59,"Tested",495.1
"India","Vynnycky-1997",3,60,"Enrolled",27.6
"India","Vynnycky-1997",3,60,"Tested",766.22
"India","Vynnycky-1997",3,61,"Enrolled",26.92
"India","Vynnycky-1997",3,61,"Tested",765.46
"India","Vynnycky-1997",3,62,"Enrolled",24.56
"India","Vynnycky-1997",3,62,"Tested",690.02
"India","Vynnycky-1997",3,63,"Enrolled",26.18
"India","Vynnycky-1997",3,63,"Tested",727.06
"India","Vynnycky-1997",3,64,"Enrolled",19.46
"India","Vynnycky-1997",3,64,"Tested",525.9
"India","Vynnycky-1997",3,65,"Enrolled",29.42
"India","Vynnycky-1997",3,65,"Tested",802.84
"India","Vynnycky-1997",3,66,"Enrolled",23.2
"India","Vynnycky-1997",3,66,"Tested",644.12
"India","Vynnycky-1997",3,67,"Enrolled",24
"India","Vynnycky-1997",3,67,"Tested",700.64
"India","Vynnycky-1997",3,68,"Enrolled",25.04
"India","Vynnycky-1997",3,68,"Tested",694.06
"India","Vynnycky-1997",3,69,"Enrolled",26.66
"India","Vynnycky-1997",3,69,"Tested",751.56
"India","Vynnycky-1997",3,70,"Enrolled",31.34
"India","Vynnycky-1997",3,70,"Tested",882.74
"India","Vynnycky-1997",3,71,"Enrolled",29.02
"India","Vynnycky-1997",3,71,"Tested",814.76
"India","Vynnycky-1997",3,72,"Enrolled",23.14
"India","Vynnycky-1997",3,72,"Tested",671.2
"India","Vynnycky-1997",3,73,"Enrolled",17.08
"India","Vynnycky-1997",3,73,"Tested",481.68
"India","Vynnycky-1997",3,74,"Enrolled",30.64
"India","Vynnycky-1997",3,74,"Tested",829.12
"India","Vynnycky-1997",3,75,"Enrolled",33.66
"India","Vynnycky-1997",3,75,"Tested",958.54
"India","Vynnycky-1997",3,76,"Enrolled",22.84
"India","Vynnycky-1997",3,76,"Tested",642.02
"India","Vynnycky-1997",3,77,"Enrolled",28.36
"India","Vynnycky-1997",3,77,"Tested",803.2
"India","Vynnycky-1997",3,78,"Enrolled",23.52
"India","Vynnycky-1997",3,78,"Tested",667.24
"India","Vynnycky-1997",3,79,"Enrolled",28.08
"India","Vynnycky-1997",3,79,"Tested",783.48
"India","Vynnycky-1997",3,80,"Enrolled",26.96
"India","Vynnycky-1997",3,80,"Tested",752.7
"India","Vynnycky-1997",3,81,"Enrolled",16.26
"India","Vynnycky-1997",3,81,"Tested",449.8
"India","Vynnycky-1997",3,82,"Enrolled",27.54
"India","Vynnycky-1997",3,82,"Tested",759.96
"India","Vynnycky-1997",3,83,"Enrolled",26.76
"India","Vynnycky-1997",3,83,"Tested",738.14
"India","Vynnycky-1997",3,84,"Enrolled",27.54
"India","Vynnycky-1997",3,84,"Tested",854.16
"India","Vynnycky-1997",3,85,"Enrolled",25.08
"India","Vynnycky-1997",3,85,"Tested",719.86
"India","Vynnycky-1997",3,86,"Enrolled",18.06
"India","Vynnycky-1997",3,86,"Tested",512.08
"India","Vynnycky-1997",3,87,"Enrolled",24.16
"India","Vynnycky-1997",3,87,"Tested",660.16
"India","Vynnycky-1997",3,88,"Enrolled",22.84
"India","Vynnycky-1997",3,88,"Tested",640.4
"India","Vynnycky-1997",3,89,"Enrolled",23
"India","Vynnycky-1997",3,89,"Tested",637.62
"India","Vynnycky-1997",3,90,"Enrolled",20.8
"India","Vynnycky-1997",3,90,"Tested",587.78
"India","Vynnycky-1997",3,91,"Enrolled",31.32
"India","Vynnycky-1997",3,91,"Tested",872.56
"India","Vynnycky-1997",3,92,"Enrolled",27.2
"India","Vynnycky-1997",3,92,"Tested",766.46
"India","Vynnycky-1997",3,93,"Enrolled",28.1
"India","Vynnycky-1997",3,93,"Tested",794.54
"India","Vynnycky-1997",3,94,"Enrolled",20.22
"India","Vynnycky-1997",3,94,"Tested",567.08
"India","Vynnycky-1997",3,95,"Enrolled",23.86
"India","Vynnycky-1997",3,95,"Tested",694.4
"India","Vynnycky-1997",3,96,"Enrolled",21.32
"India","Vynnycky-1997",3,96,"Tested",595.5
"India","Vynnycky-1997",3,97,"Enrolled",18.6
"India","Vynnycky-1997",3,97,"Tested",510.52
"India","Vynnycky-1997",3,98,"Enrolled",29.7
"India","Vynnycky-1997",3,98,"Tested",822.58
"India","Vynnycky-1997",3,99,"Enrolled",26.3
"India","Vynnycky-1997",3,99,"Tested",740.12
"India","Vynnycky-1997",3,100,"Enrolled",29.22
"India","Vynnycky-1997",3,100,"Tested",801.66
"India","Vynnycky-1997",4,1,"Enrolled",25.46
"India","Vynnycky-1997",4,1,"Tested",545.82
"India","Vynnycky-1997",4,2,"Enrolled",33.68
"India","Vynnycky-1997",4,2,"Tested",733.26
"India","Vynnycky-1997",4,3,"Enrolled",32.46
"India","Vynnycky-1997",4,3,"Tested",698.04
"India","Vynnycky-1997",4,4,"Enrolled",28.3
"India","Vynnycky-1997",4,4,"Tested",591.4
"India","Vynnycky-1997",4,5,"Enrolled",35.38
"India","Vynnycky-1997",4,5,"Tested",742.06
"India","Vynnycky-1997",4,6,"Enrolled",23.58
"India","Vynnycky-1997",4,6,"Tested",490.68
"India","Vynnycky-1997",4,7,"Enrolled",27.16
"India","Vynnycky-1997",4,7,"Tested",588.54
"India","Vynnycky-1997",4,8,"Enrolled",19.76
"India","Vynnycky-1997",4,8,"Tested",440.34
"India","Vynnycky-1997",4,9,"Enrolled",35.72
"India","Vynnycky-1997",4,9,"Tested",746.72
"India","Vynnycky-1997",4,10,"Enrolled",41.26
"India","Vynnycky-1997",4,10,"Tested",904.38
"India","Vynnycky-1997",4,11,"Enrolled",28.08
"India","Vynnycky-1997",4,11,"Tested",606.5
"India","Vynnycky-1997",4,12,"Enrolled",32.22
"India","Vynnycky-1997",4,12,"Tested",700.9
"India","Vynnycky-1997",4,13,"Enrolled",30.84
"India","Vynnycky-1997",4,13,"Tested",688.04
"India","Vynnycky-1997",4,14,"Enrolled",33.58
"India","Vynnycky-1997",4,14,"Tested",693.42
"India","Vynnycky-1997",4,15,"Enrolled",29.62
"India","Vynnycky-1997",4,15,"Tested",620.36
"India","Vynnycky-1997",4,16,"Enrolled",28.38
"India","Vynnycky-1997",4,16,"Tested",607.8
"India","Vynnycky-1997",4,17,"Enrolled",33.3
"India","Vynnycky-1997",4,17,"Tested",717.46
"India","Vynnycky-1997",4,18,"Enrolled",30.5
"India","Vynnycky-1997",4,18,"Tested",649.52
"India","Vynnycky-1997",4,19,"Enrolled",26.14
"India","Vynnycky-1997",4,19,"Tested",577.38
"India","Vynnycky-1997",4,20,"Enrolled",27.84
"India","Vynnycky-1997",4,20,"Tested",588.78
"India","Vynnycky-1997",4,21,"Enrolled",26.82
"India","Vynnycky-1997",4,21,"Tested",564.48
"India","Vynnycky-1997",4,22,"Enrolled",27.68
"India","Vynnycky-1997",4,22,"Tested",594.3
"India","Vynnycky-1997",4,23,"Enrolled",33.84
"India","Vynnycky-1997",4,23,"Tested",699.14
"India","Vynnycky-1997",4,24,"Enrolled",24.94
"India","Vynnycky-1997",4,24,"Tested",545.86
"India","Vynnycky-1997",4,25,"Enrolled",33.8
"India","Vynnycky-1997",4,25,"Tested",726.76
"India","Vynnycky-1997",4,26,"Enrolled",28.16
"India","Vynnycky-1997",4,26,"Tested",602.96
"India","Vynnycky-1997",4,27,"Enrolled",28.24
"India","Vynnycky-1997",4,27,"Tested",603.86
"India","Vynnycky-1997",4,28,"Enrolled",24.18
"India","Vynnycky-1997",4,28,"Tested",510.7
"India","Vynnycky-1997",4,29,"Enrolled",31.8
"India","Vynnycky-1997",4,29,"Tested",687.36
"India","Vynnycky-1997",4,30,"Enrolled",35.5
"India","Vynnycky-1997",4,30,"Tested",739.06
"India","Vynnycky-1997",4,31,"Enrolled",37.28
"India","Vynnycky-1997",4,31,"Tested",819.36
"India","Vynnycky-1997",4,32,"Enrolled",30.5
"India","Vynnycky-1997",4,32,"Tested",659.96
"India","Vynnycky-1997",4,33,"Enrolled",27.7
"India","Vynnycky-1997",4,33,"Tested",602.76
"India","Vynnycky-1997",4,34,"Enrolled",28.06
"India","Vynnycky-1997",4,34,"Tested",612.56
"India","Vynnycky-1997",4,35,"Enrolled",34.18
"India","Vynnycky-1997",4,35,"Tested",724.46
"India","Vynnycky-1997",4,36,"Enrolled",32.4
"India","Vynnycky-1997",4,36,"Tested",703.92
"India","Vynnycky-1997",4,37,"Enrolled",36.2
"India","Vynnycky-1997",4,37,"Tested",806.92
"India","Vynnycky-1997",4,38,"Enrolled",25.92
"India","Vynnycky-1997",4,38,"Tested",561.38
"India","Vynnycky-1997",4,39,"Enrolled",27.06
"India","Vynnycky-1997",4,39,"Tested",583.88
"India","Vynnycky-1997",4,40,"Enrolled",29.92
"India","Vynnycky-1997",4,40,"Tested",660.74
"India","Vynnycky-1997",4,41,"Enrolled",31.22
"India","Vynnycky-1997",4,41,"Tested",677.74
"India","Vynnycky-1997",4,42,"Enrolled",30.16
"India","Vynnycky-1997",4,42,"Tested",662.12
"India","Vynnycky-1997",4,43,"Enrolled",29.48
"India","Vynnycky-1997",4,43,"Tested",628
"India","Vynnycky-1997",4,44,"Enrolled",32.32
"India","Vynnycky-1997",4,44,"Tested",684.62
"India","Vynnycky-1997",4,45,"Enrolled",29.2
"India","Vynnycky-1997",4,45,"Tested",664.1
"India","Vynnycky-1997",4,46,"Enrolled",32.06
"India","Vynnycky-1997",4,46,"Tested",698.34
"India","Vynnycky-1997",4,47,"Enrolled",27.48
"India","Vynnycky-1997",4,47,"Tested",599.76
"India","Vynnycky-1997",4,48,"Enrolled",32.7
"India","Vynnycky-1997",4,48,"Tested",710.36
"India","Vynnycky-1997",4,49,"Enrolled",30.78
"India","Vynnycky-1997",4,49,"Tested",686.7
"India","Vynnycky-1997",4,50,"Enrolled",28.84
"India","Vynnycky-1997",4,50,"Tested",615.22
"India","Vynnycky-1997",4,51,"Enrolled",23.74
"India","Vynnycky-1997",4,51,"Tested",519.74
"India","Vynnycky-1997",4,52,"Enrolled",36.18
"India","Vynnycky-1997",4,52,"Tested",776.26
"India","Vynnycky-1997",4,53,"Enrolled",40.34
"India","Vynnycky-1997",4,53,"Tested",881.94
"India","Vynnycky-1997",4,54,"Enrolled",36.42
"India","Vynnycky-1997",4,54,"Tested",779.66
"India","Vynnycky-1997",4,55,"Enrolled",30.66
"India","Vynnycky-1997",4,55,"Tested",665.66
"India","Vynnycky-1997",4,56,"Enrolled",31.76
"India","Vynnycky-1997",4,56,"Tested",648.14
"India","Vynnycky-1997",4,57,"Enrolled",34.54
"India","Vynnycky-1997",4,57,"Tested",746.92
"India","Vynnycky-1997",4,58,"Enrolled",28.32
"India","Vynnycky-1997",4,58,"Tested",601.66
"India","Vynnycky-1997",4,59,"Enrolled",34.86
"India","Vynnycky-1997",4,59,"Tested",755.74
"India","Vynnycky-1997",4,60,"Enrolled",35.46
"India","Vynnycky-1997",4,60,"Tested",751.28
"India","Vynnycky-1997",4,61,"Enrolled",33.86
"India","Vynnycky-1997",4,61,"Tested",732.2
"India","Vynnycky-1997",4,62,"Enrolled",33.62
"India","Vynnycky-1997",4,62,"Tested",741.46
"India","Vynnycky-1997",4,63,"Enrolled",26.66
"India","Vynnycky-1997",4,63,"Tested",566.1
"India","Vynnycky-1997",4,64,"Enrolled",27.68
"India","Vynnycky-1997",4,64,"Tested",593.42
"India","Vynnycky-1997",4,65,"Enrolled",28.18
"India","Vynnycky-1997",4,65,"Tested",620.82
"India","Vynnycky-1997",4,66,"Enrolled",26.86
"India","Vynnycky-1997",4,66,"Tested",581.46
"India","Vynnycky-1997",4,67,"Enrolled",31.48
"India","Vynnycky-1997",4,67,"Tested",675.04
"India","Vynnycky-1997",4,68,"Enrolled",32.76
"India","Vynnycky-1997",4,68,"Tested",695.9
"India","Vynnycky-1997",4,69,"Enrolled",28.08
"India","Vynnycky-1997",4,69,"Tested",595.52
"India","Vynnycky-1997",4,70,"Enrolled",30.22
"India","Vynnycky-1997",4,70,"Tested",655.26
"India","Vynnycky-1997",4,71,"Enrolled",28.42
"India","Vynnycky-1997",4,71,"Tested",652.98
"India","Vynnycky-1997",4,72,"Enrolled",32.42
"India","Vynnycky-1997",4,72,"Tested",705.9
"India","Vynnycky-1997",4,73,"Enrolled",20.4
"India","Vynnycky-1997",4,73,"Tested",438.76
"India","Vynnycky-1997",4,74,"Enrolled",28.22
"India","Vynnycky-1997",4,74,"Tested",583.54
"India","Vynnycky-1997",4,75,"Enrolled",29.98
"India","Vynnycky-1997",4,75,"Tested",630
"India","Vynnycky-1997",4,76,"Enrolled",32.16
"India","Vynnycky-1997",4,76,"Tested",680.92
"India","Vynnycky-1997",4,77,"Enrolled",28.02
"India","Vynnycky-1997",4,77,"Tested",605.22
"India","Vynnycky-1997",4,78,"Enrolled",25.3
"India","Vynnycky-1997",4,78,"Tested",549.8
"India","Vynnycky-1997",4,79,"Enrolled",28.12
"India","Vynnycky-1997",4,79,"Tested",613.84
"India","Vynnycky-1997",4,80,"Enrolled",32.52
"India","Vynnycky-1997",4,80,"Tested",676.44
"India","Vynnycky-1997",4,81,"Enrolled",33.08
"India","Vynnycky-1997",4,81,"Tested",720.46
"India","Vynnycky-1997",4,82,"Enrolled",35.32
"India","Vynnycky-1997",4,82,"Tested",745.48
"India","Vynnycky-1997",4,83,"Enrolled",34.44
"India","Vynnycky-1997",4,83,"Tested",738.12
"India","Vynnycky-1997",4,84,"Enrolled",34.42
"India","Vynnycky-1997",4,84,"Tested",758.18
"India","Vynnycky-1997",4,85,"Enrolled",26.54
"India","Vynnycky-1997",4,85,"Tested",613.02
"India","Vynnycky-1997",4,86,"Enrolled",26.52
"India","Vynnycky-1997",4,86,"Tested",563.08
"India","Vynnycky-1997",4,87,"Enrolled",37.72
"India","Vynnycky-1997",4,87,"Tested",816.36
"India","Vynnycky-1997",4,88,"Enrolled",29.46
"India","Vynnycky-1997",4,88,"Tested",644.9
"India","Vynnycky-1997",4,89,"Enrolled",39.26
"India","Vynnycky-1997",4,89,"Tested",846.08
"India","Vynnycky-1997",4,90,"Enrolled",25.02
"India","Vynnycky-1997",4,90,"Tested",539.14
"India","Vynnycky-1997",4,91,"Enrolled",36.28
"India","Vynnycky-1997",4,91,"Tested",789.76
"India","Vynnycky-1997",4,92,"Enrolled",34.98
"India","Vynnycky-1997",4,92,"Tested",758.2
"India","Vynnycky-1997",4,93,"Enrolled",32.8
"India","Vynnycky-1997",4,93,"Tested",702.76
"India","Vynnycky-1997",4,94,"Enrolled",28.38
"India","Vynnycky-1997",4,94,"Tested",606.46
"India","Vynnycky-1997",4,95,"Enrolled",26.12
"India","Vynnycky-1997",4,95,"Tested",550.42
"India","Vynnycky-1997",4,96,"Enrolled",32.6
"India","Vynnycky-1997",4,96,"Tested",704.24
"India","Vynnycky-1997",4,97,"Enrolled",30.74
"India","Vynnycky-1997",4,97,"Tested",652.04
"India","Vynnycky-1997",4,98,"Enrolled",35.92
"India","Vynnycky-1997",4,98,"Tested",785.34
"India","Vynnycky-1997",4,99,"Enrolled",47.44
"India","Vynnycky-1997",4,99,"Tested",1006.3
"India","Vynnycky-1997",4,100,"Enrolled",33.14
"India","Vynnycky-1997",4,100,"Tested",727.3
"India","Vynnycky-1997",5,1,"Enrolled",41.22
"India","Vynnycky-1997",5,1,"Tested",724.9
"India","Vynnycky-1997",5,2,"Enrolled",41.08
"India","Vynnycky-1997",5,2,"Tested",708
"India","Vynnycky-1997",5,3,"Enrolled",37.68
"India","Vynnycky-1997",5,3,"Tested",640.38
"India","Vynnycky-1997",5,4,"Enrolled",40.82
"India","Vynnycky-1997",5,4,"Tested",686.9
"India","Vynnycky-1997",5,5,"Enrolled",33.64
"India","Vynnycky-1997",5,5,"Tested",597
"India","Vynnycky-1997",5,6,"Enrolled",32.6
"India","Vynnycky-1997",5,6,"Tested",570.34
"India","Vynnycky-1997",5,7,"Enrolled",34.04
"India","Vynnycky-1997",5,7,"Tested",579.68
"India","Vynnycky-1997",5,8,"Enrolled",26.68
"India","Vynnycky-1997",5,8,"Tested",483.48
"India","Vynnycky-1997",5,9,"Enrolled",38.36
"India","Vynnycky-1997",5,9,"Tested",657.58
"India","Vynnycky-1997",5,10,"Enrolled",48.54
"India","Vynnycky-1997",5,10,"Tested",829.2
"India","Vynnycky-1997",5,11,"Enrolled",34.2
"India","Vynnycky-1997",5,11,"Tested",594.56
"India","Vynnycky-1997",5,12,"Enrolled",27.9
"India","Vynnycky-1997",5,12,"Tested",479.98
"India","Vynnycky-1997",5,13,"Enrolled",36.16
"India","Vynnycky-1997",5,13,"Tested",619.28
"India","Vynnycky-1997",5,14,"Enrolled",39.3
"India","Vynnycky-1997",5,14,"Tested",682.18
"India","Vynnycky-1997",5,15,"Enrolled",30.42
"India","Vynnycky-1997",5,15,"Tested",533.02
"India","Vynnycky-1997",5,16,"Enrolled",39.34
"India","Vynnycky-1997",5,16,"Tested",714.36
"India","Vynnycky-1997",5,17,"Enrolled",37.92
"India","Vynnycky-1997",5,17,"Tested",639.3
"India","Vynnycky-1997",5,18,"Enrolled",31.24
"India","Vynnycky-1997",5,18,"Tested",557.28
"India","Vynnycky-1997",5,19,"Enrolled",35.78
"India","Vynnycky-1997",5,19,"Tested",634.72
"India","Vynnycky-1997",5,20,"Enrolled",29.08
"India","Vynnycky-1997",5,20,"Tested",491.44
"India","Vynnycky-1997",5,21,"Enrolled",42.06
"India","Vynnycky-1997",5,21,"Tested",739.24
"India","Vynnycky-1997",5,22,"Enrolled",33.72
"India","Vynnycky-1997",5,22,"Tested",577.44
"India","Vynnycky-1997",5,23,"Enrolled",31.22
"India","Vynnycky-1997",5,23,"Tested",553.24
"India","Vynnycky-1997",5,24,"Enrolled",36.68
"India","Vynnycky-1997",5,24,"Tested",636.52
"India","Vynnycky-1997",5,25,"Enrolled",46.16
"India","Vynnycky-1997",5,25,"Tested",802.54
"India","Vynnycky-1997",5,26,"Enrolled",38.5
"India","Vynnycky-1997",5,26,"Tested",654.64
"India","Vynnycky-1997",5,27,"Enrolled",39.24
"India","Vynnycky-1997",5,27,"Tested",674.44
"India","Vynnycky-1997",5,28,"Enrolled",34.56
"India","Vynnycky-1997",5,28,"Tested",612.64
"India","Vynnycky-1997",5,29,"Enrolled",33.94
"India","Vynnycky-1997",5,29,"Tested",584.88
"India","Vynnycky-1997",5,30,"Enrolled",33.26
"India","Vynnycky-1997",5,30,"Tested",570.4
"India","Vynnycky-1997",5,31,"Enrolled",43.36
"India","Vynnycky-1997",5,31,"Tested",733.96
"India","Vynnycky-1997",5,32,"Enrolled",30.3
"India","Vynnycky-1997",5,32,"Tested",541.56
"India","Vynnycky-1997",5,33,"Enrolled",24.72
"India","Vynnycky-1997",5,33,"Tested",440.62
"India","Vynnycky-1997",5,34,"Enrolled",29.86
"India","Vynnycky-1997",5,34,"Tested",539.72
"India","Vynnycky-1997",5,35,"Enrolled",32.5
"India","Vynnycky-1997",5,35,"Tested",566.58
"India","Vynnycky-1997",5,36,"Enrolled",28.78
"India","Vynnycky-1997",5,36,"Tested",503.54
"India","Vynnycky-1997",5,37,"Enrolled",30.84
"India","Vynnycky-1997",5,37,"Tested",509.04
"India","Vynnycky-1997",5,38,"Enrolled",39.24
"India","Vynnycky-1997",5,38,"Tested",675.3
"India","Vynnycky-1997",5,39,"Enrolled",25.12
"India","Vynnycky-1997",5,39,"Tested",442.06
"India","Vynnycky-1997",5,40,"Enrolled",25.42
"India","Vynnycky-1997",5,40,"Tested",451.62
"India","Vynnycky-1997",5,41,"Enrolled",36.76
"India","Vynnycky-1997",5,41,"Tested",624.6
"India","Vynnycky-1997",5,42,"Enrolled",34.32
"India","Vynnycky-1997",5,42,"Tested",607.6
"India","Vynnycky-1997",5,43,"Enrolled",37.64
"India","Vynnycky-1997",5,43,"Tested",657.14
"India","Vynnycky-1997",5,44,"Enrolled",35.96
"India","Vynnycky-1997",5,44,"Tested",630.72
"India","Vynnycky-1997",5,45,"Enrolled",29.54
"India","Vynnycky-1997",5,45,"Tested",511.12
"India","Vynnycky-1997",5,46,"Enrolled",40.64
"India","Vynnycky-1997",5,46,"Tested",701
"India","Vynnycky-1997",5,47,"Enrolled",35.82
"India","Vynnycky-1997",5,47,"Tested",634.86
"India","Vynnycky-1997",5,48,"Enrolled",33.04
"India","Vynnycky-1997",5,48,"Tested",580.04
"India","Vynnycky-1997",5,49,"Enrolled",26.54
"India","Vynnycky-1997",5,49,"Tested",442.52
"India","Vynnycky-1997",5,50,"Enrolled",49.74
"India","Vynnycky-1997",5,50,"Tested",865.36
"India","Vynnycky-1997",5,51,"Enrolled",33.8
"India","Vynnycky-1997",5,51,"Tested",571.28
"India","Vynnycky-1997",5,52,"Enrolled",31.38
"India","Vynnycky-1997",5,52,"Tested",540.64
"India","Vynnycky-1997",5,53,"Enrolled",38.26
"India","Vynnycky-1997",5,53,"Tested",669.58
"India","Vynnycky-1997",5,54,"Enrolled",36.7
"India","Vynnycky-1997",5,54,"Tested",627.08
"India","Vynnycky-1997",5,55,"Enrolled",32.82
"India","Vynnycky-1997",5,55,"Tested",576.74
"India","Vynnycky-1997",5,56,"Enrolled",31.8
"India","Vynnycky-1997",5,56,"Tested",556.82
"India","Vynnycky-1997",5,57,"Enrolled",28.16
"India","Vynnycky-1997",5,57,"Tested",494.38
"India","Vynnycky-1997",5,58,"Enrolled",40.32
"India","Vynnycky-1997",5,58,"Tested",703.48
"India","Vynnycky-1997",5,59,"Enrolled",27.7
"India","Vynnycky-1997",5,59,"Tested",480.84
"India","Vynnycky-1997",5,60,"Enrolled",34.78
"India","Vynnycky-1997",5,60,"Tested",609.94
"India","Vynnycky-1997",5,61,"Enrolled",37.18
"India","Vynnycky-1997",5,61,"Tested",639.08
"India","Vynnycky-1997",5,62,"Enrolled",41.48
"India","Vynnycky-1997",5,62,"Tested",734.44
"India","Vynnycky-1997",5,63,"Enrolled",23.88
"India","Vynnycky-1997",5,63,"Tested",417.18
"India","Vynnycky-1997",5,64,"Enrolled",43.04
"India","Vynnycky-1997",5,64,"Tested",756.1
"India","Vynnycky-1997",5,65,"Enrolled",32.48
"India","Vynnycky-1997",5,65,"Tested",570.16
"India","Vynnycky-1997",5,66,"Enrolled",27.02
"India","Vynnycky-1997",5,66,"Tested",465.8
"India","Vynnycky-1997",5,67,"Enrolled",32.84
"India","Vynnycky-1997",5,67,"Tested",579.08
"India","Vynnycky-1997",5,68,"Enrolled",30.2
"India","Vynnycky-1997",5,68,"Tested",524.7
"India","Vynnycky-1997",5,69,"Enrolled",28.96
"India","Vynnycky-1997",5,69,"Tested",507.46
"India","Vynnycky-1997",5,70,"Enrolled",36.44
"India","Vynnycky-1997",5,70,"Tested",654.84
"India","Vynnycky-1997",5,71,"Enrolled",35.34
"India","Vynnycky-1997",5,71,"Tested",600.8
"India","Vynnycky-1997",5,72,"Enrolled",37.74
"India","Vynnycky-1997",5,72,"Tested",671.18
"India","Vynnycky-1997",5,73,"Enrolled",27.76
"India","Vynnycky-1997",5,73,"Tested",457.1
"India","Vynnycky-1997",5,74,"Enrolled",30.08
"India","Vynnycky-1997",5,74,"Tested",524.6
"India","Vynnycky-1997",5,75,"Enrolled",29.48
"India","Vynnycky-1997",5,75,"Tested",501.48
"India","Vynnycky-1997",5,76,"Enrolled",29.52
"India","Vynnycky-1997",5,76,"Tested",526.84
"India","Vynnycky-1997",5,77,"Enrolled",47.48
"India","Vynnycky-1997",5,77,"Tested",827.48
"India","Vynnycky-1997",5,78,"Enrolled",34.04
"India","Vynnycky-1997",5,78,"Tested",600.56
"India","Vynnycky-1997",5,79,"Enrolled",27.66
"India","Vynnycky-1997",5,79,"Tested",458.82
"India","Vynnycky-1997",5,80,"Enrolled",42.72
"India","Vynnycky-1997",5,80,"Tested",745.82
"India","Vynnycky-1997",5,81,"Enrolled",33.98
"India","Vynnycky-1997",5,81,"Tested",582.38
"India","Vynnycky-1997",5,82,"Enrolled",32.84
"India","Vynnycky-1997",5,82,"Tested",570.06
"India","Vynnycky-1997",5,83,"Enrolled",36.2
"India","Vynnycky-1997",5,83,"Tested",617.2
"India","Vynnycky-1997",5,84,"Enrolled",34
"India","Vynnycky-1997",5,84,"Tested",578.56
"India","Vynnycky-1997",5,85,"Enrolled",33.82
"India","Vynnycky-1997",5,85,"Tested",599.58
"India","Vynnycky-1997",5,86,"Enrolled",36.14
"India","Vynnycky-1997",5,86,"Tested",658.02
"India","Vynnycky-1997",5,87,"Enrolled",41.92
"India","Vynnycky-1997",5,87,"Tested",699.64
"India","Vynnycky-1997",5,88,"Enrolled",40.86
"India","Vynnycky-1997",5,88,"Tested",712.54
"India","Vynnycky-1997",5,89,"Enrolled",35.3
"India","Vynnycky-1997",5,89,"Tested",608.06
"India","Vynnycky-1997",5,90,"Enrolled",32.2
"India","Vynnycky-1997",5,90,"Tested",535.7
"India","Vynnycky-1997",5,91,"Enrolled",38.2
"India","Vynnycky-1997",5,91,"Tested",655.74
"India","Vynnycky-1997",5,92,"Enrolled",31.36
"India","Vynnycky-1997",5,92,"Tested",553.56
"India","Vynnycky-1997",5,93,"Enrolled",28.88
"India","Vynnycky-1997",5,93,"Tested",518.94
"India","Vynnycky-1997",5,94,"Enrolled",33.9
"India","Vynnycky-1997",5,94,"Tested",564.04
"India","Vynnycky-1997",5,95,"Enrolled",30.6
"India","Vynnycky-1997",5,95,"Tested",529.86
"India","Vynnycky-1997",5,96,"Enrolled",33.1
"India","Vynnycky-1997",5,96,"Tested",573.94
"India","Vynnycky-1997",5,97,"Enrolled",40.92
"India","Vynnycky-1997",5,97,"Tested",696.72
"India","Vynnycky-1997",5,98,"Enrolled",34.22
"India","Vynnycky-1997",5,98,"Tested",586.54
"India","Vynnycky-1997",5,99,"Enrolled",31.28
"India","Vynnycky-1997",5,99,"Tested",547.2
"India","Vynnycky-1997",5,100,"Enrolled",38.06
"India","Vynnycky-1997",5,100,"Tested",672.94
"India","Vynnycky-1997",6,1,"Enrolled",37.22
"India","Vynnycky-1997",6,1,"Tested",539.42
"India","Vynnycky-1997",6,2,"Enrolled",44.58
"India","Vynnycky-1997",6,2,"Tested",660.34
"India","Vynnycky-1997",6,3,"Enrolled",29.82
"India","Vynnycky-1997",6,3,"Tested",413.26
"India","Vynnycky-1997",6,4,"Enrolled",32.04
"India","Vynnycky-1997",6,4,"Tested",470.16
"India","Vynnycky-1997",6,5,"Enrolled",38.7
"India","Vynnycky-1997",6,5,"Tested",560.14
"India","Vynnycky-1997",6,6,"Enrolled",50.02
"India","Vynnycky-1997",6,6,"Tested",723.52
"India","Vynnycky-1997",6,7,"Enrolled",33.34
"India","Vynnycky-1997",6,7,"Tested",470.4
"India","Vynnycky-1997",6,8,"Enrolled",49.9
"India","Vynnycky-1997",6,8,"Tested",693.6
"India","Vynnycky-1997",6,9,"Enrolled",48.38
"India","Vynnycky-1997",6,9,"Tested",706.06
"India","Vynnycky-1997",6,10,"Enrolled",43.84
"India","Vynnycky-1997",6,10,"Tested",634.76
"India","Vynnycky-1997",6,11,"Enrolled",36.12
"India","Vynnycky-1997",6,11,"Tested",531.68
"India","Vynnycky-1997",6,12,"Enrolled",38.58
"India","Vynnycky-1997",6,12,"Tested",573.22
"India","Vynnycky-1997",6,13,"Enrolled",47.2
"India","Vynnycky-1997",6,13,"Tested",700.5
"India","Vynnycky-1997",6,14,"Enrolled",33.04
"India","Vynnycky-1997",6,14,"Tested",479.58
"India","Vynnycky-1997",6,15,"Enrolled",45.84
"India","Vynnycky-1997",6,15,"Tested",663.86
"India","Vynnycky-1997",6,16,"Enrolled",31.88
"India","Vynnycky-1997",6,16,"Tested",456.22
"India","Vynnycky-1997",6,17,"Enrolled",36.98
"India","Vynnycky-1997",6,17,"Tested",534.02
"India","Vynnycky-1997",6,18,"Enrolled",35.32
"India","Vynnycky-1997",6,18,"Tested",516.88
"India","Vynnycky-1997",6,19,"Enrolled",35.2
"India","Vynnycky-1997",6,19,"Tested",525.48
"India","Vynnycky-1997",6,20,"Enrolled",37.4
"India","Vynnycky-1997",6,20,"Tested",536.32
"India","Vynnycky-1997",6,21,"Enrolled",43.08
"India","Vynnycky-1997",6,21,"Tested",657.02
"India","Vynnycky-1997",6,22,"Enrolled",50.82
"India","Vynnycky-1997",6,22,"Tested",734.58
"India","Vynnycky-1997",6,23,"Enrolled",34.48
"India","Vynnycky-1997",6,23,"Tested",532.86
"India","Vynnycky-1997",6,24,"Enrolled",43.78
"India","Vynnycky-1997",6,24,"Tested",624.76
"India","Vynnycky-1997",6,25,"Enrolled",45.76
"India","Vynnycky-1997",6,25,"Tested",661.8
"India","Vynnycky-1997",6,26,"Enrolled",48.24
"India","Vynnycky-1997",6,26,"Tested",701.5
"India","Vynnycky-1997",6,27,"Enrolled",45.54
"India","Vynnycky-1997",6,27,"Tested",655.48
"India","Vynnycky-1997",6,28,"Enrolled",39.04
"India","Vynnycky-1997",6,28,"Tested",574.8
"India","Vynnycky-1997",6,29,"Enrolled",37.38
"India","Vynnycky-1997",6,29,"Tested",560.32
"India","Vynnycky-1997",6,30,"Enrolled",38.36
"India","Vynnycky-1997",6,30,"Tested",554.66
"India","Vynnycky-1997",6,31,"Enrolled",41.74
"India","Vynnycky-1997",6,31,"Tested",598.86
"India","Vynnycky-1997",6,32,"Enrolled",37.16
"India","Vynnycky-1997",6,32,"Tested",536.2
"India","Vynnycky-1997",6,33,"Enrolled",37.8
"India","Vynnycky-1997",6,33,"Tested",556.08
"India","Vynnycky-1997",6,34,"Enrolled",48.38
"India","Vynnycky-1997",6,34,"Tested",707.7
"India","Vynnycky-1997",6,35,"Enrolled",37.32
"India","Vynnycky-1997",6,35,"Tested",538.06
"India","Vynnycky-1997",6,36,"Enrolled",47.7
"India","Vynnycky-1997",6,36,"Tested",715.38
"India","Vynnycky-1997",6,37,"Enrolled",36.38
"India","Vynnycky-1997",6,37,"Tested",509.42
"India","Vynnycky-1997",6,38,"Enrolled",47.08
"India","Vynnycky-1997",6,38,"Tested",696.64
"India","Vynnycky-1997",6,39,"Enrolled",44.1
"India","Vynnycky-1997",6,39,"Tested",651.24
"India","Vynnycky-1997",6,40,"Enrolled",37.26
"India","Vynnycky-1997",6,40,"Tested",536.44
"India","Vynnycky-1997",6,41,"Enrolled",40.74
"India","Vynnycky-1997",6,41,"Tested",596.04
"India","Vynnycky-1997",6,42,"Enrolled",47.98
"India","Vynnycky-1997",6,42,"Tested",688
"India","Vynnycky-1997",6,43,"Enrolled",40.2
"India","Vynnycky-1997",6,43,"Tested",599.64
"India","Vynnycky-1997",6,44,"Enrolled",45.04
"India","Vynnycky-1997",6,44,"Tested",664.94
"India","Vynnycky-1997",6,45,"Enrolled",33.98
"India","Vynnycky-1997",6,45,"Tested",485.24
"India","Vynnycky-1997",6,46,"Enrolled",37.24
"India","Vynnycky-1997",6,46,"Tested",555.02
"India","Vynnycky-1997",6,47,"Enrolled",48.22
"India","Vynnycky-1997",6,47,"Tested",699.46
"India","Vynnycky-1997",6,48,"Enrolled",40.14
"India","Vynnycky-1997",6,48,"Tested",593.1
"India","Vynnycky-1997",6,49,"Enrolled",33.32
"India","Vynnycky-1997",6,49,"Tested",509.28
"India","Vynnycky-1997",6,50,"Enrolled",37.32
"India","Vynnycky-1997",6,50,"Tested",547.56
"India","Vynnycky-1997",6,51,"Enrolled",32.66
"India","Vynnycky-1997",6,51,"Tested",465.92
"India","Vynnycky-1997",6,52,"Enrolled",40.04
"India","Vynnycky-1997",6,52,"Tested",591.8
"India","Vynnycky-1997",6,53,"Enrolled",31.52
"India","Vynnycky-1997",6,53,"Tested",447
"India","Vynnycky-1997",6,54,"Enrolled",37.22
"India","Vynnycky-1997",6,54,"Tested",541.58
"India","Vynnycky-1997",6,55,"Enrolled",40.12
"India","Vynnycky-1997",6,55,"Tested",571.9
"India","Vynnycky-1997",6,56,"Enrolled",33.94
"India","Vynnycky-1997",6,56,"Tested",507.86
"India","Vynnycky-1997",6,57,"Enrolled",42.4
"India","Vynnycky-1997",6,57,"Tested",611
"India","Vynnycky-1997",6,58,"Enrolled",31.7
"India","Vynnycky-1997",6,58,"Tested",458.7
"India","Vynnycky-1997",6,59,"Enrolled",38.82
"India","Vynnycky-1997",6,59,"Tested",557.68
"India","Vynnycky-1997",6,60,"Enrolled",38.46
"India","Vynnycky-1997",6,60,"Tested",571.32
"India","Vynnycky-1997",6,61,"Enrolled",42.12
"India","Vynnycky-1997",6,61,"Tested",645.3
"India","Vynnycky-1997",6,62,"Enrolled",43.4
"India","Vynnycky-1997",6,62,"Tested",624.48
"India","Vynnycky-1997",6,63,"Enrolled",43.9
"India","Vynnycky-1997",6,63,"Tested",601.48
"India","Vynnycky-1997",6,64,"Enrolled",34.76
"India","Vynnycky-1997",6,64,"Tested",503.12
"India","Vynnycky-1997",6,65,"Enrolled",28.86
"India","Vynnycky-1997",6,65,"Tested",417.86
"India","Vynnycky-1997",6,66,"Enrolled",31.54
"India","Vynnycky-1997",6,66,"Tested",479.28
"India","Vynnycky-1997",6,67,"Enrolled",37.38
"India","Vynnycky-1997",6,67,"Tested",542.34
"India","Vynnycky-1997",6,68,"Enrolled",62.76
"India","Vynnycky-1997",6,68,"Tested",907.06
"India","Vynnycky-1997",6,69,"Enrolled",39.48
"India","Vynnycky-1997",6,69,"Tested",537.26
"India","Vynnycky-1997",6,70,"Enrolled",42.26
"India","Vynnycky-1997",6,70,"Tested",616.9
"India","Vynnycky-1997",6,71,"Enrolled",38.6
"India","Vynnycky-1997",6,71,"Tested",552.22
"India","Vynnycky-1997",6,72,"Enrolled",39.54
"India","Vynnycky-1997",6,72,"Tested",582.04
"India","Vynnycky-1997",6,73,"Enrolled",33.64
"India","Vynnycky-1997",6,73,"Tested",490.86
"India","Vynnycky-1997",6,74,"Enrolled",47.08
"India","Vynnycky-1997",6,74,"Tested",684.28
"India","Vynnycky-1997",6,75,"Enrolled",31.4
"India","Vynnycky-1997",6,75,"Tested",451.4
"India","Vynnycky-1997",6,76,"Enrolled",32.04
"India","Vynnycky-1997",6,76,"Tested",446.98
"India","Vynnycky-1997",6,77,"Enrolled",42.94
"India","Vynnycky-1997",6,77,"Tested",621.84
"India","Vynnycky-1997",6,78,"Enrolled",33.9
"India","Vynnycky-1997",6,78,"Tested",498
"India","Vynnycky-1997",6,79,"Enrolled",44.38
"India","Vynnycky-1997",6,79,"Tested",641.96
"India","Vynnycky-1997",6,80,"Enrolled",48.54
"India","Vynnycky-1997",6,80,"Tested",694.44
"India","Vynnycky-1997",6,81,"Enrolled",43.58
"India","Vynnycky-1997",6,81,"Tested",624.64
"India","Vynnycky-1997",6,82,"Enrolled",39.9
"India","Vynnycky-1997",6,82,"Tested",570.26
"India","Vynnycky-1997",6,83,"Enrolled",33.56
"India","Vynnycky-1997",6,83,"Tested",490.24
"India","Vynnycky-1997",6,84,"Enrolled",42.24
"India","Vynnycky-1997",6,84,"Tested",600.12
"India","Vynnycky-1997",6,85,"Enrolled",43.94
"India","Vynnycky-1997",6,85,"Tested",655.1
"India","Vynnycky-1997",6,86,"Enrolled",43.94
"India","Vynnycky-1997",6,86,"Tested",641.6
"India","Vynnycky-1997",6,87,"Enrolled",38.98
"India","Vynnycky-1997",6,87,"Tested",557.66
"India","Vynnycky-1997",6,88,"Enrolled",31.46
"India","Vynnycky-1997",6,88,"Tested",435.58
"India","Vynnycky-1997",6,89,"Enrolled",34.24
"India","Vynnycky-1997",6,89,"Tested",509.48
"India","Vynnycky-1997",6,90,"Enrolled",42.52
"India","Vynnycky-1997",6,90,"Tested",629.52
"India","Vynnycky-1997",6,91,"Enrolled",40.14
"India","Vynnycky-1997",6,91,"Tested",599.26
"India","Vynnycky-1997",6,92,"Enrolled",34.4
"India","Vynnycky-1997",6,92,"Tested",499.14
"India","Vynnycky-1997",6,93,"Enrolled",40.82
"India","Vynnycky-1997",6,93,"Tested",593.82
"India","Vynnycky-1997",6,94,"Enrolled",46.04
"India","Vynnycky-1997",6,94,"Tested",653.3
"India","Vynnycky-1997",6,95,"Enrolled",41.06
"India","Vynnycky-1997",6,95,"Tested",588.68
"India","Vynnycky-1997",6,96,"Enrolled",38.3
"India","Vynnycky-1997",6,96,"Tested",553.42
"India","Vynnycky-1997",6,97,"Enrolled",43.68
"India","Vynnycky-1997",6,97,"Tested",631.14
"India","Vynnycky-1997",6,98,"Enrolled",32.96
"India","Vynnycky-1997",6,98,"Tested",495.34
"India","Vynnycky-1997",6,99,"Enrolled",35.9
"India","Vynnycky-1997",6,99,"Tested",514.12
"India","Vynnycky-1997",6,100,"Enrolled",35.08
"India","Vynnycky-1997",6,100,"Tested",501.42
"India","Vynnycky-1997",7,1,"Enrolled",41.78
"India","Vynnycky-1997",7,1,"Tested",538.84
"India","Vynnycky-1997",7,2,"Enrolled",47.6
"India","Vynnycky-1997",7,2,"Tested",603.82
"India","Vynnycky-1997",7,3,"Enrolled",40.94
"India","Vynnycky-1997",7,3,"Tested",510.84
"India","Vynnycky-1997",7,4,"Enrolled",47.54
"India","Vynnycky-1997",7,4,"Tested",584.6
"India","Vynnycky-1997",7,5,"Enrolled",46.94
"India","Vynnycky-1997",7,5,"Tested",591.72
"India","Vynnycky-1997",7,6,"Enrolled",43.64
"India","Vynnycky-1997",7,6,"Tested",534.4
"India","Vynnycky-1997",7,7,"Enrolled",45
"India","Vynnycky-1997",7,7,"Tested",571.98
"India","Vynnycky-1997",7,8,"Enrolled",56.3
"India","Vynnycky-1997",7,8,"Tested",714.08
"India","Vynnycky-1997",7,9,"Enrolled",42.28
"India","Vynnycky-1997",7,9,"Tested",533.96
"India","Vynnycky-1997",7,10,"Enrolled",47.36
"India","Vynnycky-1997",7,10,"Tested",600.34
"India","Vynnycky-1997",7,11,"Enrolled",40.56
"India","Vynnycky-1997",7,11,"Tested",483.6
"India","Vynnycky-1997",7,12,"Enrolled",44.76
"India","Vynnycky-1997",7,12,"Tested",564.92
"India","Vynnycky-1997",7,13,"Enrolled",41.64
"India","Vynnycky-1997",7,13,"Tested",511.08
"India","Vynnycky-1997",7,14,"Enrolled",40.6
"India","Vynnycky-1997",7,14,"Tested",501.66
"India","Vynnycky-1997",7,15,"Enrolled",44.64
"India","Vynnycky-1997",7,15,"Tested",551.06
"India","Vynnycky-1997",7,16,"Enrolled",42.76
"India","Vynnycky-1997",7,16,"Tested",530.6
"India","Vynnycky-1997",7,17,"Enrolled",43.78
"India","Vynnycky-1997",7,17,"Tested",532.92
"India","Vynnycky-1997",7,18,"Enrolled",37.12
"India","Vynnycky-1997",7,18,"Tested",461.98
"India","Vynnycky-1997",7,19,"Enrolled",35.72
"India","Vynnycky-1997",7,19,"Tested",437.94
"India","Vynnycky-1997",7,20,"Enrolled",35.2
"India","Vynnycky-1997",7,20,"Tested",430.86
"India","Vynnycky-1997",7,21,"Enrolled",42.98
"India","Vynnycky-1997",7,21,"Tested",550.96
"India","Vynnycky-1997",7,22,"Enrolled",41.12
"India","Vynnycky-1997",7,22,"Tested",499.68
"India","Vynnycky-1997",7,23,"Enrolled",37.46
"India","Vynnycky-1997",7,23,"Tested",467.74
"India","Vynnycky-1997",7,24,"Enrolled",45.06
"India","Vynnycky-1997",7,24,"Tested",552.56
"India","Vynnycky-1997",7,25,"Enrolled",40.7
"India","Vynnycky-1997",7,25,"Tested",510.4
"India","Vynnycky-1997",7,26,"Enrolled",40.92
"India","Vynnycky-1997",7,26,"Tested",522.5
"India","Vynnycky-1997",7,27,"Enrolled",47.36
"India","Vynnycky-1997",7,27,"Tested",588.44
"India","Vynnycky-1997",7,28,"Enrolled",39.7
"India","Vynnycky-1997",7,28,"Tested",485.12
"India","Vynnycky-1997",7,29,"Enrolled",38.92
"India","Vynnycky-1997",7,29,"Tested",488.72
"India","Vynnycky-1997",7,30,"Enrolled",36.96
"India","Vynnycky-1997",7,30,"Tested",452.38
"India","Vynnycky-1997",7,31,"Enrolled",37.9
"India","Vynnycky-1997",7,31,"Tested",469.88
"India","Vynnycky-1997",7,32,"Enrolled",44.08
"India","Vynnycky-1997",7,32,"Tested",550.32
"India","Vynnycky-1997",7,33,"Enrolled",28.38
"India","Vynnycky-1997",7,33,"Tested",356.9
"India","Vynnycky-1997",7,34,"Enrolled",44.92
"India","Vynnycky-1997",7,34,"Tested",571.14
"India","Vynnycky-1997",7,35,"Enrolled",43.48
"India","Vynnycky-1997",7,35,"Tested",549.74
"India","Vynnycky-1997",7,36,"Enrolled",47.92
"India","Vynnycky-1997",7,36,"Tested",608.78
"India","Vynnycky-1997",7,37,"Enrolled",45.26
"India","Vynnycky-1997",7,37,"Tested",551.46
"India","Vynnycky-1997",7,38,"Enrolled",44.92
"India","Vynnycky-1997",7,38,"Tested",545.42
"India","Vynnycky-1997",7,39,"Enrolled",43.64
"India","Vynnycky-1997",7,39,"Tested",530.56
"India","Vynnycky-1997",7,40,"Enrolled",44.1
"India","Vynnycky-1997",7,40,"Tested",542.76
"India","Vynnycky-1997",7,41,"Enrolled",45.04
"India","Vynnycky-1997",7,41,"Tested",561.72
"India","Vynnycky-1997",7,42,"Enrolled",42.28
"India","Vynnycky-1997",7,42,"Tested",550.44
"India","Vynnycky-1997",7,43,"Enrolled",28.54
"India","Vynnycky-1997",7,43,"Tested",360.38
"India","Vynnycky-1997",7,44,"Enrolled",54.14
"India","Vynnycky-1997",7,44,"Tested",666.74
"India","Vynnycky-1997",7,45,"Enrolled",54.58
"India","Vynnycky-1997",7,45,"Tested",662.86
"India","Vynnycky-1997",7,46,"Enrolled",41.48
"India","Vynnycky-1997",7,46,"Tested",526.4
"India","Vynnycky-1997",7,47,"Enrolled",35.88
"India","Vynnycky-1997",7,47,"Tested",456.6
"India","Vynnycky-1997",7,48,"Enrolled",47.98
"India","Vynnycky-1997",7,48,"Tested",590.68
"India","Vynnycky-1997",7,49,"Enrolled",44.08
"India","Vynnycky-1997",7,49,"Tested",548.5
"India","Vynnycky-1997",7,50,"Enrolled",32.74
"India","Vynnycky-1997",7,50,"Tested",399.84
"India","Vynnycky-1997",7,51,"Enrolled",33.36
"India","Vynnycky-1997",7,51,"Tested",407.3
"India","Vynnycky-1997",7,52,"Enrolled",51.84
"India","Vynnycky-1997",7,52,"Tested",655.72
"India","Vynnycky-1997",7,53,"Enrolled",44.34
"India","Vynnycky-1997",7,53,"Tested",549.94
"India","Vynnycky-1997",7,54,"Enrolled",43.3
"India","Vynnycky-1997",7,54,"Tested",548.14
"India","Vynnycky-1997",7,55,"Enrolled",38.2
"India","Vynnycky-1997",7,55,"Tested",477.46
"India","Vynnycky-1997",7,56,"Enrolled",52.42
"India","Vynnycky-1997",7,56,"Tested",642.24
"India","Vynnycky-1997",7,57,"Enrolled",46.58
"India","Vynnycky-1997",7,57,"Tested",591.9
"India","Vynnycky-1997",7,58,"Enrolled",40.98
"India","Vynnycky-1997",7,58,"Tested",524.22
"India","Vynnycky-1997",7,59,"Enrolled",51.76
"India","Vynnycky-1997",7,59,"Tested",637.98
"India","Vynnycky-1997",7,60,"Enrolled",44.72
"India","Vynnycky-1997",7,60,"Tested",577.2
"India","Vynnycky-1997",7,61,"Enrolled",41.54
"India","Vynnycky-1997",7,61,"Tested",527.38
"India","Vynnycky-1997",7,62,"Enrolled",33.32
"India","Vynnycky-1997",7,62,"Tested",412.72
"India","Vynnycky-1997",7,63,"Enrolled",42.14
"India","Vynnycky-1997",7,63,"Tested",545.68
"India","Vynnycky-1997",7,64,"Enrolled",43.72
"India","Vynnycky-1997",7,64,"Tested",546.74
"India","Vynnycky-1997",7,65,"Enrolled",39.44
"India","Vynnycky-1997",7,65,"Tested",475.76
"India","Vynnycky-1997",7,66,"Enrolled",53.34
"India","Vynnycky-1997",7,66,"Tested",661.32
"India","Vynnycky-1997",7,67,"Enrolled",39.98
"India","Vynnycky-1997",7,67,"Tested",520.68
"India","Vynnycky-1997",7,68,"Enrolled",43.28
"India","Vynnycky-1997",7,68,"Tested",537.84
"India","Vynnycky-1997",7,69,"Enrolled",38.24
"India","Vynnycky-1997",7,69,"Tested",472.76
"India","Vynnycky-1997",7,70,"Enrolled",39.58
"India","Vynnycky-1997",7,70,"Tested",499.98
"India","Vynnycky-1997",7,71,"Enrolled",48.1
"India","Vynnycky-1997",7,71,"Tested",601.48
"India","Vynnycky-1997",7,72,"Enrolled",35.9
"India","Vynnycky-1997",7,72,"Tested",452.52
"India","Vynnycky-1997",7,73,"Enrolled",42.22
"India","Vynnycky-1997",7,73,"Tested",528.08
"India","Vynnycky-1997",7,74,"Enrolled",59.14
"India","Vynnycky-1997",7,74,"Tested",746.38
"India","Vynnycky-1997",7,75,"Enrolled",47.56
"India","Vynnycky-1997",7,75,"Tested",598.14
"India","Vynnycky-1997",7,76,"Enrolled",36.44
"India","Vynnycky-1997",7,76,"Tested",446.7
"India","Vynnycky-1997",7,77,"Enrolled",42.88
"India","Vynnycky-1997",7,77,"Tested",546.44
"India","Vynnycky-1997",7,78,"Enrolled",52.22
"India","Vynnycky-1997",7,78,"Tested",646.88
"India","Vynnycky-1997",7,79,"Enrolled",37.94
"India","Vynnycky-1997",7,79,"Tested",488.58
"India","Vynnycky-1997",7,80,"Enrolled",42.22
"India","Vynnycky-1997",7,80,"Tested",522.98
"India","Vynnycky-1997",7,81,"Enrolled",34.88
"India","Vynnycky-1997",7,81,"Tested",415.52
"India","Vynnycky-1997",7,82,"Enrolled",39.36
"India","Vynnycky-1997",7,82,"Tested",498.66
"India","Vynnycky-1997",7,83,"Enrolled",36.22
"India","Vynnycky-1997",7,83,"Tested",459.92
"India","Vynnycky-1997",7,84,"Enrolled",42.1
"India","Vynnycky-1997",7,84,"Tested",524.94
"India","Vynnycky-1997",7,85,"Enrolled",37.54
"India","Vynnycky-1997",7,85,"Tested",477.6
"India","Vynnycky-1997",7,86,"Enrolled",38.78
"India","Vynnycky-1997",7,86,"Tested",480.38
"India","Vynnycky-1997",7,87,"Enrolled",50.06
"India","Vynnycky-1997",7,87,"Tested",636.58
"India","Vynnycky-1997",7,88,"Enrolled",37.78
"India","Vynnycky-1997",7,88,"Tested",476.98
"India","Vynnycky-1997",7,89,"Enrolled",53.04
"India","Vynnycky-1997",7,89,"Tested",675.36
"India","Vynnycky-1997",7,90,"Enrolled",46.3
"India","Vynnycky-1997",7,90,"Tested",546.46
"India","Vynnycky-1997",7,91,"Enrolled",40.18
"India","Vynnycky-1997",7,91,"Tested",506.48
"India","Vynnycky-1997",7,92,"Enrolled",46.74
"India","Vynnycky-1997",7,92,"Tested",572.68
"India","Vynnycky-1997",7,93,"Enrolled",42.06
"India","Vynnycky-1997",7,93,"Tested",526.84
"India","Vynnycky-1997",7,94,"Enrolled",41.88
"India","Vynnycky-1997",7,94,"Tested",536.42
"India","Vynnycky-1997",7,95,"Enrolled",38.28
"India","Vynnycky-1997",7,95,"Tested",486.9
"India","Vynnycky-1997",7,96,"Enrolled",47.18
"India","Vynnycky-1997",7,96,"Tested",566.6
"India","Vynnycky-1997",7,97,"Enrolled",35.3
"India","Vynnycky-1997",7,97,"Tested",447.84
"India","Vynnycky-1997",7,98,"Enrolled",37.6
"India","Vynnycky-1997",7,98,"Tested",450.86
"India","Vynnycky-1997",7,99,"Enrolled",46.86
"India","Vynnycky-1997",7,99,"Tested",556.26
"India","Vynnycky-1997",7,100,"Enrolled",34.24
"India","Vynnycky-1997",7,100,"Tested",435.48
"India","Vynnycky-1997",8,1,"Enrolled",50.78
"India","Vynnycky-1997",8,1,"Tested",549.44
"India","Vynnycky-1997",8,2,"Enrolled",54.4
"India","Vynnycky-1997",8,2,"Tested",598.2
"India","Vynnycky-1997",8,3,"Enrolled",50.4
"India","Vynnycky-1997",8,3,"Tested",538.44
"India","Vynnycky-1997",8,4,"Enrolled",40.12
"India","Vynnycky-1997",8,4,"Tested",447.9
"India","Vynnycky-1997",8,5,"Enrolled",52.6
"India","Vynnycky-1997",8,5,"Tested",564.58
"India","Vynnycky-1997",8,6,"Enrolled",53.54
"India","Vynnycky-1997",8,6,"Tested",583.1
"India","Vynnycky-1997",8,7,"Enrolled",50.3
"India","Vynnycky-1997",8,7,"Tested",558.2
"India","Vynnycky-1997",8,8,"Enrolled",53.36
"India","Vynnycky-1997",8,8,"Tested",556.22
"India","Vynnycky-1997",8,9,"Enrolled",41.1
"India","Vynnycky-1997",8,9,"Tested",442.52
"India","Vynnycky-1997",8,10,"Enrolled",55.86
"India","Vynnycky-1997",8,10,"Tested",601.94
"India","Vynnycky-1997",8,11,"Enrolled",36.24
"India","Vynnycky-1997",8,11,"Tested",393.9
"India","Vynnycky-1997",8,12,"Enrolled",47.1
"India","Vynnycky-1997",8,12,"Tested",512.4
"India","Vynnycky-1997",8,13,"Enrolled",47.48
"India","Vynnycky-1997",8,13,"Tested",512.94
"India","Vynnycky-1997",8,14,"Enrolled",49.14
"India","Vynnycky-1997",8,14,"Tested",545.78
"India","Vynnycky-1997",8,15,"Enrolled",40.06
"India","Vynnycky-1997",8,15,"Tested",427.06
"India","Vynnycky-1997",8,16,"Enrolled",42.3
"India","Vynnycky-1997",8,16,"Tested",455.62
"India","Vynnycky-1997",8,17,"Enrolled",45.78
"India","Vynnycky-1997",8,17,"Tested",503.82
"India","Vynnycky-1997",8,18,"Enrolled",35.4
"India","Vynnycky-1997",8,18,"Tested",380.7
"India","Vynnycky-1997",8,19,"Enrolled",50.74
"India","Vynnycky-1997",8,19,"Tested",552.08
"India","Vynnycky-1997",8,20,"Enrolled",58.16
"India","Vynnycky-1997",8,20,"Tested",640.94
"India","Vynnycky-1997",8,21,"Enrolled",45
"India","Vynnycky-1997",8,21,"Tested",497.2
"India","Vynnycky-1997",8,22,"Enrolled",50.7
"India","Vynnycky-1997",8,22,"Tested",560.84
"India","Vynnycky-1997",8,23,"Enrolled",48.36
"India","Vynnycky-1997",8,23,"Tested",509.62
"India","Vynnycky-1997",8,24,"Enrolled",70.02
"India","Vynnycky-1997",8,24,"Tested",759.68
"India","Vynnycky-1997",8,25,"Enrolled",39.9
"India","Vynnycky-1997",8,25,"Tested",458.72
"India","Vynnycky-1997",8,26,"Enrolled",45.92
"India","Vynnycky-1997",8,26,"Tested",497.32
"India","Vynnycky-1997",8,27,"Enrolled",42
"India","Vynnycky-1997",8,27,"Tested",465.52
"India","Vynnycky-1997",8,28,"Enrolled",51.16
"India","Vynnycky-1997",8,28,"Tested",550.74
"India","Vynnycky-1997",8,29,"Enrolled",53.22
"India","Vynnycky-1997",8,29,"Tested",588.28
"India","Vynnycky-1997",8,30,"Enrolled",42.92
"India","Vynnycky-1997",8,30,"Tested",466.24
"India","Vynnycky-1997",8,31,"Enrolled",50.06
"India","Vynnycky-1997",8,31,"Tested",538.14
"India","Vynnycky-1997",8,32,"Enrolled",43.12
"India","Vynnycky-1997",8,32,"Tested",480.92
"India","Vynnycky-1997",8,33,"Enrolled",45.62
"India","Vynnycky-1997",8,33,"Tested",515.72
"India","Vynnycky-1997",8,34,"Enrolled",41.96
"India","Vynnycky-1997",8,34,"Tested",466.68
"India","Vynnycky-1997",8,35,"Enrolled",55.22
"India","Vynnycky-1997",8,35,"Tested",600.2
"India","Vynnycky-1997",8,36,"Enrolled",49.58
"India","Vynnycky-1997",8,36,"Tested",543.22
"India","Vynnycky-1997",8,37,"Enrolled",48.24
"India","Vynnycky-1997",8,37,"Tested",514.02
"India","Vynnycky-1997",8,38,"Enrolled",46.74
"India","Vynnycky-1997",8,38,"Tested",528.6
"India","Vynnycky-1997",8,39,"Enrolled",46.7
"India","Vynnycky-1997",8,39,"Tested",496.06
"India","Vynnycky-1997",8,40,"Enrolled",50.98
"India","Vynnycky-1997",8,40,"Tested",551.96
"India","Vynnycky-1997",8,41,"Enrolled",54.24
"India","Vynnycky-1997",8,41,"Tested",576.44
"India","Vynnycky-1997",8,42,"Enrolled",37.12
"India","Vynnycky-1997",8,42,"Tested",414.92
"India","Vynnycky-1997",8,43,"Enrolled",41.84
"India","Vynnycky-1997",8,43,"Tested",449.92
"India","Vynnycky-1997",8,44,"Enrolled",43.66
"India","Vynnycky-1997",8,44,"Tested",469.92
"India","Vynnycky-1997",8,45,"Enrolled",49.96
"India","Vynnycky-1997",8,45,"Tested",535
"India","Vynnycky-1997",8,46,"Enrolled",50.78
"India","Vynnycky-1997",8,46,"Tested",574.38
"India","Vynnycky-1997",8,47,"Enrolled",56.48
"India","Vynnycky-1997",8,47,"Tested",620.96
"India","Vynnycky-1997",8,48,"Enrolled",36.74
"India","Vynnycky-1997",8,48,"Tested",407.28
"India","Vynnycky-1997",8,49,"Enrolled",50.84
"India","Vynnycky-1997",8,49,"Tested",564.82
"India","Vynnycky-1997",8,50,"Enrolled",49.92
"India","Vynnycky-1997",8,50,"Tested",529.24
"India","Vynnycky-1997",8,51,"Enrolled",48.7
"India","Vynnycky-1997",8,51,"Tested",525.58
"India","Vynnycky-1997",8,52,"Enrolled",44.62
"India","Vynnycky-1997",8,52,"Tested",484.96
"India","Vynnycky-1997",8,53,"Enrolled",50.86
"India","Vynnycky-1997",8,53,"Tested",568.04
"India","Vynnycky-1997",8,54,"Enrolled",40.58
"India","Vynnycky-1997",8,54,"Tested",440.6
"India","Vynnycky-1997",8,55,"Enrolled",32.04
"India","Vynnycky-1997",8,55,"Tested",351.56
"India","Vynnycky-1997",8,56,"Enrolled",57.42
"India","Vynnycky-1997",8,56,"Tested",653.12
"India","Vynnycky-1997",8,57,"Enrolled",51.32
"India","Vynnycky-1997",8,57,"Tested",558.98
"India","Vynnycky-1997",8,58,"Enrolled",47.86
"India","Vynnycky-1997",8,58,"Tested",523.62
"India","Vynnycky-1997",8,59,"Enrolled",42.2
"India","Vynnycky-1997",8,59,"Tested",461.34
"India","Vynnycky-1997",8,60,"Enrolled",49.96
"India","Vynnycky-1997",8,60,"Tested",549.5
"India","Vynnycky-1997",8,61,"Enrolled",49.5
"India","Vynnycky-1997",8,61,"Tested",524.44
"India","Vynnycky-1997",8,62,"Enrolled",55.2
"India","Vynnycky-1997",8,62,"Tested",602.8
"India","Vynnycky-1997",8,63,"Enrolled",34.56
"India","Vynnycky-1997",8,63,"Tested",364.3
"India","Vynnycky-1997",8,64,"Enrolled",43.86
"India","Vynnycky-1997",8,64,"Tested",470.56
"India","Vynnycky-1997",8,65,"Enrolled",43.76
"India","Vynnycky-1997",8,65,"Tested",480.16
"India","Vynnycky-1997",8,66,"Enrolled",59.52
"India","Vynnycky-1997",8,66,"Tested",651.02
"India","Vynnycky-1997",8,67,"Enrolled",54.68
"India","Vynnycky-1997",8,67,"Tested",609.96
"India","Vynnycky-1997",8,68,"Enrolled",58.88
"India","Vynnycky-1997",8,68,"Tested",618.92
"India","Vynnycky-1997",8,69,"Enrolled",33.16
"India","Vynnycky-1997",8,69,"Tested",359.08
"India","Vynnycky-1997",8,70,"Enrolled",42.06
"India","Vynnycky-1997",8,70,"Tested",451.46
"India","Vynnycky-1997",8,71,"Enrolled",38.12
"India","Vynnycky-1997",8,71,"Tested",418.3
"India","Vynnycky-1997",8,72,"Enrolled",40.2
"India","Vynnycky-1997",8,72,"Tested",447.18
"India","Vynnycky-1997",8,73,"Enrolled",56.66
"India","Vynnycky-1997",8,73,"Tested",616.66
"India","Vynnycky-1997",8,74,"Enrolled",52.56
"India","Vynnycky-1997",8,74,"Tested",576.46
"India","Vynnycky-1997",8,75,"Enrolled",58.34
"India","Vynnycky-1997",8,75,"Tested",650.92
"India","Vynnycky-1997",8,76,"Enrolled",46.78
"India","Vynnycky-1997",8,76,"Tested",519.96
"India","Vynnycky-1997",8,77,"Enrolled",52.24
"India","Vynnycky-1997",8,77,"Tested",550.16
"India","Vynnycky-1997",8,78,"Enrolled",41.7
"India","Vynnycky-1997",8,78,"Tested",453.76
"India","Vynnycky-1997",8,79,"Enrolled",50.68
"India","Vynnycky-1997",8,79,"Tested",575.52
"India","Vynnycky-1997",8,80,"Enrolled",58.6
"India","Vynnycky-1997",8,80,"Tested",636.24
"India","Vynnycky-1997",8,81,"Enrolled",42.5
"India","Vynnycky-1997",8,81,"Tested",447.68
"India","Vynnycky-1997",8,82,"Enrolled",42.56
"India","Vynnycky-1997",8,82,"Tested",466.56
"India","Vynnycky-1997",8,83,"Enrolled",47.06
"India","Vynnycky-1997",8,83,"Tested",522.08
"India","Vynnycky-1997",8,84,"Enrolled",47.58
"India","Vynnycky-1997",8,84,"Tested",509.56
"India","Vynnycky-1997",8,85,"Enrolled",51.6
"India","Vynnycky-1997",8,85,"Tested",559.48
"India","Vynnycky-1997",8,86,"Enrolled",42
"India","Vynnycky-1997",8,86,"Tested",452.22
"India","Vynnycky-1997",8,87,"Enrolled",58.78
"India","Vynnycky-1997",8,87,"Tested",657.34
"India","Vynnycky-1997",8,88,"Enrolled",38.6
"India","Vynnycky-1997",8,88,"Tested",424.84
"India","Vynnycky-1997",8,89,"Enrolled",55.16
"India","Vynnycky-1997",8,89,"Tested",580.52
"India","Vynnycky-1997",8,90,"Enrolled",53.32
"India","Vynnycky-1997",8,90,"Tested",577.54
"India","Vynnycky-1997",8,91,"Enrolled",47.56
"India","Vynnycky-1997",8,91,"Tested",518.86
"India","Vynnycky-1997",8,92,"Enrolled",50.74
"India","Vynnycky-1997",8,92,"Tested",559.4
"India","Vynnycky-1997",8,93,"Enrolled",35.8
"India","Vynnycky-1997",8,93,"Tested",381.82
"India","Vynnycky-1997",8,94,"Enrolled",40.66
"India","Vynnycky-1997",8,94,"Tested",448.58
"India","Vynnycky-1997",8,95,"Enrolled",49.88
"India","Vynnycky-1997",8,95,"Tested",546.42
"India","Vynnycky-1997",8,96,"Enrolled",61.32
"India","Vynnycky-1997",8,96,"Tested",674.52
"India","Vynnycky-1997",8,97,"Enrolled",53.24
"India","Vynnycky-1997",8,97,"Tested",574.36
"India","Vynnycky-1997",8,98,"Enrolled",59.4
"India","Vynnycky-1997",8,98,"Tested",647.94
"India","Vynnycky-1997",8,99,"Enrolled",51.2
"India","Vynnycky-1997",8,99,"Tested",559.72
"India","Vynnycky-1997",8,100,"Enrolled",42.8
"India","Vynnycky-1997",8,100,"Tested",455.92
"India","Vynnycky-1997",9,1,"Enrolled",42.1
"India","Vynnycky-1997",9,1,"Tested",412.16
"India","Vynnycky-1997",9,2,"Enrolled",36.5
"India","Vynnycky-1997",9,2,"Tested",346.78
"India","Vynnycky-1997",9,3,"Enrolled",53.98
"India","Vynnycky-1997",9,3,"Tested",522.58
"India","Vynnycky-1997",9,4,"Enrolled",55.22
"India","Vynnycky-1997",9,4,"Tested",527
"India","Vynnycky-1997",9,5,"Enrolled",65.22
"India","Vynnycky-1997",9,5,"Tested",624.16
"India","Vynnycky-1997",9,6,"Enrolled",56.96
"India","Vynnycky-1997",9,6,"Tested",557.36
"India","Vynnycky-1997",9,7,"Enrolled",61.2
"India","Vynnycky-1997",9,7,"Tested",598.32
"India","Vynnycky-1997",9,8,"Enrolled",51.5
"India","Vynnycky-1997",9,8,"Tested",486.82
"India","Vynnycky-1997",9,9,"Enrolled",54.8
"India","Vynnycky-1997",9,9,"Tested",515.44
"India","Vynnycky-1997",9,10,"Enrolled",60.24
"India","Vynnycky-1997",9,10,"Tested",587.4
"India","Vynnycky-1997",9,11,"Enrolled",42.16
"India","Vynnycky-1997",9,11,"Tested",399.06
"India","Vynnycky-1997",9,12,"Enrolled",50.56
"India","Vynnycky-1997",9,12,"Tested",504.52
"India","Vynnycky-1997",9,13,"Enrolled",51.98
"India","Vynnycky-1997",9,13,"Tested",512.2
"India","Vynnycky-1997",9,14,"Enrolled",47
"India","Vynnycky-1997",9,14,"Tested",439.68
"India","Vynnycky-1997",9,15,"Enrolled",49.24
"India","Vynnycky-1997",9,15,"Tested",474.04
"India","Vynnycky-1997",9,16,"Enrolled",43.3
"India","Vynnycky-1997",9,16,"Tested",419.86
"India","Vynnycky-1997",9,17,"Enrolled",48.08
"India","Vynnycky-1997",9,17,"Tested",469.36
"India","Vynnycky-1997",9,18,"Enrolled",48
"India","Vynnycky-1997",9,18,"Tested",455.62
"India","Vynnycky-1997",9,19,"Enrolled",41.84
"India","Vynnycky-1997",9,19,"Tested",410.26
"India","Vynnycky-1997",9,20,"Enrolled",43.7
"India","Vynnycky-1997",9,20,"Tested",419.64
"India","Vynnycky-1997",9,21,"Enrolled",55.38
"India","Vynnycky-1997",9,21,"Tested",538.6
"India","Vynnycky-1997",9,22,"Enrolled",62.32
"India","Vynnycky-1997",9,22,"Tested",585.12
"India","Vynnycky-1997",9,23,"Enrolled",45.08
"India","Vynnycky-1997",9,23,"Tested",437.04
"India","Vynnycky-1997",9,24,"Enrolled",52.34
"India","Vynnycky-1997",9,24,"Tested",500.46
"India","Vynnycky-1997",9,25,"Enrolled",41.64
"India","Vynnycky-1997",9,25,"Tested",404.74
"India","Vynnycky-1997",9,26,"Enrolled",44.5
"India","Vynnycky-1997",9,26,"Tested",427.5
"India","Vynnycky-1997",9,27,"Enrolled",42.22
"India","Vynnycky-1997",9,27,"Tested",404.18
"India","Vynnycky-1997",9,28,"Enrolled",54.28
"India","Vynnycky-1997",9,28,"Tested",536.8
"India","Vynnycky-1997",9,29,"Enrolled",47.32
"India","Vynnycky-1997",9,29,"Tested",459.96
"India","Vynnycky-1997",9,30,"Enrolled",41.02
"India","Vynnycky-1997",9,30,"Tested",408.36
"India","Vynnycky-1997",9,31,"Enrolled",42.5
"India","Vynnycky-1997",9,31,"Tested",408.12
"India","Vynnycky-1997",9,32,"Enrolled",51.32
"India","Vynnycky-1997",9,32,"Tested",503.2
"India","Vynnycky-1997",9,33,"Enrolled",40.1
"India","Vynnycky-1997",9,33,"Tested",384.04
"India","Vynnycky-1997",9,34,"Enrolled",45.82
"India","Vynnycky-1997",9,34,"Tested",442.08
"India","Vynnycky-1997",9,35,"Enrolled",67.82
"India","Vynnycky-1997",9,35,"Tested",640.66
"India","Vynnycky-1997",9,36,"Enrolled",58.48
"India","Vynnycky-1997",9,36,"Tested",570.68
"India","Vynnycky-1997",9,37,"Enrolled",60.8
"India","Vynnycky-1997",9,37,"Tested",574.26
"India","Vynnycky-1997",9,38,"Enrolled",56.12
"India","Vynnycky-1997",9,38,"Tested",537.78
"India","Vynnycky-1997",9,39,"Enrolled",35.9
"India","Vynnycky-1997",9,39,"Tested",342.04
"India","Vynnycky-1997",9,40,"Enrolled",47.2
"India","Vynnycky-1997",9,40,"Tested",469.22
"India","Vynnycky-1997",9,41,"Enrolled",42.58
"India","Vynnycky-1997",9,41,"Tested",415.1
"India","Vynnycky-1997",9,42,"Enrolled",50.14
"India","Vynnycky-1997",9,42,"Tested",495.44
"India","Vynnycky-1997",9,43,"Enrolled",63.1
"India","Vynnycky-1997",9,43,"Tested",619.4
"India","Vynnycky-1997",9,44,"Enrolled",53.9
"India","Vynnycky-1997",9,44,"Tested",515.66
"India","Vynnycky-1997",9,45,"Enrolled",59.3
"India","Vynnycky-1997",9,45,"Tested",585.4
"India","Vynnycky-1997",9,46,"Enrolled",64.6
"India","Vynnycky-1997",9,46,"Tested",625.28
"India","Vynnycky-1997",9,47,"Enrolled",52.84
"India","Vynnycky-1997",9,47,"Tested",515.18
"India","Vynnycky-1997",9,48,"Enrolled",54.02
"India","Vynnycky-1997",9,48,"Tested",518.6
"India","Vynnycky-1997",9,49,"Enrolled",48.72
"India","Vynnycky-1997",9,49,"Tested",466.2
"India","Vynnycky-1997",9,50,"Enrolled",58.14
"India","Vynnycky-1997",9,50,"Tested",566.76
"India","Vynnycky-1997",9,51,"Enrolled",46.5
"India","Vynnycky-1997",9,51,"Tested",455.2
"India","Vynnycky-1997",9,52,"Enrolled",45
"India","Vynnycky-1997",9,52,"Tested",425.08
"India","Vynnycky-1997",9,53,"Enrolled",49.24
"India","Vynnycky-1997",9,53,"Tested",482.84
"India","Vynnycky-1997",9,54,"Enrolled",46.78
"India","Vynnycky-1997",9,54,"Tested",452.98
"India","Vynnycky-1997",9,55,"Enrolled",49.4
"India","Vynnycky-1997",9,55,"Tested",473.68
"India","Vynnycky-1997",9,56,"Enrolled",48.26
"India","Vynnycky-1997",9,56,"Tested",464.36
"India","Vynnycky-1997",9,57,"Enrolled",41.12
"India","Vynnycky-1997",9,57,"Tested",393.62
"India","Vynnycky-1997",9,58,"Enrolled",53.66
"India","Vynnycky-1997",9,58,"Tested",523.28
"India","Vynnycky-1997",9,59,"Enrolled",45.34
"India","Vynnycky-1997",9,59,"Tested",447.3
"India","Vynnycky-1997",9,60,"Enrolled",45.6
"India","Vynnycky-1997",9,60,"Tested",456.22
"India","Vynnycky-1997",9,61,"Enrolled",58.54
"India","Vynnycky-1997",9,61,"Tested",558.68
"India","Vynnycky-1997",9,62,"Enrolled",49.8
"India","Vynnycky-1997",9,62,"Tested",485.28
"India","Vynnycky-1997",9,63,"Enrolled",78.54
"India","Vynnycky-1997",9,63,"Tested",770.64
"India","Vynnycky-1997",9,64,"Enrolled",32.26
"India","Vynnycky-1997",9,64,"Tested",314.78
"India","Vynnycky-1997",9,65,"Enrolled",48.3
"India","Vynnycky-1997",9,65,"Tested",470.88
"India","Vynnycky-1997",9,66,"Enrolled",48.92
"India","Vynnycky-1997",9,66,"Tested",471.5
"India","Vynnycky-1997",9,67,"Enrolled",58.8
"India","Vynnycky-1997",9,67,"Tested",570.78
"India","Vynnycky-1997",9,68,"Enrolled",49.08
"India","Vynnycky-1997",9,68,"Tested",468.78
"India","Vynnycky-1997",9,69,"Enrolled",41.56
"India","Vynnycky-1997",9,69,"Tested",408.58
"India","Vynnycky-1997",9,70,"Enrolled",44.72
"India","Vynnycky-1997",9,70,"Tested",452.06
"India","Vynnycky-1997",9,71,"Enrolled",53.72
"India","Vynnycky-1997",9,71,"Tested",515.88
"India","Vynnycky-1997",9,72,"Enrolled",51.9
"India","Vynnycky-1997",9,72,"Tested",495.58
"India","Vynnycky-1997",9,73,"Enrolled",41.12
"India","Vynnycky-1997",9,73,"Tested",395.38
"India","Vynnycky-1997",9,74,"Enrolled",54.74
"India","Vynnycky-1997",9,74,"Tested",543.18
"India","Vynnycky-1997",9,75,"Enrolled",55.74
"India","Vynnycky-1997",9,75,"Tested",547.78
"India","Vynnycky-1997",9,76,"Enrolled",46.92
"India","Vynnycky-1997",9,76,"Tested",464.08
"India","Vynnycky-1997",9,77,"Enrolled",50.38
"India","Vynnycky-1997",9,77,"Tested",495.72
"India","Vynnycky-1997",9,78,"Enrolled",42.56
"India","Vynnycky-1997",9,78,"Tested",420.36
"India","Vynnycky-1997",9,79,"Enrolled",47.14
"India","Vynnycky-1997",9,79,"Tested",466.96
"India","Vynnycky-1997",9,80,"Enrolled",47.08
"India","Vynnycky-1997",9,80,"Tested",451.88
"India","Vynnycky-1997",9,81,"Enrolled",52.72
"India","Vynnycky-1997",9,81,"Tested",495.48
"India","Vynnycky-1997",9,82,"Enrolled",47.52
"India","Vynnycky-1997",9,82,"Tested",448.56
"India","Vynnycky-1997",9,83,"Enrolled",41.52
"India","Vynnycky-1997",9,83,"Tested",394.18
"India","Vynnycky-1997",9,84,"Enrolled",51.42
"India","Vynnycky-1997",9,84,"Tested",497.24
"India","Vynnycky-1997",9,85,"Enrolled",38.48
"India","Vynnycky-1997",9,85,"Tested",368.3
"India","Vynnycky-1997",9,86,"Enrolled",46.44
"India","Vynnycky-1997",9,86,"Tested",446.12
"India","Vynnycky-1997",9,87,"Enrolled",51.2
"India","Vynnycky-1997",9,87,"Tested",490.34
"India","Vynnycky-1997",9,88,"Enrolled",49.52
"India","Vynnycky-1997",9,88,"Tested",471.96
"India","Vynnycky-1997",9,89,"Enrolled",52.5
"India","Vynnycky-1997",9,89,"Tested",518.24
"India","Vynnycky-1997",9,90,"Enrolled",44.4
"India","Vynnycky-1997",9,90,"Tested",426.26
"India","Vynnycky-1997",9,91,"Enrolled",46.04
"India","Vynnycky-1997",9,91,"Tested",443.92
"India","Vynnycky-1997",9,92,"Enrolled",47.98
"India","Vynnycky-1997",9,92,"Tested",480.62
"India","Vynnycky-1997",9,93,"Enrolled",47.66
"India","Vynnycky-1997",9,93,"Tested",449.82
"India","Vynnycky-1997",9,94,"Enrolled",44.62
"India","Vynnycky-1997",9,94,"Tested",428.2
"India","Vynnycky-1997",9,95,"Enrolled",44.2
"India","Vynnycky-1997",9,95,"Tested",423.8
"India","Vynnycky-1997",9,96,"Enrolled",59.2
"India","Vynnycky-1997",9,96,"Tested",584.26
"India","Vynnycky-1997",9,97,"Enrolled",55.22
"India","Vynnycky-1997",9,97,"Tested",525.2
"India","Vynnycky-1997",9,98,"Enrolled",47.92
"India","Vynnycky-1997",9,98,"Tested",470.44
"India","Vynnycky-1997",9,99,"Enrolled",61.22
"India","Vynnycky-1997",9,99,"Tested",587.9
"India","Vynnycky-1997",9,100,"Enrolled",46.94
"India","Vynnycky-1997",9,100,"Tested",454.12
"India","Vynnycky-1997",10,1,"Enrolled",68.26
"India","Vynnycky-1997",10,1,"Tested",592.5
"India","Vynnycky-1997",10,2,"Enrolled",63.1
"India","Vynnycky-1997",10,2,"Tested",540.5
"India","Vynnycky-1997",10,3,"Enrolled",47.4
"India","Vynnycky-1997",10,3,"Tested",397.58
"India","Vynnycky-1997",10,4,"Enrolled",42.52
"India","Vynnycky-1997",10,4,"Tested",362.06
"India","Vynnycky-1997",10,5,"Enrolled",57.34
"India","Vynnycky-1997",10,5,"Tested",499.96
"India","Vynnycky-1997",10,6,"Enrolled",54.96
"India","Vynnycky-1997",10,6,"Tested",468.22
"India","Vynnycky-1997",10,7,"Enrolled",47.98
"India","Vynnycky-1997",10,7,"Tested",417.8
"India","Vynnycky-1997",10,8,"Enrolled",52.24
"India","Vynnycky-1997",10,8,"Tested",454.22
"India","Vynnycky-1997",10,9,"Enrolled",40.08
"India","Vynnycky-1997",10,9,"Tested",344.04
"India","Vynnycky-1997",10,10,"Enrolled",55.82
"India","Vynnycky-1997",10,10,"Tested",485.54
"India","Vynnycky-1997",10,11,"Enrolled",46.4
"India","Vynnycky-1997",10,11,"Tested",382.44
"India","Vynnycky-1997",10,12,"Enrolled",67.8
"India","Vynnycky-1997",10,12,"Tested",589.94
"India","Vynnycky-1997",10,13,"Enrolled",45.2
"India","Vynnycky-1997",10,13,"Tested",393.44
"India","Vynnycky-1997",10,14,"Enrolled",52.62
"India","Vynnycky-1997",10,14,"Tested",462.76
"India","Vynnycky-1997",10,15,"Enrolled",42.22
"India","Vynnycky-1997",10,15,"Tested",372.58
"India","Vynnycky-1997",10,16,"Enrolled",49.72
"India","Vynnycky-1997",10,16,"Tested",437.4
"India","Vynnycky-1997",10,17,"Enrolled",58.12
"India","Vynnycky-1997",10,17,"Tested",491.26
"India","Vynnycky-1997",10,18,"Enrolled",47.42
"India","Vynnycky-1997",10,18,"Tested",397.18
"India","Vynnycky-1997",10,19,"Enrolled",49.16
"India","Vynnycky-1997",10,19,"Tested",424.82
"India","Vynnycky-1997",10,20,"Enrolled",65.12
"India","Vynnycky-1997",10,20,"Tested",559.52
"India","Vynnycky-1997",10,21,"Enrolled",46.24
"India","Vynnycky-1997",10,21,"Tested",387.44
"India","Vynnycky-1997",10,22,"Enrolled",64.14
"India","Vynnycky-1997",10,22,"Tested",557.88
"India","Vynnycky-1997",10,23,"Enrolled",54.36
"India","Vynnycky-1997",10,23,"Tested",464.72
"India","Vynnycky-1997",10,24,"Enrolled",42.02
"India","Vynnycky-1997",10,24,"Tested",363.54
"India","Vynnycky-1997",10,25,"Enrolled",46.76
"India","Vynnycky-1997",10,25,"Tested",405.4
"India","Vynnycky-1997",10,26,"Enrolled",50.14
"India","Vynnycky-1997",10,26,"Tested",430.96
"India","Vynnycky-1997",10,27,"Enrolled",57.32
"India","Vynnycky-1997",10,27,"Tested",484.76
"India","Vynnycky-1997",10,28,"Enrolled",42.8
"India","Vynnycky-1997",10,28,"Tested",382.94
"India","Vynnycky-1997",10,29,"Enrolled",48.26
"India","Vynnycky-1997",10,29,"Tested",423.24
"India","Vynnycky-1997",10,30,"Enrolled",59.34
"India","Vynnycky-1997",10,30,"Tested",503.2
"India","Vynnycky-1997",10,31,"Enrolled",53.1
"India","Vynnycky-1997",10,31,"Tested",462.16
"India","Vynnycky-1997",10,32,"Enrolled",44.92
"India","Vynnycky-1997",10,32,"Tested",397.96
"India","Vynnycky-1997",10,33,"Enrolled",47.86
"India","Vynnycky-1997",10,33,"Tested",415.52
"India","Vynnycky-1997",10,34,"Enrolled",53.22
"India","Vynnycky-1997",10,34,"Tested",462.9
"India","Vynnycky-1997",10,35,"Enrolled",69.52
"India","Vynnycky-1997",10,35,"Tested",585.74
"India","Vynnycky-1997",10,36,"Enrolled",53.6
"India","Vynnycky-1997",10,36,"Tested",465.4
"India","Vynnycky-1997",10,37,"Enrolled",52.68
"India","Vynnycky-1997",10,37,"Tested",472.86
"India","Vynnycky-1997",10,38,"Enrolled",56.7
"India","Vynnycky-1997",10,38,"Tested",490.86
"India","Vynnycky-1997",10,39,"Enrolled",48.82
"India","Vynnycky-1997",10,39,"Tested",424.94
"India","Vynnycky-1997",10,40,"Enrolled",55.96
"India","Vynnycky-1997",10,40,"Tested",498.12
"India","Vynnycky-1997",10,41,"Enrolled",51.5
"India","Vynnycky-1997",10,41,"Tested",445.46
"India","Vynnycky-1997",10,42,"Enrolled",54.46
"India","Vynnycky-1997",10,42,"Tested",475.98
"India","Vynnycky-1997",10,43,"Enrolled",59.34
"India","Vynnycky-1997",10,43,"Tested",512.88
"India","Vynnycky-1997",10,44,"Enrolled",68.94
"India","Vynnycky-1997",10,44,"Tested",590.04
"India","Vynnycky-1997",10,45,"Enrolled",49.08
"India","Vynnycky-1997",10,45,"Tested",416.66
"India","Vynnycky-1997",10,46,"Enrolled",49.32
"India","Vynnycky-1997",10,46,"Tested",418.18
"India","Vynnycky-1997",10,47,"Enrolled",58.1
"India","Vynnycky-1997",10,47,"Tested",501.4
"India","Vynnycky-1997",10,48,"Enrolled",38.52
"India","Vynnycky-1997",10,48,"Tested",352.38
"India","Vynnycky-1997",10,49,"Enrolled",57.44
"India","Vynnycky-1997",10,49,"Tested",500.88
"India","Vynnycky-1997",10,50,"Enrolled",44.44
"India","Vynnycky-1997",10,50,"Tested",377.06
"India","Vynnycky-1997",10,51,"Enrolled",49.74
"India","Vynnycky-1997",10,51,"Tested",436.06
"India","Vynnycky-1997",10,52,"Enrolled",53.64
"India","Vynnycky-1997",10,52,"Tested",463.18
"India","Vynnycky-1997",10,53,"Enrolled",55.08
"India","Vynnycky-1997",10,53,"Tested",482.66
"India","Vynnycky-1997",10,54,"Enrolled",51.28
"India","Vynnycky-1997",10,54,"Tested",446.42
"India","Vynnycky-1997",10,55,"Enrolled",70.16
"India","Vynnycky-1997",10,55,"Tested",627.16
"India","Vynnycky-1997",10,56,"Enrolled",43.12
"India","Vynnycky-1997",10,56,"Tested",358.64
"India","Vynnycky-1997",10,57,"Enrolled",44.9
"India","Vynnycky-1997",10,57,"Tested",379.18
"India","Vynnycky-1997",10,58,"Enrolled",54.02
"India","Vynnycky-1997",10,58,"Tested",473.68
"India","Vynnycky-1997",10,59,"Enrolled",57.42
"India","Vynnycky-1997",10,59,"Tested",502.7
"India","Vynnycky-1997",10,60,"Enrolled",49.96
"India","Vynnycky-1997",10,60,"Tested",436.84
"India","Vynnycky-1997",10,61,"Enrolled",57.64
"India","Vynnycky-1997",10,61,"Tested",495.14
"India","Vynnycky-1997",10,62,"Enrolled",55.34
"India","Vynnycky-1997",10,62,"Tested",482.08
"India","Vynnycky-1997",10,63,"Enrolled",59.22
"India","Vynnycky-1997",10,63,"Tested",502.44
"India","Vynnycky-1997",10,64,"Enrolled",47.94
"India","Vynnycky-1997",10,64,"Tested",416.92
"India","Vynnycky-1997",10,65,"Enrolled",49.76
"India","Vynnycky-1997",10,65,"Tested",432.88
"India","Vynnycky-1997",10,66,"Enrolled",47.04
"India","Vynnycky-1997",10,66,"Tested",416.58
"India","Vynnycky-1997",10,67,"Enrolled",70.64
"India","Vynnycky-1997",10,67,"Tested",606.9
"India","Vynnycky-1997",10,68,"Enrolled",57.96
"India","Vynnycky-1997",10,68,"Tested",502.66
"India","Vynnycky-1997",10,69,"Enrolled",60.84
"India","Vynnycky-1997",10,69,"Tested",530.92
"India","Vynnycky-1997",10,70,"Enrolled",50.56
"India","Vynnycky-1997",10,70,"Tested",433.56
"India","Vynnycky-1997",10,71,"Enrolled",62.4
"India","Vynnycky-1997",10,71,"Tested",532.52
"India","Vynnycky-1997",10,72,"Enrolled",67.92
"India","Vynnycky-1997",10,72,"Tested",573.54
"India","Vynnycky-1997",10,73,"Enrolled",56.46
"India","Vynnycky-1997",10,73,"Tested",494.84
"India","Vynnycky-1997",10,74,"Enrolled",46.52
"India","Vynnycky-1997",10,74,"Tested",400.3
"India","Vynnycky-1997",10,75,"Enrolled",50.98
"India","Vynnycky-1997",10,75,"Tested",441.06
"India","Vynnycky-1997",10,76,"Enrolled",57.7
"India","Vynnycky-1997",10,76,"Tested",492.6
"India","Vynnycky-1997",10,77,"Enrolled",55.14
"India","Vynnycky-1997",10,77,"Tested",473.22
"India","Vynnycky-1997",10,78,"Enrolled",61.08
"India","Vynnycky-1997",10,78,"Tested",528.38
"India","Vynnycky-1997",10,79,"Enrolled",53.26
"India","Vynnycky-1997",10,79,"Tested",442.26
"India","Vynnycky-1997",10,80,"Enrolled",49.26
"India","Vynnycky-1997",10,80,"Tested",420.02
"India","Vynnycky-1997",10,81,"Enrolled",50.04
"India","Vynnycky-1997",10,81,"Tested",421.56
"India","Vynnycky-1997",10,82,"Enrolled",65.52
"India","Vynnycky-1997",10,82,"Tested",566.84
"India","Vynnycky-1997",10,83,"Enrolled",48.08
"India","Vynnycky-1997",10,83,"Tested",412.46
"India","Vynnycky-1997",10,84,"Enrolled",59.04
"India","Vynnycky-1997",10,84,"Tested",506.94
"India","Vynnycky-1997",10,85,"Enrolled",53.48
"India","Vynnycky-1997",10,85,"Tested",450.1
"India","Vynnycky-1997",10,86,"Enrolled",43.14
"India","Vynnycky-1997",10,86,"Tested",363.3
"India","Vynnycky-1997",10,87,"Enrolled",62.86
"India","Vynnycky-1997",10,87,"Tested",538.86
"India","Vynnycky-1997",10,88,"Enrolled",65.5
"India","Vynnycky-1997",10,88,"Tested",570.04
"India","Vynnycky-1997",10,89,"Enrolled",63.92
"India","Vynnycky-1997",10,89,"Tested",564.34
"India","Vynnycky-1997",10,90,"Enrolled",59.9
"India","Vynnycky-1997",10,90,"Tested",503.7
"India","Vynnycky-1997",10,91,"Enrolled",54.44
"India","Vynnycky-1997",10,91,"Tested",479.04
"India","Vynnycky-1997",10,92,"Enrolled",57.36
"India","Vynnycky-1997",10,92,"Tested",487.34
"India","Vynnycky-1997",10,93,"Enrolled",60.74
"India","Vynnycky-1997",10,93,"Tested",541.08
"India","Vynnycky-1997",10,94,"Enrolled",42.64
"India","Vynnycky-1997",10,94,"Tested",373.06
"India","Vynnycky-1997",10,95,"Enrolled",49.26
"India","Vynnycky-1997",10,95,"Tested",437.96
"India","Vynnycky-1997",10,96,"Enrolled",55.34
"India","Vynnycky-1997",10,96,"Tested",496.52
"India","Vynnycky-1997",10,97,"Enrolled",48.2
"India","Vynnycky-1997",10,97,"Tested",409.2
"India","Vynnycky-1997",10,98,"Enrolled",61.32
"India","Vynnycky-1997",10,98,"Tested",540.72
"India","Vynnycky-1997",10,99,"Enrolled",58.22
"India","Vynnycky-1997",10,99,"Tested",513.78
"India","Vynnycky-1997",10,100,"Enrolled",58.38
"India","Vynnycky-1997",10,100,"Tested",504.3
"India","Vynnycky-1997",15,1,"Enrolled",66.04
"India","Vynnycky-1997",15,1,"Tested",375.5
"India","Vynnycky-1997",15,2,"Enrolled",65.38
"India","Vynnycky-1997",15,2,"Tested",374.3
"India","Vynnycky-1997",15,3,"Enrolled",57.14
"India","Vynnycky-1997",15,3,"Tested",321.48
"India","Vynnycky-1997",15,4,"Enrolled",63.66
"India","Vynnycky-1997",15,4,"Tested",356.12
"India","Vynnycky-1997",15,5,"Enrolled",61.44
"India","Vynnycky-1997",15,5,"Tested",349.74
"India","Vynnycky-1997",15,6,"Enrolled",65.5
"India","Vynnycky-1997",15,6,"Tested",366.7
"India","Vynnycky-1997",15,7,"Enrolled",71.5
"India","Vynnycky-1997",15,7,"Tested",402.1
"India","Vynnycky-1997",15,8,"Enrolled",55.64
"India","Vynnycky-1997",15,8,"Tested",322.82
"India","Vynnycky-1997",15,9,"Enrolled",105.76
"India","Vynnycky-1997",15,9,"Tested",604.56
"India","Vynnycky-1997",15,10,"Enrolled",61.8
"India","Vynnycky-1997",15,10,"Tested",361.72
"India","Vynnycky-1997",15,11,"Enrolled",69.32
"India","Vynnycky-1997",15,11,"Tested",400.18
"India","Vynnycky-1997",15,12,"Enrolled",70.12
"India","Vynnycky-1997",15,12,"Tested",406.58
"India","Vynnycky-1997",15,13,"Enrolled",60.98
"India","Vynnycky-1997",15,13,"Tested",349.84
"India","Vynnycky-1997",15,14,"Enrolled",54.18
"India","Vynnycky-1997",15,14,"Tested",309.08
"India","Vynnycky-1997",15,15,"Enrolled",63.26
"India","Vynnycky-1997",15,15,"Tested",367.18
"India","Vynnycky-1997",15,16,"Enrolled",68.88
"India","Vynnycky-1997",15,16,"Tested",395.28
"India","Vynnycky-1997",15,17,"Enrolled",61.06
"India","Vynnycky-1997",15,17,"Tested",347.76
"India","Vynnycky-1997",15,18,"Enrolled",61.28
"India","Vynnycky-1997",15,18,"Tested",349.46
"India","Vynnycky-1997",15,19,"Enrolled",63.2
"India","Vynnycky-1997",15,19,"Tested",351.94
"India","Vynnycky-1997",15,20,"Enrolled",63.84
"India","Vynnycky-1997",15,20,"Tested",356.24
"India","Vynnycky-1997",15,21,"Enrolled",69.08
"India","Vynnycky-1997",15,21,"Tested",397.58
"India","Vynnycky-1997",15,22,"Enrolled",56.88
"India","Vynnycky-1997",15,22,"Tested",325.62
"India","Vynnycky-1997",15,23,"Enrolled",79.6
"India","Vynnycky-1997",15,23,"Tested",448.3
"India","Vynnycky-1997",15,24,"Enrolled",66.44
"India","Vynnycky-1997",15,24,"Tested",373.64
"India","Vynnycky-1997",15,25,"Enrolled",69.38
"India","Vynnycky-1997",15,25,"Tested",403.48
"India","Vynnycky-1997",15,26,"Enrolled",71.18
"India","Vynnycky-1997",15,26,"Tested",410.64
"India","Vynnycky-1997",15,27,"Enrolled",50.66
"India","Vynnycky-1997",15,27,"Tested",293.72
"India","Vynnycky-1997",15,28,"Enrolled",70.1
"India","Vynnycky-1997",15,28,"Tested",404.54
"India","Vynnycky-1997",15,29,"Enrolled",75.36
"India","Vynnycky-1997",15,29,"Tested",431.02
"India","Vynnycky-1997",15,30,"Enrolled",40.96
"India","Vynnycky-1997",15,30,"Tested",232.6
"India","Vynnycky-1997",15,31,"Enrolled",64.7
"India","Vynnycky-1997",15,31,"Tested",366.42
"India","Vynnycky-1997",15,32,"Enrolled",67
"India","Vynnycky-1997",15,32,"Tested",379.84
"India","Vynnycky-1997",15,33,"Enrolled",57.48
"India","Vynnycky-1997",15,33,"Tested",334.92
"India","Vynnycky-1997",15,34,"Enrolled",51.36
"India","Vynnycky-1997",15,34,"Tested",303.22
"India","Vynnycky-1997",15,35,"Enrolled",56.02
"India","Vynnycky-1997",15,35,"Tested",324.06
"India","Vynnycky-1997",15,36,"Enrolled",65.36
"India","Vynnycky-1997",15,36,"Tested",366.58
"India","Vynnycky-1997",15,37,"Enrolled",69.92
"India","Vynnycky-1997",15,37,"Tested",404.82
"India","Vynnycky-1997",15,38,"Enrolled",65.78
"India","Vynnycky-1997",15,38,"Tested",364.04
"India","Vynnycky-1997",15,39,"Enrolled",60.46
"India","Vynnycky-1997",15,39,"Tested",342.92
"India","Vynnycky-1997",15,40,"Enrolled",67
"India","Vynnycky-1997",15,40,"Tested",386.8
"India","Vynnycky-1997",15,41,"Enrolled",64.22
"India","Vynnycky-1997",15,41,"Tested",369.42
"India","Vynnycky-1997",15,42,"Enrolled",61.06
"India","Vynnycky-1997",15,42,"Tested",346.12
"India","Vynnycky-1997",15,43,"Enrolled",71.64
"India","Vynnycky-1997",15,43,"Tested",410.16
"India","Vynnycky-1997",15,44,"Enrolled",80.38
"India","Vynnycky-1997",15,44,"Tested",451.46
"India","Vynnycky-1997",15,45,"Enrolled",73.84
"India","Vynnycky-1997",15,45,"Tested",422.02
"India","Vynnycky-1997",15,46,"Enrolled",81.72
"India","Vynnycky-1997",15,46,"Tested",472.78
"India","Vynnycky-1997",15,47,"Enrolled",71.7
"India","Vynnycky-1997",15,47,"Tested",406.48
"India","Vynnycky-1997",15,48,"Enrolled",65.78
"India","Vynnycky-1997",15,48,"Tested",388.24
"India","Vynnycky-1997",15,49,"Enrolled",58.56
"India","Vynnycky-1997",15,49,"Tested",333.5
"India","Vynnycky-1997",15,50,"Enrolled",73.52
"India","Vynnycky-1997",15,50,"Tested",414.44
"India","Vynnycky-1997",15,51,"Enrolled",71.54
"India","Vynnycky-1997",15,51,"Tested",403.16
"India","Vynnycky-1997",15,52,"Enrolled",68.32
"India","Vynnycky-1997",15,52,"Tested",386.32
"India","Vynnycky-1997",15,53,"Enrolled",78.6
"India","Vynnycky-1997",15,53,"Tested",447.66
"India","Vynnycky-1997",15,54,"Enrolled",66.14
"India","Vynnycky-1997",15,54,"Tested",365.26
"India","Vynnycky-1997",15,55,"Enrolled",78.02
"India","Vynnycky-1997",15,55,"Tested",444.24
"India","Vynnycky-1997",15,56,"Enrolled",67.68
"India","Vynnycky-1997",15,56,"Tested",389.08
"India","Vynnycky-1997",15,57,"Enrolled",65.78
"India","Vynnycky-1997",15,57,"Tested",375.92
"India","Vynnycky-1997",15,58,"Enrolled",58.66
"India","Vynnycky-1997",15,58,"Tested",334.44
"India","Vynnycky-1997",15,59,"Enrolled",62.56
"India","Vynnycky-1997",15,59,"Tested",344.88
"India","Vynnycky-1997",15,60,"Enrolled",62.94
"India","Vynnycky-1997",15,60,"Tested",365.22
"India","Vynnycky-1997",15,61,"Enrolled",59.54
"India","Vynnycky-1997",15,61,"Tested",342.52
"India","Vynnycky-1997",15,62,"Enrolled",61.22
"India","Vynnycky-1997",15,62,"Tested",335.4
"India","Vynnycky-1997",15,63,"Enrolled",43.38
"India","Vynnycky-1997",15,63,"Tested",245.82
"India","Vynnycky-1997",15,64,"Enrolled",80.9
"India","Vynnycky-1997",15,64,"Tested",462.48
"India","Vynnycky-1997",15,65,"Enrolled",81.22
"India","Vynnycky-1997",15,65,"Tested",461.22
"India","Vynnycky-1997",15,66,"Enrolled",64.88
"India","Vynnycky-1997",15,66,"Tested",373.36
"India","Vynnycky-1997",15,67,"Enrolled",66.36
"India","Vynnycky-1997",15,67,"Tested",380.66
"India","Vynnycky-1997",15,68,"Enrolled",50.98
"India","Vynnycky-1997",15,68,"Tested",288.6
"India","Vynnycky-1997",15,69,"Enrolled",62.36
"India","Vynnycky-1997",15,69,"Tested",359.34
"India","Vynnycky-1997",15,70,"Enrolled",68.5
"India","Vynnycky-1997",15,70,"Tested",403.3
"India","Vynnycky-1997",15,71,"Enrolled",56.28
"India","Vynnycky-1997",15,71,"Tested",331.36
"India","Vynnycky-1997",15,72,"Enrolled",51.6
"India","Vynnycky-1997",15,72,"Tested",292.34
"India","Vynnycky-1997",15,73,"Enrolled",60.36
"India","Vynnycky-1997",15,73,"Tested",338
"India","Vynnycky-1997",15,74,"Enrolled",61.76
"India","Vynnycky-1997",15,74,"Tested",347.84
"India","Vynnycky-1997",15,75,"Enrolled",69.84
"India","Vynnycky-1997",15,75,"Tested",398.74
"India","Vynnycky-1997",15,76,"Enrolled",79.02
"India","Vynnycky-1997",15,76,"Tested",445.92
"India","Vynnycky-1997",15,77,"Enrolled",67.08
"India","Vynnycky-1997",15,77,"Tested",379.36
"India","Vynnycky-1997",15,78,"Enrolled",53.46
"India","Vynnycky-1997",15,78,"Tested",314.22
"India","Vynnycky-1997",15,79,"Enrolled",53.9
"India","Vynnycky-1997",15,79,"Tested",310
"India","Vynnycky-1997",15,80,"Enrolled",63.52
"India","Vynnycky-1997",15,80,"Tested",365.76
"India","Vynnycky-1997",15,81,"Enrolled",58.84
"India","Vynnycky-1997",15,81,"Tested",329.64
"India","Vynnycky-1997",15,82,"Enrolled",55.74
"India","Vynnycky-1997",15,82,"Tested",316.4
"India","Vynnycky-1997",15,83,"Enrolled",58.64
"India","Vynnycky-1997",15,83,"Tested",340.98
"India","Vynnycky-1997",15,84,"Enrolled",62.62
"India","Vynnycky-1997",15,84,"Tested",350.96
"India","Vynnycky-1997",15,85,"Enrolled",59.94
"India","Vynnycky-1997",15,85,"Tested",338.44
"India","Vynnycky-1997",15,86,"Enrolled",56.3
"India","Vynnycky-1997",15,86,"Tested",326.72
"India","Vynnycky-1997",15,87,"Enrolled",63.7
"India","Vynnycky-1997",15,87,"Tested",363.48
"India","Vynnycky-1997",15,88,"Enrolled",73.92
"India","Vynnycky-1997",15,88,"Tested",418.1
"India","Vynnycky-1997",15,89,"Enrolled",50.38
"India","Vynnycky-1997",15,89,"Tested",292.78
"India","Vynnycky-1997",15,90,"Enrolled",48.54
"India","Vynnycky-1997",15,90,"Tested",280.56
"India","Vynnycky-1997",15,91,"Enrolled",55.82
"India","Vynnycky-1997",15,91,"Tested",321.26
"India","Vynnycky-1997",15,92,"Enrolled",57.54
"India","Vynnycky-1997",15,92,"Tested",323.06
"India","Vynnycky-1997",15,93,"Enrolled",52.02
"India","Vynnycky-1997",15,93,"Tested",297.96
"India","Vynnycky-1997",15,94,"Enrolled",57.2
"India","Vynnycky-1997",15,94,"Tested",324.36
"India","Vynnycky-1997",15,95,"Enrolled",52.04
"India","Vynnycky-1997",15,95,"Tested",282.8
"India","Vynnycky-1997",15,96,"Enrolled",53.32
"India","Vynnycky-1997",15,96,"Tested",310.3
"India","Vynnycky-1997",15,97,"Enrolled",68.04
"India","Vynnycky-1997",15,97,"Tested",386.72
"India","Vynnycky-1997",15,98,"Enrolled",62.82
"India","Vynnycky-1997",15,98,"Tested",362.36
"India","Vynnycky-1997",15,99,"Enrolled",61.2
"India","Vynnycky-1997",15,99,"Tested",353.28
"India","Vynnycky-1997",15,100,"Enrolled",49.32
"India","Vynnycky-1997",15,100,"Tested",293.48
"India","Vynnycky-1997",20,1,"Enrolled",90.36
"India","Vynnycky-1997",20,1,"Tested",410.9
"India","Vynnycky-1997",20,2,"Enrolled",74.96
"India","Vynnycky-1997",20,2,"Tested",324.46
"India","Vynnycky-1997",20,3,"Enrolled",56.4
"India","Vynnycky-1997",20,3,"Tested",253.74
"India","Vynnycky-1997",20,4,"Enrolled",85.2
"India","Vynnycky-1997",20,4,"Tested",381.24
"India","Vynnycky-1997",20,5,"Enrolled",70.74
"India","Vynnycky-1997",20,5,"Tested",318.1
"India","Vynnycky-1997",20,6,"Enrolled",65.96
"India","Vynnycky-1997",20,6,"Tested",286.9
"India","Vynnycky-1997",20,7,"Enrolled",79.92
"India","Vynnycky-1997",20,7,"Tested",347.9
"India","Vynnycky-1997",20,8,"Enrolled",66.94
"India","Vynnycky-1997",20,8,"Tested",300.82
"India","Vynnycky-1997",20,9,"Enrolled",57.4
"India","Vynnycky-1997",20,9,"Tested",249.2
"India","Vynnycky-1997",20,10,"Enrolled",77.24
"India","Vynnycky-1997",20,10,"Tested",342.28
"India","Vynnycky-1997",20,11,"Enrolled",74.76
"India","Vynnycky-1997",20,11,"Tested",339.6
"India","Vynnycky-1997",20,12,"Enrolled",78.14
"India","Vynnycky-1997",20,12,"Tested",341.04
"India","Vynnycky-1997",20,13,"Enrolled",74.62
"India","Vynnycky-1997",20,13,"Tested",332.66
"India","Vynnycky-1997",20,14,"Enrolled",69.82
"India","Vynnycky-1997",20,14,"Tested",305.74
"India","Vynnycky-1997",20,15,"Enrolled",72.2
"India","Vynnycky-1997",20,15,"Tested",313.56
"India","Vynnycky-1997",20,16,"Enrolled",76.08
"India","Vynnycky-1997",20,16,"Tested",329.04
"India","Vynnycky-1997",20,17,"Enrolled",75.72
"India","Vynnycky-1997",20,17,"Tested",335.54
"India","Vynnycky-1997",20,18,"Enrolled",64.68
"India","Vynnycky-1997",20,18,"Tested",288.88
"India","Vynnycky-1997",20,19,"Enrolled",74.18
"India","Vynnycky-1997",20,19,"Tested",324.9
"India","Vynnycky-1997",20,20,"Enrolled",74.34
"India","Vynnycky-1997",20,20,"Tested",331.84
"India","Vynnycky-1997",20,21,"Enrolled",78.12
"India","Vynnycky-1997",20,21,"Tested",349.42
"India","Vynnycky-1997",20,22,"Enrolled",74.84
"India","Vynnycky-1997",20,22,"Tested",329.1
"India","Vynnycky-1997",20,23,"Enrolled",74.98
"India","Vynnycky-1997",20,23,"Tested",334.94
"India","Vynnycky-1997",20,24,"Enrolled",60.78
"India","Vynnycky-1997",20,24,"Tested",266.14
"India","Vynnycky-1997",20,25,"Enrolled",71.58
"India","Vynnycky-1997",20,25,"Tested",318.36
"India","Vynnycky-1997",20,26,"Enrolled",88.12
"India","Vynnycky-1997",20,26,"Tested",385.36
"India","Vynnycky-1997",20,27,"Enrolled",63.96
"India","Vynnycky-1997",20,27,"Tested",285.18
"India","Vynnycky-1997",20,28,"Enrolled",64.08
"India","Vynnycky-1997",20,28,"Tested",289.22
"India","Vynnycky-1997",20,29,"Enrolled",84.1
"India","Vynnycky-1997",20,29,"Tested",374.08
"India","Vynnycky-1997",20,30,"Enrolled",80.7
"India","Vynnycky-1997",20,30,"Tested",353.36
"India","Vynnycky-1997",20,31,"Enrolled",67.28
"India","Vynnycky-1997",20,31,"Tested",292.36
"India","Vynnycky-1997",20,32,"Enrolled",93.54
"India","Vynnycky-1997",20,32,"Tested",411.58
"India","Vynnycky-1997",20,33,"Enrolled",66.38
"India","Vynnycky-1997",20,33,"Tested",289.86
"India","Vynnycky-1997",20,34,"Enrolled",81.42
"India","Vynnycky-1997",20,34,"Tested",350.98
"India","Vynnycky-1997",20,35,"Enrolled",68.62
"India","Vynnycky-1997",20,35,"Tested",303.66
"India","Vynnycky-1997",20,36,"Enrolled",77.28
"India","Vynnycky-1997",20,36,"Tested",340.56
"India","Vynnycky-1997",20,37,"Enrolled",83.98
"India","Vynnycky-1997",20,37,"Tested",365.82
"India","Vynnycky-1997",20,38,"Enrolled",83.14
"India","Vynnycky-1997",20,38,"Tested",370.08
"India","Vynnycky-1997",20,39,"Enrolled",75.94
"India","Vynnycky-1997",20,39,"Tested",335.72
"India","Vynnycky-1997",20,40,"Enrolled",60.36
"India","Vynnycky-1997",20,40,"Tested",264.16
"India","Vynnycky-1997",20,41,"Enrolled",68.68
"India","Vynnycky-1997",20,41,"Tested",305.4
"India","Vynnycky-1997",20,42,"Enrolled",58.46
"India","Vynnycky-1997",20,42,"Tested",265.52
"India","Vynnycky-1997",20,43,"Enrolled",80.16
"India","Vynnycky-1997",20,43,"Tested",342.72
"India","Vynnycky-1997",20,44,"Enrolled",64.2
"India","Vynnycky-1997",20,44,"Tested",281.56
"India","Vynnycky-1997",20,45,"Enrolled",75.32
"India","Vynnycky-1997",20,45,"Tested",338.42
"India","Vynnycky-1997",20,46,"Enrolled",84.28
"India","Vynnycky-1997",20,46,"Tested",372.8
"India","Vynnycky-1997",20,47,"Enrolled",71.06
"India","Vynnycky-1997",20,47,"Tested",320.36
"India","Vynnycky-1997",20,48,"Enrolled",79.68
"India","Vynnycky-1997",20,48,"Tested",355.06
"India","Vynnycky-1997",20,49,"Enrolled",74.7
"India","Vynnycky-1997",20,49,"Tested",326.02
"India","Vynnycky-1997",20,50,"Enrolled",70.94
"India","Vynnycky-1997",20,50,"Tested",306.98
"India","Vynnycky-1997",20,51,"Enrolled",79.08
"India","Vynnycky-1997",20,51,"Tested",357
"India","Vynnycky-1997",20,52,"Enrolled",64.28
"India","Vynnycky-1997",20,52,"Tested",274.54
"India","Vynnycky-1997",20,53,"Enrolled",65.74
"India","Vynnycky-1997",20,53,"Tested",289.12
"India","Vynnycky-1997",20,54,"Enrolled",81.42
"India","Vynnycky-1997",20,54,"Tested",366.32
"India","Vynnycky-1997",20,55,"Enrolled",60.4
"India","Vynnycky-1997",20,55,"Tested",271.04
"India","Vynnycky-1997",20,56,"Enrolled",64.96
"India","Vynnycky-1997",20,56,"Tested",279.82
"India","Vynnycky-1997",20,57,"Enrolled",62.84
"India","Vynnycky-1997",20,57,"Tested",274.12
"India","Vynnycky-1997",20,58,"Enrolled",69.28
"India","Vynnycky-1997",20,58,"Tested",302.32
"India","Vynnycky-1997",20,59,"Enrolled",96.72
"India","Vynnycky-1997",20,59,"Tested",420.82
"India","Vynnycky-1997",20,60,"Enrolled",77.34
"India","Vynnycky-1997",20,60,"Tested",345.92
"India","Vynnycky-1997",20,61,"Enrolled",81.76
"India","Vynnycky-1997",20,61,"Tested",368.56
"India","Vynnycky-1997",20,62,"Enrolled",58.86
"India","Vynnycky-1997",20,62,"Tested",264.08
"India","Vynnycky-1997",20,63,"Enrolled",67.54
"India","Vynnycky-1997",20,63,"Tested",291.72
"India","Vynnycky-1997",20,64,"Enrolled",73.9
"India","Vynnycky-1997",20,64,"Tested",323.06
"India","Vynnycky-1997",20,65,"Enrolled",72.18
"India","Vynnycky-1997",20,65,"Tested",316.3
"India","Vynnycky-1997",20,66,"Enrolled",60
"India","Vynnycky-1997",20,66,"Tested",263.82
"India","Vynnycky-1997",20,67,"Enrolled",76.08
"India","Vynnycky-1997",20,67,"Tested",335.7
"India","Vynnycky-1997",20,68,"Enrolled",77.3
"India","Vynnycky-1997",20,68,"Tested",348.78
"India","Vynnycky-1997",20,69,"Enrolled",72.2
"India","Vynnycky-1997",20,69,"Tested",320.06
"India","Vynnycky-1997",20,70,"Enrolled",82
"India","Vynnycky-1997",20,70,"Tested",361.02
"India","Vynnycky-1997",20,71,"Enrolled",61.04
"India","Vynnycky-1997",20,71,"Tested",270.8
"India","Vynnycky-1997",20,72,"Enrolled",66.94
"India","Vynnycky-1997",20,72,"Tested",300.36
"India","Vynnycky-1997",20,73,"Enrolled",71.2
"India","Vynnycky-1997",20,73,"Tested",311.5
"India","Vynnycky-1997",20,74,"Enrolled",79.76
"India","Vynnycky-1997",20,74,"Tested",347.56
"India","Vynnycky-1997",20,75,"Enrolled",60.08
"India","Vynnycky-1997",20,75,"Tested",263.26
"India","Vynnycky-1997",20,76,"Enrolled",56.82
"India","Vynnycky-1997",20,76,"Tested",254.64
"India","Vynnycky-1997",20,77,"Enrolled",91
"India","Vynnycky-1997",20,77,"Tested",394.18
"India","Vynnycky-1997",20,78,"Enrolled",62.5
"India","Vynnycky-1997",20,78,"Tested",275.86
"India","Vynnycky-1997",20,79,"Enrolled",84.84
"India","Vynnycky-1997",20,79,"Tested",364.66
"India","Vynnycky-1997",20,80,"Enrolled",53.98
"India","Vynnycky-1997",20,80,"Tested",232.86
"India","Vynnycky-1997",20,81,"Enrolled",79.24
"India","Vynnycky-1997",20,81,"Tested",346.98
"India","Vynnycky-1997",20,82,"Enrolled",76.96
"India","Vynnycky-1997",20,82,"Tested",340.54
"India","Vynnycky-1997",20,83,"Enrolled",93.1
"India","Vynnycky-1997",20,83,"Tested",411.42
"India","Vynnycky-1997",20,84,"Enrolled",80.18
"India","Vynnycky-1997",20,84,"Tested",355.96
"India","Vynnycky-1997",20,85,"Enrolled",43.74
"India","Vynnycky-1997",20,85,"Tested",193.82
"India","Vynnycky-1997",20,86,"Enrolled",59.7
"India","Vynnycky-1997",20,86,"Tested",264.32
"India","Vynnycky-1997",20,87,"Enrolled",70.48
"India","Vynnycky-1997",20,87,"Tested",306.76
"India","Vynnycky-1997",20,88,"Enrolled",77.86
"India","Vynnycky-1997",20,88,"Tested",339.86
"India","Vynnycky-1997",20,89,"Enrolled",80.12
"India","Vynnycky-1997",20,89,"Tested",349.48
"India","Vynnycky-1997",20,90,"Enrolled",73.96
"India","Vynnycky-1997",20,90,"Tested",322.52
"India","Vynnycky-1997",20,91,"Enrolled",62.82
"India","Vynnycky-1997",20,91,"Tested",276.42
"India","Vynnycky-1997",20,92,"Enrolled",88.8
"India","Vynnycky-1997",20,92,"Tested",383.52
"India","Vynnycky-1997",20,93,"Enrolled",64
"India","Vynnycky-1997",20,93,"Tested",283.02
"India","Vynnycky-1997",20,94,"Enrolled",77.68
"India","Vynnycky-1997",20,94,"Tested",347.9
"India","Vynnycky-1997",20,95,"Enrolled",79.56
"India","Vynnycky-1997",20,95,"Tested",347.92
"India","Vynnycky-1997",20,96,"Enrolled",72.96
"India","Vynnycky-1997",20,96,"Tested",320.88
"India","Vynnycky-1997",20,97,"Enrolled",75.74
"India","Vynnycky-1997",20,97,"Tested",334.66
"India","Vynnycky-1997",20,98,"Enrolled",66.04
"India","Vynnycky-1997",20,98,"Tested",290.02
"India","Vynnycky-1997",20,99,"Enrolled",52.84
"India","Vynnycky-1997",20,99,"Tested",237.12
"India","Vynnycky-1997",20,100,"Enrolled",66.18
"India","Vynnycky-1997",20,100,"Tested",297.72
"India","Vynnycky-1997",25,1,"Enrolled",77.04
"India","Vynnycky-1997",25,1,"Tested",286.08
"India","Vynnycky-1997",25,2,"Enrolled",93.86
"India","Vynnycky-1997",25,2,"Tested",349.5
"India","Vynnycky-1997",25,3,"Enrolled",74.1
"India","Vynnycky-1997",25,3,"Tested",278.94
"India","Vynnycky-1997",25,4,"Enrolled",64.88
"India","Vynnycky-1997",25,4,"Tested",250.36
"India","Vynnycky-1997",25,5,"Enrolled",73.18
"India","Vynnycky-1997",25,5,"Tested",273.34
"India","Vynnycky-1997",25,6,"Enrolled",70.62
"India","Vynnycky-1997",25,6,"Tested",261.1
"India","Vynnycky-1997",25,7,"Enrolled",77.14
"India","Vynnycky-1997",25,7,"Tested",295.3
"India","Vynnycky-1997",25,8,"Enrolled",77.9
"India","Vynnycky-1997",25,8,"Tested",298.08
"India","Vynnycky-1997",25,9,"Enrolled",61.16
"India","Vynnycky-1997",25,9,"Tested",229.2
"India","Vynnycky-1997",25,10,"Enrolled",71.62
"India","Vynnycky-1997",25,10,"Tested",265.42
"India","Vynnycky-1997",25,11,"Enrolled",71.76
"India","Vynnycky-1997",25,11,"Tested",270.14
"India","Vynnycky-1997",25,12,"Enrolled",74.52
"India","Vynnycky-1997",25,12,"Tested",274.1
"India","Vynnycky-1997",25,13,"Enrolled",73.32
"India","Vynnycky-1997",25,13,"Tested",278.72
"India","Vynnycky-1997",25,14,"Enrolled",72.52
"India","Vynnycky-1997",25,14,"Tested",272.78
"India","Vynnycky-1997",25,15,"Enrolled",77.78
"India","Vynnycky-1997",25,15,"Tested",292.76
"India","Vynnycky-1997",25,16,"Enrolled",63.24
"India","Vynnycky-1997",25,16,"Tested",234.48
"India","Vynnycky-1997",25,17,"Enrolled",75.8
"India","Vynnycky-1997",25,17,"Tested",281.56
"India","Vynnycky-1997",25,18,"Enrolled",60.12
"India","Vynnycky-1997",25,18,"Tested",225.04
"India","Vynnycky-1997",25,19,"Enrolled",73.42
"India","Vynnycky-1997",25,19,"Tested",277.62
"India","Vynnycky-1997",25,20,"Enrolled",68.58
"India","Vynnycky-1997",25,20,"Tested",256.18
"India","Vynnycky-1997",25,21,"Enrolled",88
"India","Vynnycky-1997",25,21,"Tested",332.66
"India","Vynnycky-1997",25,22,"Enrolled",65.1
"India","Vynnycky-1997",25,22,"Tested",241.08
"India","Vynnycky-1997",25,23,"Enrolled",90.26
"India","Vynnycky-1997",25,23,"Tested",335.46
"India","Vynnycky-1997",25,24,"Enrolled",78.14
"India","Vynnycky-1997",25,24,"Tested",288.2
"India","Vynnycky-1997",25,25,"Enrolled",85.3
"India","Vynnycky-1997",25,25,"Tested",314.88
"India","Vynnycky-1997",25,26,"Enrolled",82.52
"India","Vynnycky-1997",25,26,"Tested",304.98
"India","Vynnycky-1997",25,27,"Enrolled",68.74
"India","Vynnycky-1997",25,27,"Tested",258.42
"India","Vynnycky-1997",25,28,"Enrolled",68.66
"India","Vynnycky-1997",25,28,"Tested",263.16
"India","Vynnycky-1997",25,29,"Enrolled",61.58
"India","Vynnycky-1997",25,29,"Tested",231.92
"India","Vynnycky-1997",25,30,"Enrolled",82.62
"India","Vynnycky-1997",25,30,"Tested",306.44
"India","Vynnycky-1997",25,31,"Enrolled",77.86
"India","Vynnycky-1997",25,31,"Tested",288.62
"India","Vynnycky-1997",25,32,"Enrolled",71.56
"India","Vynnycky-1997",25,32,"Tested",268.5
"India","Vynnycky-1997",25,33,"Enrolled",95.22
"India","Vynnycky-1997",25,33,"Tested",359.54
"India","Vynnycky-1997",25,34,"Enrolled",70.34
"India","Vynnycky-1997",25,34,"Tested",258.14
"India","Vynnycky-1997",25,35,"Enrolled",71.36
"India","Vynnycky-1997",25,35,"Tested",273.78
"India","Vynnycky-1997",25,36,"Enrolled",87.16
"India","Vynnycky-1997",25,36,"Tested",337.18
"India","Vynnycky-1997",25,37,"Enrolled",69.82
"India","Vynnycky-1997",25,37,"Tested",266.08
"India","Vynnycky-1997",25,38,"Enrolled",70.52
"India","Vynnycky-1997",25,38,"Tested",261.4
"India","Vynnycky-1997",25,39,"Enrolled",75.46
"India","Vynnycky-1997",25,39,"Tested",288.22
"India","Vynnycky-1997",25,40,"Enrolled",65.22
"India","Vynnycky-1997",25,40,"Tested",243.38
"India","Vynnycky-1997",25,41,"Enrolled",64.18
"India","Vynnycky-1997",25,41,"Tested",241.52
"India","Vynnycky-1997",25,42,"Enrolled",70.14
"India","Vynnycky-1997",25,42,"Tested",260.92
"India","Vynnycky-1997",25,43,"Enrolled",59.7
"India","Vynnycky-1997",25,43,"Tested",224.36
"India","Vynnycky-1997",25,44,"Enrolled",70.36
"India","Vynnycky-1997",25,44,"Tested",264.56
"India","Vynnycky-1997",25,45,"Enrolled",78
"India","Vynnycky-1997",25,45,"Tested",293.36
"India","Vynnycky-1997",25,46,"Enrolled",73.02
"India","Vynnycky-1997",25,46,"Tested",271.18
"India","Vynnycky-1997",25,47,"Enrolled",74.62
"India","Vynnycky-1997",25,47,"Tested",270.88
"India","Vynnycky-1997",25,48,"Enrolled",90.3
"India","Vynnycky-1997",25,48,"Tested",339.9
"India","Vynnycky-1997",25,49,"Enrolled",93.74
"India","Vynnycky-1997",25,49,"Tested",357.74
"India","Vynnycky-1997",25,50,"Enrolled",95.84
"India","Vynnycky-1997",25,50,"Tested",362.26
"India","Vynnycky-1997",25,51,"Enrolled",60.46
"India","Vynnycky-1997",25,51,"Tested",224.6
"India","Vynnycky-1997",25,52,"Enrolled",65.98
"India","Vynnycky-1997",25,52,"Tested",246.3
"India","Vynnycky-1997",25,53,"Enrolled",81.48
"India","Vynnycky-1997",25,53,"Tested",303.22
"India","Vynnycky-1997",25,54,"Enrolled",71.94
"India","Vynnycky-1997",25,54,"Tested",276.72
"India","Vynnycky-1997",25,55,"Enrolled",66.52
"India","Vynnycky-1997",25,55,"Tested",252.06
"India","Vynnycky-1997",25,56,"Enrolled",75.7
"India","Vynnycky-1997",25,56,"Tested",275.42
"India","Vynnycky-1997",25,57,"Enrolled",56.72
"India","Vynnycky-1997",25,57,"Tested",212.74
"India","Vynnycky-1997",25,58,"Enrolled",76.5
"India","Vynnycky-1997",25,58,"Tested",291.86
"India","Vynnycky-1997",25,59,"Enrolled",77.24
"India","Vynnycky-1997",25,59,"Tested",289.84
"India","Vynnycky-1997",25,60,"Enrolled",66.68
"India","Vynnycky-1997",25,60,"Tested",245.1
"India","Vynnycky-1997",25,61,"Enrolled",62.94
"India","Vynnycky-1997",25,61,"Tested",233.3
"India","Vynnycky-1997",25,62,"Enrolled",87.42
"India","Vynnycky-1997",25,62,"Tested",335.52
"India","Vynnycky-1997",25,63,"Enrolled",51.54
"India","Vynnycky-1997",25,63,"Tested",193.84
"India","Vynnycky-1997",25,64,"Enrolled",64.24
"India","Vynnycky-1997",25,64,"Tested",240.34
"India","Vynnycky-1997",25,65,"Enrolled",96.2
"India","Vynnycky-1997",25,65,"Tested",360
"India","Vynnycky-1997",25,66,"Enrolled",90.38
"India","Vynnycky-1997",25,66,"Tested",338.74
"India","Vynnycky-1997",25,67,"Enrolled",79.42
"India","Vynnycky-1997",25,67,"Tested",302.96
"India","Vynnycky-1997",25,68,"Enrolled",60.24
"India","Vynnycky-1997",25,68,"Tested",225.58
"India","Vynnycky-1997",25,69,"Enrolled",55.24
"India","Vynnycky-1997",25,69,"Tested",215.46
"India","Vynnycky-1997",25,70,"Enrolled",84.28
"India","Vynnycky-1997",25,70,"Tested",311.84
"India","Vynnycky-1997",25,71,"Enrolled",68.48
"India","Vynnycky-1997",25,71,"Tested",261.88
"India","Vynnycky-1997",25,72,"Enrolled",67.48
"India","Vynnycky-1997",25,72,"Tested",250.2
"India","Vynnycky-1997",25,73,"Enrolled",78.96
"India","Vynnycky-1997",25,73,"Tested",296.76
"India","Vynnycky-1997",25,74,"Enrolled",67.4
"India","Vynnycky-1997",25,74,"Tested",259.44
"India","Vynnycky-1997",25,75,"Enrolled",59.94
"India","Vynnycky-1997",25,75,"Tested",222.2
"India","Vynnycky-1997",25,76,"Enrolled",66.88
"India","Vynnycky-1997",25,76,"Tested",253.24
"India","Vynnycky-1997",25,77,"Enrolled",92.5
"India","Vynnycky-1997",25,77,"Tested",345.42
"India","Vynnycky-1997",25,78,"Enrolled",63.58
"India","Vynnycky-1997",25,78,"Tested",233.94
"India","Vynnycky-1997",25,79,"Enrolled",81.54
"India","Vynnycky-1997",25,79,"Tested",309.08
"India","Vynnycky-1997",25,80,"Enrolled",85.08
"India","Vynnycky-1997",25,80,"Tested",313.34
"India","Vynnycky-1997",25,81,"Enrolled",76.56
"India","Vynnycky-1997",25,81,"Tested",285.34
"India","Vynnycky-1997",25,82,"Enrolled",84.8
"India","Vynnycky-1997",25,82,"Tested",317.28
"India","Vynnycky-1997",25,83,"Enrolled",82.92
"India","Vynnycky-1997",25,83,"Tested",312.92
"India","Vynnycky-1997",25,84,"Enrolled",73.88
"India","Vynnycky-1997",25,84,"Tested",278.5
"India","Vynnycky-1997",25,85,"Enrolled",76.22
"India","Vynnycky-1997",25,85,"Tested",285.08
"India","Vynnycky-1997",25,86,"Enrolled",87.18
"India","Vynnycky-1997",25,86,"Tested",321.86
"India","Vynnycky-1997",25,87,"Enrolled",68.78
"India","Vynnycky-1997",25,87,"Tested",252.2
"India","Vynnycky-1997",25,88,"Enrolled",69.36
"India","Vynnycky-1997",25,88,"Tested",259.82
"India","Vynnycky-1997",25,89,"Enrolled",64.54
"India","Vynnycky-1997",25,89,"Tested",238.66
"India","Vynnycky-1997",25,90,"Enrolled",53.3
"India","Vynnycky-1997",25,90,"Tested",200.28
"India","Vynnycky-1997",25,91,"Enrolled",73.62
"India","Vynnycky-1997",25,91,"Tested",272.24
"India","Vynnycky-1997",25,92,"Enrolled",71.62
"India","Vynnycky-1997",25,92,"Tested",269.38
"India","Vynnycky-1997",25,93,"Enrolled",79.64
"India","Vynnycky-1997",25,93,"Tested",305.06
"India","Vynnycky-1997",25,94,"Enrolled",87.66
"India","Vynnycky-1997",25,94,"Tested",328.76
"India","Vynnycky-1997",25,95,"Enrolled",92.92
"India","Vynnycky-1997",25,95,"Tested",351.5
"India","Vynnycky-1997",25,96,"Enrolled",85.08
"India","Vynnycky-1997",25,96,"Tested",315.34
"India","Vynnycky-1997",25,97,"Enrolled",68.82
"India","Vynnycky-1997",25,97,"Tested",256.72
"India","Vynnycky-1997",25,98,"Enrolled",70.82
"India","Vynnycky-1997",25,98,"Tested",265.42
"India","Vynnycky-1997",25,99,"Enrolled",75.34
"India","Vynnycky-1997",25,99,"Tested",281.4
"India","Vynnycky-1997",25,100,"Enrolled",62.16
"India","Vynnycky-1997",25,100,"Tested",235.08
"India","Vynnycky-1997",30,1,"Enrolled",74.68
"India","Vynnycky-1997",30,1,"Tested",255.98
"India","Vynnycky-1997",30,2,"Enrolled",101.88
"India","Vynnycky-1997",30,2,"Tested",343.48
"India","Vynnycky-1997",30,3,"Enrolled",80.44
"India","Vynnycky-1997",30,3,"Tested",267.58
"India","Vynnycky-1997",30,4,"Enrolled",72.32
"India","Vynnycky-1997",30,4,"Tested",246.94
"India","Vynnycky-1997",30,5,"Enrolled",72.82
"India","Vynnycky-1997",30,5,"Tested",244.52
"India","Vynnycky-1997",30,6,"Enrolled",82.26
"India","Vynnycky-1997",30,6,"Tested",270.66
"India","Vynnycky-1997",30,7,"Enrolled",86.38
"India","Vynnycky-1997",30,7,"Tested",283.14
"India","Vynnycky-1997",30,8,"Enrolled",63.8
"India","Vynnycky-1997",30,8,"Tested",220.32
"India","Vynnycky-1997",30,9,"Enrolled",68.36
"India","Vynnycky-1997",30,9,"Tested",229.72
"India","Vynnycky-1997",30,10,"Enrolled",93.5
"India","Vynnycky-1997",30,10,"Tested",312.98
"India","Vynnycky-1997",30,11,"Enrolled",88.1
"India","Vynnycky-1997",30,11,"Tested",301.12
"India","Vynnycky-1997",30,12,"Enrolled",85.6
"India","Vynnycky-1997",30,12,"Tested",288.96
"India","Vynnycky-1997",30,13,"Enrolled",68.04
"India","Vynnycky-1997",30,13,"Tested",230.02
"India","Vynnycky-1997",30,14,"Enrolled",72.16
"India","Vynnycky-1997",30,14,"Tested",244.84
"India","Vynnycky-1997",30,15,"Enrolled",73.48
"India","Vynnycky-1997",30,15,"Tested",247.5
"India","Vynnycky-1997",30,16,"Enrolled",72.34
"India","Vynnycky-1997",30,16,"Tested",242.82
"India","Vynnycky-1997",30,17,"Enrolled",80.34
"India","Vynnycky-1997",30,17,"Tested",273.82
"India","Vynnycky-1997",30,18,"Enrolled",62.42
"India","Vynnycky-1997",30,18,"Tested",213.44
"India","Vynnycky-1997",30,19,"Enrolled",77.9
"India","Vynnycky-1997",30,19,"Tested",258.48
"India","Vynnycky-1997",30,20,"Enrolled",69.46
"India","Vynnycky-1997",30,20,"Tested",231.02
"India","Vynnycky-1997",30,21,"Enrolled",66.94
"India","Vynnycky-1997",30,21,"Tested",220.94
"India","Vynnycky-1997",30,22,"Enrolled",71.08
"India","Vynnycky-1997",30,22,"Tested",239.2
"India","Vynnycky-1997",30,23,"Enrolled",66.26
"India","Vynnycky-1997",30,23,"Tested",227.46
"India","Vynnycky-1997",30,24,"Enrolled",89.74
"India","Vynnycky-1997",30,24,"Tested",299.56
"India","Vynnycky-1997",30,25,"Enrolled",55.28
"India","Vynnycky-1997",30,25,"Tested",188.28
"India","Vynnycky-1997",30,26,"Enrolled",73.46
"India","Vynnycky-1997",30,26,"Tested",246.46
"India","Vynnycky-1997",30,27,"Enrolled",67.58
"India","Vynnycky-1997",30,27,"Tested",227.28
"India","Vynnycky-1997",30,28,"Enrolled",82.82
"India","Vynnycky-1997",30,28,"Tested",273.18
"India","Vynnycky-1997",30,29,"Enrolled",59.5
"India","Vynnycky-1997",30,29,"Tested",198.9
"India","Vynnycky-1997",30,30,"Enrolled",78.78
"India","Vynnycky-1997",30,30,"Tested",262.86
"India","Vynnycky-1997",30,31,"Enrolled",68.18
"India","Vynnycky-1997",30,31,"Tested",226.6
"India","Vynnycky-1997",30,32,"Enrolled",96.6
"India","Vynnycky-1997",30,32,"Tested",323.44
"India","Vynnycky-1997",30,33,"Enrolled",73.72
"India","Vynnycky-1997",30,33,"Tested",241.86
"India","Vynnycky-1997",30,34,"Enrolled",75.16
"India","Vynnycky-1997",30,34,"Tested",253.84
"India","Vynnycky-1997",30,35,"Enrolled",74.52
"India","Vynnycky-1997",30,35,"Tested",247.22
"India","Vynnycky-1997",30,36,"Enrolled",77.24
"India","Vynnycky-1997",30,36,"Tested",262.06
"India","Vynnycky-1997",30,37,"Enrolled",95.12
"India","Vynnycky-1997",30,37,"Tested",320.24
"India","Vynnycky-1997",30,38,"Enrolled",74.26
"India","Vynnycky-1997",30,38,"Tested",252.52
"India","Vynnycky-1997",30,39,"Enrolled",80.82
"India","Vynnycky-1997",30,39,"Tested",271.14
"India","Vynnycky-1997",30,40,"Enrolled",73.8
"India","Vynnycky-1997",30,40,"Tested",253.76
"India","Vynnycky-1997",30,41,"Enrolled",86.24
"India","Vynnycky-1997",30,41,"Tested",293.68
"India","Vynnycky-1997",30,42,"Enrolled",89.32
"India","Vynnycky-1997",30,42,"Tested",296.44
"India","Vynnycky-1997",30,43,"Enrolled",70.72
"India","Vynnycky-1997",30,43,"Tested",237.04
"India","Vynnycky-1997",30,44,"Enrolled",76.32
"India","Vynnycky-1997",30,44,"Tested",259.26
"India","Vynnycky-1997",30,45,"Enrolled",73.56
"India","Vynnycky-1997",30,45,"Tested",247.42
"India","Vynnycky-1997",30,46,"Enrolled",83.96
"India","Vynnycky-1997",30,46,"Tested",280.58
"India","Vynnycky-1997",30,47,"Enrolled",87.74
"India","Vynnycky-1997",30,47,"Tested",296.38
"India","Vynnycky-1997",30,48,"Enrolled",85.64
"India","Vynnycky-1997",30,48,"Tested",288.76
"India","Vynnycky-1997",30,49,"Enrolled",66.88
"India","Vynnycky-1997",30,49,"Tested",221.58
"India","Vynnycky-1997",30,50,"Enrolled",81.2
"India","Vynnycky-1997",30,50,"Tested",276.96
"India","Vynnycky-1997",30,51,"Enrolled",78.08
"India","Vynnycky-1997",30,51,"Tested",265.48
"India","Vynnycky-1997",30,52,"Enrolled",89.3
"India","Vynnycky-1997",30,52,"Tested",295.48
"India","Vynnycky-1997",30,53,"Enrolled",76.78
"India","Vynnycky-1997",30,53,"Tested",256.28
"India","Vynnycky-1997",30,54,"Enrolled",64.2
"India","Vynnycky-1997",30,54,"Tested",219.16
"India","Vynnycky-1997",30,55,"Enrolled",65.52
"India","Vynnycky-1997",30,55,"Tested",218.88
"India","Vynnycky-1997",30,56,"Enrolled",69.38
"India","Vynnycky-1997",30,56,"Tested",237.4
"India","Vynnycky-1997",30,57,"Enrolled",74.62
"India","Vynnycky-1997",30,57,"Tested",251.62
"India","Vynnycky-1997",30,58,"Enrolled",82.32
"India","Vynnycky-1997",30,58,"Tested",274.36
"India","Vynnycky-1997",30,59,"Enrolled",76.62
"India","Vynnycky-1997",30,59,"Tested",255.08
"India","Vynnycky-1997",30,60,"Enrolled",55.24
"India","Vynnycky-1997",30,60,"Tested",184.1
"India","Vynnycky-1997",30,61,"Enrolled",70.34
"India","Vynnycky-1997",30,61,"Tested",238.14
"India","Vynnycky-1997",30,62,"Enrolled",71.42
"India","Vynnycky-1997",30,62,"Tested",245.78
"India","Vynnycky-1997",30,63,"Enrolled",57.08
"India","Vynnycky-1997",30,63,"Tested",201.32
"India","Vynnycky-1997",30,64,"Enrolled",62.96
"India","Vynnycky-1997",30,64,"Tested",214.64
"India","Vynnycky-1997",30,65,"Enrolled",78.96
"India","Vynnycky-1997",30,65,"Tested",261.02
"India","Vynnycky-1997",30,66,"Enrolled",70.04
"India","Vynnycky-1997",30,66,"Tested",232.86
"India","Vynnycky-1997",30,67,"Enrolled",73.56
"India","Vynnycky-1997",30,67,"Tested",245.64
"India","Vynnycky-1997",30,68,"Enrolled",66.38
"India","Vynnycky-1997",30,68,"Tested",222.68
"India","Vynnycky-1997",30,69,"Enrolled",81.48
"India","Vynnycky-1997",30,69,"Tested",276
"India","Vynnycky-1997",30,70,"Enrolled",71.06
"India","Vynnycky-1997",30,70,"Tested",240.02
"India","Vynnycky-1997",30,71,"Enrolled",65.52
"India","Vynnycky-1997",30,71,"Tested",222.56
"India","Vynnycky-1997",30,72,"Enrolled",68.82
"India","Vynnycky-1997",30,72,"Tested",230.2
"India","Vynnycky-1997",30,73,"Enrolled",94.08
"India","Vynnycky-1997",30,73,"Tested",314.8
"India","Vynnycky-1997",30,74,"Enrolled",87.3
"India","Vynnycky-1997",30,74,"Tested",295.1
"India","Vynnycky-1997",30,75,"Enrolled",75.18
"India","Vynnycky-1997",30,75,"Tested",254.48
"India","Vynnycky-1997",30,76,"Enrolled",68.26
"India","Vynnycky-1997",30,76,"Tested",227.76
"India","Vynnycky-1997",30,77,"Enrolled",87.4
"India","Vynnycky-1997",30,77,"Tested",294.06
"India","Vynnycky-1997",30,78,"Enrolled",98.74
"India","Vynnycky-1997",30,78,"Tested",331.42
"India","Vynnycky-1997",30,79,"Enrolled",89.36
"India","Vynnycky-1997",30,79,"Tested",298.94
"India","Vynnycky-1997",30,80,"Enrolled",79.52
"India","Vynnycky-1997",30,80,"Tested",267.04
"India","Vynnycky-1997",30,81,"Enrolled",75.5
"India","Vynnycky-1997",30,81,"Tested",252.9
"India","Vynnycky-1997",30,82,"Enrolled",74.32
"India","Vynnycky-1997",30,82,"Tested",248.84
"India","Vynnycky-1997",30,83,"Enrolled",87.5
"India","Vynnycky-1997",30,83,"Tested",296.86
"India","Vynnycky-1997",30,84,"Enrolled",87.78
"India","Vynnycky-1997",30,84,"Tested",296.1
"India","Vynnycky-1997",30,85,"Enrolled",81.16
"India","Vynnycky-1997",30,85,"Tested",271.04
"India","Vynnycky-1997",30,86,"Enrolled",67.74
"India","Vynnycky-1997",30,86,"Tested",233.26
"India","Vynnycky-1997",30,87,"Enrolled",68.14
"India","Vynnycky-1997",30,87,"Tested",232.04
"India","Vynnycky-1997",30,88,"Enrolled",83.92
"India","Vynnycky-1997",30,88,"Tested",278.1
"India","Vynnycky-1997",30,89,"Enrolled",94.4
"India","Vynnycky-1997",30,89,"Tested",322.84
"India","Vynnycky-1997",30,90,"Enrolled",73.2
"India","Vynnycky-1997",30,90,"Tested",244.6
"India","Vynnycky-1997",30,91,"Enrolled",79.68
"India","Vynnycky-1997",30,91,"Tested",265.4
"India","Vynnycky-1997",30,92,"Enrolled",81.92
"India","Vynnycky-1997",30,92,"Tested",281.28
"India","Vynnycky-1997",30,93,"Enrolled",63.84
"India","Vynnycky-1997",30,93,"Tested",216.92
"India","Vynnycky-1997",30,94,"Enrolled",61.6
"India","Vynnycky-1997",30,94,"Tested",213.06
"India","Vynnycky-1997",30,95,"Enrolled",63.72
"India","Vynnycky-1997",30,95,"Tested",215.24
"India","Vynnycky-1997",30,96,"Enrolled",69.72
"India","Vynnycky-1997",30,96,"Tested",233.14
"India","Vynnycky-1997",30,97,"Enrolled",72.26
"India","Vynnycky-1997",30,97,"Tested",241.22
"India","Vynnycky-1997",30,98,"Enrolled",73.54
"India","Vynnycky-1997",30,98,"Tested",242.12
"India","Vynnycky-1997",30,99,"Enrolled",70.96
"India","Vynnycky-1997",30,99,"Tested",246.22
"India","Vynnycky-1997",30,100,"Enrolled",72.18
"India","Vynnycky-1997",30,100,"Tested",242.72
"India","Vynnycky-1997",35,1,"Enrolled",103.48
"India","Vynnycky-1997",35,1,"Tested",320.08
"India","Vynnycky-1997",35,2,"Enrolled",78.24
"India","Vynnycky-1997",35,2,"Tested",252.76
"India","Vynnycky-1997",35,3,"Enrolled",76.26
"India","Vynnycky-1997",35,3,"Tested",240.5
"India","Vynnycky-1997",35,4,"Enrolled",73.06
"India","Vynnycky-1997",35,4,"Tested",229.9
"India","Vynnycky-1997",35,5,"Enrolled",93.06
"India","Vynnycky-1997",35,5,"Tested",287.6
"India","Vynnycky-1997",35,6,"Enrolled",71.28
"India","Vynnycky-1997",35,6,"Tested",222.64
"India","Vynnycky-1997",35,7,"Enrolled",86.8
"India","Vynnycky-1997",35,7,"Tested",277.08
"India","Vynnycky-1997",35,8,"Enrolled",73.24
"India","Vynnycky-1997",35,8,"Tested",226.1
"India","Vynnycky-1997",35,9,"Enrolled",88.56
"India","Vynnycky-1997",35,9,"Tested",282.7
"India","Vynnycky-1997",35,10,"Enrolled",68.36
"India","Vynnycky-1997",35,10,"Tested",215.38
"India","Vynnycky-1997",35,11,"Enrolled",94.74
"India","Vynnycky-1997",35,11,"Tested",301.58
"India","Vynnycky-1997",35,12,"Enrolled",69
"India","Vynnycky-1997",35,12,"Tested",218.9
"India","Vynnycky-1997",35,13,"Enrolled",84.62
"India","Vynnycky-1997",35,13,"Tested",263.46
"India","Vynnycky-1997",35,14,"Enrolled",88.66
"India","Vynnycky-1997",35,14,"Tested",277.46
"India","Vynnycky-1997",35,15,"Enrolled",101.52
"India","Vynnycky-1997",35,15,"Tested",313.78
"India","Vynnycky-1997",35,16,"Enrolled",65.98
"India","Vynnycky-1997",35,16,"Tested",213.12
"India","Vynnycky-1997",35,17,"Enrolled",86.94
"India","Vynnycky-1997",35,17,"Tested",267.46
"India","Vynnycky-1997",35,18,"Enrolled",51.2
"India","Vynnycky-1997",35,18,"Tested",164.3
"India","Vynnycky-1997",35,19,"Enrolled",76.08
"India","Vynnycky-1997",35,19,"Tested",246.98
"India","Vynnycky-1997",35,20,"Enrolled",87.78
"India","Vynnycky-1997",35,20,"Tested",278.74
"India","Vynnycky-1997",35,21,"Enrolled",75.88
"India","Vynnycky-1997",35,21,"Tested",231.58
"India","Vynnycky-1997",35,22,"Enrolled",72.9
"India","Vynnycky-1997",35,22,"Tested",226.94
"India","Vynnycky-1997",35,23,"Enrolled",69.58
"India","Vynnycky-1997",35,23,"Tested",218.56
"India","Vynnycky-1997",35,24,"Enrolled",77.08
"India","Vynnycky-1997",35,24,"Tested",237.62
"India","Vynnycky-1997",35,25,"Enrolled",70.02
"India","Vynnycky-1997",35,25,"Tested",222.22
"India","Vynnycky-1997",35,26,"Enrolled",78
"India","Vynnycky-1997",35,26,"Tested",245.4
"India","Vynnycky-1997",35,27,"Enrolled",87.52
"India","Vynnycky-1997",35,27,"Tested",270.46
"India","Vynnycky-1997",35,28,"Enrolled",71.22
"India","Vynnycky-1997",35,28,"Tested",220.14
"India","Vynnycky-1997",35,29,"Enrolled",88.32
"India","Vynnycky-1997",35,29,"Tested",276.78
"India","Vynnycky-1997",35,30,"Enrolled",68.9
"India","Vynnycky-1997",35,30,"Tested",218.74
"India","Vynnycky-1997",35,31,"Enrolled",76.64
"India","Vynnycky-1997",35,31,"Tested",247.36
"India","Vynnycky-1997",35,32,"Enrolled",77.58
"India","Vynnycky-1997",35,32,"Tested",247.58
"India","Vynnycky-1997",35,33,"Enrolled",74.5
"India","Vynnycky-1997",35,33,"Tested",232.98
"India","Vynnycky-1997",35,34,"Enrolled",77.88
"India","Vynnycky-1997",35,34,"Tested",240.16
"India","Vynnycky-1997",35,35,"Enrolled",81.84
"India","Vynnycky-1997",35,35,"Tested",255.28
"India","Vynnycky-1997",35,36,"Enrolled",61.04
"India","Vynnycky-1997",35,36,"Tested",191.56
"India","Vynnycky-1997",35,37,"Enrolled",77.44
"India","Vynnycky-1997",35,37,"Tested",239.96
"India","Vynnycky-1997",35,38,"Enrolled",66.6
"India","Vynnycky-1997",35,38,"Tested",212.14
"India","Vynnycky-1997",35,39,"Enrolled",83.28
"India","Vynnycky-1997",35,39,"Tested",257.96
"India","Vynnycky-1997",35,40,"Enrolled",66.14
"India","Vynnycky-1997",35,40,"Tested",209.6
"India","Vynnycky-1997",35,41,"Enrolled",70.8
"India","Vynnycky-1997",35,41,"Tested",222.28
"India","Vynnycky-1997",35,42,"Enrolled",93.78
"India","Vynnycky-1997",35,42,"Tested",296.64
"India","Vynnycky-1997",35,43,"Enrolled",82.08
"India","Vynnycky-1997",35,43,"Tested",257.18
"India","Vynnycky-1997",35,44,"Enrolled",59.46
"India","Vynnycky-1997",35,44,"Tested",183.24
"India","Vynnycky-1997",35,45,"Enrolled",69.86
"India","Vynnycky-1997",35,45,"Tested",221.08
"India","Vynnycky-1997",35,46,"Enrolled",71.74
"India","Vynnycky-1997",35,46,"Tested",226.8
"India","Vynnycky-1997",35,47,"Enrolled",96.74
"India","Vynnycky-1997",35,47,"Tested",296.1
"India","Vynnycky-1997",35,48,"Enrolled",94.4
"India","Vynnycky-1997",35,48,"Tested",296
"India","Vynnycky-1997",35,49,"Enrolled",74.32
"India","Vynnycky-1997",35,49,"Tested",231.1
"India","Vynnycky-1997",35,50,"Enrolled",98.22
"India","Vynnycky-1997",35,50,"Tested",313.78
"India","Vynnycky-1997",35,51,"Enrolled",75.42
"India","Vynnycky-1997",35,51,"Tested",238.04
"India","Vynnycky-1997",35,52,"Enrolled",97.56
"India","Vynnycky-1997",35,52,"Tested",306.24
"India","Vynnycky-1997",35,53,"Enrolled",69.5
"India","Vynnycky-1997",35,53,"Tested",218
"India","Vynnycky-1997",35,54,"Enrolled",82.5
"India","Vynnycky-1997",35,54,"Tested",258.18
"India","Vynnycky-1997",35,55,"Enrolled",88.18
"India","Vynnycky-1997",35,55,"Tested",279.12
"India","Vynnycky-1997",35,56,"Enrolled",87.58
"India","Vynnycky-1997",35,56,"Tested",272
"India","Vynnycky-1997",35,57,"Enrolled",87.56
"India","Vynnycky-1997",35,57,"Tested",276.36
"India","Vynnycky-1997",35,58,"Enrolled",78.2
"India","Vynnycky-1997",35,58,"Tested",244.94
"India","Vynnycky-1997",35,59,"Enrolled",78.86
"India","Vynnycky-1997",35,59,"Tested",251.16
"India","Vynnycky-1997",35,60,"Enrolled",106.06
"India","Vynnycky-1997",35,60,"Tested",326.84
"India","Vynnycky-1997",35,61,"Enrolled",76.8
"India","Vynnycky-1997",35,61,"Tested",242.12
"India","Vynnycky-1997",35,62,"Enrolled",68.88
"India","Vynnycky-1997",35,62,"Tested",216.56
"India","Vynnycky-1997",35,63,"Enrolled",70.44
"India","Vynnycky-1997",35,63,"Tested",220.96
"India","Vynnycky-1997",35,64,"Enrolled",81.76
"India","Vynnycky-1997",35,64,"Tested",254.5
"India","Vynnycky-1997",35,65,"Enrolled",91.48
"India","Vynnycky-1997",35,65,"Tested",291.8
"India","Vynnycky-1997",35,66,"Enrolled",66.08
"India","Vynnycky-1997",35,66,"Tested",204.44
"India","Vynnycky-1997",35,67,"Enrolled",94.72
"India","Vynnycky-1997",35,67,"Tested",300.62
"India","Vynnycky-1997",35,68,"Enrolled",89.18
"India","Vynnycky-1997",35,68,"Tested",281.42
"India","Vynnycky-1997",35,69,"Enrolled",66.48
"India","Vynnycky-1997",35,69,"Tested",202.46
"India","Vynnycky-1997",35,70,"Enrolled",88.9
"India","Vynnycky-1997",35,70,"Tested",278.48
"India","Vynnycky-1997",35,71,"Enrolled",94.62
"India","Vynnycky-1997",35,71,"Tested",303.94
"India","Vynnycky-1997",35,72,"Enrolled",77.6
"India","Vynnycky-1997",35,72,"Tested",248.64
"India","Vynnycky-1997",35,73,"Enrolled",72.2
"India","Vynnycky-1997",35,73,"Tested",229.48
"India","Vynnycky-1997",35,74,"Enrolled",82.56
"India","Vynnycky-1997",35,74,"Tested",254.88
"India","Vynnycky-1997",35,75,"Enrolled",87.82
"India","Vynnycky-1997",35,75,"Tested",276.3
"India","Vynnycky-1997",35,76,"Enrolled",73.18
"India","Vynnycky-1997",35,76,"Tested",229.82
"India","Vynnycky-1997",35,77,"Enrolled",81.86
"India","Vynnycky-1997",35,77,"Tested",249.1
"India","Vynnycky-1997",35,78,"Enrolled",73.62
"India","Vynnycky-1997",35,78,"Tested",226.92
"India","Vynnycky-1997",35,79,"Enrolled",92.32
"India","Vynnycky-1997",35,79,"Tested",285.16
"India","Vynnycky-1997",35,80,"Enrolled",65.86
"India","Vynnycky-1997",35,80,"Tested",205.98
"India","Vynnycky-1997",35,81,"Enrolled",85.42
"India","Vynnycky-1997",35,81,"Tested",262.08
"India","Vynnycky-1997",35,82,"Enrolled",121.16
"India","Vynnycky-1997",35,82,"Tested",379.48
"India","Vynnycky-1997",35,83,"Enrolled",107.92
"India","Vynnycky-1997",35,83,"Tested",339.48
"India","Vynnycky-1997",35,84,"Enrolled",72.56
"India","Vynnycky-1997",35,84,"Tested",227.56
"India","Vynnycky-1997",35,85,"Enrolled",90.3
"India","Vynnycky-1997",35,85,"Tested",280.64
"India","Vynnycky-1997",35,86,"Enrolled",86.92
"India","Vynnycky-1997",35,86,"Tested",277.38
"India","Vynnycky-1997",35,87,"Enrolled",80.12
"India","Vynnycky-1997",35,87,"Tested",249.68
"India","Vynnycky-1997",35,88,"Enrolled",78.44
"India","Vynnycky-1997",35,88,"Tested",238.12
"India","Vynnycky-1997",35,89,"Enrolled",76.24
"India","Vynnycky-1997",35,89,"Tested",239.2
"India","Vynnycky-1997",35,90,"Enrolled",71.02
"India","Vynnycky-1997",35,90,"Tested",226.66
"India","Vynnycky-1997",35,91,"Enrolled",64.28
"India","Vynnycky-1997",35,91,"Tested",203.58
"India","Vynnycky-1997",35,92,"Enrolled",73.08
"India","Vynnycky-1997",35,92,"Tested",230.28
"India","Vynnycky-1997",35,93,"Enrolled",60.8
"India","Vynnycky-1997",35,93,"Tested",190.28
"India","Vynnycky-1997",35,94,"Enrolled",68
"India","Vynnycky-1997",35,94,"Tested",207.66
"India","Vynnycky-1997",35,95,"Enrolled",94.08
"India","Vynnycky-1997",35,95,"Tested",295.78
"India","Vynnycky-1997",35,96,"Enrolled",73.38
"India","Vynnycky-1997",35,96,"Tested",227.62
"India","Vynnycky-1997",35,97,"Enrolled",82.62
"India","Vynnycky-1997",35,97,"Tested",257.94
"India","Vynnycky-1997",35,98,"Enrolled",60.96
"India","Vynnycky-1997",35,98,"Tested",196.74
"India","Vynnycky-1997",35,99,"Enrolled",68.22
"India","Vynnycky-1997",35,99,"Tested",213.94
"India","Vynnycky-1997",35,100,"Enrolled",79.92
"India","Vynnycky-1997",35,100,"Tested",246.6
"India","Vynnycky-1997",40,1,"Enrolled",82.94
"India","Vynnycky-1997",40,1,"Tested",249.58
"India","Vynnycky-1997",40,2,"Enrolled",72.04
"India","Vynnycky-1997",40,2,"Tested",210.64
"India","Vynnycky-1997",40,3,"Enrolled",87.54
"India","Vynnycky-1997",40,3,"Tested",258.56
"India","Vynnycky-1997",40,4,"Enrolled",83.1
"India","Vynnycky-1997",40,4,"Tested",247.4
"India","Vynnycky-1997",40,5,"Enrolled",83.48
"India","Vynnycky-1997",40,5,"Tested",243.62
"India","Vynnycky-1997",40,6,"Enrolled",118.1
"India","Vynnycky-1997",40,6,"Tested",359.08
"India","Vynnycky-1997",40,7,"Enrolled",81.42
"India","Vynnycky-1997",40,7,"Tested",243.34
"India","Vynnycky-1997",40,8,"Enrolled",94.04
"India","Vynnycky-1997",40,8,"Tested",282.96
"India","Vynnycky-1997",40,9,"Enrolled",110.48
"India","Vynnycky-1997",40,9,"Tested",330.98
"India","Vynnycky-1997",40,10,"Enrolled",72.02
"India","Vynnycky-1997",40,10,"Tested",214.28
"India","Vynnycky-1997",40,11,"Enrolled",76.88
"India","Vynnycky-1997",40,11,"Tested",231.44
"India","Vynnycky-1997",40,12,"Enrolled",58.72
"India","Vynnycky-1997",40,12,"Tested",172.18
"India","Vynnycky-1997",40,13,"Enrolled",66.64
"India","Vynnycky-1997",40,13,"Tested",201.82
"India","Vynnycky-1997",40,14,"Enrolled",89.44
"India","Vynnycky-1997",40,14,"Tested",269.9
"India","Vynnycky-1997",40,15,"Enrolled",69.84
"India","Vynnycky-1997",40,15,"Tested",204.14
"India","Vynnycky-1997",40,16,"Enrolled",94.88
"India","Vynnycky-1997",40,16,"Tested",283.28
"India","Vynnycky-1997",40,17,"Enrolled",92.88
"India","Vynnycky-1997",40,17,"Tested",278
"India","Vynnycky-1997",40,18,"Enrolled",86.8
"India","Vynnycky-1997",40,18,"Tested",259
"India","Vynnycky-1997",40,19,"Enrolled",76.48
"India","Vynnycky-1997",40,19,"Tested",230.22
"India","Vynnycky-1997",40,20,"Enrolled",87.42
"India","Vynnycky-1997",40,20,"Tested",260.62
"India","Vynnycky-1997",40,21,"Enrolled",89.2
"India","Vynnycky-1997",40,21,"Tested",264.92
"India","Vynnycky-1997",40,22,"Enrolled",83.18
"India","Vynnycky-1997",40,22,"Tested",245.28
"India","Vynnycky-1997",40,23,"Enrolled",71.36
"India","Vynnycky-1997",40,23,"Tested",214.06
"India","Vynnycky-1997",40,24,"Enrolled",69.08
"India","Vynnycky-1997",40,24,"Tested",205.46
"India","Vynnycky-1997",40,25,"Enrolled",77.38
"India","Vynnycky-1997",40,25,"Tested",233.26
"India","Vynnycky-1997",40,26,"Enrolled",88.74
"India","Vynnycky-1997",40,26,"Tested",266.76
"India","Vynnycky-1997",40,27,"Enrolled",74.1
"India","Vynnycky-1997",40,27,"Tested",217.48
"India","Vynnycky-1997",40,28,"Enrolled",61.48
"India","Vynnycky-1997",40,28,"Tested",183.24
"India","Vynnycky-1997",40,29,"Enrolled",101.52
"India","Vynnycky-1997",40,29,"Tested",312.22
"India","Vynnycky-1997",40,30,"Enrolled",60.14
"India","Vynnycky-1997",40,30,"Tested",180.64
"India","Vynnycky-1997",40,31,"Enrolled",100.48
"India","Vynnycky-1997",40,31,"Tested",296.96
"India","Vynnycky-1997",40,32,"Enrolled",85.88
"India","Vynnycky-1997",40,32,"Tested",255.36
"India","Vynnycky-1997",40,33,"Enrolled",61.7
"India","Vynnycky-1997",40,33,"Tested",189.14
"India","Vynnycky-1997",40,34,"Enrolled",75.92
"India","Vynnycky-1997",40,34,"Tested",231.42
"India","Vynnycky-1997",40,35,"Enrolled",89.18
"India","Vynnycky-1997",40,35,"Tested",261.1
"India","Vynnycky-1997",40,36,"Enrolled",81.82
"India","Vynnycky-1997",40,36,"Tested",247.38
"India","Vynnycky-1997",40,37,"Enrolled",54.96
"India","Vynnycky-1997",40,37,"Tested",164.38
"India","Vynnycky-1997",40,38,"Enrolled",101.68
"India","Vynnycky-1997",40,38,"Tested",304.1
"India","Vynnycky-1997",40,39,"Enrolled",76.06
"India","Vynnycky-1997",40,39,"Tested",230.12
"India","Vynnycky-1997",40,40,"Enrolled",97.52
"India","Vynnycky-1997",40,40,"Tested",291.96
"India","Vynnycky-1997",40,41,"Enrolled",84.1
"India","Vynnycky-1997",40,41,"Tested",259.34
"India","Vynnycky-1997",40,42,"Enrolled",87.14
"India","Vynnycky-1997",40,42,"Tested",255.76
"India","Vynnycky-1997",40,43,"Enrolled",88.02
"India","Vynnycky-1997",40,43,"Tested",270.14
"India","Vynnycky-1997",40,44,"Enrolled",83.54
"India","Vynnycky-1997",40,44,"Tested",251.94
"India","Vynnycky-1997",40,45,"Enrolled",82.18
"India","Vynnycky-1997",40,45,"Tested",246.4
"India","Vynnycky-1997",40,46,"Enrolled",82.12
"India","Vynnycky-1997",40,46,"Tested",246.6
"India","Vynnycky-1997",40,47,"Enrolled",98.76
"India","Vynnycky-1997",40,47,"Tested",297.8
"India","Vynnycky-1997",40,48,"Enrolled",77.48
"India","Vynnycky-1997",40,48,"Tested",233.9
"India","Vynnycky-1997",40,49,"Enrolled",98.36
"India","Vynnycky-1997",40,49,"Tested",290.58
"India","Vynnycky-1997",40,50,"Enrolled",81.18
"India","Vynnycky-1997",40,50,"Tested",236.28
"India","Vynnycky-1997",40,51,"Enrolled",74.68
"India","Vynnycky-1997",40,51,"Tested",221.26
"India","Vynnycky-1997",40,52,"Enrolled",62.74
"India","Vynnycky-1997",40,52,"Tested",190.6
"India","Vynnycky-1997",40,53,"Enrolled",70.88
"India","Vynnycky-1997",40,53,"Tested",210.72
"India","Vynnycky-1997",40,54,"Enrolled",73.96
"India","Vynnycky-1997",40,54,"Tested",224.16
"India","Vynnycky-1997",40,55,"Enrolled",90.3
"India","Vynnycky-1997",40,55,"Tested",269.58
"India","Vynnycky-1997",40,56,"Enrolled",88.18
"India","Vynnycky-1997",40,56,"Tested",261.36
"India","Vynnycky-1997",40,57,"Enrolled",71.72
"India","Vynnycky-1997",40,57,"Tested",214.76
"India","Vynnycky-1997",40,58,"Enrolled",64.5
"India","Vynnycky-1997",40,58,"Tested",197.86
"India","Vynnycky-1997",40,59,"Enrolled",85.16
"India","Vynnycky-1997",40,59,"Tested",253.62
"India","Vynnycky-1997",40,60,"Enrolled",74.68
"India","Vynnycky-1997",40,60,"Tested",218.2
"India","Vynnycky-1997",40,61,"Enrolled",81.32
"India","Vynnycky-1997",40,61,"Tested",243.6
"India","Vynnycky-1997",40,62,"Enrolled",87.58
"India","Vynnycky-1997",40,62,"Tested",258.96
"India","Vynnycky-1997",40,63,"Enrolled",61.38
"India","Vynnycky-1997",40,63,"Tested",188.24
"India","Vynnycky-1997",40,64,"Enrolled",83.36
"India","Vynnycky-1997",40,64,"Tested",254.3
"India","Vynnycky-1997",40,65,"Enrolled",96.8
"India","Vynnycky-1997",40,65,"Tested",289.94
"India","Vynnycky-1997",40,66,"Enrolled",78.82
"India","Vynnycky-1997",40,66,"Tested",239.24
"India","Vynnycky-1997",40,67,"Enrolled",100.9
"India","Vynnycky-1997",40,67,"Tested",303.2
"India","Vynnycky-1997",40,68,"Enrolled",77.56
"India","Vynnycky-1997",40,68,"Tested",233.48
"India","Vynnycky-1997",40,69,"Enrolled",97.56
"India","Vynnycky-1997",40,69,"Tested",290.62
"India","Vynnycky-1997",40,70,"Enrolled",67.98
"India","Vynnycky-1997",40,70,"Tested",203.34
"India","Vynnycky-1997",40,71,"Enrolled",82.14
"India","Vynnycky-1997",40,71,"Tested",246.76
"India","Vynnycky-1997",40,72,"Enrolled",89.78
"India","Vynnycky-1997",40,72,"Tested",268.36
"India","Vynnycky-1997",40,73,"Enrolled",87.58
"India","Vynnycky-1997",40,73,"Tested",263.24
"India","Vynnycky-1997",40,74,"Enrolled",83.12
"India","Vynnycky-1997",40,74,"Tested",246.06
"India","Vynnycky-1997",40,75,"Enrolled",84.02
"India","Vynnycky-1997",40,75,"Tested",251.6
"India","Vynnycky-1997",40,76,"Enrolled",100.16
"India","Vynnycky-1997",40,76,"Tested",301.28
"India","Vynnycky-1997",40,77,"Enrolled",90.88
"India","Vynnycky-1997",40,77,"Tested",274.62
"India","Vynnycky-1997",40,78,"Enrolled",86.34
"India","Vynnycky-1997",40,78,"Tested",258.82
"India","Vynnycky-1997",40,79,"Enrolled",75.46
"India","Vynnycky-1997",40,79,"Tested",224.58
"India","Vynnycky-1997",40,80,"Enrolled",70.42
"India","Vynnycky-1997",40,80,"Tested",208.28
"India","Vynnycky-1997",40,81,"Enrolled",70.7
"India","Vynnycky-1997",40,81,"Tested",212.14
"India","Vynnycky-1997",40,82,"Enrolled",95.28
"India","Vynnycky-1997",40,82,"Tested",288.1
"India","Vynnycky-1997",40,83,"Enrolled",83.68
"India","Vynnycky-1997",40,83,"Tested",249.68
"India","Vynnycky-1997",40,84,"Enrolled",74.16
"India","Vynnycky-1997",40,84,"Tested",221.68
"India","Vynnycky-1997",40,85,"Enrolled",76.78
"India","Vynnycky-1997",40,85,"Tested",232.98
"India","Vynnycky-1997",40,86,"Enrolled",89.88
"India","Vynnycky-1997",40,86,"Tested",271.4
"India","Vynnycky-1997",40,87,"Enrolled",77.42
"India","Vynnycky-1997",40,87,"Tested",229.1
"India","Vynnycky-1997",40,88,"Enrolled",71.58
"India","Vynnycky-1997",40,88,"Tested",210.46
"India","Vynnycky-1997",40,89,"Enrolled",71.54
"India","Vynnycky-1997",40,89,"Tested",216.96
"India","Vynnycky-1997",40,90,"Enrolled",81.42
"India","Vynnycky-1997",40,90,"Tested",242.5
"India","Vynnycky-1997",40,91,"Enrolled",92.68
"India","Vynnycky-1997",40,91,"Tested",278.58
"India","Vynnycky-1997",40,92,"Enrolled",104.3
"India","Vynnycky-1997",40,92,"Tested",309.98
"India","Vynnycky-1997",40,93,"Enrolled",69.28
"India","Vynnycky-1997",40,93,"Tested",210.88
"India","Vynnycky-1997",40,94,"Enrolled",96.62
"India","Vynnycky-1997",40,94,"Tested",295.06
"India","Vynnycky-1997",40,95,"Enrolled",80.52
"India","Vynnycky-1997",40,95,"Tested",239.6
"India","Vynnycky-1997",40,96,"Enrolled",78.04
"India","Vynnycky-1997",40,96,"Tested",231.58
"India","Vynnycky-1997",40,97,"Enrolled",105.16
"India","Vynnycky-1997",40,97,"Tested",314.96
"India","Vynnycky-1997",40,98,"Enrolled",85.74
"India","Vynnycky-1997",40,98,"Tested",253.22
"India","Vynnycky-1997",40,99,"Enrolled",89.78
"India","Vynnycky-1997",40,99,"Tested",271.54
"India","Vynnycky-1997",40,100,"Enrolled",69.22
"India","Vynnycky-1997",40,100,"Tested",210.14
"India","Vynnycky-1997",45,1,"Enrolled",55.96
"India","Vynnycky-1997",45,1,"Tested",163.9
"India","Vynnycky-1997",45,2,"Enrolled",91.66
"India","Vynnycky-1997",45,2,"Tested",268.84
"India","Vynnycky-1997",45,3,"Enrolled",97.74
"India","Vynnycky-1997",45,3,"Tested",285.18
"India","Vynnycky-1997",45,4,"Enrolled",69.48
"India","Vynnycky-1997",45,4,"Tested",207.26
"India","Vynnycky-1997",45,5,"Enrolled",89.28
"India","Vynnycky-1997",45,5,"Tested",261.52
"India","Vynnycky-1997",45,6,"Enrolled",82.96
"India","Vynnycky-1997",45,6,"Tested",238.64
"India","Vynnycky-1997",45,7,"Enrolled",67.62
"India","Vynnycky-1997",45,7,"Tested",203.12
"India","Vynnycky-1997",45,8,"Enrolled",76.18
"India","Vynnycky-1997",45,8,"Tested",225.58
"India","Vynnycky-1997",45,9,"Enrolled",95.2
"India","Vynnycky-1997",45,9,"Tested",279.6
"India","Vynnycky-1997",45,10,"Enrolled",74.74
"India","Vynnycky-1997",45,10,"Tested",219.78
"India","Vynnycky-1997",45,11,"Enrolled",84.22
"India","Vynnycky-1997",45,11,"Tested",246.86
"India","Vynnycky-1997",45,12,"Enrolled",68.74
"India","Vynnycky-1997",45,12,"Tested",203.96
"India","Vynnycky-1997",45,13,"Enrolled",85.3
"India","Vynnycky-1997",45,13,"Tested",250.46
"India","Vynnycky-1997",45,14,"Enrolled",83.78
"India","Vynnycky-1997",45,14,"Tested",242.02
"India","Vynnycky-1997",45,15,"Enrolled",66.78
"India","Vynnycky-1997",45,15,"Tested",195.26
"India","Vynnycky-1997",45,16,"Enrolled",86.66
"India","Vynnycky-1997",45,16,"Tested",255.42
"India","Vynnycky-1997",45,17,"Enrolled",101.84
"India","Vynnycky-1997",45,17,"Tested",297.72
"India","Vynnycky-1997",45,18,"Enrolled",65.94
"India","Vynnycky-1997",45,18,"Tested",196.44
"India","Vynnycky-1997",45,19,"Enrolled",66.34
"India","Vynnycky-1997",45,19,"Tested",192.2
"India","Vynnycky-1997",45,20,"Enrolled",55.54
"India","Vynnycky-1997",45,20,"Tested",158.74
"India","Vynnycky-1997",45,21,"Enrolled",120.54
"India","Vynnycky-1997",45,21,"Tested",355.18
"India","Vynnycky-1997",45,22,"Enrolled",95.62
"India","Vynnycky-1997",45,22,"Tested",282.08
"India","Vynnycky-1997",45,23,"Enrolled",86.48
"India","Vynnycky-1997",45,23,"Tested",257.88
"India","Vynnycky-1997",45,24,"Enrolled",71.6
"India","Vynnycky-1997",45,24,"Tested",210.88
"India","Vynnycky-1997",45,25,"Enrolled",108.78
"India","Vynnycky-1997",45,25,"Tested",319.48
"India","Vynnycky-1997",45,26,"Enrolled",75.52
"India","Vynnycky-1997",45,26,"Tested",217.2
"India","Vynnycky-1997",45,27,"Enrolled",81.56
"India","Vynnycky-1997",45,27,"Tested",243.5
"India","Vynnycky-1997",45,28,"Enrolled",76
"India","Vynnycky-1997",45,28,"Tested",228.9
"India","Vynnycky-1997",45,29,"Enrolled",85.94
"India","Vynnycky-1997",45,29,"Tested",251.34
"India","Vynnycky-1997",45,30,"Enrolled",86.66
"India","Vynnycky-1997",45,30,"Tested",253.92
"India","Vynnycky-1997",45,31,"Enrolled",102.2
"India","Vynnycky-1997",45,31,"Tested",303.24
"India","Vynnycky-1997",45,32,"Enrolled",66.08
"India","Vynnycky-1997",45,32,"Tested",189.38
"India","Vynnycky-1997",45,33,"Enrolled",77.16
"India","Vynnycky-1997",45,33,"Tested",223.5
"India","Vynnycky-1997",45,34,"Enrolled",90.48
"India","Vynnycky-1997",45,34,"Tested",261.5
"India","Vynnycky-1997",45,35,"Enrolled",101.6
"India","Vynnycky-1997",45,35,"Tested",295.4
"India","Vynnycky-1997",45,36,"Enrolled",56.92
"India","Vynnycky-1997",45,36,"Tested",166.48
"India","Vynnycky-1997",45,37,"Enrolled",118.58
"India","Vynnycky-1997",45,37,"Tested",345.96
"India","Vynnycky-1997",45,38,"Enrolled",66.2
"India","Vynnycky-1997",45,38,"Tested",194.26
"India","Vynnycky-1997",45,39,"Enrolled",95.3
"India","Vynnycky-1997",45,39,"Tested",283.02
"India","Vynnycky-1997",45,40,"Enrolled",66.28
"India","Vynnycky-1997",45,40,"Tested",192.2
"India","Vynnycky-1997",45,41,"Enrolled",107.94
"India","Vynnycky-1997",45,41,"Tested",306.36
"India","Vynnycky-1997",45,42,"Enrolled",72.56
"India","Vynnycky-1997",45,42,"Tested",211.86
"India","Vynnycky-1997",45,43,"Enrolled",68.28
"India","Vynnycky-1997",45,43,"Tested",206.78
"India","Vynnycky-1997",45,44,"Enrolled",66.18
"India","Vynnycky-1997",45,44,"Tested",192.58
"India","Vynnycky-1997",45,45,"Enrolled",55.82
"India","Vynnycky-1997",45,45,"Tested",161.8
"India","Vynnycky-1997",45,46,"Enrolled",79.44
"India","Vynnycky-1997",45,46,"Tested",234.14
"India","Vynnycky-1997",45,47,"Enrolled",78.72
"India","Vynnycky-1997",45,47,"Tested",233.9
"India","Vynnycky-1997",45,48,"Enrolled",80.84
"India","Vynnycky-1997",45,48,"Tested",235.24
"India","Vynnycky-1997",45,49,"Enrolled",73.42
"India","Vynnycky-1997",45,49,"Tested",217.04
"India","Vynnycky-1997",45,50,"Enrolled",73.22
"India","Vynnycky-1997",45,50,"Tested",215.14
"India","Vynnycky-1997",45,51,"Enrolled",81.16
"India","Vynnycky-1997",45,51,"Tested",239.66
"India","Vynnycky-1997",45,52,"Enrolled",69.6
"India","Vynnycky-1997",45,52,"Tested",208.94
"India","Vynnycky-1997",45,53,"Enrolled",74
"India","Vynnycky-1997",45,53,"Tested",215.02
"India","Vynnycky-1997",45,54,"Enrolled",90.12
"India","Vynnycky-1997",45,54,"Tested",261.78
"India","Vynnycky-1997",45,55,"Enrolled",80.66
"India","Vynnycky-1997",45,55,"Tested",234.26
"India","Vynnycky-1997",45,56,"Enrolled",82.56
"India","Vynnycky-1997",45,56,"Tested",243
"India","Vynnycky-1997",45,57,"Enrolled",63.88
"India","Vynnycky-1997",45,57,"Tested",189.3
"India","Vynnycky-1997",45,58,"Enrolled",69.26
"India","Vynnycky-1997",45,58,"Tested",208.42
"India","Vynnycky-1997",45,59,"Enrolled",96.38
"India","Vynnycky-1997",45,59,"Tested",278.38
"India","Vynnycky-1997",45,60,"Enrolled",100.82
"India","Vynnycky-1997",45,60,"Tested",290.28
"India","Vynnycky-1997",45,61,"Enrolled",68.66
"India","Vynnycky-1997",45,61,"Tested",201.74
"India","Vynnycky-1997",45,62,"Enrolled",81.02
"India","Vynnycky-1997",45,62,"Tested",243.62
"India","Vynnycky-1997",45,63,"Enrolled",71
"India","Vynnycky-1997",45,63,"Tested",210.94
"India","Vynnycky-1997",45,64,"Enrolled",77.44
"India","Vynnycky-1997",45,64,"Tested",226.76
"India","Vynnycky-1997",45,65,"Enrolled",88.56
"India","Vynnycky-1997",45,65,"Tested",263.6
"India","Vynnycky-1997",45,66,"Enrolled",67.96
"India","Vynnycky-1997",45,66,"Tested",195.62
"India","Vynnycky-1997",45,67,"Enrolled",90.92
"India","Vynnycky-1997",45,67,"Tested",268.74
"India","Vynnycky-1997",45,68,"Enrolled",60.3
"India","Vynnycky-1997",45,68,"Tested",176.62
"India","Vynnycky-1997",45,69,"Enrolled",68.24
"India","Vynnycky-1997",45,69,"Tested",197.52
"India","Vynnycky-1997",45,70,"Enrolled",89.6
"India","Vynnycky-1997",45,70,"Tested",259.74
"India","Vynnycky-1997",45,71,"Enrolled",66.74
"India","Vynnycky-1997",45,71,"Tested",198.04
"India","Vynnycky-1997",45,72,"Enrolled",68.48
"India","Vynnycky-1997",45,72,"Tested",199.38
"India","Vynnycky-1997",45,73,"Enrolled",86.48
"India","Vynnycky-1997",45,73,"Tested",256.1
"India","Vynnycky-1997",45,74,"Enrolled",67.88
"India","Vynnycky-1997",45,74,"Tested",204.84
"India","Vynnycky-1997",45,75,"Enrolled",99.58
"India","Vynnycky-1997",45,75,"Tested",290.48
"India","Vynnycky-1997",45,76,"Enrolled",91.12
"India","Vynnycky-1997",45,76,"Tested",262.44
"India","Vynnycky-1997",45,77,"Enrolled",73.86
"India","Vynnycky-1997",45,77,"Tested",216.26
"India","Vynnycky-1997",45,78,"Enrolled",68.7
"India","Vynnycky-1997",45,78,"Tested",204.82
"India","Vynnycky-1997",45,79,"Enrolled",75.9
"India","Vynnycky-1997",45,79,"Tested",221.22
"India","Vynnycky-1997",45,80,"Enrolled",86.56
"India","Vynnycky-1997",45,80,"Tested",254.3
"India","Vynnycky-1997",45,81,"Enrolled",81.58
"India","Vynnycky-1997",45,81,"Tested",240.9
"India","Vynnycky-1997",45,82,"Enrolled",86.52
"India","Vynnycky-1997",45,82,"Tested",249.84
"India","Vynnycky-1997",45,83,"Enrolled",68.46
"India","Vynnycky-1997",45,83,"Tested",201.42
"India","Vynnycky-1997",45,84,"Enrolled",83.04
"India","Vynnycky-1997",45,84,"Tested",243.88
"India","Vynnycky-1997",45,85,"Enrolled",83.68
"India","Vynnycky-1997",45,85,"Tested",244.92
"India","Vynnycky-1997",45,86,"Enrolled",77.14
"India","Vynnycky-1997",45,86,"Tested",224.78
"India","Vynnycky-1997",45,87,"Enrolled",114.44
"India","Vynnycky-1997",45,87,"Tested",333.08
"India","Vynnycky-1997",45,88,"Enrolled",89.18
"India","Vynnycky-1997",45,88,"Tested",258
"India","Vynnycky-1997",45,89,"Enrolled",74.88
"India","Vynnycky-1997",45,89,"Tested",219.54
"India","Vynnycky-1997",45,90,"Enrolled",82.78
"India","Vynnycky-1997",45,90,"Tested",240.58
"India","Vynnycky-1997",45,91,"Enrolled",77.04
"India","Vynnycky-1997",45,91,"Tested",225.9
"India","Vynnycky-1997",45,92,"Enrolled",94.78
"India","Vynnycky-1997",45,92,"Tested",275.44
"India","Vynnycky-1997",45,93,"Enrolled",90.28
"India","Vynnycky-1997",45,93,"Tested",263.12
"India","Vynnycky-1997",45,94,"Enrolled",62.72
"India","Vynnycky-1997",45,94,"Tested",187.08
"India","Vynnycky-1997",45,95,"Enrolled",85.38
"India","Vynnycky-1997",45,95,"Tested",252.3
"India","Vynnycky-1997",45,96,"Enrolled",64.62
"India","Vynnycky-1997",45,96,"Tested",189.98
"India","Vynnycky-1997",45,97,"Enrolled",90.1
"India","Vynnycky-1997",45,97,"Tested",262.48
"India","Vynnycky-1997",45,98,"Enrolled",91
"India","Vynnycky-1997",45,98,"Tested",267.5
"India","Vynnycky-1997",45,99,"Enrolled",71.08
"India","Vynnycky-1997",45,99,"Tested",208.88
"India","Vynnycky-1997",45,100,"Enrolled",66.12
"India","Vynnycky-1997",45,100,"Tested",195.88
"India","Vynnycky-1997",50,1,"Enrolled",79.92
"India","Vynnycky-1997",50,1,"Tested",232
"India","Vynnycky-1997",50,2,"Enrolled",78.26
"India","Vynnycky-1997",50,2,"Tested",229.2
"India","Vynnycky-1997",50,3,"Enrolled",80
"India","Vynnycky-1997",50,3,"Tested",235.26
"India","Vynnycky-1997",50,4,"Enrolled",71.34
"India","Vynnycky-1997",50,4,"Tested",206.06
"India","Vynnycky-1997",50,5,"Enrolled",73.08
"India","Vynnycky-1997",50,5,"Tested",216.28
"India","Vynnycky-1997",50,6,"Enrolled",88.2
"India","Vynnycky-1997",50,6,"Tested",253.72
"India","Vynnycky-1997",50,7,"Enrolled",105.34
"India","Vynnycky-1997",50,7,"Tested",302.88
"India","Vynnycky-1997",50,8,"Enrolled",81.26
"India","Vynnycky-1997",50,8,"Tested",237.28
"India","Vynnycky-1997",50,9,"Enrolled",62.58
"India","Vynnycky-1997",50,9,"Tested",186.6
"India","Vynnycky-1997",50,10,"Enrolled",80.44
"India","Vynnycky-1997",50,10,"Tested",233.2
"India","Vynnycky-1997",50,11,"Enrolled",70.96
"India","Vynnycky-1997",50,11,"Tested",210.16
"India","Vynnycky-1997",50,12,"Enrolled",68.66
"India","Vynnycky-1997",50,12,"Tested",204.76
"India","Vynnycky-1997",50,13,"Enrolled",64.68
"India","Vynnycky-1997",50,13,"Tested",190.38
"India","Vynnycky-1997",50,14,"Enrolled",90.94
"India","Vynnycky-1997",50,14,"Tested",263.92
"India","Vynnycky-1997",50,15,"Enrolled",95.98
"India","Vynnycky-1997",50,15,"Tested",281.12
"India","Vynnycky-1997",50,16,"Enrolled",82.94
"India","Vynnycky-1997",50,16,"Tested",240.46
"India","Vynnycky-1997",50,17,"Enrolled",72.02
"India","Vynnycky-1997",50,17,"Tested",210.6
"India","Vynnycky-1997",50,18,"Enrolled",66.32
"India","Vynnycky-1997",50,18,"Tested",195.9
"India","Vynnycky-1997",50,19,"Enrolled",79.06
"India","Vynnycky-1997",50,19,"Tested",230.72
"India","Vynnycky-1997",50,20,"Enrolled",79.72
"India","Vynnycky-1997",50,20,"Tested",237.54
"India","Vynnycky-1997",50,21,"Enrolled",86.8
"India","Vynnycky-1997",50,21,"Tested",252.34
"India","Vynnycky-1997",50,22,"Enrolled",86.98
"India","Vynnycky-1997",50,22,"Tested",252.56
"India","Vynnycky-1997",50,23,"Enrolled",75.62
"India","Vynnycky-1997",50,23,"Tested",220.56
"India","Vynnycky-1997",50,24,"Enrolled",84.82
"India","Vynnycky-1997",50,24,"Tested",249.34
"India","Vynnycky-1997",50,25,"Enrolled",73.08
"India","Vynnycky-1997",50,25,"Tested",210.08
"India","Vynnycky-1997",50,26,"Enrolled",86.72
"India","Vynnycky-1997",50,26,"Tested",253.14
"India","Vynnycky-1997",50,27,"Enrolled",88.26
"India","Vynnycky-1997",50,27,"Tested",256.92
"India","Vynnycky-1997",50,28,"Enrolled",84.1
"India","Vynnycky-1997",50,28,"Tested",244.96
"India","Vynnycky-1997",50,29,"Enrolled",87.64
"India","Vynnycky-1997",50,29,"Tested",256.62
"India","Vynnycky-1997",50,30,"Enrolled",73.4
"India","Vynnycky-1997",50,30,"Tested",213.94
"India","Vynnycky-1997",50,31,"Enrolled",76.64
"India","Vynnycky-1997",50,31,"Tested",224.54
"India","Vynnycky-1997",50,32,"Enrolled",88.44
"India","Vynnycky-1997",50,32,"Tested",256.28
"India","Vynnycky-1997",50,33,"Enrolled",71.68
"India","Vynnycky-1997",50,33,"Tested",210.74
"India","Vynnycky-1997",50,34,"Enrolled",71.14
"India","Vynnycky-1997",50,34,"Tested",210.52
"India","Vynnycky-1997",50,35,"Enrolled",63.1
"India","Vynnycky-1997",50,35,"Tested",189.9
"India","Vynnycky-1997",50,36,"Enrolled",83.86
"India","Vynnycky-1997",50,36,"Tested",245.8
"India","Vynnycky-1997",50,37,"Enrolled",76.54
"India","Vynnycky-1997",50,37,"Tested",222.94
"India","Vynnycky-1997",50,38,"Enrolled",77.14
"India","Vynnycky-1997",50,38,"Tested",222.8
"India","Vynnycky-1997",50,39,"Enrolled",62.28
"India","Vynnycky-1997",50,39,"Tested",182.98
"India","Vynnycky-1997",50,40,"Enrolled",91.88
"India","Vynnycky-1997",50,40,"Tested",267.12
"India","Vynnycky-1997",50,41,"Enrolled",97.28
"India","Vynnycky-1997",50,41,"Tested",280.26
"India","Vynnycky-1997",50,42,"Enrolled",104.32
"India","Vynnycky-1997",50,42,"Tested",306.2
"India","Vynnycky-1997",50,43,"Enrolled",66.76
"India","Vynnycky-1997",50,43,"Tested",195.34
"India","Vynnycky-1997",50,44,"Enrolled",65.28
"India","Vynnycky-1997",50,44,"Tested",194.64
"India","Vynnycky-1997",50,45,"Enrolled",74.38
"India","Vynnycky-1997",50,45,"Tested",221.62
"India","Vynnycky-1997",50,46,"Enrolled",63.66
"India","Vynnycky-1997",50,46,"Tested",187.6
"India","Vynnycky-1997",50,47,"Enrolled",83.26
"India","Vynnycky-1997",50,47,"Tested",242.74
"India","Vynnycky-1997",50,48,"Enrolled",68.94
"India","Vynnycky-1997",50,48,"Tested",201.86
"India","Vynnycky-1997",50,49,"Enrolled",91.76
"India","Vynnycky-1997",50,49,"Tested",269.88
"India","Vynnycky-1997",50,50,"Enrolled",64.06
"India","Vynnycky-1997",50,50,"Tested",187.76
"India","Vynnycky-1997",50,51,"Enrolled",71.3
"India","Vynnycky-1997",50,51,"Tested",208.84
"India","Vynnycky-1997",50,52,"Enrolled",90.32
"India","Vynnycky-1997",50,52,"Tested",259.26
"India","Vynnycky-1997",50,53,"Enrolled",65.9
"India","Vynnycky-1997",50,53,"Tested",193.86
"India","Vynnycky-1997",50,54,"Enrolled",91.48
"India","Vynnycky-1997",50,54,"Tested",268.7
"India","Vynnycky-1997",50,55,"Enrolled",97.68
"India","Vynnycky-1997",50,55,"Tested",282.94
"India","Vynnycky-1997",50,56,"Enrolled",89.48
"India","Vynnycky-1997",50,56,"Tested",268.42
"India","Vynnycky-1997",50,57,"Enrolled",88.6
"India","Vynnycky-1997",50,57,"Tested",255.16
"India","Vynnycky-1997",50,58,"Enrolled",71.52
"India","Vynnycky-1997",50,58,"Tested",205.08
"India","Vynnycky-1997",50,59,"Enrolled",78.78
"India","Vynnycky-1997",50,59,"Tested",228.04
"India","Vynnycky-1997",50,60,"Enrolled",68.42
"India","Vynnycky-1997",50,60,"Tested",204.12
"India","Vynnycky-1997",50,61,"Enrolled",84.14
"India","Vynnycky-1997",50,61,"Tested",249.16
"India","Vynnycky-1997",50,62,"Enrolled",77.86
"India","Vynnycky-1997",50,62,"Tested",226.68
"India","Vynnycky-1997",50,63,"Enrolled",106.82
"India","Vynnycky-1997",50,63,"Tested",311.38
"India","Vynnycky-1997",50,64,"Enrolled",91.7
"India","Vynnycky-1997",50,64,"Tested",268.58
"India","Vynnycky-1997",50,65,"Enrolled",60.24
"India","Vynnycky-1997",50,65,"Tested",178.44
"India","Vynnycky-1997",50,66,"Enrolled",73.7
"India","Vynnycky-1997",50,66,"Tested",214.94
"India","Vynnycky-1997",50,67,"Enrolled",88.56
"India","Vynnycky-1997",50,67,"Tested",258.9
"India","Vynnycky-1997",50,68,"Enrolled",95.64
"India","Vynnycky-1997",50,68,"Tested",279.2
"India","Vynnycky-1997",50,69,"Enrolled",82.32
"India","Vynnycky-1997",50,69,"Tested",240.72
"India","Vynnycky-1997",50,70,"Enrolled",76.1
"India","Vynnycky-1997",50,70,"Tested",220.82
"India","Vynnycky-1997",50,71,"Enrolled",89.48
"India","Vynnycky-1997",50,71,"Tested",247.9
"India","Vynnycky-1997",50,72,"Enrolled",66.8
"India","Vynnycky-1997",50,72,"Tested",195.04
"India","Vynnycky-1997",50,73,"Enrolled",43.96
"India","Vynnycky-1997",50,73,"Tested",128.94
"India","Vynnycky-1997",50,74,"Enrolled",81.26
"India","Vynnycky-1997",50,74,"Tested",240.6
"India","Vynnycky-1997",50,75,"Enrolled",93.12
"India","Vynnycky-1997",50,75,"Tested",275.04
"India","Vynnycky-1997",50,76,"Enrolled",74.86
"India","Vynnycky-1997",50,76,"Tested",224.76
"India","Vynnycky-1997",50,77,"Enrolled",81.5
"India","Vynnycky-1997",50,77,"Tested",240.9
"India","Vynnycky-1997",50,78,"Enrolled",79.08
"India","Vynnycky-1997",50,78,"Tested",232.02
"India","Vynnycky-1997",50,79,"Enrolled",89.6
"India","Vynnycky-1997",50,79,"Tested",261.96
"India","Vynnycky-1997",50,80,"Enrolled",90.4
"India","Vynnycky-1997",50,80,"Tested",261.22
"India","Vynnycky-1997",50,81,"Enrolled",80.26
"India","Vynnycky-1997",50,81,"Tested",233.9
"India","Vynnycky-1997",50,82,"Enrolled",100.72
"India","Vynnycky-1997",50,82,"Tested",297.66
"India","Vynnycky-1997",50,83,"Enrolled",80.26
"India","Vynnycky-1997",50,83,"Tested",234.72
"India","Vynnycky-1997",50,84,"Enrolled",74.54
"India","Vynnycky-1997",50,84,"Tested",217.66
"India","Vynnycky-1997",50,85,"Enrolled",92.76
"India","Vynnycky-1997",50,85,"Tested",269.52
"India","Vynnycky-1997",50,86,"Enrolled",76.56
"India","Vynnycky-1997",50,86,"Tested",227.9
"India","Vynnycky-1997",50,87,"Enrolled",87.06
"India","Vynnycky-1997",50,87,"Tested",250.72
"India","Vynnycky-1997",50,88,"Enrolled",79.96
"India","Vynnycky-1997",50,88,"Tested",233.62
"India","Vynnycky-1997",50,89,"Enrolled",84.12
"India","Vynnycky-1997",50,89,"Tested",244.24
"India","Vynnycky-1997",50,90,"Enrolled",83.12
"India","Vynnycky-1997",50,90,"Tested",241.74
"India","Vynnycky-1997",50,91,"Enrolled",83.38
"India","Vynnycky-1997",50,91,"Tested",242.04
"India","Vynnycky-1997",50,92,"Enrolled",75.44
"India","Vynnycky-1997",50,92,"Tested",223.74
"India","Vynnycky-1997",50,93,"Enrolled",86.52
"India","Vynnycky-1997",50,93,"Tested",247.4
"India","Vynnycky-1997",50,94,"Enrolled",73.32
"India","Vynnycky-1997",50,94,"Tested",215
"India","Vynnycky-1997",50,95,"Enrolled",93.48
"India","Vynnycky-1997",50,95,"Tested",276.14
"India","Vynnycky-1997",50,96,"Enrolled",81.72
"India","Vynnycky-1997",50,96,"Tested",236.96
"India","Vynnycky-1997",50,97,"Enrolled",90.72
"India","Vynnycky-1997",50,97,"Tested",265.88
"India","Vynnycky-1997",50,98,"Enrolled",76.22
"India","Vynnycky-1997",50,98,"Tested",222.24
"India","Vynnycky-1997",50,99,"Enrolled",71.76
"India","Vynnycky-1997",50,99,"Tested",209.38
"India","Vynnycky-1997",50,100,"Enrolled",73.06
"India","Vynnycky-1997",50,100,"Tested",215.04
"Kenya","uniform",0.5,1,"Enrolled",22.5
"Kenya","uniform",0.5,1,"Tested",3178.98
"Kenya","uniform",0.5,2,"Enrolled",27
"Kenya","uniform",0.5,2,"Tested",3728.08
"Kenya","uniform",0.5,3,"Enrolled",22.6
"Kenya","uniform",0.5,3,"Tested",3102.1
"Kenya","uniform",0.5,4,"Enrolled",28.82
"Kenya","uniform",0.5,4,"Tested",4142.18
"Kenya","uniform",0.5,5,"Enrolled",24.04
"Kenya","uniform",0.5,5,"Tested",3402.76
"Kenya","uniform",0.5,6,"Enrolled",21.54
"Kenya","uniform",0.5,6,"Tested",2867.32
"Kenya","uniform",0.5,7,"Enrolled",28.18
"Kenya","uniform",0.5,7,"Tested",4192.76
"Kenya","uniform",0.5,8,"Enrolled",28.32
"Kenya","uniform",0.5,8,"Tested",4142.96
"Kenya","uniform",0.5,9,"Enrolled",23.02
"Kenya","uniform",0.5,9,"Tested",3321.12
"Kenya","uniform",0.5,10,"Enrolled",20.82
"Kenya","uniform",0.5,10,"Tested",2809.14
"Kenya","uniform",0.5,11,"Enrolled",24.9
"Kenya","uniform",0.5,11,"Tested",3638.82
"Kenya","uniform",0.5,12,"Enrolled",22.64
"Kenya","uniform",0.5,12,"Tested",3073.16
"Kenya","uniform",0.5,13,"Enrolled",22.92
"Kenya","uniform",0.5,13,"Tested",3437.3
"Kenya","uniform",0.5,14,"Enrolled",21.6
"Kenya","uniform",0.5,14,"Tested",3161.02
"Kenya","uniform",0.5,15,"Enrolled",22.56
"Kenya","uniform",0.5,15,"Tested",3136.56
"Kenya","uniform",0.5,16,"Enrolled",21.9
"Kenya","uniform",0.5,16,"Tested",3119.74
"Kenya","uniform",0.5,17,"Enrolled",19.6
"Kenya","uniform",0.5,17,"Tested",2915.5
"Kenya","uniform",0.5,18,"Enrolled",19.86
"Kenya","uniform",0.5,18,"Tested",2710.62
"Kenya","uniform",0.5,19,"Enrolled",22.3
"Kenya","uniform",0.5,19,"Tested",3088.88
"Kenya","uniform",0.5,20,"Enrolled",22.8
"Kenya","uniform",0.5,20,"Tested",3354.96
"Kenya","uniform",0.5,21,"Enrolled",20.24
"Kenya","uniform",0.5,21,"Tested",3008.36
"Kenya","uniform",0.5,22,"Enrolled",25.5
"Kenya","uniform",0.5,22,"Tested",3548.48
"Kenya","uniform",0.5,23,"Enrolled",20.5
"Kenya","uniform",0.5,23,"Tested",2861.58
"Kenya","uniform",0.5,24,"Enrolled",18.24
"Kenya","uniform",0.5,24,"Tested",2542.54
"Kenya","uniform",0.5,25,"Enrolled",22.78
"Kenya","uniform",0.5,25,"Tested",3332.92
"Kenya","uniform",0.5,26,"Enrolled",22.62
"Kenya","uniform",0.5,26,"Tested",3218.5
"Kenya","uniform",0.5,27,"Enrolled",22.94
"Kenya","uniform",0.5,27,"Tested",3287.12
"Kenya","uniform",0.5,28,"Enrolled",20.5
"Kenya","uniform",0.5,28,"Tested",2881.9
"Kenya","uniform",0.5,29,"Enrolled",21.98
"Kenya","uniform",0.5,29,"Tested",3089.48
"Kenya","uniform",0.5,30,"Enrolled",24.64
"Kenya","uniform",0.5,30,"Tested",3385.84
"Kenya","uniform",0.5,31,"Enrolled",24.44
"Kenya","uniform",0.5,31,"Tested",3561.4
"Kenya","uniform",0.5,32,"Enrolled",22.46
"Kenya","uniform",0.5,32,"Tested",3254.54
"Kenya","uniform",0.5,33,"Enrolled",21.52
"Kenya","uniform",0.5,33,"Tested",3127.9
"Kenya","uniform",0.5,34,"Enrolled",23
"Kenya","uniform",0.5,34,"Tested",3201.24
"Kenya","uniform",0.5,35,"Enrolled",24.38
"Kenya","uniform",0.5,35,"Tested",3430.46
"Kenya","uniform",0.5,36,"Enrolled",22.42
"Kenya","uniform",0.5,36,"Tested",3179.98
"Kenya","uniform",0.5,37,"Enrolled",24.7
"Kenya","uniform",0.5,37,"Tested",3524.84
"Kenya","uniform",0.5,38,"Enrolled",22.62
"Kenya","uniform",0.5,38,"Tested",3427.82
"Kenya","uniform",0.5,39,"Enrolled",19.58
"Kenya","uniform",0.5,39,"Tested",2756.46
"Kenya","uniform",0.5,40,"Enrolled",27.1
"Kenya","uniform",0.5,40,"Tested",3964.02
"Kenya","uniform",0.5,41,"Enrolled",24.5
"Kenya","uniform",0.5,41,"Tested",3393.66
"Kenya","uniform",0.5,42,"Enrolled",27.1
"Kenya","uniform",0.5,42,"Tested",3751.76
"Kenya","uniform",0.5,43,"Enrolled",27.24
"Kenya","uniform",0.5,43,"Tested",3942.96
"Kenya","uniform",0.5,44,"Enrolled",24.34
"Kenya","uniform",0.5,44,"Tested",3416
"Kenya","uniform",0.5,45,"Enrolled",24.96
"Kenya","uniform",0.5,45,"Tested",3468.74
"Kenya","uniform",0.5,46,"Enrolled",21.34
"Kenya","uniform",0.5,46,"Tested",3017.46
"Kenya","uniform",0.5,47,"Enrolled",21.02
"Kenya","uniform",0.5,47,"Tested",2807.9
"Kenya","uniform",0.5,48,"Enrolled",22.64
"Kenya","uniform",0.5,48,"Tested",3164.56
"Kenya","uniform",0.5,49,"Enrolled",25.32
"Kenya","uniform",0.5,49,"Tested",3625.94
"Kenya","uniform",0.5,50,"Enrolled",24.4
"Kenya","uniform",0.5,50,"Tested",3480.48
"Kenya","uniform",0.5,51,"Enrolled",24.6
"Kenya","uniform",0.5,51,"Tested",3354.9
"Kenya","uniform",0.5,52,"Enrolled",21.06
"Kenya","uniform",0.5,52,"Tested",2978.02
"Kenya","uniform",0.5,53,"Enrolled",25.46
"Kenya","uniform",0.5,53,"Tested",3653.44
"Kenya","uniform",0.5,54,"Enrolled",25.22
"Kenya","uniform",0.5,54,"Tested",3710.26
"Kenya","uniform",0.5,55,"Enrolled",30.4
"Kenya","uniform",0.5,55,"Tested",4453.84
"Kenya","uniform",0.5,56,"Enrolled",25.18
"Kenya","uniform",0.5,56,"Tested",3568.82
"Kenya","uniform",0.5,57,"Enrolled",23.86
"Kenya","uniform",0.5,57,"Tested",3435.3
"Kenya","uniform",0.5,58,"Enrolled",24.82
"Kenya","uniform",0.5,58,"Tested",3576.08
"Kenya","uniform",0.5,59,"Enrolled",23
"Kenya","uniform",0.5,59,"Tested",3351.58
"Kenya","uniform",0.5,60,"Enrolled",23.76
"Kenya","uniform",0.5,60,"Tested",3448.02
"Kenya","uniform",0.5,61,"Enrolled",23.52
"Kenya","uniform",0.5,61,"Tested",3322.82
"Kenya","uniform",0.5,62,"Enrolled",19.84
"Kenya","uniform",0.5,62,"Tested",2606.96
"Kenya","uniform",0.5,63,"Enrolled",23.28
"Kenya","uniform",0.5,63,"Tested",3237.94
"Kenya","uniform",0.5,64,"Enrolled",20.08
"Kenya","uniform",0.5,64,"Tested",2798.68
"Kenya","uniform",0.5,65,"Enrolled",25.94
"Kenya","uniform",0.5,65,"Tested",3722.7
"Kenya","uniform",0.5,66,"Enrolled",26
"Kenya","uniform",0.5,66,"Tested",3885.68
"Kenya","uniform",0.5,67,"Enrolled",19.42
"Kenya","uniform",0.5,67,"Tested",2820.92
"Kenya","uniform",0.5,68,"Enrolled",21.72
"Kenya","uniform",0.5,68,"Tested",3175.58
"Kenya","uniform",0.5,69,"Enrolled",22.36
"Kenya","uniform",0.5,69,"Tested",3194.16
"Kenya","uniform",0.5,70,"Enrolled",25.38
"Kenya","uniform",0.5,70,"Tested",3665.96
"Kenya","uniform",0.5,71,"Enrolled",22.6
"Kenya","uniform",0.5,71,"Tested",3294.76
"Kenya","uniform",0.5,72,"Enrolled",26.42
"Kenya","uniform",0.5,72,"Tested",4067.24
"Kenya","uniform",0.5,73,"Enrolled",31.62
"Kenya","uniform",0.5,73,"Tested",4156.04
"Kenya","uniform",0.5,74,"Enrolled",21.42
"Kenya","uniform",0.5,74,"Tested",3138.68
"Kenya","uniform",0.5,75,"Enrolled",18.68
"Kenya","uniform",0.5,75,"Tested",2533.24
"Kenya","uniform",0.5,76,"Enrolled",26.08
"Kenya","uniform",0.5,76,"Tested",3584.5
"Kenya","uniform",0.5,77,"Enrolled",29.8
"Kenya","uniform",0.5,77,"Tested",4177.12
"Kenya","uniform",0.5,78,"Enrolled",27.7
"Kenya","uniform",0.5,78,"Tested",3829.64
"Kenya","uniform",0.5,79,"Enrolled",25.42
"Kenya","uniform",0.5,79,"Tested",3592.38
"Kenya","uniform",0.5,80,"Enrolled",28.94
"Kenya","uniform",0.5,80,"Tested",4194.8
"Kenya","uniform",0.5,81,"Enrolled",23.9
"Kenya","uniform",0.5,81,"Tested",3441.22
"Kenya","uniform",0.5,82,"Enrolled",26.02
"Kenya","uniform",0.5,82,"Tested",3683.72
"Kenya","uniform",0.5,83,"Enrolled",24.38
"Kenya","uniform",0.5,83,"Tested",3378.28
"Kenya","uniform",0.5,84,"Enrolled",25.72
"Kenya","uniform",0.5,84,"Tested",3742.9
"Kenya","uniform",0.5,85,"Enrolled",25.3
"Kenya","uniform",0.5,85,"Tested",3455.98
"Kenya","uniform",0.5,86,"Enrolled",23.06
"Kenya","uniform",0.5,86,"Tested",3184.92
"Kenya","uniform",0.5,87,"Enrolled",29.32
"Kenya","uniform",0.5,87,"Tested",4083.2
"Kenya","uniform",0.5,88,"Enrolled",19.62
"Kenya","uniform",0.5,88,"Tested",3015.68
"Kenya","uniform",0.5,89,"Enrolled",20.2
"Kenya","uniform",0.5,89,"Tested",2876.48
"Kenya","uniform",0.5,90,"Enrolled",23.36
"Kenya","uniform",0.5,90,"Tested",3428.02
"Kenya","uniform",0.5,91,"Enrolled",27.16
"Kenya","uniform",0.5,91,"Tested",3752.46
"Kenya","uniform",0.5,92,"Enrolled",26.76
"Kenya","uniform",0.5,92,"Tested",3843.34
"Kenya","uniform",0.5,93,"Enrolled",20.58
"Kenya","uniform",0.5,93,"Tested",2945.94
"Kenya","uniform",0.5,94,"Enrolled",23.02
"Kenya","uniform",0.5,94,"Tested",3219.56
"Kenya","uniform",0.5,95,"Enrolled",23.42
"Kenya","uniform",0.5,95,"Tested",3239.24
"Kenya","uniform",0.5,96,"Enrolled",24.96
"Kenya","uniform",0.5,96,"Tested",3567.22
"Kenya","uniform",0.5,97,"Enrolled",21.84
"Kenya","uniform",0.5,97,"Tested",2966.14
"Kenya","uniform",0.5,98,"Enrolled",21.32
"Kenya","uniform",0.5,98,"Tested",3063.76
"Kenya","uniform",0.5,99,"Enrolled",24.3
"Kenya","uniform",0.5,99,"Tested",3645.68
"Kenya","uniform",0.5,100,"Enrolled",22.72
"Kenya","uniform",0.5,100,"Tested",3320.88
"Kenya","uniform",1,1,"Enrolled",31.86
"Kenya","uniform",1,1,"Tested",2374.18
"Kenya","uniform",1,2,"Enrolled",33.44
"Kenya","uniform",1,2,"Tested",2536.92
"Kenya","uniform",1,3,"Enrolled",25.72
"Kenya","uniform",1,3,"Tested",1956.52
"Kenya","uniform",1,4,"Enrolled",35.1
"Kenya","uniform",1,4,"Tested",2560.16
"Kenya","uniform",1,5,"Enrolled",36.16
"Kenya","uniform",1,5,"Tested",2666.86
"Kenya","uniform",1,6,"Enrolled",28.26
"Kenya","uniform",1,6,"Tested",1984.76
"Kenya","uniform",1,7,"Enrolled",19
"Kenya","uniform",1,7,"Tested",1357.96
"Kenya","uniform",1,8,"Enrolled",31.94
"Kenya","uniform",1,8,"Tested",2335.88
"Kenya","uniform",1,9,"Enrolled",28.84
"Kenya","uniform",1,9,"Tested",2137.74
"Kenya","uniform",1,10,"Enrolled",24.44
"Kenya","uniform",1,10,"Tested",1799.54
"Kenya","uniform",1,11,"Enrolled",30.62
"Kenya","uniform",1,11,"Tested",2201.72
"Kenya","uniform",1,12,"Enrolled",29.9
"Kenya","uniform",1,12,"Tested",2244.62
"Kenya","uniform",1,13,"Enrolled",26.1
"Kenya","uniform",1,13,"Tested",1977.36
"Kenya","uniform",1,14,"Enrolled",29.28
"Kenya","uniform",1,14,"Tested",2085.02
"Kenya","uniform",1,15,"Enrolled",33.06
"Kenya","uniform",1,15,"Tested",2422.54
"Kenya","uniform",1,16,"Enrolled",26.14
"Kenya","uniform",1,16,"Tested",1964.46
"Kenya","uniform",1,17,"Enrolled",40.08
"Kenya","uniform",1,17,"Tested",2851.72
"Kenya","uniform",1,18,"Enrolled",23.12
"Kenya","uniform",1,18,"Tested",1651.2
"Kenya","uniform",1,19,"Enrolled",26.62
"Kenya","uniform",1,19,"Tested",1901.74
"Kenya","uniform",1,20,"Enrolled",26.68
"Kenya","uniform",1,20,"Tested",1868.92
"Kenya","uniform",1,21,"Enrolled",34.96
"Kenya","uniform",1,21,"Tested",2642.46
"Kenya","uniform",1,22,"Enrolled",26.16
"Kenya","uniform",1,22,"Tested",1964.72
"Kenya","uniform",1,23,"Enrolled",26.28
"Kenya","uniform",1,23,"Tested",2155.66
"Kenya","uniform",1,24,"Enrolled",30.16
"Kenya","uniform",1,24,"Tested",2209.94
"Kenya","uniform",1,25,"Enrolled",38.46
"Kenya","uniform",1,25,"Tested",2839.16
"Kenya","uniform",1,26,"Enrolled",24.76
"Kenya","uniform",1,26,"Tested",1814.16
"Kenya","uniform",1,27,"Enrolled",24.92
"Kenya","uniform",1,27,"Tested",1780.86
"Kenya","uniform",1,28,"Enrolled",34.06
"Kenya","uniform",1,28,"Tested",2506.18
"Kenya","uniform",1,29,"Enrolled",23.64
"Kenya","uniform",1,29,"Tested",1827.32
"Kenya","uniform",1,30,"Enrolled",31.12
"Kenya","uniform",1,30,"Tested",2247.5
"Kenya","uniform",1,31,"Enrolled",26.94
"Kenya","uniform",1,31,"Tested",2025.4
"Kenya","uniform",1,32,"Enrolled",21.24
"Kenya","uniform",1,32,"Tested",1639.62
"Kenya","uniform",1,33,"Enrolled",37.3
"Kenya","uniform",1,33,"Tested",2646.58
"Kenya","uniform",1,34,"Enrolled",26.9
"Kenya","uniform",1,34,"Tested",1928.18
"Kenya","uniform",1,35,"Enrolled",26.22
"Kenya","uniform",1,35,"Tested",1956.98
"Kenya","uniform",1,36,"Enrolled",26.8
"Kenya","uniform",1,36,"Tested",2012.24
"Kenya","uniform",1,37,"Enrolled",27.82
"Kenya","uniform",1,37,"Tested",2131.06
"Kenya","uniform",1,38,"Enrolled",27.38
"Kenya","uniform",1,38,"Tested",2008.64
"Kenya","uniform",1,39,"Enrolled",33.64
"Kenya","uniform",1,39,"Tested",2369.84
"Kenya","uniform",1,40,"Enrolled",25.06
"Kenya","uniform",1,40,"Tested",1873
"Kenya","uniform",1,41,"Enrolled",30.84
"Kenya","uniform",1,41,"Tested",2225.72
"Kenya","uniform",1,42,"Enrolled",28.02
"Kenya","uniform",1,42,"Tested",2084.6
"Kenya","uniform",1,43,"Enrolled",23.2
"Kenya","uniform",1,43,"Tested",1711.3
"Kenya","uniform",1,44,"Enrolled",27.96
"Kenya","uniform",1,44,"Tested",2042.68
"Kenya","uniform",1,45,"Enrolled",30.12
"Kenya","uniform",1,45,"Tested",2195.34
"Kenya","uniform",1,46,"Enrolled",35.24
"Kenya","uniform",1,46,"Tested",2491
"Kenya","uniform",1,47,"Enrolled",24.68
"Kenya","uniform",1,47,"Tested",1812.26
"Kenya","uniform",1,48,"Enrolled",21.52
"Kenya","uniform",1,48,"Tested",1584.62
"Kenya","uniform",1,49,"Enrolled",27.2
"Kenya","uniform",1,49,"Tested",2120.9
"Kenya","uniform",1,50,"Enrolled",29.34
"Kenya","uniform",1,50,"Tested",2216.44
"Kenya","uniform",1,51,"Enrolled",30.96
"Kenya","uniform",1,51,"Tested",2352.06
"Kenya","uniform",1,52,"Enrolled",28.96
"Kenya","uniform",1,52,"Tested",2240.34
"Kenya","uniform",1,53,"Enrolled",29.76
"Kenya","uniform",1,53,"Tested",2227.18
"Kenya","uniform",1,54,"Enrolled",27.28
"Kenya","uniform",1,54,"Tested",2118.04
"Kenya","uniform",1,55,"Enrolled",23.68
"Kenya","uniform",1,55,"Tested",1887.84
"Kenya","uniform",1,56,"Enrolled",35.04
"Kenya","uniform",1,56,"Tested",2620.08
"Kenya","uniform",1,57,"Enrolled",27.92
"Kenya","uniform",1,57,"Tested",2061.92
"Kenya","uniform",1,58,"Enrolled",35.68
"Kenya","uniform",1,58,"Tested",2671.44
"Kenya","uniform",1,59,"Enrolled",30.84
"Kenya","uniform",1,59,"Tested",2268.9
"Kenya","uniform",1,60,"Enrolled",29.44
"Kenya","uniform",1,60,"Tested",2115.78
"Kenya","uniform",1,61,"Enrolled",30.16
"Kenya","uniform",1,61,"Tested",2290.62
"Kenya","uniform",1,62,"Enrolled",30.78
"Kenya","uniform",1,62,"Tested",2240.88
"Kenya","uniform",1,63,"Enrolled",18.34
"Kenya","uniform",1,63,"Tested",1423.36
"Kenya","uniform",1,64,"Enrolled",27.12
"Kenya","uniform",1,64,"Tested",2047.8
"Kenya","uniform",1,65,"Enrolled",25.62
"Kenya","uniform",1,65,"Tested",1846.92
"Kenya","uniform",1,66,"Enrolled",26.94
"Kenya","uniform",1,66,"Tested",1974.82
"Kenya","uniform",1,67,"Enrolled",26.9
"Kenya","uniform",1,67,"Tested",1957.64
"Kenya","uniform",1,68,"Enrolled",26.84
"Kenya","uniform",1,68,"Tested",2012
"Kenya","uniform",1,69,"Enrolled",30.96
"Kenya","uniform",1,69,"Tested",2200.66
"Kenya","uniform",1,70,"Enrolled",34.3
"Kenya","uniform",1,70,"Tested",2526.84
"Kenya","uniform",1,71,"Enrolled",22.32
"Kenya","uniform",1,71,"Tested",1627.68
"Kenya","uniform",1,72,"Enrolled",32.3
"Kenya","uniform",1,72,"Tested",2399.74
"Kenya","uniform",1,73,"Enrolled",34.66
"Kenya","uniform",1,73,"Tested",2534.4
"Kenya","uniform",1,74,"Enrolled",20.58
"Kenya","uniform",1,74,"Tested",1501.04
"Kenya","uniform",1,75,"Enrolled",30.82
"Kenya","uniform",1,75,"Tested",2286.66
"Kenya","uniform",1,76,"Enrolled",31.32
"Kenya","uniform",1,76,"Tested",2376.16
"Kenya","uniform",1,77,"Enrolled",29.6
"Kenya","uniform",1,77,"Tested",2277.52
"Kenya","uniform",1,78,"Enrolled",33.32
"Kenya","uniform",1,78,"Tested",2524.66
"Kenya","uniform",1,79,"Enrolled",37.12
"Kenya","uniform",1,79,"Tested",2821.14
"Kenya","uniform",1,80,"Enrolled",31.12
"Kenya","uniform",1,80,"Tested",2346.94
"Kenya","uniform",1,81,"Enrolled",30.08
"Kenya","uniform",1,81,"Tested",2112.46
"Kenya","uniform",1,82,"Enrolled",37.5
"Kenya","uniform",1,82,"Tested",2681.68
"Kenya","uniform",1,83,"Enrolled",29.48
"Kenya","uniform",1,83,"Tested",2182.24
"Kenya","uniform",1,84,"Enrolled",31.72
"Kenya","uniform",1,84,"Tested",2307.38
"Kenya","uniform",1,85,"Enrolled",30.18
"Kenya","uniform",1,85,"Tested",2177.34
"Kenya","uniform",1,86,"Enrolled",30.82
"Kenya","uniform",1,86,"Tested",2300.38
"Kenya","uniform",1,87,"Enrolled",34.58
"Kenya","uniform",1,87,"Tested",2617.64
"Kenya","uniform",1,88,"Enrolled",25.56
"Kenya","uniform",1,88,"Tested",1845.06
"Kenya","uniform",1,89,"Enrolled",28.52
"Kenya","uniform",1,89,"Tested",2097.18
"Kenya","uniform",1,90,"Enrolled",30.12
"Kenya","uniform",1,90,"Tested",2154.58
"Kenya","uniform",1,91,"Enrolled",33.62
"Kenya","uniform",1,91,"Tested",2486.56
"Kenya","uniform",1,92,"Enrolled",25.54
"Kenya","uniform",1,92,"Tested",1889.52
"Kenya","uniform",1,93,"Enrolled",26.52
"Kenya","uniform",1,93,"Tested",1902.02
"Kenya","uniform",1,94,"Enrolled",26.3
"Kenya","uniform",1,94,"Tested",1943.78
"Kenya","uniform",1,95,"Enrolled",27.7
"Kenya","uniform",1,95,"Tested",2010.32
"Kenya","uniform",1,96,"Enrolled",30.02
"Kenya","uniform",1,96,"Tested",2200.22
"Kenya","uniform",1,97,"Enrolled",29.84
"Kenya","uniform",1,97,"Tested",2178.24
"Kenya","uniform",1,98,"Enrolled",29.4
"Kenya","uniform",1,98,"Tested",2169.46
"Kenya","uniform",1,99,"Enrolled",25.92
"Kenya","uniform",1,99,"Tested",1946.04
"Kenya","uniform",1,100,"Enrolled",35.7
"Kenya","uniform",1,100,"Tested",2584.46
"Kenya","uniform",2,1,"Enrolled",41.88
"Kenya","uniform",2,1,"Tested",1588.1
"Kenya","uniform",2,2,"Enrolled",40
"Kenya","uniform",2,2,"Tested",1607.84
"Kenya","uniform",2,3,"Enrolled",39.76
"Kenya","uniform",2,3,"Tested",1546.36
"Kenya","uniform",2,4,"Enrolled",42.92
"Kenya","uniform",2,4,"Tested",1624.72
"Kenya","uniform",2,5,"Enrolled",43.3
"Kenya","uniform",2,5,"Tested",1657.52
"Kenya","uniform",2,6,"Enrolled",35.32
"Kenya","uniform",2,6,"Tested",1304.08
"Kenya","uniform",2,7,"Enrolled",40.16
"Kenya","uniform",2,7,"Tested",1554.28
"Kenya","uniform",2,8,"Enrolled",38.96
"Kenya","uniform",2,8,"Tested",1563.16
"Kenya","uniform",2,9,"Enrolled",41.1
"Kenya","uniform",2,9,"Tested",1537.04
"Kenya","uniform",2,10,"Enrolled",37
"Kenya","uniform",2,10,"Tested",1433.88
"Kenya","uniform",2,11,"Enrolled",39.96
"Kenya","uniform",2,11,"Tested",1487.6
"Kenya","uniform",2,12,"Enrolled",40.16
"Kenya","uniform",2,12,"Tested",1510.58
"Kenya","uniform",2,13,"Enrolled",42.92
"Kenya","uniform",2,13,"Tested",1591.54
"Kenya","uniform",2,14,"Enrolled",39.12
"Kenya","uniform",2,14,"Tested",1491.72
"Kenya","uniform",2,15,"Enrolled",43.2
"Kenya","uniform",2,15,"Tested",1625.4
"Kenya","uniform",2,16,"Enrolled",39.52
"Kenya","uniform",2,16,"Tested",1486
"Kenya","uniform",2,17,"Enrolled",41.6
"Kenya","uniform",2,17,"Tested",1616.32
"Kenya","uniform",2,18,"Enrolled",32.84
"Kenya","uniform",2,18,"Tested",1217.04
"Kenya","uniform",2,19,"Enrolled",48.04
"Kenya","uniform",2,19,"Tested",1844.1
"Kenya","uniform",2,20,"Enrolled",35.1
"Kenya","uniform",2,20,"Tested",1336.6
"Kenya","uniform",2,21,"Enrolled",43.08
"Kenya","uniform",2,21,"Tested",1659.4
"Kenya","uniform",2,22,"Enrolled",36.88
"Kenya","uniform",2,22,"Tested",1365.58
"Kenya","uniform",2,23,"Enrolled",34.24
"Kenya","uniform",2,23,"Tested",1359.12
"Kenya","uniform",2,24,"Enrolled",43.04
"Kenya","uniform",2,24,"Tested",1653.42
"Kenya","uniform",2,25,"Enrolled",38.86
"Kenya","uniform",2,25,"Tested",1436.82
"Kenya","uniform",2,26,"Enrolled",39.36
"Kenya","uniform",2,26,"Tested",1527.14
"Kenya","uniform",2,27,"Enrolled",40.48
"Kenya","uniform",2,27,"Tested",1569.94
"Kenya","uniform",2,28,"Enrolled",42.64
"Kenya","uniform",2,28,"Tested",1620.3
"Kenya","uniform",2,29,"Enrolled",44.84
"Kenya","uniform",2,29,"Tested",1666.38
"Kenya","uniform",2,30,"Enrolled",51.84
"Kenya","uniform",2,30,"Tested",1991.32
"Kenya","uniform",2,31,"Enrolled",41.24
"Kenya","uniform",2,31,"Tested",1607.04
"Kenya","uniform",2,32,"Enrolled",45.54
"Kenya","uniform",2,32,"Tested",1755.46
"Kenya","uniform",2,33,"Enrolled",49.64
"Kenya","uniform",2,33,"Tested",1909.2
"Kenya","uniform",2,34,"Enrolled",42.12
"Kenya","uniform",2,34,"Tested",1525.16
"Kenya","uniform",2,35,"Enrolled",36.28
"Kenya","uniform",2,35,"Tested",1374.56
"Kenya","uniform",2,36,"Enrolled",47.48
"Kenya","uniform",2,36,"Tested",1767.26
"Kenya","uniform",2,37,"Enrolled",38.44
"Kenya","uniform",2,37,"Tested",1440.92
"Kenya","uniform",2,38,"Enrolled",43.96
"Kenya","uniform",2,38,"Tested",1664.34
"Kenya","uniform",2,39,"Enrolled",41.92
"Kenya","uniform",2,39,"Tested",1581
"Kenya","uniform",2,40,"Enrolled",43.9
"Kenya","uniform",2,40,"Tested",1712.14
"Kenya","uniform",2,41,"Enrolled",52.12
"Kenya","uniform",2,41,"Tested",1949.12
"Kenya","uniform",2,42,"Enrolled",52.36
"Kenya","uniform",2,42,"Tested",2030.36
"Kenya","uniform",2,43,"Enrolled",35.78
"Kenya","uniform",2,43,"Tested",1299.24
"Kenya","uniform",2,44,"Enrolled",43.4
"Kenya","uniform",2,44,"Tested",1618.16
"Kenya","uniform",2,45,"Enrolled",38.18
"Kenya","uniform",2,45,"Tested",1420.36
"Kenya","uniform",2,46,"Enrolled",45.44
"Kenya","uniform",2,46,"Tested",1792.8
"Kenya","uniform",2,47,"Enrolled",39.18
"Kenya","uniform",2,47,"Tested",1434.8
"Kenya","uniform",2,48,"Enrolled",46.22
"Kenya","uniform",2,48,"Tested",1729.34
"Kenya","uniform",2,49,"Enrolled",36.04
"Kenya","uniform",2,49,"Tested",1397.9
"Kenya","uniform",2,50,"Enrolled",39.06
"Kenya","uniform",2,50,"Tested",1528.22
"Kenya","uniform",2,51,"Enrolled",40.3
"Kenya","uniform",2,51,"Tested",1580.88
"Kenya","uniform",2,52,"Enrolled",39.24
"Kenya","uniform",2,52,"Tested",1493.8
"Kenya","uniform",2,53,"Enrolled",36.06
"Kenya","uniform",2,53,"Tested",1373.74
"Kenya","uniform",2,54,"Enrolled",43.34
"Kenya","uniform",2,54,"Tested",1641.68
"Kenya","uniform",2,55,"Enrolled",38.36
"Kenya","uniform",2,55,"Tested",1498.22
"Kenya","uniform",2,56,"Enrolled",36.22
"Kenya","uniform",2,56,"Tested",1426.28
"Kenya","uniform",2,57,"Enrolled",43.28
"Kenya","uniform",2,57,"Tested",1630.78
"Kenya","uniform",2,58,"Enrolled",33.66
"Kenya","uniform",2,58,"Tested",1292.84
"Kenya","uniform",2,59,"Enrolled",28.72
"Kenya","uniform",2,59,"Tested",1110.3
"Kenya","uniform",2,60,"Enrolled",41.72
"Kenya","uniform",2,60,"Tested",1597.42
"Kenya","uniform",2,61,"Enrolled",32.6
"Kenya","uniform",2,61,"Tested",1261.56
"Kenya","uniform",2,62,"Enrolled",38.86
"Kenya","uniform",2,62,"Tested",1455.58
"Kenya","uniform",2,63,"Enrolled",32.32
"Kenya","uniform",2,63,"Tested",1237.72
"Kenya","uniform",2,64,"Enrolled",39.16
"Kenya","uniform",2,64,"Tested",1526.94
"Kenya","uniform",2,65,"Enrolled",39.96
"Kenya","uniform",2,65,"Tested",1540.22
"Kenya","uniform",2,66,"Enrolled",43.42
"Kenya","uniform",2,66,"Tested",1659.44
"Kenya","uniform",2,67,"Enrolled",34.06
"Kenya","uniform",2,67,"Tested",1328.08
"Kenya","uniform",2,68,"Enrolled",35.94
"Kenya","uniform",2,68,"Tested",1330.42
"Kenya","uniform",2,69,"Enrolled",36.62
"Kenya","uniform",2,69,"Tested",1400.12
"Kenya","uniform",2,70,"Enrolled",40.06
"Kenya","uniform",2,70,"Tested",1545.68
"Kenya","uniform",2,71,"Enrolled",44.12
"Kenya","uniform",2,71,"Tested",1758.2
"Kenya","uniform",2,72,"Enrolled",44.42
"Kenya","uniform",2,72,"Tested",1756.18
"Kenya","uniform",2,73,"Enrolled",38.6
"Kenya","uniform",2,73,"Tested",1504.28
"Kenya","uniform",2,74,"Enrolled",46.34
"Kenya","uniform",2,74,"Tested",1820.8
"Kenya","uniform",2,75,"Enrolled",39.28
"Kenya","uniform",2,75,"Tested",1531.6
"Kenya","uniform",2,76,"Enrolled",44.88
"Kenya","uniform",2,76,"Tested",1760.98
"Kenya","uniform",2,77,"Enrolled",49.26
"Kenya","uniform",2,77,"Tested",1912.12
"Kenya","uniform",2,78,"Enrolled",42.46
"Kenya","uniform",2,78,"Tested",1657.06
"Kenya","uniform",2,79,"Enrolled",42.9
"Kenya","uniform",2,79,"Tested",1582.7
"Kenya","uniform",2,80,"Enrolled",43.68
"Kenya","uniform",2,80,"Tested",1697.34
"Kenya","uniform",2,81,"Enrolled",40.2
"Kenya","uniform",2,81,"Tested",1568.88
"Kenya","uniform",2,82,"Enrolled",44.48
"Kenya","uniform",2,82,"Tested",1681.34
"Kenya","uniform",2,83,"Enrolled",40.08
"Kenya","uniform",2,83,"Tested",1478.52
"Kenya","uniform",2,84,"Enrolled",33.54
"Kenya","uniform",2,84,"Tested",1310.48
"Kenya","uniform",2,85,"Enrolled",40.92
"Kenya","uniform",2,85,"Tested",1620.04
"Kenya","uniform",2,86,"Enrolled",36.28
"Kenya","uniform",2,86,"Tested",1361.82
"Kenya","uniform",2,87,"Enrolled",56.18
"Kenya","uniform",2,87,"Tested",2151.84
"Kenya","uniform",2,88,"Enrolled",53.3
"Kenya","uniform",2,88,"Tested",2064.52
"Kenya","uniform",2,89,"Enrolled",42.66
"Kenya","uniform",2,89,"Tested",1684.96
"Kenya","uniform",2,90,"Enrolled",33.14
"Kenya","uniform",2,90,"Tested",1287.38
"Kenya","uniform",2,91,"Enrolled",38.9
"Kenya","uniform",2,91,"Tested",1424.78
"Kenya","uniform",2,92,"Enrolled",42.2
"Kenya","uniform",2,92,"Tested",1591.02
"Kenya","uniform",2,93,"Enrolled",40.4
"Kenya","uniform",2,93,"Tested",1600.12
"Kenya","uniform",2,94,"Enrolled",38.24
"Kenya","uniform",2,94,"Tested",1500.4
"Kenya","uniform",2,95,"Enrolled",40.54
"Kenya","uniform",2,95,"Tested",1509.64
"Kenya","uniform",2,96,"Enrolled",46.78
"Kenya","uniform",2,96,"Tested",1809.88
"Kenya","uniform",2,97,"Enrolled",46.2
"Kenya","uniform",2,97,"Tested",1735.1
"Kenya","uniform",2,98,"Enrolled",39.68
"Kenya","uniform",2,98,"Tested",1525.6
"Kenya","uniform",2,99,"Enrolled",40.82
"Kenya","uniform",2,99,"Tested",1612.3
"Kenya","uniform",2,100,"Enrolled",40.12
"Kenya","uniform",2,100,"Tested",1573.6
"Kenya","uniform",3,1,"Enrolled",46.02
"Kenya","uniform",3,1,"Tested",1215.16
"Kenya","uniform",3,2,"Enrolled",54.22
"Kenya","uniform",3,2,"Tested",1387
"Kenya","uniform",3,3,"Enrolled",54.92
"Kenya","uniform",3,3,"Tested",1462.28
"Kenya","uniform",3,4,"Enrolled",49.3
"Kenya","uniform",3,4,"Tested",1317.22
"Kenya","uniform",3,5,"Enrolled",48.98
"Kenya","uniform",3,5,"Tested",1274.5
"Kenya","uniform",3,6,"Enrolled",57.8
"Kenya","uniform",3,6,"Tested",1488.36
"Kenya","uniform",3,7,"Enrolled",56.24
"Kenya","uniform",3,7,"Tested",1483.3
"Kenya","uniform",3,8,"Enrolled",62.58
"Kenya","uniform",3,8,"Tested",1654.76
"Kenya","uniform",3,9,"Enrolled",38.3
"Kenya","uniform",3,9,"Tested",972.7
"Kenya","uniform",3,10,"Enrolled",40.42
"Kenya","uniform",3,10,"Tested",1070.6
"Kenya","uniform",3,11,"Enrolled",45.66
"Kenya","uniform",3,11,"Tested",1203.18
"Kenya","uniform",3,12,"Enrolled",51.68
"Kenya","uniform",3,12,"Tested",1357.88
"Kenya","uniform",3,13,"Enrolled",62.98
"Kenya","uniform",3,13,"Tested",1667.18
"Kenya","uniform",3,14,"Enrolled",50.8
"Kenya","uniform",3,14,"Tested",1334.74
"Kenya","uniform",3,15,"Enrolled",56.18
"Kenya","uniform",3,15,"Tested",1554.5
"Kenya","uniform",3,16,"Enrolled",59.5
"Kenya","uniform",3,16,"Tested",1540.84
"Kenya","uniform",3,17,"Enrolled",45.34
"Kenya","uniform",3,17,"Tested",1176.3
"Kenya","uniform",3,18,"Enrolled",49.78
"Kenya","uniform",3,18,"Tested",1286.68
"Kenya","uniform",3,19,"Enrolled",61.8
"Kenya","uniform",3,19,"Tested",1614.58
"Kenya","uniform",3,20,"Enrolled",53.12
"Kenya","uniform",3,20,"Tested",1395.68
"Kenya","uniform",3,21,"Enrolled",49.06
"Kenya","uniform",3,21,"Tested",1297.94
"Kenya","uniform",3,22,"Enrolled",54.28
"Kenya","uniform",3,22,"Tested",1411.74
"Kenya","uniform",3,23,"Enrolled",53.32
"Kenya","uniform",3,23,"Tested",1440.2
"Kenya","uniform",3,24,"Enrolled",42.14
"Kenya","uniform",3,24,"Tested",1085.26
"Kenya","uniform",3,25,"Enrolled",54.52
"Kenya","uniform",3,25,"Tested",1471.94
"Kenya","uniform",3,26,"Enrolled",50.28
"Kenya","uniform",3,26,"Tested",1300.46
"Kenya","uniform",3,27,"Enrolled",51.16
"Kenya","uniform",3,27,"Tested",1366.72
"Kenya","uniform",3,28,"Enrolled",51.22
"Kenya","uniform",3,28,"Tested",1303.48
"Kenya","uniform",3,29,"Enrolled",54.62
"Kenya","uniform",3,29,"Tested",1431.92
"Kenya","uniform",3,30,"Enrolled",52.74
"Kenya","uniform",3,30,"Tested",1406.4
"Kenya","uniform",3,31,"Enrolled",49.78
"Kenya","uniform",3,31,"Tested",1343.2
"Kenya","uniform",3,32,"Enrolled",53.46
"Kenya","uniform",3,32,"Tested",1383.1
"Kenya","uniform",3,33,"Enrolled",56.32
"Kenya","uniform",3,33,"Tested",1540.94
"Kenya","uniform",3,34,"Enrolled",46.78
"Kenya","uniform",3,34,"Tested",1224.72
"Kenya","uniform",3,35,"Enrolled",40.28
"Kenya","uniform",3,35,"Tested",1054.38
"Kenya","uniform",3,36,"Enrolled",39.52
"Kenya","uniform",3,36,"Tested",1029.14
"Kenya","uniform",3,37,"Enrolled",37.18
"Kenya","uniform",3,37,"Tested",1023.12
"Kenya","uniform",3,38,"Enrolled",42.26
"Kenya","uniform",3,38,"Tested",1100.58
"Kenya","uniform",3,39,"Enrolled",51.52
"Kenya","uniform",3,39,"Tested",1312.84
"Kenya","uniform",3,40,"Enrolled",49.5
"Kenya","uniform",3,40,"Tested",1273.6
"Kenya","uniform",3,41,"Enrolled",43.26
"Kenya","uniform",3,41,"Tested",1115.34
"Kenya","uniform",3,42,"Enrolled",51.18
"Kenya","uniform",3,42,"Tested",1339.26
"Kenya","uniform",3,43,"Enrolled",61.96
"Kenya","uniform",3,43,"Tested",1610.98
"Kenya","uniform",3,44,"Enrolled",59.92
"Kenya","uniform",3,44,"Tested",1604.32
"Kenya","uniform",3,45,"Enrolled",52.7
"Kenya","uniform",3,45,"Tested",1358.82
"Kenya","uniform",3,46,"Enrolled",50.22
"Kenya","uniform",3,46,"Tested",1312.6
"Kenya","uniform",3,47,"Enrolled",56.28
"Kenya","uniform",3,47,"Tested",1479.76
"Kenya","uniform",3,48,"Enrolled",37.48
"Kenya","uniform",3,48,"Tested",969.24
"Kenya","uniform",3,49,"Enrolled",46.4
"Kenya","uniform",3,49,"Tested",1232.3
"Kenya","uniform",3,50,"Enrolled",55.48
"Kenya","uniform",3,50,"Tested",1472.38
"Kenya","uniform",3,51,"Enrolled",54.64
"Kenya","uniform",3,51,"Tested",1404.6
"Kenya","uniform",3,52,"Enrolled",53.14
"Kenya","uniform",3,52,"Tested",1383.6
"Kenya","uniform",3,53,"Enrolled",45.68
"Kenya","uniform",3,53,"Tested",1203.26
"Kenya","uniform",3,54,"Enrolled",37.94
"Kenya","uniform",3,54,"Tested",965.74
"Kenya","uniform",3,55,"Enrolled",53.82
"Kenya","uniform",3,55,"Tested",1401.96
"Kenya","uniform",3,56,"Enrolled",50.04
"Kenya","uniform",3,56,"Tested",1363.42
"Kenya","uniform",3,57,"Enrolled",50.72
"Kenya","uniform",3,57,"Tested",1344.1
"Kenya","uniform",3,58,"Enrolled",36.04
"Kenya","uniform",3,58,"Tested",912.6
"Kenya","uniform",3,59,"Enrolled",42.74
"Kenya","uniform",3,59,"Tested",1136.94
"Kenya","uniform",3,60,"Enrolled",49.58
"Kenya","uniform",3,60,"Tested",1312.5
"Kenya","uniform",3,61,"Enrolled",49.28
"Kenya","uniform",3,61,"Tested",1324.8
"Kenya","uniform",3,62,"Enrolled",45.46
"Kenya","uniform",3,62,"Tested",1197.98
"Kenya","uniform",3,63,"Enrolled",46.44
"Kenya","uniform",3,63,"Tested",1238.2
"Kenya","uniform",3,64,"Enrolled",47.6
"Kenya","uniform",3,64,"Tested",1257.64
"Kenya","uniform",3,65,"Enrolled",46.46
"Kenya","uniform",3,65,"Tested",1188.06
"Kenya","uniform",3,66,"Enrolled",66.06
"Kenya","uniform",3,66,"Tested",1722.2
"Kenya","uniform",3,67,"Enrolled",49.3
"Kenya","uniform",3,67,"Tested",1305.34
"Kenya","uniform",3,68,"Enrolled",46.84
"Kenya","uniform",3,68,"Tested",1224.14
"Kenya","uniform",3,69,"Enrolled",36.84
"Kenya","uniform",3,69,"Tested",972.18
"Kenya","uniform",3,70,"Enrolled",60.32
"Kenya","uniform",3,70,"Tested",1579.88
"Kenya","uniform",3,71,"Enrolled",56.34
"Kenya","uniform",3,71,"Tested",1431.62
"Kenya","uniform",3,72,"Enrolled",47.64
"Kenya","uniform",3,72,"Tested",1226.56
"Kenya","uniform",3,73,"Enrolled",61.8
"Kenya","uniform",3,73,"Tested",1626.52
"Kenya","uniform",3,74,"Enrolled",70.92
"Kenya","uniform",3,74,"Tested",1832.2
"Kenya","uniform",3,75,"Enrolled",51.28
"Kenya","uniform",3,75,"Tested",1358.96
"Kenya","uniform",3,76,"Enrolled",49.74
"Kenya","uniform",3,76,"Tested",1298.82
"Kenya","uniform",3,77,"Enrolled",52.44
"Kenya","uniform",3,77,"Tested",1384.5
"Kenya","uniform",3,78,"Enrolled",48.94
"Kenya","uniform",3,78,"Tested",1262.34
"Kenya","uniform",3,79,"Enrolled",41.06
"Kenya","uniform",3,79,"Tested",1094.78
"Kenya","uniform",3,80,"Enrolled",47.5
"Kenya","uniform",3,80,"Tested",1264.02
"Kenya","uniform",3,81,"Enrolled",49.12
"Kenya","uniform",3,81,"Tested",1314.12
"Kenya","uniform",3,82,"Enrolled",46.62
"Kenya","uniform",3,82,"Tested",1207.64
"Kenya","uniform",3,83,"Enrolled",41.2
"Kenya","uniform",3,83,"Tested",1077.26
"Kenya","uniform",3,84,"Enrolled",47.78
"Kenya","uniform",3,84,"Tested",1276.62
"Kenya","uniform",3,85,"Enrolled",50.76
"Kenya","uniform",3,85,"Tested",1344.18
"Kenya","uniform",3,86,"Enrolled",39.6
"Kenya","uniform",3,86,"Tested",1040.9
"Kenya","uniform",3,87,"Enrolled",55.82
"Kenya","uniform",3,87,"Tested",1477.5
"Kenya","uniform",3,88,"Enrolled",36.18
"Kenya","uniform",3,88,"Tested",941.66
"Kenya","uniform",3,89,"Enrolled",55.98
"Kenya","uniform",3,89,"Tested",1460.72
"Kenya","uniform",3,90,"Enrolled",51.3
"Kenya","uniform",3,90,"Tested",1342.66
"Kenya","uniform",3,91,"Enrolled",46.84
"Kenya","uniform",3,91,"Tested",1233.88
"Kenya","uniform",3,92,"Enrolled",38.78
"Kenya","uniform",3,92,"Tested",1018.38
"Kenya","uniform",3,93,"Enrolled",41.46
"Kenya","uniform",3,93,"Tested",1100.48
"Kenya","uniform",3,94,"Enrolled",47.78
"Kenya","uniform",3,94,"Tested",1266.54
"Kenya","uniform",3,95,"Enrolled",57.92
"Kenya","uniform",3,95,"Tested",1559.02
"Kenya","uniform",3,96,"Enrolled",55.8
"Kenya","uniform",3,96,"Tested",1432.86
"Kenya","uniform",3,97,"Enrolled",39.14
"Kenya","uniform",3,97,"Tested",1020.88
"Kenya","uniform",3,98,"Enrolled",50.26
"Kenya","uniform",3,98,"Tested",1318.88
"Kenya","uniform",3,99,"Enrolled",47.24
"Kenya","uniform",3,99,"Tested",1231.3
"Kenya","uniform",3,100,"Enrolled",48.4
"Kenya","uniform",3,100,"Tested",1290.56
"Kenya","uniform",4,1,"Enrolled",72
"Kenya","uniform",4,1,"Tested",1428.86
"Kenya","uniform",4,2,"Enrolled",60.74
"Kenya","uniform",4,2,"Tested",1255.8
"Kenya","uniform",4,3,"Enrolled",47.12
"Kenya","uniform",4,3,"Tested",914.74
"Kenya","uniform",4,4,"Enrolled",58.14
"Kenya","uniform",4,4,"Tested",1153.06
"Kenya","uniform",4,5,"Enrolled",57.78
"Kenya","uniform",4,5,"Tested",1170.96
"Kenya","uniform",4,6,"Enrolled",48.42
"Kenya","uniform",4,6,"Tested",966.42
"Kenya","uniform",4,7,"Enrolled",53.44
"Kenya","uniform",4,7,"Tested",1059.92
"Kenya","uniform",4,8,"Enrolled",71.36
"Kenya","uniform",4,8,"Tested",1459.06
"Kenya","uniform",4,9,"Enrolled",67.88
"Kenya","uniform",4,9,"Tested",1344.98
"Kenya","uniform",4,10,"Enrolled",47.92
"Kenya","uniform",4,10,"Tested",957.76
"Kenya","uniform",4,11,"Enrolled",58.86
"Kenya","uniform",4,11,"Tested",1160.6
"Kenya","uniform",4,12,"Enrolled",53.46
"Kenya","uniform",4,12,"Tested",1081.92
"Kenya","uniform",4,13,"Enrolled",60.02
"Kenya","uniform",4,13,"Tested",1207
"Kenya","uniform",4,14,"Enrolled",63.98
"Kenya","uniform",4,14,"Tested",1317.88
"Kenya","uniform",4,15,"Enrolled",53.54
"Kenya","uniform",4,15,"Tested",1079.1
"Kenya","uniform",4,16,"Enrolled",53.36
"Kenya","uniform",4,16,"Tested",1072.7
"Kenya","uniform",4,17,"Enrolled",48.44
"Kenya","uniform",4,17,"Tested",961.64
"Kenya","uniform",4,18,"Enrolled",54.7
"Kenya","uniform",4,18,"Tested",1099.42
"Kenya","uniform",4,19,"Enrolled",65.98
"Kenya","uniform",4,19,"Tested",1306.44
"Kenya","uniform",4,20,"Enrolled",61.22
"Kenya","uniform",4,20,"Tested",1195.98
"Kenya","uniform",4,21,"Enrolled",54.74
"Kenya","uniform",4,21,"Tested",1106.86
"Kenya","uniform",4,22,"Enrolled",55.52
"Kenya","uniform",4,22,"Tested",1120.66
"Kenya","uniform",4,23,"Enrolled",61.8
"Kenya","uniform",4,23,"Tested",1234.84
"Kenya","uniform",4,24,"Enrolled",61.42
"Kenya","uniform",4,24,"Tested",1277.84
"Kenya","uniform",4,25,"Enrolled",51.56
"Kenya","uniform",4,25,"Tested",1021.78
"Kenya","uniform",4,26,"Enrolled",63.08
"Kenya","uniform",4,26,"Tested",1259.22
"Kenya","uniform",4,27,"Enrolled",58.44
"Kenya","uniform",4,27,"Tested",1165.82
"Kenya","uniform",4,28,"Enrolled",60.58
"Kenya","uniform",4,28,"Tested",1207.84
"Kenya","uniform",4,29,"Enrolled",60.18
"Kenya","uniform",4,29,"Tested",1207.76
"Kenya","uniform",4,30,"Enrolled",58.66
"Kenya","uniform",4,30,"Tested",1174.96
"Kenya","uniform",4,31,"Enrolled",60.38
"Kenya","uniform",4,31,"Tested",1249.54
"Kenya","uniform",4,32,"Enrolled",39.02
"Kenya","uniform",4,32,"Tested",783.92
"Kenya","uniform",4,33,"Enrolled",48.62
"Kenya","uniform",4,33,"Tested",934.34
"Kenya","uniform",4,34,"Enrolled",53.62
"Kenya","uniform",4,34,"Tested",1081.64
"Kenya","uniform",4,35,"Enrolled",64.64
"Kenya","uniform",4,35,"Tested",1307.5
"Kenya","uniform",4,36,"Enrolled",44.7
"Kenya","uniform",4,36,"Tested",890.44
"Kenya","uniform",4,37,"Enrolled",54
"Kenya","uniform",4,37,"Tested",1083.02
"Kenya","uniform",4,38,"Enrolled",63.4
"Kenya","uniform",4,38,"Tested",1239.44
"Kenya","uniform",4,39,"Enrolled",52.86
"Kenya","uniform",4,39,"Tested",1065.26
"Kenya","uniform",4,40,"Enrolled",52.22
"Kenya","uniform",4,40,"Tested",1050.5
"Kenya","uniform",4,41,"Enrolled",56.88
"Kenya","uniform",4,41,"Tested",1126.52
"Kenya","uniform",4,42,"Enrolled",53.2
"Kenya","uniform",4,42,"Tested",1055.7
"Kenya","uniform",4,43,"Enrolled",55.06
"Kenya","uniform",4,43,"Tested",1112.8
"Kenya","uniform",4,44,"Enrolled",44.26
"Kenya","uniform",4,44,"Tested",859.2
"Kenya","uniform",4,45,"Enrolled",64.5
"Kenya","uniform",4,45,"Tested",1265.46
"Kenya","uniform",4,46,"Enrolled",40.06
"Kenya","uniform",4,46,"Tested",779.2
"Kenya","uniform",4,47,"Enrolled",60.96
"Kenya","uniform",4,47,"Tested",1208.74
"Kenya","uniform",4,48,"Enrolled",48.92
"Kenya","uniform",4,48,"Tested",989.52
"Kenya","uniform",4,49,"Enrolled",48.68
"Kenya","uniform",4,49,"Tested",960.92
"Kenya","uniform",4,50,"Enrolled",45.3
"Kenya","uniform",4,50,"Tested",911.22
"Kenya","uniform",4,51,"Enrolled",44.58
"Kenya","uniform",4,51,"Tested",896.04
"Kenya","uniform",4,52,"Enrolled",44.84
"Kenya","uniform",4,52,"Tested",904.04
"Kenya","uniform",4,53,"Enrolled",56.46
"Kenya","uniform",4,53,"Tested",1136.66
"Kenya","uniform",4,54,"Enrolled",64.52
"Kenya","uniform",4,54,"Tested",1262.62
"Kenya","uniform",4,55,"Enrolled",60.6
"Kenya","uniform",4,55,"Tested",1246
"Kenya","uniform",4,56,"Enrolled",54.18
"Kenya","uniform",4,56,"Tested",1082.76
"Kenya","uniform",4,57,"Enrolled",56.86
"Kenya","uniform",4,57,"Tested",1144.84
"Kenya","uniform",4,58,"Enrolled",63.68
"Kenya","uniform",4,58,"Tested",1282.4
"Kenya","uniform",4,59,"Enrolled",50.28
"Kenya","uniform",4,59,"Tested",1025.36
"Kenya","uniform",4,60,"Enrolled",70.56
"Kenya","uniform",4,60,"Tested",1431.8
"Kenya","uniform",4,61,"Enrolled",57.54
"Kenya","uniform",4,61,"Tested",1136.06
"Kenya","uniform",4,62,"Enrolled",65.16
"Kenya","uniform",4,62,"Tested",1308.96
"Kenya","uniform",4,63,"Enrolled",56.6
"Kenya","uniform",4,63,"Tested",1166.94
"Kenya","uniform",4,64,"Enrolled",65.28
"Kenya","uniform",4,64,"Tested",1264.22
"Kenya","uniform",4,65,"Enrolled",53.34
"Kenya","uniform",4,65,"Tested",1111.8
"Kenya","uniform",4,66,"Enrolled",55.76
"Kenya","uniform",4,66,"Tested",1135.78
"Kenya","uniform",4,67,"Enrolled",54.4
"Kenya","uniform",4,67,"Tested",1084.24
"Kenya","uniform",4,68,"Enrolled",50.66
"Kenya","uniform",4,68,"Tested",1026.36
"Kenya","uniform",4,69,"Enrolled",54.54
"Kenya","uniform",4,69,"Tested",1114.2
"Kenya","uniform",4,70,"Enrolled",75.74
"Kenya","uniform",4,70,"Tested",1551.74
"Kenya","uniform",4,71,"Enrolled",42.92
"Kenya","uniform",4,71,"Tested",830.68
"Kenya","uniform",4,72,"Enrolled",51.12
"Kenya","uniform",4,72,"Tested",999.76
"Kenya","uniform",4,73,"Enrolled",47.5
"Kenya","uniform",4,73,"Tested",961.96
"Kenya","uniform",4,74,"Enrolled",56.36
"Kenya","uniform",4,74,"Tested",1127.56
"Kenya","uniform",4,75,"Enrolled",64.1
"Kenya","uniform",4,75,"Tested",1265.86
"Kenya","uniform",4,76,"Enrolled",45.6
"Kenya","uniform",4,76,"Tested",911.34
"Kenya","uniform",4,77,"Enrolled",68.36
"Kenya","uniform",4,77,"Tested",1369.34
"Kenya","uniform",4,78,"Enrolled",60.14
"Kenya","uniform",4,78,"Tested",1200.92
"Kenya","uniform",4,79,"Enrolled",40.72
"Kenya","uniform",4,79,"Tested",817.6
"Kenya","uniform",4,80,"Enrolled",62.6
"Kenya","uniform",4,80,"Tested",1250.48
"Kenya","uniform",4,81,"Enrolled",52.72
"Kenya","uniform",4,81,"Tested",1056.86
"Kenya","uniform",4,82,"Enrolled",48.14
"Kenya","uniform",4,82,"Tested",999.3
"Kenya","uniform",4,83,"Enrolled",48.7
"Kenya","uniform",4,83,"Tested",981.94
"Kenya","uniform",4,84,"Enrolled",46.06
"Kenya","uniform",4,84,"Tested",904.42
"Kenya","uniform",4,85,"Enrolled",51.28
"Kenya","uniform",4,85,"Tested",985.42
"Kenya","uniform",4,86,"Enrolled",47.24
"Kenya","uniform",4,86,"Tested",919.74
"Kenya","uniform",4,87,"Enrolled",62.56
"Kenya","uniform",4,87,"Tested",1262.92
"Kenya","uniform",4,88,"Enrolled",68.84
"Kenya","uniform",4,88,"Tested",1384.78
"Kenya","uniform",4,89,"Enrolled",47.1
"Kenya","uniform",4,89,"Tested",933.84
"Kenya","uniform",4,90,"Enrolled",54.98
"Kenya","uniform",4,90,"Tested",1076.74
"Kenya","uniform",4,91,"Enrolled",43.12
"Kenya","uniform",4,91,"Tested",848.52
"Kenya","uniform",4,92,"Enrolled",55.64
"Kenya","uniform",4,92,"Tested",1110.4
"Kenya","uniform",4,93,"Enrolled",51.94
"Kenya","uniform",4,93,"Tested",1031.44
"Kenya","uniform",4,94,"Enrolled",53.38
"Kenya","uniform",4,94,"Tested",1090.92
"Kenya","uniform",4,95,"Enrolled",64.66
"Kenya","uniform",4,95,"Tested",1289.16
"Kenya","uniform",4,96,"Enrolled",47.54
"Kenya","uniform",4,96,"Tested",991.64
"Kenya","uniform",4,97,"Enrolled",58.1
"Kenya","uniform",4,97,"Tested",1161.44
"Kenya","uniform",4,98,"Enrolled",78.86
"Kenya","uniform",4,98,"Tested",1605
"Kenya","uniform",4,99,"Enrolled",60.04
"Kenya","uniform",4,99,"Tested",1190.94
"Kenya","uniform",4,100,"Enrolled",47.68
"Kenya","uniform",4,100,"Tested",931.88
"Kenya","uniform",5,1,"Enrolled",77.34
"Kenya","uniform",5,1,"Tested",1251.08
"Kenya","uniform",5,2,"Enrolled",57.16
"Kenya","uniform",5,2,"Tested",912.5
"Kenya","uniform",5,3,"Enrolled",57
"Kenya","uniform",5,3,"Tested",933.28
"Kenya","uniform",5,4,"Enrolled",41.02
"Kenya","uniform",5,4,"Tested",648.66
"Kenya","uniform",5,5,"Enrolled",50.84
"Kenya","uniform",5,5,"Tested",802.78
"Kenya","uniform",5,6,"Enrolled",50
"Kenya","uniform",5,6,"Tested",830.04
"Kenya","uniform",5,7,"Enrolled",57.16
"Kenya","uniform",5,7,"Tested",913.42
"Kenya","uniform",5,8,"Enrolled",75.64
"Kenya","uniform",5,8,"Tested",1228.4
"Kenya","uniform",5,9,"Enrolled",65.76
"Kenya","uniform",5,9,"Tested",1067.04
"Kenya","uniform",5,10,"Enrolled",59.9
"Kenya","uniform",5,10,"Tested",970.2
"Kenya","uniform",5,11,"Enrolled",61.4
"Kenya","uniform",5,11,"Tested",978.14
"Kenya","uniform",5,12,"Enrolled",65.4
"Kenya","uniform",5,12,"Tested",1052.7
"Kenya","uniform",5,13,"Enrolled",61.8
"Kenya","uniform",5,13,"Tested",1013.68
"Kenya","uniform",5,14,"Enrolled",68.72
"Kenya","uniform",5,14,"Tested",1080.22
"Kenya","uniform",5,15,"Enrolled",69.84
"Kenya","uniform",5,15,"Tested",1120.38
"Kenya","uniform",5,16,"Enrolled",47.32
"Kenya","uniform",5,16,"Tested",763.58
"Kenya","uniform",5,17,"Enrolled",46.36
"Kenya","uniform",5,17,"Tested",756.58
"Kenya","uniform",5,18,"Enrolled",62.98
"Kenya","uniform",5,18,"Tested",1027.82
"Kenya","uniform",5,19,"Enrolled",61.4
"Kenya","uniform",5,19,"Tested",1007.58
"Kenya","uniform",5,20,"Enrolled",55.22
"Kenya","uniform",5,20,"Tested",925.44
"Kenya","uniform",5,21,"Enrolled",69.62
"Kenya","uniform",5,21,"Tested",1119.62
"Kenya","uniform",5,22,"Enrolled",58.82
"Kenya","uniform",5,22,"Tested",977.32
"Kenya","uniform",5,23,"Enrolled",53.88
"Kenya","uniform",5,23,"Tested",866.72
"Kenya","uniform",5,24,"Enrolled",76.08
"Kenya","uniform",5,24,"Tested",1254.42
"Kenya","uniform",5,25,"Enrolled",56.34
"Kenya","uniform",5,25,"Tested",916.28
"Kenya","uniform",5,26,"Enrolled",53.1
"Kenya","uniform",5,26,"Tested",834.54
"Kenya","uniform",5,27,"Enrolled",67.14
"Kenya","uniform",5,27,"Tested",1111.32
"Kenya","uniform",5,28,"Enrolled",54.06
"Kenya","uniform",5,28,"Tested",867.76
"Kenya","uniform",5,29,"Enrolled",78.96
"Kenya","uniform",5,29,"Tested",1301.08
"Kenya","uniform",5,30,"Enrolled",54.36
"Kenya","uniform",5,30,"Tested",863.36
"Kenya","uniform",5,31,"Enrolled",56.6
"Kenya","uniform",5,31,"Tested",916.9
"Kenya","uniform",5,32,"Enrolled",53.26
"Kenya","uniform",5,32,"Tested",856.3
"Kenya","uniform",5,33,"Enrolled",51.3
"Kenya","uniform",5,33,"Tested",834.42
"Kenya","uniform",5,34,"Enrolled",49.06
"Kenya","uniform",5,34,"Tested",795.46
"Kenya","uniform",5,35,"Enrolled",52.4
"Kenya","uniform",5,35,"Tested",843.04
"Kenya","uniform",5,36,"Enrolled",62.48
"Kenya","uniform",5,36,"Tested",1021.56
"Kenya","uniform",5,37,"Enrolled",62.62
"Kenya","uniform",5,37,"Tested",1006.42
"Kenya","uniform",5,38,"Enrolled",62.44
"Kenya","uniform",5,38,"Tested",1019.98
"Kenya","uniform",5,39,"Enrolled",79.4
"Kenya","uniform",5,39,"Tested",1288.16
"Kenya","uniform",5,40,"Enrolled",70.62
"Kenya","uniform",5,40,"Tested",1145.24
"Kenya","uniform",5,41,"Enrolled",54.04
"Kenya","uniform",5,41,"Tested",865.96
"Kenya","uniform",5,42,"Enrolled",63.48
"Kenya","uniform",5,42,"Tested",1025.86
"Kenya","uniform",5,43,"Enrolled",76.04
"Kenya","uniform",5,43,"Tested",1217.92
"Kenya","uniform",5,44,"Enrolled",51.66
"Kenya","uniform",5,44,"Tested",833.42
"Kenya","uniform",5,45,"Enrolled",51.5
"Kenya","uniform",5,45,"Tested",848.2
"Kenya","uniform",5,46,"Enrolled",71.04
"Kenya","uniform",5,46,"Tested",1135.3
"Kenya","uniform",5,47,"Enrolled",35.24
"Kenya","uniform",5,47,"Tested",574.06
"Kenya","uniform",5,48,"Enrolled",53.3
"Kenya","uniform",5,48,"Tested",850.7
"Kenya","uniform",5,49,"Enrolled",85.8
"Kenya","uniform",5,49,"Tested",1424.68
"Kenya","uniform",5,50,"Enrolled",59.38
"Kenya","uniform",5,50,"Tested",959.08
"Kenya","uniform",5,51,"Enrolled",71.86
"Kenya","uniform",5,51,"Tested",1161.2
"Kenya","uniform",5,52,"Enrolled",60.12
"Kenya","uniform",5,52,"Tested",969.98
"Kenya","uniform",5,53,"Enrolled",62.2
"Kenya","uniform",5,53,"Tested",987.6
"Kenya","uniform",5,54,"Enrolled",50.46
"Kenya","uniform",5,54,"Tested",788.72
"Kenya","uniform",5,55,"Enrolled",65.3
"Kenya","uniform",5,55,"Tested",1056.72
"Kenya","uniform",5,56,"Enrolled",72.96
"Kenya","uniform",5,56,"Tested",1144
"Kenya","uniform",5,57,"Enrolled",53.56
"Kenya","uniform",5,57,"Tested",845.38
"Kenya","uniform",5,58,"Enrolled",59.54
"Kenya","uniform",5,58,"Tested",974.04
"Kenya","uniform",5,59,"Enrolled",77.4
"Kenya","uniform",5,59,"Tested",1274.86
"Kenya","uniform",5,60,"Enrolled",65.56
"Kenya","uniform",5,60,"Tested",1092.44
"Kenya","uniform",5,61,"Enrolled",69.06
"Kenya","uniform",5,61,"Tested",1147.14
"Kenya","uniform",5,62,"Enrolled",58.72
"Kenya","uniform",5,62,"Tested",918.38
"Kenya","uniform",5,63,"Enrolled",65.1
"Kenya","uniform",5,63,"Tested",1018.32
"Kenya","uniform",5,64,"Enrolled",73.42
"Kenya","uniform",5,64,"Tested",1187.9
"Kenya","uniform",5,65,"Enrolled",76.38
"Kenya","uniform",5,65,"Tested",1260.32
"Kenya","uniform",5,66,"Enrolled",43.8
"Kenya","uniform",5,66,"Tested",708.9
"Kenya","uniform",5,67,"Enrolled",71.04
"Kenya","uniform",5,67,"Tested",1161.34
"Kenya","uniform",5,68,"Enrolled",83.76
"Kenya","uniform",5,68,"Tested",1375.1
"Kenya","uniform",5,69,"Enrolled",58.54
"Kenya","uniform",5,69,"Tested",950.5
"Kenya","uniform",5,70,"Enrolled",57.62
"Kenya","uniform",5,70,"Tested",906.06
"Kenya","uniform",5,71,"Enrolled",58.36
"Kenya","uniform",5,71,"Tested",956.84
"Kenya","uniform",5,72,"Enrolled",66.62
"Kenya","uniform",5,72,"Tested",1065.94
"Kenya","uniform",5,73,"Enrolled",58.02
"Kenya","uniform",5,73,"Tested",952.54
"Kenya","uniform",5,74,"Enrolled",46.74
"Kenya","uniform",5,74,"Tested",776.48
"Kenya","uniform",5,75,"Enrolled",65.28
"Kenya","uniform",5,75,"Tested",1070.36
"Kenya","uniform",5,76,"Enrolled",53.68
"Kenya","uniform",5,76,"Tested",870
"Kenya","uniform",5,77,"Enrolled",52
"Kenya","uniform",5,77,"Tested",812.46
"Kenya","uniform",5,78,"Enrolled",59.46
"Kenya","uniform",5,78,"Tested",950.88
"Kenya","uniform",5,79,"Enrolled",64.1
"Kenya","uniform",5,79,"Tested",1057.4
"Kenya","uniform",5,80,"Enrolled",88.66
"Kenya","uniform",5,80,"Tested",1439.6
"Kenya","uniform",5,81,"Enrolled",53.26
"Kenya","uniform",5,81,"Tested",839.06
"Kenya","uniform",5,82,"Enrolled",60.9
"Kenya","uniform",5,82,"Tested",985.94
"Kenya","uniform",5,83,"Enrolled",60.24
"Kenya","uniform",5,83,"Tested",961.84
"Kenya","uniform",5,84,"Enrolled",61.02
"Kenya","uniform",5,84,"Tested",1009.26
"Kenya","uniform",5,85,"Enrolled",65.76
"Kenya","uniform",5,85,"Tested",1050.8
"Kenya","uniform",5,86,"Enrolled",64.58
"Kenya","uniform",5,86,"Tested",1048.44
"Kenya","uniform",5,87,"Enrolled",64.02
"Kenya","uniform",5,87,"Tested",1052.46
"Kenya","uniform",5,88,"Enrolled",65.58
"Kenya","uniform",5,88,"Tested",1057.62
"Kenya","uniform",5,89,"Enrolled",73.46
"Kenya","uniform",5,89,"Tested",1206.66
"Kenya","uniform",5,90,"Enrolled",63.32
"Kenya","uniform",5,90,"Tested",1044.86
"Kenya","uniform",5,91,"Enrolled",68.24
"Kenya","uniform",5,91,"Tested",1096.94
"Kenya","uniform",5,92,"Enrolled",64.36
"Kenya","uniform",5,92,"Tested",1052.72
"Kenya","uniform",5,93,"Enrolled",66.82
"Kenya","uniform",5,93,"Tested",1091.04
"Kenya","uniform",5,94,"Enrolled",64.06
"Kenya","uniform",5,94,"Tested",1048.58
"Kenya","uniform",5,95,"Enrolled",68.78
"Kenya","uniform",5,95,"Tested",1088.08
"Kenya","uniform",5,96,"Enrolled",66.32
"Kenya","uniform",5,96,"Tested",1077.98
"Kenya","uniform",5,97,"Enrolled",61.52
"Kenya","uniform",5,97,"Tested",983.2
"Kenya","uniform",5,98,"Enrolled",57.54
"Kenya","uniform",5,98,"Tested",937.24
"Kenya","uniform",5,99,"Enrolled",73.84
"Kenya","uniform",5,99,"Tested",1210.34
"Kenya","uniform",5,100,"Enrolled",63.68
"Kenya","uniform",5,100,"Tested",1023.46
"Kenya","uniform",6,1,"Enrolled",78
"Kenya","uniform",6,1,"Tested",1052.08
"Kenya","uniform",6,2,"Enrolled",82.66
"Kenya","uniform",6,2,"Tested",1128.14
"Kenya","uniform",6,3,"Enrolled",76.94
"Kenya","uniform",6,3,"Tested",1054.04
"Kenya","uniform",6,4,"Enrolled",73.44
"Kenya","uniform",6,4,"Tested",980.76
"Kenya","uniform",6,5,"Enrolled",54
"Kenya","uniform",6,5,"Tested",723.5
"Kenya","uniform",6,6,"Enrolled",61.98
"Kenya","uniform",6,6,"Tested",804.92
"Kenya","uniform",6,7,"Enrolled",60.1
"Kenya","uniform",6,7,"Tested",813.72
"Kenya","uniform",6,8,"Enrolled",71.02
"Kenya","uniform",6,8,"Tested",973.82
"Kenya","uniform",6,9,"Enrolled",83.6
"Kenya","uniform",6,9,"Tested",1159.62
"Kenya","uniform",6,10,"Enrolled",79.3
"Kenya","uniform",6,10,"Tested",1079.48
"Kenya","uniform",6,11,"Enrolled",75.06
"Kenya","uniform",6,11,"Tested",1037.02
"Kenya","uniform",6,12,"Enrolled",77.08
"Kenya","uniform",6,12,"Tested",1035.12
"Kenya","uniform",6,13,"Enrolled",77.56
"Kenya","uniform",6,13,"Tested",1034.18
"Kenya","uniform",6,14,"Enrolled",68.04
"Kenya","uniform",6,14,"Tested",924.8
"Kenya","uniform",6,15,"Enrolled",67.2
"Kenya","uniform",6,15,"Tested",913.1
"Kenya","uniform",6,16,"Enrolled",61.34
"Kenya","uniform",6,16,"Tested",828.84
"Kenya","uniform",6,17,"Enrolled",62.12
"Kenya","uniform",6,17,"Tested",850.5
"Kenya","uniform",6,18,"Enrolled",70.24
"Kenya","uniform",6,18,"Tested",953.28
"Kenya","uniform",6,19,"Enrolled",64.46
"Kenya","uniform",6,19,"Tested",872.48
"Kenya","uniform",6,20,"Enrolled",52.02
"Kenya","uniform",6,20,"Tested",707.32
"Kenya","uniform",6,21,"Enrolled",50.74
"Kenya","uniform",6,21,"Tested",700.1
"Kenya","uniform",6,22,"Enrolled",58.54
"Kenya","uniform",6,22,"Tested",777.5
"Kenya","uniform",6,23,"Enrolled",72.8
"Kenya","uniform",6,23,"Tested",999.54
"Kenya","uniform",6,24,"Enrolled",58.64
"Kenya","uniform",6,24,"Tested",778.86
"Kenya","uniform",6,25,"Enrolled",57.66
"Kenya","uniform",6,25,"Tested",798.74
"Kenya","uniform",6,26,"Enrolled",78.02
"Kenya","uniform",6,26,"Tested",1076.06
"Kenya","uniform",6,27,"Enrolled",74.78
"Kenya","uniform",6,27,"Tested",1005.48
"Kenya","uniform",6,28,"Enrolled",64.5
"Kenya","uniform",6,28,"Tested",892.94
"Kenya","uniform",6,29,"Enrolled",72.6
"Kenya","uniform",6,29,"Tested",998.88
"Kenya","uniform",6,30,"Enrolled",78.9
"Kenya","uniform",6,30,"Tested",1060.84
"Kenya","uniform",6,31,"Enrolled",64.66
"Kenya","uniform",6,31,"Tested",875.2
"Kenya","uniform",6,32,"Enrolled",58.1
"Kenya","uniform",6,32,"Tested",800.9
"Kenya","uniform",6,33,"Enrolled",62.46
"Kenya","uniform",6,33,"Tested",836.18
"Kenya","uniform",6,34,"Enrolled",68.9
"Kenya","uniform",6,34,"Tested",937.24
"Kenya","uniform",6,35,"Enrolled",84.62
"Kenya","uniform",6,35,"Tested",1169.54
"Kenya","uniform",6,36,"Enrolled",76.12
"Kenya","uniform",6,36,"Tested",1046.38
"Kenya","uniform",6,37,"Enrolled",60.9
"Kenya","uniform",6,37,"Tested",816.86
"Kenya","uniform",6,38,"Enrolled",79.22
"Kenya","uniform",6,38,"Tested",1064.3
"Kenya","uniform",6,39,"Enrolled",77.7
"Kenya","uniform",6,39,"Tested",1045.54
"Kenya","uniform",6,40,"Enrolled",62.54
"Kenya","uniform",6,40,"Tested",832.4
"Kenya","uniform",6,41,"Enrolled",74.2
"Kenya","uniform",6,41,"Tested",1005.7
"Kenya","uniform",6,42,"Enrolled",68.02
"Kenya","uniform",6,42,"Tested",918.46
"Kenya","uniform",6,43,"Enrolled",70.12
"Kenya","uniform",6,43,"Tested",932.3
"Kenya","uniform",6,44,"Enrolled",78.28
"Kenya","uniform",6,44,"Tested",1053.82
"Kenya","uniform",6,45,"Enrolled",59.12
"Kenya","uniform",6,45,"Tested",806.24
"Kenya","uniform",6,46,"Enrolled",80.42
"Kenya","uniform",6,46,"Tested",1085.26
"Kenya","uniform",6,47,"Enrolled",68.92
"Kenya","uniform",6,47,"Tested",904
"Kenya","uniform",6,48,"Enrolled",56.48
"Kenya","uniform",6,48,"Tested",783.74
"Kenya","uniform",6,49,"Enrolled",64.22
"Kenya","uniform",6,49,"Tested",878.56
"Kenya","uniform",6,50,"Enrolled",63.18
"Kenya","uniform",6,50,"Tested",889.72
"Kenya","uniform",6,51,"Enrolled",63.92
"Kenya","uniform",6,51,"Tested",849.98
"Kenya","uniform",6,52,"Enrolled",51.68
"Kenya","uniform",6,52,"Tested",710.42
"Kenya","uniform",6,53,"Enrolled",68.84
"Kenya","uniform",6,53,"Tested",952.68
"Kenya","uniform",6,54,"Enrolled",70.94
"Kenya","uniform",6,54,"Tested",990.8
"Kenya","uniform",6,55,"Enrolled",64.44
"Kenya","uniform",6,55,"Tested",860.12
"Kenya","uniform",6,56,"Enrolled",55.64
"Kenya","uniform",6,56,"Tested",744.2
"Kenya","uniform",6,57,"Enrolled",79.9
"Kenya","uniform",6,57,"Tested",1096.52
"Kenya","uniform",6,58,"Enrolled",61.12
"Kenya","uniform",6,58,"Tested",836.42
"Kenya","uniform",6,59,"Enrolled",72.22
"Kenya","uniform",6,59,"Tested",989.78
"Kenya","uniform",6,60,"Enrolled",92.66
"Kenya","uniform",6,60,"Tested",1278.7
"Kenya","uniform",6,61,"Enrolled",62.3
"Kenya","uniform",6,61,"Tested",840.54
"Kenya","uniform",6,62,"Enrolled",60.3
"Kenya","uniform",6,62,"Tested",816.68
"Kenya","uniform",6,63,"Enrolled",62.18
"Kenya","uniform",6,63,"Tested",859.04
"Kenya","uniform",6,64,"Enrolled",70.38
"Kenya","uniform",6,64,"Tested",959.24
"Kenya","uniform",6,65,"Enrolled",53.16
"Kenya","uniform",6,65,"Tested",726.74
"Kenya","uniform",6,66,"Enrolled",81.18
"Kenya","uniform",6,66,"Tested",1113.56
"Kenya","uniform",6,67,"Enrolled",58.98
"Kenya","uniform",6,67,"Tested",794.52
"Kenya","uniform",6,68,"Enrolled",54.36
"Kenya","uniform",6,68,"Tested",754.12
"Kenya","uniform",6,69,"Enrolled",79.22
"Kenya","uniform",6,69,"Tested",1059.08
"Kenya","uniform",6,70,"Enrolled",57.82
"Kenya","uniform",6,70,"Tested",774.54
"Kenya","uniform",6,71,"Enrolled",85.84
"Kenya","uniform",6,71,"Tested",1155.44
"Kenya","uniform",6,72,"Enrolled",65.54
"Kenya","uniform",6,72,"Tested",900.08
"Kenya","uniform",6,73,"Enrolled",71.02
"Kenya","uniform",6,73,"Tested",976.86
"Kenya","uniform",6,74,"Enrolled",56.02
"Kenya","uniform",6,74,"Tested",759.98
"Kenya","uniform",6,75,"Enrolled",74.82
"Kenya","uniform",6,75,"Tested",1004.14
"Kenya","uniform",6,76,"Enrolled",86.9
"Kenya","uniform",6,76,"Tested",1200.68
"Kenya","uniform",6,77,"Enrolled",65.14
"Kenya","uniform",6,77,"Tested",879.88
"Kenya","uniform",6,78,"Enrolled",55.14
"Kenya","uniform",6,78,"Tested",721.64
"Kenya","uniform",6,79,"Enrolled",78.5
"Kenya","uniform",6,79,"Tested",1077.44
"Kenya","uniform",6,80,"Enrolled",78.8
"Kenya","uniform",6,80,"Tested",1052.72
"Kenya","uniform",6,81,"Enrolled",64.94
"Kenya","uniform",6,81,"Tested",867.78
"Kenya","uniform",6,82,"Enrolled",59.06
"Kenya","uniform",6,82,"Tested",789.22
"Kenya","uniform",6,83,"Enrolled",62.58
"Kenya","uniform",6,83,"Tested",858.06
"Kenya","uniform",6,84,"Enrolled",55.54
"Kenya","uniform",6,84,"Tested",772.58
"Kenya","uniform",6,85,"Enrolled",65.8
"Kenya","uniform",6,85,"Tested",871.9
"Kenya","uniform",6,86,"Enrolled",57.56
"Kenya","uniform",6,86,"Tested",801.72
"Kenya","uniform",6,87,"Enrolled",56.06
"Kenya","uniform",6,87,"Tested",775.06
"Kenya","uniform",6,88,"Enrolled",76.94
"Kenya","uniform",6,88,"Tested",1048.12
"Kenya","uniform",6,89,"Enrolled",72.52
"Kenya","uniform",6,89,"Tested",1014.92
"Kenya","uniform",6,90,"Enrolled",57.2
"Kenya","uniform",6,90,"Tested",762.28
"Kenya","uniform",6,91,"Enrolled",75.14
"Kenya","uniform",6,91,"Tested",993.02
"Kenya","uniform",6,92,"Enrolled",66.62
"Kenya","uniform",6,92,"Tested",910.98
"Kenya","uniform",6,93,"Enrolled",67.86
"Kenya","uniform",6,93,"Tested",929.54
"Kenya","uniform",6,94,"Enrolled",69.12
"Kenya","uniform",6,94,"Tested",919.62
"Kenya","uniform",6,95,"Enrolled",72.66
"Kenya","uniform",6,95,"Tested",966.98
"Kenya","uniform",6,96,"Enrolled",63.42
"Kenya","uniform",6,96,"Tested",855.9
"Kenya","uniform",6,97,"Enrolled",55.62
"Kenya","uniform",6,97,"Tested",743.02
"Kenya","uniform",6,98,"Enrolled",80.26
"Kenya","uniform",6,98,"Tested",1091.64
"Kenya","uniform",6,99,"Enrolled",53.6
"Kenya","uniform",6,99,"Tested",713.62
"Kenya","uniform",6,100,"Enrolled",62.92
"Kenya","uniform",6,100,"Tested",851.42
"Kenya","uniform",7,1,"Enrolled",91.1
"Kenya","uniform",7,1,"Tested",1046.52
"Kenya","uniform",7,2,"Enrolled",67.84
"Kenya","uniform",7,2,"Tested",774.14
"Kenya","uniform",7,3,"Enrolled",73
"Kenya","uniform",7,3,"Tested",878.74
"Kenya","uniform",7,4,"Enrolled",93.2
"Kenya","uniform",7,4,"Tested",1081.8
"Kenya","uniform",7,5,"Enrolled",67.3
"Kenya","uniform",7,5,"Tested",773.82
"Kenya","uniform",7,6,"Enrolled",70.68
"Kenya","uniform",7,6,"Tested",806.44
"Kenya","uniform",7,7,"Enrolled",77.6
"Kenya","uniform",7,7,"Tested",927.26
"Kenya","uniform",7,8,"Enrolled",61.8
"Kenya","uniform",7,8,"Tested",707.7
"Kenya","uniform",7,9,"Enrolled",69.84
"Kenya","uniform",7,9,"Tested",811.96
"Kenya","uniform",7,10,"Enrolled",69.22
"Kenya","uniform",7,10,"Tested",823.14
"Kenya","uniform",7,11,"Enrolled",63.28
"Kenya","uniform",7,11,"Tested",749.68
"Kenya","uniform",7,12,"Enrolled",58.7
"Kenya","uniform",7,12,"Tested",677.92
"Kenya","uniform",7,13,"Enrolled",63.96
"Kenya","uniform",7,13,"Tested",740.76
"Kenya","uniform",7,14,"Enrolled",73.82
"Kenya","uniform",7,14,"Tested",849.54
"Kenya","uniform",7,15,"Enrolled",77.18
"Kenya","uniform",7,15,"Tested",901.52
"Kenya","uniform",7,16,"Enrolled",69.9
"Kenya","uniform",7,16,"Tested",821.72
"Kenya","uniform",7,17,"Enrolled",81.34
"Kenya","uniform",7,17,"Tested",939.56
"Kenya","uniform",7,18,"Enrolled",72.8
"Kenya","uniform",7,18,"Tested",837.74
"Kenya","uniform",7,19,"Enrolled",70
"Kenya","uniform",7,19,"Tested",821.56
"Kenya","uniform",7,20,"Enrolled",59.8
"Kenya","uniform",7,20,"Tested",688.82
"Kenya","uniform",7,21,"Enrolled",70.58
"Kenya","uniform",7,21,"Tested",852.98
"Kenya","uniform",7,22,"Enrolled",79.6
"Kenya","uniform",7,22,"Tested",919.16
"Kenya","uniform",7,23,"Enrolled",70.84
"Kenya","uniform",7,23,"Tested",823.72
"Kenya","uniform",7,24,"Enrolled",74.36
"Kenya","uniform",7,24,"Tested",868.18
"Kenya","uniform",7,25,"Enrolled",70.18
"Kenya","uniform",7,25,"Tested",815.78
"Kenya","uniform",7,26,"Enrolled",69.54
"Kenya","uniform",7,26,"Tested",795
"Kenya","uniform",7,27,"Enrolled",54.6
"Kenya","uniform",7,27,"Tested",664.68
"Kenya","uniform",7,28,"Enrolled",69.66
"Kenya","uniform",7,28,"Tested",816.14
"Kenya","uniform",7,29,"Enrolled",68.94
"Kenya","uniform",7,29,"Tested",812.72
"Kenya","uniform",7,30,"Enrolled",59.64
"Kenya","uniform",7,30,"Tested",701.76
"Kenya","uniform",7,31,"Enrolled",62.3
"Kenya","uniform",7,31,"Tested",720.92
"Kenya","uniform",7,32,"Enrolled",69.8
"Kenya","uniform",7,32,"Tested",802.32
"Kenya","uniform",7,33,"Enrolled",66.96
"Kenya","uniform",7,33,"Tested",804.4
"Kenya","uniform",7,34,"Enrolled",70.26
"Kenya","uniform",7,34,"Tested",826.08
"Kenya","uniform",7,35,"Enrolled",66.02
"Kenya","uniform",7,35,"Tested",760.6
"Kenya","uniform",7,36,"Enrolled",71.3
"Kenya","uniform",7,36,"Tested",833.78
"Kenya","uniform",7,37,"Enrolled",64.64
"Kenya","uniform",7,37,"Tested",759.92
"Kenya","uniform",7,38,"Enrolled",71.92
"Kenya","uniform",7,38,"Tested",834.56
"Kenya","uniform",7,39,"Enrolled",55.62
"Kenya","uniform",7,39,"Tested",637.54
"Kenya","uniform",7,40,"Enrolled",64.22
"Kenya","uniform",7,40,"Tested",767.66
"Kenya","uniform",7,41,"Enrolled",64.58
"Kenya","uniform",7,41,"Tested",760.58
"Kenya","uniform",7,42,"Enrolled",78.68
"Kenya","uniform",7,42,"Tested",945.34
"Kenya","uniform",7,43,"Enrolled",77.7
"Kenya","uniform",7,43,"Tested",900.32
"Kenya","uniform",7,44,"Enrolled",98.2
"Kenya","uniform",7,44,"Tested",1142.68
"Kenya","uniform",7,45,"Enrolled",79.9
"Kenya","uniform",7,45,"Tested",934.94
"Kenya","uniform",7,46,"Enrolled",73.42
"Kenya","uniform",7,46,"Tested",836.18
"Kenya","uniform",7,47,"Enrolled",53.26
"Kenya","uniform",7,47,"Tested",622
"Kenya","uniform",7,48,"Enrolled",62.98
"Kenya","uniform",7,48,"Tested",744.38
"Kenya","uniform",7,49,"Enrolled",61.7
"Kenya","uniform",7,49,"Tested",713.52
"Kenya","uniform",7,50,"Enrolled",81.98
"Kenya","uniform",7,50,"Tested",972.14
"Kenya","uniform",7,51,"Enrolled",60.98
"Kenya","uniform",7,51,"Tested",713.76
"Kenya","uniform",7,52,"Enrolled",72.22
"Kenya","uniform",7,52,"Tested",836.24
"Kenya","uniform",7,53,"Enrolled",68.84
"Kenya","uniform",7,53,"Tested",812.8
"Kenya","uniform",7,54,"Enrolled",70.2
"Kenya","uniform",7,54,"Tested",813.86
"Kenya","uniform",7,55,"Enrolled",79.3
"Kenya","uniform",7,55,"Tested",898.7
"Kenya","uniform",7,56,"Enrolled",60.54
"Kenya","uniform",7,56,"Tested",716.48
"Kenya","uniform",7,57,"Enrolled",69.66
"Kenya","uniform",7,57,"Tested",792.78
"Kenya","uniform",7,58,"Enrolled",68.18
"Kenya","uniform",7,58,"Tested",802.56
"Kenya","uniform",7,59,"Enrolled",63.16
"Kenya","uniform",7,59,"Tested",743.92
"Kenya","uniform",7,60,"Enrolled",73.52
"Kenya","uniform",7,60,"Tested",862.92
"Kenya","uniform",7,61,"Enrolled",59.94
"Kenya","uniform",7,61,"Tested",710.96
"Kenya","uniform",7,62,"Enrolled",65.08
"Kenya","uniform",7,62,"Tested",749.96
"Kenya","uniform",7,63,"Enrolled",58.24
"Kenya","uniform",7,63,"Tested",662.22
"Kenya","uniform",7,64,"Enrolled",80.2
"Kenya","uniform",7,64,"Tested",939.9
"Kenya","uniform",7,65,"Enrolled",50.44
"Kenya","uniform",7,65,"Tested",599.28
"Kenya","uniform",7,66,"Enrolled",77.34
"Kenya","uniform",7,66,"Tested",902.08
"Kenya","uniform",7,67,"Enrolled",86.36
"Kenya","uniform",7,67,"Tested",1012.88
"Kenya","uniform",7,68,"Enrolled",67.44
"Kenya","uniform",7,68,"Tested",780.26
"Kenya","uniform",7,69,"Enrolled",81.98
"Kenya","uniform",7,69,"Tested",977.9
"Kenya","uniform",7,70,"Enrolled",63.16
"Kenya","uniform",7,70,"Tested",740.66
"Kenya","uniform",7,71,"Enrolled",71.48
"Kenya","uniform",7,71,"Tested",820.32
"Kenya","uniform",7,72,"Enrolled",64.34
"Kenya","uniform",7,72,"Tested",750.94
"Kenya","uniform",7,73,"Enrolled",71.58
"Kenya","uniform",7,73,"Tested",838.54
"Kenya","uniform",7,74,"Enrolled",61.88
"Kenya","uniform",7,74,"Tested",742.06
"Kenya","uniform",7,75,"Enrolled",78.36
"Kenya","uniform",7,75,"Tested",916.92
"Kenya","uniform",7,76,"Enrolled",62.78
"Kenya","uniform",7,76,"Tested",732.46
"Kenya","uniform",7,77,"Enrolled",76.6
"Kenya","uniform",7,77,"Tested",889.1
"Kenya","uniform",7,78,"Enrolled",53.64
"Kenya","uniform",7,78,"Tested",628.32
"Kenya","uniform",7,79,"Enrolled",68.06
"Kenya","uniform",7,79,"Tested",789.28
"Kenya","uniform",7,80,"Enrolled",62.24
"Kenya","uniform",7,80,"Tested",745.6
"Kenya","uniform",7,81,"Enrolled",90.9
"Kenya","uniform",7,81,"Tested",1057.68
"Kenya","uniform",7,82,"Enrolled",65.64
"Kenya","uniform",7,82,"Tested",745.4
"Kenya","uniform",7,83,"Enrolled",70.12
"Kenya","uniform",7,83,"Tested",832.24
"Kenya","uniform",7,84,"Enrolled",63.38
"Kenya","uniform",7,84,"Tested",735
"Kenya","uniform",7,85,"Enrolled",83.88
"Kenya","uniform",7,85,"Tested",949.12
"Kenya","uniform",7,86,"Enrolled",76.4
"Kenya","uniform",7,86,"Tested",891.34
"Kenya","uniform",7,87,"Enrolled",74.78
"Kenya","uniform",7,87,"Tested",887.18
"Kenya","uniform",7,88,"Enrolled",74.86
"Kenya","uniform",7,88,"Tested",873.52
"Kenya","uniform",7,89,"Enrolled",71.02
"Kenya","uniform",7,89,"Tested",818.18
"Kenya","uniform",7,90,"Enrolled",57.32
"Kenya","uniform",7,90,"Tested",663.94
"Kenya","uniform",7,91,"Enrolled",59.32
"Kenya","uniform",7,91,"Tested",683.26
"Kenya","uniform",7,92,"Enrolled",65.86
"Kenya","uniform",7,92,"Tested",769.16
"Kenya","uniform",7,93,"Enrolled",55.82
"Kenya","uniform",7,93,"Tested",643.16
"Kenya","uniform",7,94,"Enrolled",63.68
"Kenya","uniform",7,94,"Tested",761.1
"Kenya","uniform",7,95,"Enrolled",83.92
"Kenya","uniform",7,95,"Tested",954.14
"Kenya","uniform",7,96,"Enrolled",61.42
"Kenya","uniform",7,96,"Tested",707.08
"Kenya","uniform",7,97,"Enrolled",55.22
"Kenya","uniform",7,97,"Tested",628.48
"Kenya","uniform",7,98,"Enrolled",71.12
"Kenya","uniform",7,98,"Tested",838.78
"Kenya","uniform",7,99,"Enrolled",70.2
"Kenya","uniform",7,99,"Tested",825.24
"Kenya","uniform",7,100,"Enrolled",84.98
"Kenya","uniform",7,100,"Tested",1011.82
"Kenya","uniform",8,1,"Enrolled",68.06
"Kenya","uniform",8,1,"Tested",706.74
"Kenya","uniform",8,2,"Enrolled",72.42
"Kenya","uniform",8,2,"Tested",726.04
"Kenya","uniform",8,3,"Enrolled",87.6
"Kenya","uniform",8,3,"Tested",913.98
"Kenya","uniform",8,4,"Enrolled",75.96
"Kenya","uniform",8,4,"Tested",792.02
"Kenya","uniform",8,5,"Enrolled",73.14
"Kenya","uniform",8,5,"Tested",738.04
"Kenya","uniform",8,6,"Enrolled",73.18
"Kenya","uniform",8,6,"Tested",742.54
"Kenya","uniform",8,7,"Enrolled",67.2
"Kenya","uniform",8,7,"Tested",679.04
"Kenya","uniform",8,8,"Enrolled",74.36
"Kenya","uniform",8,8,"Tested",754.8
"Kenya","uniform",8,9,"Enrolled",68.54
"Kenya","uniform",8,9,"Tested",679.76
"Kenya","uniform",8,10,"Enrolled",82.64
"Kenya","uniform",8,10,"Tested",863.24
"Kenya","uniform",8,11,"Enrolled",61.92
"Kenya","uniform",8,11,"Tested",631.84
"Kenya","uniform",8,12,"Enrolled",83.62
"Kenya","uniform",8,12,"Tested",871.94
"Kenya","uniform",8,13,"Enrolled",80.5
"Kenya","uniform",8,13,"Tested",836.6
"Kenya","uniform",8,14,"Enrolled",64.48
"Kenya","uniform",8,14,"Tested",654.94
"Kenya","uniform",8,15,"Enrolled",68.56
"Kenya","uniform",8,15,"Tested",698.78
"Kenya","uniform",8,16,"Enrolled",73.9
"Kenya","uniform",8,16,"Tested",762.34
"Kenya","uniform",8,17,"Enrolled",79.88
"Kenya","uniform",8,17,"Tested",808.5
"Kenya","uniform",8,18,"Enrolled",64.76
"Kenya","uniform",8,18,"Tested",644.32
"Kenya","uniform",8,19,"Enrolled",65.78
"Kenya","uniform",8,19,"Tested",681.04
"Kenya","uniform",8,20,"Enrolled",72.88
"Kenya","uniform",8,20,"Tested",742.38
"Kenya","uniform",8,21,"Enrolled",75.1
"Kenya","uniform",8,21,"Tested",758.3
"Kenya","uniform",8,22,"Enrolled",71.98
"Kenya","uniform",8,22,"Tested",746.18
"Kenya","uniform",8,23,"Enrolled",82.58
"Kenya","uniform",8,23,"Tested",849.24
"Kenya","uniform",8,24,"Enrolled",87.54
"Kenya","uniform",8,24,"Tested",882.36
"Kenya","uniform",8,25,"Enrolled",66.8
"Kenya","uniform",8,25,"Tested",687.38
"Kenya","uniform",8,26,"Enrolled",75.76
"Kenya","uniform",8,26,"Tested",775.34
"Kenya","uniform",8,27,"Enrolled",78.3
"Kenya","uniform",8,27,"Tested",794.4
"Kenya","uniform",8,28,"Enrolled",74.64
"Kenya","uniform",8,28,"Tested",778.9
"Kenya","uniform",8,29,"Enrolled",98.86
"Kenya","uniform",8,29,"Tested",1021.6
"Kenya","uniform",8,30,"Enrolled",64.9
"Kenya","uniform",8,30,"Tested",665.66
"Kenya","uniform",8,31,"Enrolled",63.68
"Kenya","uniform",8,31,"Tested",656.72
"Kenya","uniform",8,32,"Enrolled",85.32
"Kenya","uniform",8,32,"Tested",859.24
"Kenya","uniform",8,33,"Enrolled",80.96
"Kenya","uniform",8,33,"Tested",852.66
"Kenya","uniform",8,34,"Enrolled",67.02
"Kenya","uniform",8,34,"Tested",701.8
"Kenya","uniform",8,35,"Enrolled",55.72
"Kenya","uniform",8,35,"Tested",554.56
"Kenya","uniform",8,36,"Enrolled",64.88
"Kenya","uniform",8,36,"Tested",666.54
"Kenya","uniform",8,37,"Enrolled",71.76
"Kenya","uniform",8,37,"Tested",741.12
"Kenya","uniform",8,38,"Enrolled",63.72
"Kenya","uniform",8,38,"Tested",629.04
"Kenya","uniform",8,39,"Enrolled",85.88
"Kenya","uniform",8,39,"Tested",869.04
"Kenya","uniform",8,40,"Enrolled",80.12
"Kenya","uniform",8,40,"Tested",809.4
"Kenya","uniform",8,41,"Enrolled",94.5
"Kenya","uniform",8,41,"Tested",972.46
"Kenya","uniform",8,42,"Enrolled",76.9
"Kenya","uniform",8,42,"Tested",787.76
"Kenya","uniform",8,43,"Enrolled",76.22
"Kenya","uniform",8,43,"Tested",767.28
"Kenya","uniform",8,44,"Enrolled",87.7
"Kenya","uniform",8,44,"Tested",897.84
"Kenya","uniform",8,45,"Enrolled",60.34
"Kenya","uniform",8,45,"Tested",630.26
"Kenya","uniform",8,46,"Enrolled",84.92
"Kenya","uniform",8,46,"Tested",855.52
"Kenya","uniform",8,47,"Enrolled",67.62
"Kenya","uniform",8,47,"Tested",696.26
"Kenya","uniform",8,48,"Enrolled",61.02
"Kenya","uniform",8,48,"Tested",627.08
"Kenya","uniform",8,49,"Enrolled",88.64
"Kenya","uniform",8,49,"Tested",892.28
"Kenya","uniform",8,50,"Enrolled",70.38
"Kenya","uniform",8,50,"Tested",740.62
"Kenya","uniform",8,51,"Enrolled",72.82
"Kenya","uniform",8,51,"Tested",755.4
"Kenya","uniform",8,52,"Enrolled",79.6
"Kenya","uniform",8,52,"Tested",814.62
"Kenya","uniform",8,53,"Enrolled",81.2
"Kenya","uniform",8,53,"Tested",842.12
"Kenya","uniform",8,54,"Enrolled",90
"Kenya","uniform",8,54,"Tested",933.18
"Kenya","uniform",8,55,"Enrolled",69.14
"Kenya","uniform",8,55,"Tested",687.02
"Kenya","uniform",8,56,"Enrolled",80.22
"Kenya","uniform",8,56,"Tested",831.72
"Kenya","uniform",8,57,"Enrolled",69.64
"Kenya","uniform",8,57,"Tested",698.54
"Kenya","uniform",8,58,"Enrolled",90.32
"Kenya","uniform",8,58,"Tested",930.26
"Kenya","uniform",8,59,"Enrolled",87.94
"Kenya","uniform",8,59,"Tested",892.22
"Kenya","uniform",8,60,"Enrolled",72.72
"Kenya","uniform",8,60,"Tested",733.64
"Kenya","uniform",8,61,"Enrolled",56.68
"Kenya","uniform",8,61,"Tested",588.02
"Kenya","uniform",8,62,"Enrolled",74.88
"Kenya","uniform",8,62,"Tested",784.16
"Kenya","uniform",8,63,"Enrolled",61.18
"Kenya","uniform",8,63,"Tested",639.22
"Kenya","uniform",8,64,"Enrolled",85.28
"Kenya","uniform",8,64,"Tested",871.34
"Kenya","uniform",8,65,"Enrolled",79.32
"Kenya","uniform",8,65,"Tested",830.66
"Kenya","uniform",8,66,"Enrolled",94.7
"Kenya","uniform",8,66,"Tested",971.62
"Kenya","uniform",8,67,"Enrolled",80.54
"Kenya","uniform",8,67,"Tested",819.74
"Kenya","uniform",8,68,"Enrolled",67.44
"Kenya","uniform",8,68,"Tested",699.44
"Kenya","uniform",8,69,"Enrolled",73.8
"Kenya","uniform",8,69,"Tested",748.48
"Kenya","uniform",8,70,"Enrolled",73.52
"Kenya","uniform",8,70,"Tested",754.6
"Kenya","uniform",8,71,"Enrolled",74.9
"Kenya","uniform",8,71,"Tested",789.1
"Kenya","uniform",8,72,"Enrolled",76.2
"Kenya","uniform",8,72,"Tested",770.12
"Kenya","uniform",8,73,"Enrolled",70.88
"Kenya","uniform",8,73,"Tested",752.52
"Kenya","uniform",8,74,"Enrolled",80.06
"Kenya","uniform",8,74,"Tested",810.02
"Kenya","uniform",8,75,"Enrolled",81.72
"Kenya","uniform",8,75,"Tested",831.44
"Kenya","uniform",8,76,"Enrolled",66.48
"Kenya","uniform",8,76,"Tested",684.96
"Kenya","uniform",8,77,"Enrolled",75.78
"Kenya","uniform",8,77,"Tested",788.42
"Kenya","uniform",8,78,"Enrolled",61.04
"Kenya","uniform",8,78,"Tested",622.8
"Kenya","uniform",8,79,"Enrolled",85.12
"Kenya","uniform",8,79,"Tested",884.12
"Kenya","uniform",8,80,"Enrolled",81.7
"Kenya","uniform",8,80,"Tested",831.04
"Kenya","uniform",8,81,"Enrolled",71.46
"Kenya","uniform",8,81,"Tested",739.4
"Kenya","uniform",8,82,"Enrolled",79.26
"Kenya","uniform",8,82,"Tested",801.42
"Kenya","uniform",8,83,"Enrolled",70.38
"Kenya","uniform",8,83,"Tested",718.32
"Kenya","uniform",8,84,"Enrolled",80.12
"Kenya","uniform",8,84,"Tested",820.5
"Kenya","uniform",8,85,"Enrolled",81.4
"Kenya","uniform",8,85,"Tested",839.98
"Kenya","uniform",8,86,"Enrolled",83.14
"Kenya","uniform",8,86,"Tested",850.92
"Kenya","uniform",8,87,"Enrolled",88.1
"Kenya","uniform",8,87,"Tested",902.96
"Kenya","uniform",8,88,"Enrolled",76.82
"Kenya","uniform",8,88,"Tested",796.98
"Kenya","uniform",8,89,"Enrolled",83.68
"Kenya","uniform",8,89,"Tested",868.06
"Kenya","uniform",8,90,"Enrolled",66.08
"Kenya","uniform",8,90,"Tested",664.5
"Kenya","uniform",8,91,"Enrolled",56.46
"Kenya","uniform",8,91,"Tested",574.6
"Kenya","uniform",8,92,"Enrolled",66.74
"Kenya","uniform",8,92,"Tested",680.4
"Kenya","uniform",8,93,"Enrolled",78.38
"Kenya","uniform",8,93,"Tested",817.4
"Kenya","uniform",8,94,"Enrolled",85.76
"Kenya","uniform",8,94,"Tested",868.22
"Kenya","uniform",8,95,"Enrolled",71.9
"Kenya","uniform",8,95,"Tested",735.42
"Kenya","uniform",8,96,"Enrolled",93.72
"Kenya","uniform",8,96,"Tested",967.98
"Kenya","uniform",8,97,"Enrolled",68.08
"Kenya","uniform",8,97,"Tested",700.64
"Kenya","uniform",8,98,"Enrolled",58.58
"Kenya","uniform",8,98,"Tested",594.84
"Kenya","uniform",8,99,"Enrolled",90.22
"Kenya","uniform",8,99,"Tested",916.34
"Kenya","uniform",8,100,"Enrolled",90.32
"Kenya","uniform",8,100,"Tested",940.22
"Kenya","uniform",9,1,"Enrolled",97.24
"Kenya","uniform",9,1,"Tested",859.48
"Kenya","uniform",9,2,"Enrolled",89.68
"Kenya","uniform",9,2,"Tested",812.62
"Kenya","uniform",9,3,"Enrolled",74.88
"Kenya","uniform",9,3,"Tested",694.4
"Kenya","uniform",9,4,"Enrolled",66.36
"Kenya","uniform",9,4,"Tested",621.42
"Kenya","uniform",9,5,"Enrolled",73.24
"Kenya","uniform",9,5,"Tested",687.48
"Kenya","uniform",9,6,"Enrolled",85.6
"Kenya","uniform",9,6,"Tested",783.1
"Kenya","uniform",9,7,"Enrolled",73.54
"Kenya","uniform",9,7,"Tested",639.4
"Kenya","uniform",9,8,"Enrolled",75.94
"Kenya","uniform",9,8,"Tested",690.5
"Kenya","uniform",9,9,"Enrolled",77.24
"Kenya","uniform",9,9,"Tested",718.12
"Kenya","uniform",9,10,"Enrolled",68.84
"Kenya","uniform",9,10,"Tested",632.64
"Kenya","uniform",9,11,"Enrolled",65.14
"Kenya","uniform",9,11,"Tested",609.34
"Kenya","uniform",9,12,"Enrolled",71.72
"Kenya","uniform",9,12,"Tested",660.6
"Kenya","uniform",9,13,"Enrolled",74.48
"Kenya","uniform",9,13,"Tested",680.16
"Kenya","uniform",9,14,"Enrolled",66.22
"Kenya","uniform",9,14,"Tested",625.96
"Kenya","uniform",9,15,"Enrolled",78.1
"Kenya","uniform",9,15,"Tested",714.58
"Kenya","uniform",9,16,"Enrolled",92.62
"Kenya","uniform",9,16,"Tested",837.56
"Kenya","uniform",9,17,"Enrolled",70.12
"Kenya","uniform",9,17,"Tested",647
"Kenya","uniform",9,18,"Enrolled",63.92
"Kenya","uniform",9,18,"Tested",580.78
"Kenya","uniform",9,19,"Enrolled",88.82
"Kenya","uniform",9,19,"Tested",823.24
"Kenya","uniform",9,20,"Enrolled",85.18
"Kenya","uniform",9,20,"Tested",788.94
"Kenya","uniform",9,21,"Enrolled",82.86
"Kenya","uniform",9,21,"Tested",758.88
"Kenya","uniform",9,22,"Enrolled",72.44
"Kenya","uniform",9,22,"Tested",646.14
"Kenya","uniform",9,23,"Enrolled",78.5
"Kenya","uniform",9,23,"Tested",732.56
"Kenya","uniform",9,24,"Enrolled",71.74
"Kenya","uniform",9,24,"Tested",648
"Kenya","uniform",9,25,"Enrolled",92.16
"Kenya","uniform",9,25,"Tested",827.8
"Kenya","uniform",9,26,"Enrolled",83.54
"Kenya","uniform",9,26,"Tested",772.18
"Kenya","uniform",9,27,"Enrolled",75.66
"Kenya","uniform",9,27,"Tested",665.44
"Kenya","uniform",9,28,"Enrolled",62.52
"Kenya","uniform",9,28,"Tested",578.2
"Kenya","uniform",9,29,"Enrolled",72.5
"Kenya","uniform",9,29,"Tested",659.6
"Kenya","uniform",9,30,"Enrolled",62.72
"Kenya","uniform",9,30,"Tested",572.98
"Kenya","uniform",9,31,"Enrolled",90.58
"Kenya","uniform",9,31,"Tested",828.3
"Kenya","uniform",9,32,"Enrolled",74.96
"Kenya","uniform",9,32,"Tested",704.42
"Kenya","uniform",9,33,"Enrolled",49.66
"Kenya","uniform",9,33,"Tested",442.02
"Kenya","uniform",9,34,"Enrolled",74.3
"Kenya","uniform",9,34,"Tested",680.02
"Kenya","uniform",9,35,"Enrolled",64.98
"Kenya","uniform",9,35,"Tested",589.6
"Kenya","uniform",9,36,"Enrolled",104.18
"Kenya","uniform",9,36,"Tested",955.44
"Kenya","uniform",9,37,"Enrolled",54.78
"Kenya","uniform",9,37,"Tested",508.04
"Kenya","uniform",9,38,"Enrolled",73.9
"Kenya","uniform",9,38,"Tested",674.36
"Kenya","uniform",9,39,"Enrolled",78.44
"Kenya","uniform",9,39,"Tested",713.06
"Kenya","uniform",9,40,"Enrolled",83.82
"Kenya","uniform",9,40,"Tested",769.68
"Kenya","uniform",9,41,"Enrolled",73
"Kenya","uniform",9,41,"Tested",669.74
"Kenya","uniform",9,42,"Enrolled",86.56
"Kenya","uniform",9,42,"Tested",775.46
"Kenya","uniform",9,43,"Enrolled",70.6
"Kenya","uniform",9,43,"Tested",631.78
"Kenya","uniform",9,44,"Enrolled",102.56
"Kenya","uniform",9,44,"Tested",921.84
"Kenya","uniform",9,45,"Enrolled",73.32
"Kenya","uniform",9,45,"Tested",687.74
"Kenya","uniform",9,46,"Enrolled",65.5
"Kenya","uniform",9,46,"Tested",601.66
"Kenya","uniform",9,47,"Enrolled",94.6
"Kenya","uniform",9,47,"Tested",873.44
"Kenya","uniform",9,48,"Enrolled",82.62
"Kenya","uniform",9,48,"Tested",768.16
"Kenya","uniform",9,49,"Enrolled",74.62
"Kenya","uniform",9,49,"Tested",690.06
"Kenya","uniform",9,50,"Enrolled",59.26
"Kenya","uniform",9,50,"Tested",526.2
"Kenya","uniform",9,51,"Enrolled",75.58
"Kenya","uniform",9,51,"Tested",701.92
"Kenya","uniform",9,52,"Enrolled",88.92
"Kenya","uniform",9,52,"Tested",815.76
"Kenya","uniform",9,53,"Enrolled",69.06
"Kenya","uniform",9,53,"Tested",634.28
"Kenya","uniform",9,54,"Enrolled",91.28
"Kenya","uniform",9,54,"Tested",846.44
"Kenya","uniform",9,55,"Enrolled",71.28
"Kenya","uniform",9,55,"Tested",657.62
"Kenya","uniform",9,56,"Enrolled",78.6
"Kenya","uniform",9,56,"Tested",739.4
"Kenya","uniform",9,57,"Enrolled",70.7
"Kenya","uniform",9,57,"Tested",643.92
"Kenya","uniform",9,58,"Enrolled",78.9
"Kenya","uniform",9,58,"Tested",709.06
"Kenya","uniform",9,59,"Enrolled",101.94
"Kenya","uniform",9,59,"Tested",917.88
"Kenya","uniform",9,60,"Enrolled",78.9
"Kenya","uniform",9,60,"Tested",704.12
"Kenya","uniform",9,61,"Enrolled",79.6
"Kenya","uniform",9,61,"Tested",723.46
"Kenya","uniform",9,62,"Enrolled",78.36
"Kenya","uniform",9,62,"Tested",725.18
"Kenya","uniform",9,63,"Enrolled",76.98
"Kenya","uniform",9,63,"Tested",695.32
"Kenya","uniform",9,64,"Enrolled",102.48
"Kenya","uniform",9,64,"Tested",948.64
"Kenya","uniform",9,65,"Enrolled",53.54
"Kenya","uniform",9,65,"Tested",483.36
"Kenya","uniform",9,66,"Enrolled",81.8
"Kenya","uniform",9,66,"Tested",735.8
"Kenya","uniform",9,67,"Enrolled",80.62
"Kenya","uniform",9,67,"Tested",748.72
"Kenya","uniform",9,68,"Enrolled",95.68
"Kenya","uniform",9,68,"Tested",874.56
"Kenya","uniform",9,69,"Enrolled",92.78
"Kenya","uniform",9,69,"Tested",844.26
"Kenya","uniform",9,70,"Enrolled",67.36
"Kenya","uniform",9,70,"Tested",618.7
"Kenya","uniform",9,71,"Enrolled",69.98
"Kenya","uniform",9,71,"Tested",626.04
"Kenya","uniform",9,72,"Enrolled",90.7
"Kenya","uniform",9,72,"Tested",807.26
"Kenya","uniform",9,73,"Enrolled",91.68
"Kenya","uniform",9,73,"Tested",831.36
"Kenya","uniform",9,74,"Enrolled",82.2
"Kenya","uniform",9,74,"Tested",737.66
"Kenya","uniform",9,75,"Enrolled",74.48
"Kenya","uniform",9,75,"Tested",664.22
"Kenya","uniform",9,76,"Enrolled",88.96
"Kenya","uniform",9,76,"Tested",844.02
"Kenya","uniform",9,77,"Enrolled",101.32
"Kenya","uniform",9,77,"Tested",927.28
"Kenya","uniform",9,78,"Enrolled",92.22
"Kenya","uniform",9,78,"Tested",843.9
"Kenya","uniform",9,79,"Enrolled",58.28
"Kenya","uniform",9,79,"Tested",536.92
"Kenya","uniform",9,80,"Enrolled",72.88
"Kenya","uniform",9,80,"Tested",678.52
"Kenya","uniform",9,81,"Enrolled",74.78
"Kenya","uniform",9,81,"Tested",674.12
"Kenya","uniform",9,82,"Enrolled",74.72
"Kenya","uniform",9,82,"Tested",676.24
"Kenya","uniform",9,83,"Enrolled",92.62
"Kenya","uniform",9,83,"Tested",847.58
"Kenya","uniform",9,84,"Enrolled",66.78
"Kenya","uniform",9,84,"Tested",613.58
"Kenya","uniform",9,85,"Enrolled",76.94
"Kenya","uniform",9,85,"Tested",694.5
"Kenya","uniform",9,86,"Enrolled",88.76
"Kenya","uniform",9,86,"Tested",787.48
"Kenya","uniform",9,87,"Enrolled",72.86
"Kenya","uniform",9,87,"Tested",681.64
"Kenya","uniform",9,88,"Enrolled",82.44
"Kenya","uniform",9,88,"Tested",752.08
"Kenya","uniform",9,89,"Enrolled",58.72
"Kenya","uniform",9,89,"Tested",538.86
"Kenya","uniform",9,90,"Enrolled",77.46
"Kenya","uniform",9,90,"Tested",707.56
"Kenya","uniform",9,91,"Enrolled",71.54
"Kenya","uniform",9,91,"Tested",662.26
"Kenya","uniform",9,92,"Enrolled",89.12
"Kenya","uniform",9,92,"Tested",822.3
"Kenya","uniform",9,93,"Enrolled",72.14
"Kenya","uniform",9,93,"Tested",648.74
"Kenya","uniform",9,94,"Enrolled",56.3
"Kenya","uniform",9,94,"Tested",518.04
"Kenya","uniform",9,95,"Enrolled",76.7
"Kenya","uniform",9,95,"Tested",704.06
"Kenya","uniform",9,96,"Enrolled",75.94
"Kenya","uniform",9,96,"Tested",697.94
"Kenya","uniform",9,97,"Enrolled",88.26
"Kenya","uniform",9,97,"Tested",823.68
"Kenya","uniform",9,98,"Enrolled",82.48
"Kenya","uniform",9,98,"Tested",737.46
"Kenya","uniform",9,99,"Enrolled",89.04
"Kenya","uniform",9,99,"Tested",826.72
"Kenya","uniform",9,100,"Enrolled",95.1
"Kenya","uniform",9,100,"Tested",862.3
"Kenya","uniform",10,1,"Enrolled",77.54
"Kenya","uniform",10,1,"Tested",649.92
"Kenya","uniform",10,2,"Enrolled",97.9
"Kenya","uniform",10,2,"Tested",797.92
"Kenya","uniform",10,3,"Enrolled",89.32
"Kenya","uniform",10,3,"Tested",739.52
"Kenya","uniform",10,4,"Enrolled",70.48
"Kenya","uniform",10,4,"Tested",583.5
"Kenya","uniform",10,5,"Enrolled",77.66
"Kenya","uniform",10,5,"Tested",638.7
"Kenya","uniform",10,6,"Enrolled",88.88
"Kenya","uniform",10,6,"Tested",737.78
"Kenya","uniform",10,7,"Enrolled",81.82
"Kenya","uniform",10,7,"Tested",667.18
"Kenya","uniform",10,8,"Enrolled",74.12
"Kenya","uniform",10,8,"Tested",618.68
"Kenya","uniform",10,9,"Enrolled",67.58
"Kenya","uniform",10,9,"Tested",565.28
"Kenya","uniform",10,10,"Enrolled",86.74
"Kenya","uniform",10,10,"Tested",704.14
"Kenya","uniform",10,11,"Enrolled",59.9
"Kenya","uniform",10,11,"Tested",495.12
"Kenya","uniform",10,12,"Enrolled",101.72
"Kenya","uniform",10,12,"Tested",830.74
"Kenya","uniform",10,13,"Enrolled",78.74
"Kenya","uniform",10,13,"Tested",661.76
"Kenya","uniform",10,14,"Enrolled",90.9
"Kenya","uniform",10,14,"Tested",752.92
"Kenya","uniform",10,15,"Enrolled",57.14
"Kenya","uniform",10,15,"Tested",477.62
"Kenya","uniform",10,16,"Enrolled",96.44
"Kenya","uniform",10,16,"Tested",782.72
"Kenya","uniform",10,17,"Enrolled",99.76
"Kenya","uniform",10,17,"Tested",802.46
"Kenya","uniform",10,18,"Enrolled",77.7
"Kenya","uniform",10,18,"Tested",651.08
"Kenya","uniform",10,19,"Enrolled",68.12
"Kenya","uniform",10,19,"Tested",547.7
"Kenya","uniform",10,20,"Enrolled",81.1
"Kenya","uniform",10,20,"Tested",666.92
"Kenya","uniform",10,21,"Enrolled",78.86
"Kenya","uniform",10,21,"Tested",648.94
"Kenya","uniform",10,22,"Enrolled",93.54
"Kenya","uniform",10,22,"Tested",783.4
"Kenya","uniform",10,23,"Enrolled",92.04
"Kenya","uniform",10,23,"Tested",759.12
"Kenya","uniform",10,24,"Enrolled",90.98
"Kenya","uniform",10,24,"Tested",757.36
"Kenya","uniform",10,25,"Enrolled",65.1
"Kenya","uniform",10,25,"Tested",531.5
"Kenya","uniform",10,26,"Enrolled",65.66
"Kenya","uniform",10,26,"Tested",539.32
"Kenya","uniform",10,27,"Enrolled",72.54
"Kenya","uniform",10,27,"Tested",597.26
"Kenya","uniform",10,28,"Enrolled",88.48
"Kenya","uniform",10,28,"Tested",715.66
"Kenya","uniform",10,29,"Enrolled",75.86
"Kenya","uniform",10,29,"Tested",621.82
"Kenya","uniform",10,30,"Enrolled",98.32
"Kenya","uniform",10,30,"Tested",810.16
"Kenya","uniform",10,31,"Enrolled",92.74
"Kenya","uniform",10,31,"Tested",765.82
"Kenya","uniform",10,32,"Enrolled",82.06
"Kenya","uniform",10,32,"Tested",662.16
"Kenya","uniform",10,33,"Enrolled",82.52
"Kenya","uniform",10,33,"Tested",691.62
"Kenya","uniform",10,34,"Enrolled",74.46
"Kenya","uniform",10,34,"Tested",630.34
"Kenya","uniform",10,35,"Enrolled",76.08
"Kenya","uniform",10,35,"Tested",616.78
"Kenya","uniform",10,36,"Enrolled",78.76
"Kenya","uniform",10,36,"Tested",657.34
"Kenya","uniform",10,37,"Enrolled",77.96
"Kenya","uniform",10,37,"Tested",642.68
"Kenya","uniform",10,38,"Enrolled",85.28
"Kenya","uniform",10,38,"Tested",709.88
"Kenya","uniform",10,39,"Enrolled",82.14
"Kenya","uniform",10,39,"Tested",669.82
"Kenya","uniform",10,40,"Enrolled",85.16
"Kenya","uniform",10,40,"Tested",707.36
"Kenya","uniform",10,41,"Enrolled",81.54
"Kenya","uniform",10,41,"Tested",659.4
"Kenya","uniform",10,42,"Enrolled",114.48
"Kenya","uniform",10,42,"Tested",924.16
"Kenya","uniform",10,43,"Enrolled",89.44
"Kenya","uniform",10,43,"Tested",728.32
"Kenya","uniform",10,44,"Enrolled",72.22
"Kenya","uniform",10,44,"Tested",603.4
"Kenya","uniform",10,45,"Enrolled",69.62
"Kenya","uniform",10,45,"Tested",554.42
"Kenya","uniform",10,46,"Enrolled",94.88
"Kenya","uniform",10,46,"Tested",784.72
"Kenya","uniform",10,47,"Enrolled",82.58
"Kenya","uniform",10,47,"Tested",689.66
"Kenya","uniform",10,48,"Enrolled",80.22
"Kenya","uniform",10,48,"Tested",641.68
"Kenya","uniform",10,49,"Enrolled",72.42
"Kenya","uniform",10,49,"Tested",581.64
"Kenya","uniform",10,50,"Enrolled",73.86
"Kenya","uniform",10,50,"Tested",602.48
"Kenya","uniform",10,51,"Enrolled",82.84
"Kenya","uniform",10,51,"Tested",671.42
"Kenya","uniform",10,52,"Enrolled",71.26
"Kenya","uniform",10,52,"Tested",576.24
"Kenya","uniform",10,53,"Enrolled",67.46
"Kenya","uniform",10,53,"Tested",557.72
"Kenya","uniform",10,54,"Enrolled",68.06
"Kenya","uniform",10,54,"Tested",557.14
"Kenya","uniform",10,55,"Enrolled",85.22
"Kenya","uniform",10,55,"Tested",702.68
"Kenya","uniform",10,56,"Enrolled",71.4
"Kenya","uniform",10,56,"Tested",591.46
"Kenya","uniform",10,57,"Enrolled",81.12
"Kenya","uniform",10,57,"Tested",658.58
"Kenya","uniform",10,58,"Enrolled",75.04
"Kenya","uniform",10,58,"Tested",628.5
"Kenya","uniform",10,59,"Enrolled",52.66
"Kenya","uniform",10,59,"Tested",434.08
"Kenya","uniform",10,60,"Enrolled",72.88
"Kenya","uniform",10,60,"Tested",595.9
"Kenya","uniform",10,61,"Enrolled",87.64
"Kenya","uniform",10,61,"Tested",723
"Kenya","uniform",10,62,"Enrolled",74.6
"Kenya","uniform",10,62,"Tested",615.74
"Kenya","uniform",10,63,"Enrolled",74.52
"Kenya","uniform",10,63,"Tested",614.92
"Kenya","uniform",10,64,"Enrolled",58.52
"Kenya","uniform",10,64,"Tested",472.86
"Kenya","uniform",10,65,"Enrolled",67.92
"Kenya","uniform",10,65,"Tested",564.2
"Kenya","uniform",10,66,"Enrolled",75.58
"Kenya","uniform",10,66,"Tested",624.02
"Kenya","uniform",10,67,"Enrolled",72.28
"Kenya","uniform",10,67,"Tested",581.4
"Kenya","uniform",10,68,"Enrolled",75.56
"Kenya","uniform",10,68,"Tested",615.96
"Kenya","uniform",10,69,"Enrolled",94.08
"Kenya","uniform",10,69,"Tested",766.64
"Kenya","uniform",10,70,"Enrolled",78.44
"Kenya","uniform",10,70,"Tested",643.54
"Kenya","uniform",10,71,"Enrolled",76.6
"Kenya","uniform",10,71,"Tested",628.88
"Kenya","uniform",10,72,"Enrolled",79.04
"Kenya","uniform",10,72,"Tested",647.74
"Kenya","uniform",10,73,"Enrolled",95.22
"Kenya","uniform",10,73,"Tested",784.1
"Kenya","uniform",10,74,"Enrolled",83.06
"Kenya","uniform",10,74,"Tested",678.56
"Kenya","uniform",10,75,"Enrolled",65.88
"Kenya","uniform",10,75,"Tested",562.84
"Kenya","uniform",10,76,"Enrolled",67.26
"Kenya","uniform",10,76,"Tested",553.36
"Kenya","uniform",10,77,"Enrolled",69.88
"Kenya","uniform",10,77,"Tested",570.86
"Kenya","uniform",10,78,"Enrolled",74.66
"Kenya","uniform",10,78,"Tested",612.62
"Kenya","uniform",10,79,"Enrolled",87.74
"Kenya","uniform",10,79,"Tested",719.24
"Kenya","uniform",10,80,"Enrolled",109.48
"Kenya","uniform",10,80,"Tested",902.78
"Kenya","uniform",10,81,"Enrolled",84.1
"Kenya","uniform",10,81,"Tested",700.2
"Kenya","uniform",10,82,"Enrolled",71.86
"Kenya","uniform",10,82,"Tested",602.54
"Kenya","uniform",10,83,"Enrolled",99.44
"Kenya","uniform",10,83,"Tested",833.36
"Kenya","uniform",10,84,"Enrolled",75.06
"Kenya","uniform",10,84,"Tested",606.18
"Kenya","uniform",10,85,"Enrolled",99.88
"Kenya","uniform",10,85,"Tested",800.76
"Kenya","uniform",10,86,"Enrolled",77.06
"Kenya","uniform",10,86,"Tested",630.64
"Kenya","uniform",10,87,"Enrolled",69.26
"Kenya","uniform",10,87,"Tested",572.38
"Kenya","uniform",10,88,"Enrolled",82.1
"Kenya","uniform",10,88,"Tested",678.98
"Kenya","uniform",10,89,"Enrolled",91.64
"Kenya","uniform",10,89,"Tested",750.52
"Kenya","uniform",10,90,"Enrolled",84.88
"Kenya","uniform",10,90,"Tested",700.22
"Kenya","uniform",10,91,"Enrolled",72.68
"Kenya","uniform",10,91,"Tested",591.6
"Kenya","uniform",10,92,"Enrolled",58.78
"Kenya","uniform",10,92,"Tested",492
"Kenya","uniform",10,93,"Enrolled",62.74
"Kenya","uniform",10,93,"Tested",511.24
"Kenya","uniform",10,94,"Enrolled",97.58
"Kenya","uniform",10,94,"Tested",821.18
"Kenya","uniform",10,95,"Enrolled",69.28
"Kenya","uniform",10,95,"Tested",576.9
"Kenya","uniform",10,96,"Enrolled",88.04
"Kenya","uniform",10,96,"Tested",748.2
"Kenya","uniform",10,97,"Enrolled",72.68
"Kenya","uniform",10,97,"Tested",591.32
"Kenya","uniform",10,98,"Enrolled",66.28
"Kenya","uniform",10,98,"Tested",550.46
"Kenya","uniform",10,99,"Enrolled",70.22
"Kenya","uniform",10,99,"Tested",574.72
"Kenya","uniform",10,100,"Enrolled",71.24
"Kenya","uniform",10,100,"Tested",581.8
"Kenya","uniform",15,1,"Enrolled",90.66
"Kenya","uniform",15,1,"Tested",461.08
"Kenya","uniform",15,2,"Enrolled",80.22
"Kenya","uniform",15,2,"Tested",401.46
"Kenya","uniform",15,3,"Enrolled",83.92
"Kenya","uniform",15,3,"Tested",421.32
"Kenya","uniform",15,4,"Enrolled",82.82
"Kenya","uniform",15,4,"Tested",429.74
"Kenya","uniform",15,5,"Enrolled",106.36
"Kenya","uniform",15,5,"Tested",542.5
"Kenya","uniform",15,6,"Enrolled",81.02
"Kenya","uniform",15,6,"Tested",410.48
"Kenya","uniform",15,7,"Enrolled",107.66
"Kenya","uniform",15,7,"Tested",546.78
"Kenya","uniform",15,8,"Enrolled",94.98
"Kenya","uniform",15,8,"Tested",482.92
"Kenya","uniform",15,9,"Enrolled",122.92
"Kenya","uniform",15,9,"Tested",629.98
"Kenya","uniform",15,10,"Enrolled",100.12
"Kenya","uniform",15,10,"Tested",503.54
"Kenya","uniform",15,11,"Enrolled",78.54
"Kenya","uniform",15,11,"Tested",391.1
"Kenya","uniform",15,12,"Enrolled",102.3
"Kenya","uniform",15,12,"Tested",517.88
"Kenya","uniform",15,13,"Enrolled",80.36
"Kenya","uniform",15,13,"Tested",405.26
"Kenya","uniform",15,14,"Enrolled",73.44
"Kenya","uniform",15,14,"Tested",371.06
"Kenya","uniform",15,15,"Enrolled",93.54
"Kenya","uniform",15,15,"Tested",473.28
"Kenya","uniform",15,16,"Enrolled",85.22
"Kenya","uniform",15,16,"Tested",430.72
"Kenya","uniform",15,17,"Enrolled",96.22
"Kenya","uniform",15,17,"Tested",489.66
"Kenya","uniform",15,18,"Enrolled",74.72
"Kenya","uniform",15,18,"Tested",379.28
"Kenya","uniform",15,19,"Enrolled",93.92
"Kenya","uniform",15,19,"Tested",474.98
"Kenya","uniform",15,20,"Enrolled",86.36
"Kenya","uniform",15,20,"Tested",446.74
"Kenya","uniform",15,21,"Enrolled",77.16
"Kenya","uniform",15,21,"Tested",395.14
"Kenya","uniform",15,22,"Enrolled",92.78
"Kenya","uniform",15,22,"Tested",469.28
"Kenya","uniform",15,23,"Enrolled",76.98
"Kenya","uniform",15,23,"Tested",388.98
"Kenya","uniform",15,24,"Enrolled",97.38
"Kenya","uniform",15,24,"Tested",498.8
"Kenya","uniform",15,25,"Enrolled",104.76
"Kenya","uniform",15,25,"Tested",543.62
"Kenya","uniform",15,26,"Enrolled",94.32
"Kenya","uniform",15,26,"Tested",477.38
"Kenya","uniform",15,27,"Enrolled",79.42
"Kenya","uniform",15,27,"Tested",406.24
"Kenya","uniform",15,28,"Enrolled",78.4
"Kenya","uniform",15,28,"Tested",392.7
"Kenya","uniform",15,29,"Enrolled",89.38
"Kenya","uniform",15,29,"Tested",464.18
"Kenya","uniform",15,30,"Enrolled",81.26
"Kenya","uniform",15,30,"Tested",414.2
"Kenya","uniform",15,31,"Enrolled",86.44
"Kenya","uniform",15,31,"Tested",441.2
"Kenya","uniform",15,32,"Enrolled",87.12
"Kenya","uniform",15,32,"Tested",446.18
"Kenya","uniform",15,33,"Enrolled",82.14
"Kenya","uniform",15,33,"Tested",423.96
"Kenya","uniform",15,34,"Enrolled",77.98
"Kenya","uniform",15,34,"Tested",406.86
"Kenya","uniform",15,35,"Enrolled",103.06
"Kenya","uniform",15,35,"Tested",523.2
"Kenya","uniform",15,36,"Enrolled",69.92
"Kenya","uniform",15,36,"Tested",355.7
"Kenya","uniform",15,37,"Enrolled",78.9
"Kenya","uniform",15,37,"Tested",400.94
"Kenya","uniform",15,38,"Enrolled",94
"Kenya","uniform",15,38,"Tested",475.76
"Kenya","uniform",15,39,"Enrolled",86.02
"Kenya","uniform",15,39,"Tested",442.96
"Kenya","uniform",15,40,"Enrolled",93.66
"Kenya","uniform",15,40,"Tested",476.56
"Kenya","uniform",15,41,"Enrolled",95.16
"Kenya","uniform",15,41,"Tested",486.48
"Kenya","uniform",15,42,"Enrolled",76.68
"Kenya","uniform",15,42,"Tested",404.66
"Kenya","uniform",15,43,"Enrolled",93.16
"Kenya","uniform",15,43,"Tested",467.16
"Kenya","uniform",15,44,"Enrolled",95.98
"Kenya","uniform",15,44,"Tested",493.46
"Kenya","uniform",15,45,"Enrolled",105
"Kenya","uniform",15,45,"Tested",540.68
"Kenya","uniform",15,46,"Enrolled",97.38
"Kenya","uniform",15,46,"Tested",490.6
"Kenya","uniform",15,47,"Enrolled",79.42
"Kenya","uniform",15,47,"Tested",397.9
"Kenya","uniform",15,48,"Enrolled",93.58
"Kenya","uniform",15,48,"Tested",476.22
"Kenya","uniform",15,49,"Enrolled",66.8
"Kenya","uniform",15,49,"Tested",337.48
"Kenya","uniform",15,50,"Enrolled",116.54
"Kenya","uniform",15,50,"Tested",587.74
"Kenya","uniform",15,51,"Enrolled",81.36
"Kenya","uniform",15,51,"Tested",418.06
"Kenya","uniform",15,52,"Enrolled",79.1
"Kenya","uniform",15,52,"Tested",397.92
"Kenya","uniform",15,53,"Enrolled",97.56
"Kenya","uniform",15,53,"Tested",484.26
"Kenya","uniform",15,54,"Enrolled",80.8
"Kenya","uniform",15,54,"Tested",409.28
"Kenya","uniform",15,55,"Enrolled",96.18
"Kenya","uniform",15,55,"Tested",497.9
"Kenya","uniform",15,56,"Enrolled",79.16
"Kenya","uniform",15,56,"Tested",406.34
"Kenya","uniform",15,57,"Enrolled",91
"Kenya","uniform",15,57,"Tested",457.72
"Kenya","uniform",15,58,"Enrolled",88.26
"Kenya","uniform",15,58,"Tested",443.8
"Kenya","uniform",15,59,"Enrolled",105.16
"Kenya","uniform",15,59,"Tested",533.66
"Kenya","uniform",15,60,"Enrolled",75.36
"Kenya","uniform",15,60,"Tested",387.78
"Kenya","uniform",15,61,"Enrolled",80.28
"Kenya","uniform",15,61,"Tested",402.66
"Kenya","uniform",15,62,"Enrolled",74.44
"Kenya","uniform",15,62,"Tested",389.38
"Kenya","uniform",15,63,"Enrolled",85.68
"Kenya","uniform",15,63,"Tested",441.32
"Kenya","uniform",15,64,"Enrolled",107.22
"Kenya","uniform",15,64,"Tested",533.88
"Kenya","uniform",15,65,"Enrolled",89.54
"Kenya","uniform",15,65,"Tested",459.24
"Kenya","uniform",15,66,"Enrolled",82.18
"Kenya","uniform",15,66,"Tested",430.36
"Kenya","uniform",15,67,"Enrolled",84.64
"Kenya","uniform",15,67,"Tested",429.52
"Kenya","uniform",15,68,"Enrolled",73.84
"Kenya","uniform",15,68,"Tested",373.18
"Kenya","uniform",15,69,"Enrolled",99.7
"Kenya","uniform",15,69,"Tested",506.54
"Kenya","uniform",15,70,"Enrolled",96.96
"Kenya","uniform",15,70,"Tested",489.1
"Kenya","uniform",15,71,"Enrolled",93.82
"Kenya","uniform",15,71,"Tested",474.08
"Kenya","uniform",15,72,"Enrolled",94.92
"Kenya","uniform",15,72,"Tested",488.7
"Kenya","uniform",15,73,"Enrolled",67.26
"Kenya","uniform",15,73,"Tested",344.04
"Kenya","uniform",15,74,"Enrolled",94.2
"Kenya","uniform",15,74,"Tested",474.72
"Kenya","uniform",15,75,"Enrolled",81.2
"Kenya","uniform",15,75,"Tested",417.72
"Kenya","uniform",15,76,"Enrolled",80.66
"Kenya","uniform",15,76,"Tested",408.88
"Kenya","uniform",15,77,"Enrolled",93.94
"Kenya","uniform",15,77,"Tested",483.78
"Kenya","uniform",15,78,"Enrolled",82.46
"Kenya","uniform",15,78,"Tested",427.66
"Kenya","uniform",15,79,"Enrolled",78.56
"Kenya","uniform",15,79,"Tested",397.6
"Kenya","uniform",15,80,"Enrolled",83.5
"Kenya","uniform",15,80,"Tested",426.4
"Kenya","uniform",15,81,"Enrolled",74.8
"Kenya","uniform",15,81,"Tested",379.3
"Kenya","uniform",15,82,"Enrolled",85.2
"Kenya","uniform",15,82,"Tested",427.64
"Kenya","uniform",15,83,"Enrolled",80.78
"Kenya","uniform",15,83,"Tested",414.14
"Kenya","uniform",15,84,"Enrolled",93.4
"Kenya","uniform",15,84,"Tested",478.24
"Kenya","uniform",15,85,"Enrolled",100.4
"Kenya","uniform",15,85,"Tested",505.46
"Kenya","uniform",15,86,"Enrolled",101.34
"Kenya","uniform",15,86,"Tested",525.28
"Kenya","uniform",15,87,"Enrolled",91.72
"Kenya","uniform",15,87,"Tested",462.32
"Kenya","uniform",15,88,"Enrolled",70.64
"Kenya","uniform",15,88,"Tested",363.34
"Kenya","uniform",15,89,"Enrolled",119.78
"Kenya","uniform",15,89,"Tested",608.94
"Kenya","uniform",15,90,"Enrolled",90.52
"Kenya","uniform",15,90,"Tested",448.54
"Kenya","uniform",15,91,"Enrolled",80.64
"Kenya","uniform",15,91,"Tested",404.82
"Kenya","uniform",15,92,"Enrolled",117.72
"Kenya","uniform",15,92,"Tested",601.66
"Kenya","uniform",15,93,"Enrolled",94.92
"Kenya","uniform",15,93,"Tested",488.1
"Kenya","uniform",15,94,"Enrolled",67.9
"Kenya","uniform",15,94,"Tested",340.32
"Kenya","uniform",15,95,"Enrolled",86.44
"Kenya","uniform",15,95,"Tested",450.36
"Kenya","uniform",15,96,"Enrolled",84.26
"Kenya","uniform",15,96,"Tested",426.44
"Kenya","uniform",15,97,"Enrolled",91.26
"Kenya","uniform",15,97,"Tested",455.72
"Kenya","uniform",15,98,"Enrolled",88.78
"Kenya","uniform",15,98,"Tested",452.22
"Kenya","uniform",15,99,"Enrolled",92.96
"Kenya","uniform",15,99,"Tested",468.16
"Kenya","uniform",15,100,"Enrolled",91.78
"Kenya","uniform",15,100,"Tested",461.66
"Kenya","uniform",20,1,"Enrolled",96.62
"Kenya","uniform",20,1,"Tested",353.38
"Kenya","uniform",20,2,"Enrolled",80.64
"Kenya","uniform",20,2,"Tested",291.64
"Kenya","uniform",20,3,"Enrolled",86.56
"Kenya","uniform",20,3,"Tested",322.74
"Kenya","uniform",20,4,"Enrolled",81.74
"Kenya","uniform",20,4,"Tested",301.94
"Kenya","uniform",20,5,"Enrolled",95.1
"Kenya","uniform",20,5,"Tested",356.42
"Kenya","uniform",20,6,"Enrolled",114.3
"Kenya","uniform",20,6,"Tested",424.04
"Kenya","uniform",20,7,"Enrolled",88.78
"Kenya","uniform",20,7,"Tested",328.86
"Kenya","uniform",20,8,"Enrolled",93.48
"Kenya","uniform",20,8,"Tested",341
"Kenya","uniform",20,9,"Enrolled",96.08
"Kenya","uniform",20,9,"Tested",358.66
"Kenya","uniform",20,10,"Enrolled",97.28
"Kenya","uniform",20,10,"Tested",358.98
"Kenya","uniform",20,11,"Enrolled",101.4
"Kenya","uniform",20,11,"Tested",377.16
"Kenya","uniform",20,12,"Enrolled",87.26
"Kenya","uniform",20,12,"Tested",325.54
"Kenya","uniform",20,13,"Enrolled",109.56
"Kenya","uniform",20,13,"Tested",405.38
"Kenya","uniform",20,14,"Enrolled",92.58
"Kenya","uniform",20,14,"Tested",343.36
"Kenya","uniform",20,15,"Enrolled",112.82
"Kenya","uniform",20,15,"Tested",423.24
"Kenya","uniform",20,16,"Enrolled",96.48
"Kenya","uniform",20,16,"Tested",357.88
"Kenya","uniform",20,17,"Enrolled",102.52
"Kenya","uniform",20,17,"Tested",385.2
"Kenya","uniform",20,18,"Enrolled",112.7
"Kenya","uniform",20,18,"Tested",417.66
"Kenya","uniform",20,19,"Enrolled",104.26
"Kenya","uniform",20,19,"Tested",388.88
"Kenya","uniform",20,20,"Enrolled",92.32
"Kenya","uniform",20,20,"Tested",343.42
"Kenya","uniform",20,21,"Enrolled",115
"Kenya","uniform",20,21,"Tested",416.36
"Kenya","uniform",20,22,"Enrolled",114.54
"Kenya","uniform",20,22,"Tested",418.22
"Kenya","uniform",20,23,"Enrolled",82.88
"Kenya","uniform",20,23,"Tested",304.5
"Kenya","uniform",20,24,"Enrolled",97.46
"Kenya","uniform",20,24,"Tested",362.08
"Kenya","uniform",20,25,"Enrolled",73.06
"Kenya","uniform",20,25,"Tested",272.76
"Kenya","uniform",20,26,"Enrolled",96.22
"Kenya","uniform",20,26,"Tested",352.32
"Kenya","uniform",20,27,"Enrolled",87.76
"Kenya","uniform",20,27,"Tested",324.82
"Kenya","uniform",20,28,"Enrolled",131.94
"Kenya","uniform",20,28,"Tested",493.68
"Kenya","uniform",20,29,"Enrolled",96.08
"Kenya","uniform",20,29,"Tested",355.82
"Kenya","uniform",20,30,"Enrolled",85.52
"Kenya","uniform",20,30,"Tested",310.1
"Kenya","uniform",20,31,"Enrolled",82.34
"Kenya","uniform",20,31,"Tested",311.18
"Kenya","uniform",20,32,"Enrolled",104.3
"Kenya","uniform",20,32,"Tested",385.2
"Kenya","uniform",20,33,"Enrolled",99.58
"Kenya","uniform",20,33,"Tested",370.9
"Kenya","uniform",20,34,"Enrolled",85.36
"Kenya","uniform",20,34,"Tested",316.42
"Kenya","uniform",20,35,"Enrolled",103.5
"Kenya","uniform",20,35,"Tested",381.3
"Kenya","uniform",20,36,"Enrolled",108.26
"Kenya","uniform",20,36,"Tested",406.58
"Kenya","uniform",20,37,"Enrolled",104.26
"Kenya","uniform",20,37,"Tested",384.28
"Kenya","uniform",20,38,"Enrolled",93.38
"Kenya","uniform",20,38,"Tested",356.2
"Kenya","uniform",20,39,"Enrolled",103.68
"Kenya","uniform",20,39,"Tested",389.34
"Kenya","uniform",20,40,"Enrolled",102.22
"Kenya","uniform",20,40,"Tested",380.28
"Kenya","uniform",20,41,"Enrolled",108.54
"Kenya","uniform",20,41,"Tested",390.32
"Kenya","uniform",20,42,"Enrolled",76
"Kenya","uniform",20,42,"Tested",281.7
"Kenya","uniform",20,43,"Enrolled",77.06
"Kenya","uniform",20,43,"Tested",283.4
"Kenya","uniform",20,44,"Enrolled",98.86
"Kenya","uniform",20,44,"Tested",361.7
"Kenya","uniform",20,45,"Enrolled",70.46
"Kenya","uniform",20,45,"Tested",263.76
"Kenya","uniform",20,46,"Enrolled",65.14
"Kenya","uniform",20,46,"Tested",241.34
"Kenya","uniform",20,47,"Enrolled",68.94
"Kenya","uniform",20,47,"Tested",255.26
"Kenya","uniform",20,48,"Enrolled",94.48
"Kenya","uniform",20,48,"Tested",346.46
"Kenya","uniform",20,49,"Enrolled",114.16
"Kenya","uniform",20,49,"Tested",425.92
"Kenya","uniform",20,50,"Enrolled",101.66
"Kenya","uniform",20,50,"Tested",379.38
"Kenya","uniform",20,51,"Enrolled",101.38
"Kenya","uniform",20,51,"Tested",379.1
"Kenya","uniform",20,52,"Enrolled",100.56
"Kenya","uniform",20,52,"Tested",371.88
"Kenya","uniform",20,53,"Enrolled",79.44
"Kenya","uniform",20,53,"Tested",300.16
"Kenya","uniform",20,54,"Enrolled",101.58
"Kenya","uniform",20,54,"Tested",368.46
"Kenya","uniform",20,55,"Enrolled",76.44
"Kenya","uniform",20,55,"Tested",284.02
"Kenya","uniform",20,56,"Enrolled",82.88
"Kenya","uniform",20,56,"Tested",307.02
"Kenya","uniform",20,57,"Enrolled",76.02
"Kenya","uniform",20,57,"Tested",284.4
"Kenya","uniform",20,58,"Enrolled",102.72
"Kenya","uniform",20,58,"Tested",379.02
"Kenya","uniform",20,59,"Enrolled",94.14
"Kenya","uniform",20,59,"Tested",342.34
"Kenya","uniform",20,60,"Enrolled",82.18
"Kenya","uniform",20,60,"Tested",302.72
"Kenya","uniform",20,61,"Enrolled",98.9
"Kenya","uniform",20,61,"Tested",366.82
"Kenya","uniform",20,62,"Enrolled",96.48
"Kenya","uniform",20,62,"Tested",356.88
"Kenya","uniform",20,63,"Enrolled",77.98
"Kenya","uniform",20,63,"Tested",290.84
"Kenya","uniform",20,64,"Enrolled",74.18
"Kenya","uniform",20,64,"Tested",275.68
"Kenya","uniform",20,65,"Enrolled",78.72
"Kenya","uniform",20,65,"Tested",291.1
"Kenya","uniform",20,66,"Enrolled",108.14
"Kenya","uniform",20,66,"Tested",398.2
"Kenya","uniform",20,67,"Enrolled",72.64
"Kenya","uniform",20,67,"Tested",271.52
"Kenya","uniform",20,68,"Enrolled",103.7
"Kenya","uniform",20,68,"Tested",387.86
"Kenya","uniform",20,69,"Enrolled",68.86
"Kenya","uniform",20,69,"Tested",253.62
"Kenya","uniform",20,70,"Enrolled",113.96
"Kenya","uniform",20,70,"Tested",417.84
"Kenya","uniform",20,71,"Enrolled",110.72
"Kenya","uniform",20,71,"Tested",410.48
"Kenya","uniform",20,72,"Enrolled",107.8
"Kenya","uniform",20,72,"Tested",393.32
"Kenya","uniform",20,73,"Enrolled",88.4
"Kenya","uniform",20,73,"Tested",325.26
"Kenya","uniform",20,74,"Enrolled",87.32
"Kenya","uniform",20,74,"Tested",324.18
"Kenya","uniform",20,75,"Enrolled",79.84
"Kenya","uniform",20,75,"Tested",300.16
"Kenya","uniform",20,76,"Enrolled",100.02
"Kenya","uniform",20,76,"Tested",364.26
"Kenya","uniform",20,77,"Enrolled",91.34
"Kenya","uniform",20,77,"Tested",335.96
"Kenya","uniform",20,78,"Enrolled",97.48
"Kenya","uniform",20,78,"Tested",360.96
"Kenya","uniform",20,79,"Enrolled",91.32
"Kenya","uniform",20,79,"Tested",330.92
"Kenya","uniform",20,80,"Enrolled",117.12
"Kenya","uniform",20,80,"Tested",427.26
"Kenya","uniform",20,81,"Enrolled",87.7
"Kenya","uniform",20,81,"Tested",316.9
"Kenya","uniform",20,82,"Enrolled",111.58
"Kenya","uniform",20,82,"Tested",407.72
"Kenya","uniform",20,83,"Enrolled",81.58
"Kenya","uniform",20,83,"Tested",303.48
"Kenya","uniform",20,84,"Enrolled",93.6
"Kenya","uniform",20,84,"Tested",342.3
"Kenya","uniform",20,85,"Enrolled",99.74
"Kenya","uniform",20,85,"Tested",361.5
"Kenya","uniform",20,86,"Enrolled",90.68
"Kenya","uniform",20,86,"Tested",331.32
"Kenya","uniform",20,87,"Enrolled",83.82
"Kenya","uniform",20,87,"Tested",307.84
"Kenya","uniform",20,88,"Enrolled",141.94
"Kenya","uniform",20,88,"Tested",524.42
"Kenya","uniform",20,89,"Enrolled",59.18
"Kenya","uniform",20,89,"Tested",223.76
"Kenya","uniform",20,90,"Enrolled",89.32
"Kenya","uniform",20,90,"Tested",330.92
"Kenya","uniform",20,91,"Enrolled",119.36
"Kenya","uniform",20,91,"Tested",445.82
"Kenya","uniform",20,92,"Enrolled",96.68
"Kenya","uniform",20,92,"Tested",353.68
"Kenya","uniform",20,93,"Enrolled",97.68
"Kenya","uniform",20,93,"Tested",358.84
"Kenya","uniform",20,94,"Enrolled",80.74
"Kenya","uniform",20,94,"Tested",299.2
"Kenya","uniform",20,95,"Enrolled",94.76
"Kenya","uniform",20,95,"Tested",349.06
"Kenya","uniform",20,96,"Enrolled",112.92
"Kenya","uniform",20,96,"Tested",417.82
"Kenya","uniform",20,97,"Enrolled",98.34
"Kenya","uniform",20,97,"Tested",364.64
"Kenya","uniform",20,98,"Enrolled",104.2
"Kenya","uniform",20,98,"Tested",387.76
"Kenya","uniform",20,99,"Enrolled",95.1
"Kenya","uniform",20,99,"Tested",352.9
"Kenya","uniform",20,100,"Enrolled",96.72
"Kenya","uniform",20,100,"Tested",356.58
"Kenya","uniform",25,1,"Enrolled",100.18
"Kenya","uniform",25,1,"Tested",309.16
"Kenya","uniform",25,2,"Enrolled",89.42
"Kenya","uniform",25,2,"Tested",271.14
"Kenya","uniform",25,3,"Enrolled",103.26
"Kenya","uniform",25,3,"Tested",316.44
"Kenya","uniform",25,4,"Enrolled",88.28
"Kenya","uniform",25,4,"Tested",265.64
"Kenya","uniform",25,5,"Enrolled",123.14
"Kenya","uniform",25,5,"Tested",379.6
"Kenya","uniform",25,6,"Enrolled",100.42
"Kenya","uniform",25,6,"Tested",304.42
"Kenya","uniform",25,7,"Enrolled",90.5
"Kenya","uniform",25,7,"Tested",280.46
"Kenya","uniform",25,8,"Enrolled",98.28
"Kenya","uniform",25,8,"Tested",304
"Kenya","uniform",25,9,"Enrolled",90.58
"Kenya","uniform",25,9,"Tested",273.06
"Kenya","uniform",25,10,"Enrolled",128.08
"Kenya","uniform",25,10,"Tested",389.5
"Kenya","uniform",25,11,"Enrolled",74.14
"Kenya","uniform",25,11,"Tested",227.98
"Kenya","uniform",25,12,"Enrolled",101.78
"Kenya","uniform",25,12,"Tested",308.96
"Kenya","uniform",25,13,"Enrolled",98.1
"Kenya","uniform",25,13,"Tested",295.74
"Kenya","uniform",25,14,"Enrolled",84.78
"Kenya","uniform",25,14,"Tested",259.58
"Kenya","uniform",25,15,"Enrolled",88.36
"Kenya","uniform",25,15,"Tested",263.74
"Kenya","uniform",25,16,"Enrolled",99.58
"Kenya","uniform",25,16,"Tested",302.16
"Kenya","uniform",25,17,"Enrolled",96.26
"Kenya","uniform",25,17,"Tested",297.02
"Kenya","uniform",25,18,"Enrolled",83.38
"Kenya","uniform",25,18,"Tested",253.34
"Kenya","uniform",25,19,"Enrolled",82.02
"Kenya","uniform",25,19,"Tested",249.64
"Kenya","uniform",25,20,"Enrolled",91.22
"Kenya","uniform",25,20,"Tested",281.16
"Kenya","uniform",25,21,"Enrolled",107.88
"Kenya","uniform",25,21,"Tested",328.06
"Kenya","uniform",25,22,"Enrolled",92.3
"Kenya","uniform",25,22,"Tested",283.1
"Kenya","uniform",25,23,"Enrolled",98.16
"Kenya","uniform",25,23,"Tested",301.02
"Kenya","uniform",25,24,"Enrolled",104.8
"Kenya","uniform",25,24,"Tested",323.12
"Kenya","uniform",25,25,"Enrolled",89.32
"Kenya","uniform",25,25,"Tested",273.2
"Kenya","uniform",25,26,"Enrolled",94.5
"Kenya","uniform",25,26,"Tested",299.78
"Kenya","uniform",25,27,"Enrolled",96.7
"Kenya","uniform",25,27,"Tested",289
"Kenya","uniform",25,28,"Enrolled",102.38
"Kenya","uniform",25,28,"Tested",317.02
"Kenya","uniform",25,29,"Enrolled",108.06
"Kenya","uniform",25,29,"Tested",333.82
"Kenya","uniform",25,30,"Enrolled",92.56
"Kenya","uniform",25,30,"Tested",282.6
"Kenya","uniform",25,31,"Enrolled",113.92
"Kenya","uniform",25,31,"Tested",348.52
"Kenya","uniform",25,32,"Enrolled",96.38
"Kenya","uniform",25,32,"Tested",286.4
"Kenya","uniform",25,33,"Enrolled",112.32
"Kenya","uniform",25,33,"Tested",344.9
"Kenya","uniform",25,34,"Enrolled",96.26
"Kenya","uniform",25,34,"Tested",290.78
"Kenya","uniform",25,35,"Enrolled",103.64
"Kenya","uniform",25,35,"Tested",317.54
"Kenya","uniform",25,36,"Enrolled",95.14
"Kenya","uniform",25,36,"Tested",289.96
"Kenya","uniform",25,37,"Enrolled",89.72
"Kenya","uniform",25,37,"Tested",272.98
"Kenya","uniform",25,38,"Enrolled",87.32
"Kenya","uniform",25,38,"Tested",266.96
"Kenya","uniform",25,39,"Enrolled",93.7
"Kenya","uniform",25,39,"Tested",287.84
"Kenya","uniform",25,40,"Enrolled",95.52
"Kenya","uniform",25,40,"Tested",290.34
"Kenya","uniform",25,41,"Enrolled",93.64
"Kenya","uniform",25,41,"Tested",286.76
"Kenya","uniform",25,42,"Enrolled",109.38
"Kenya","uniform",25,42,"Tested",335.06
"Kenya","uniform",25,43,"Enrolled",111.78
"Kenya","uniform",25,43,"Tested",349.62
"Kenya","uniform",25,44,"Enrolled",95.02
"Kenya","uniform",25,44,"Tested",291
"Kenya","uniform",25,45,"Enrolled",117.94
"Kenya","uniform",25,45,"Tested",355.02
"Kenya","uniform",25,46,"Enrolled",94.36
"Kenya","uniform",25,46,"Tested",290.96
"Kenya","uniform",25,47,"Enrolled",114.26
"Kenya","uniform",25,47,"Tested",350.56
"Kenya","uniform",25,48,"Enrolled",126.36
"Kenya","uniform",25,48,"Tested",391.58
"Kenya","uniform",25,49,"Enrolled",109.5
"Kenya","uniform",25,49,"Tested",333.26
"Kenya","uniform",25,50,"Enrolled",92.32
"Kenya","uniform",25,50,"Tested",277.34
"Kenya","uniform",25,51,"Enrolled",105.3
"Kenya","uniform",25,51,"Tested",318.18
"Kenya","uniform",25,52,"Enrolled",107.4
"Kenya","uniform",25,52,"Tested",329.06
"Kenya","uniform",25,53,"Enrolled",66.78
"Kenya","uniform",25,53,"Tested",205.68
"Kenya","uniform",25,54,"Enrolled",110.72
"Kenya","uniform",25,54,"Tested",330.6
"Kenya","uniform",25,55,"Enrolled",71.5
"Kenya","uniform",25,55,"Tested",218.88
"Kenya","uniform",25,56,"Enrolled",101.66
"Kenya","uniform",25,56,"Tested",314
"Kenya","uniform",25,57,"Enrolled",77.12
"Kenya","uniform",25,57,"Tested",233.84
"Kenya","uniform",25,58,"Enrolled",89.9
"Kenya","uniform",25,58,"Tested",273.22
"Kenya","uniform",25,59,"Enrolled",130.18
"Kenya","uniform",25,59,"Tested",394.8
"Kenya","uniform",25,60,"Enrolled",97.44
"Kenya","uniform",25,60,"Tested",297.18
"Kenya","uniform",25,61,"Enrolled",86.84
"Kenya","uniform",25,61,"Tested",271.52
"Kenya","uniform",25,62,"Enrolled",86.48
"Kenya","uniform",25,62,"Tested",268.56
"Kenya","uniform",25,63,"Enrolled",81.32
"Kenya","uniform",25,63,"Tested",248
"Kenya","uniform",25,64,"Enrolled",94.5
"Kenya","uniform",25,64,"Tested",288.64
"Kenya","uniform",25,65,"Enrolled",81.66
"Kenya","uniform",25,65,"Tested",246.88
"Kenya","uniform",25,66,"Enrolled",114.1
"Kenya","uniform",25,66,"Tested",349.94
"Kenya","uniform",25,67,"Enrolled",104.62
"Kenya","uniform",25,67,"Tested",324.48
"Kenya","uniform",25,68,"Enrolled",109.22
"Kenya","uniform",25,68,"Tested",336.36
"Kenya","uniform",25,69,"Enrolled",93.54
"Kenya","uniform",25,69,"Tested",283.7
"Kenya","uniform",25,70,"Enrolled",83.9
"Kenya","uniform",25,70,"Tested",255.86
"Kenya","uniform",25,71,"Enrolled",82.32
"Kenya","uniform",25,71,"Tested",247.52
"Kenya","uniform",25,72,"Enrolled",91.58
"Kenya","uniform",25,72,"Tested",279.48
"Kenya","uniform",25,73,"Enrolled",129
"Kenya","uniform",25,73,"Tested",397.74
"Kenya","uniform",25,74,"Enrolled",112.3
"Kenya","uniform",25,74,"Tested",339.66
"Kenya","uniform",25,75,"Enrolled",104.9
"Kenya","uniform",25,75,"Tested",321.78
"Kenya","uniform",25,76,"Enrolled",103.76
"Kenya","uniform",25,76,"Tested",321.92
"Kenya","uniform",25,77,"Enrolled",81.16
"Kenya","uniform",25,77,"Tested",247.24
"Kenya","uniform",25,78,"Enrolled",77.02
"Kenya","uniform",25,78,"Tested",239.6
"Kenya","uniform",25,79,"Enrolled",88.24
"Kenya","uniform",25,79,"Tested",270.82
"Kenya","uniform",25,80,"Enrolled",95.18
"Kenya","uniform",25,80,"Tested",292.58
"Kenya","uniform",25,81,"Enrolled",99.16
"Kenya","uniform",25,81,"Tested",301.68
"Kenya","uniform",25,82,"Enrolled",79.4
"Kenya","uniform",25,82,"Tested",244.16
"Kenya","uniform",25,83,"Enrolled",87.84
"Kenya","uniform",25,83,"Tested",273.32
"Kenya","uniform",25,84,"Enrolled",93.82
"Kenya","uniform",25,84,"Tested",288.24
"Kenya","uniform",25,85,"Enrolled",110.32
"Kenya","uniform",25,85,"Tested",339.84
"Kenya","uniform",25,86,"Enrolled",85
"Kenya","uniform",25,86,"Tested",256.5
"Kenya","uniform",25,87,"Enrolled",87.34
"Kenya","uniform",25,87,"Tested",268.36
"Kenya","uniform",25,88,"Enrolled",113.72
"Kenya","uniform",25,88,"Tested",348.78
"Kenya","uniform",25,89,"Enrolled",96.12
"Kenya","uniform",25,89,"Tested",298.68
"Kenya","uniform",25,90,"Enrolled",92.88
"Kenya","uniform",25,90,"Tested",282.22
"Kenya","uniform",25,91,"Enrolled",82.46
"Kenya","uniform",25,91,"Tested",255.78
"Kenya","uniform",25,92,"Enrolled",90.88
"Kenya","uniform",25,92,"Tested",275.3
"Kenya","uniform",25,93,"Enrolled",99.78
"Kenya","uniform",25,93,"Tested",311.62
"Kenya","uniform",25,94,"Enrolled",99.8
"Kenya","uniform",25,94,"Tested",301.3
"Kenya","uniform",25,95,"Enrolled",96.8
"Kenya","uniform",25,95,"Tested",296.3
"Kenya","uniform",25,96,"Enrolled",93.14
"Kenya","uniform",25,96,"Tested",283.7
"Kenya","uniform",25,97,"Enrolled",89.64
"Kenya","uniform",25,97,"Tested",269.58
"Kenya","uniform",25,98,"Enrolled",94.24
"Kenya","uniform",25,98,"Tested",297.66
"Kenya","uniform",25,99,"Enrolled",103.5
"Kenya","uniform",25,99,"Tested",313.66
"Kenya","uniform",25,100,"Enrolled",104.72
"Kenya","uniform",25,100,"Tested",322.96
"Kenya","uniform",30,1,"Enrolled",92.52
"Kenya","uniform",30,1,"Tested",253.24
"Kenya","uniform",30,2,"Enrolled",114.54
"Kenya","uniform",30,2,"Tested",306.22
"Kenya","uniform",30,3,"Enrolled",94.86
"Kenya","uniform",30,3,"Tested",253.94
"Kenya","uniform",30,4,"Enrolled",84.34
"Kenya","uniform",30,4,"Tested",230.12
"Kenya","uniform",30,5,"Enrolled",78.5
"Kenya","uniform",30,5,"Tested",210.2
"Kenya","uniform",30,6,"Enrolled",78.8
"Kenya","uniform",30,6,"Tested",212.16
"Kenya","uniform",30,7,"Enrolled",90.18
"Kenya","uniform",30,7,"Tested",242.98
"Kenya","uniform",30,8,"Enrolled",101.52
"Kenya","uniform",30,8,"Tested",268.42
"Kenya","uniform",30,9,"Enrolled",129.76
"Kenya","uniform",30,9,"Tested",347.72
"Kenya","uniform",30,10,"Enrolled",110.6
"Kenya","uniform",30,10,"Tested",295.78
"Kenya","uniform",30,11,"Enrolled",101.08
"Kenya","uniform",30,11,"Tested",272.06
"Kenya","uniform",30,12,"Enrolled",86.7
"Kenya","uniform",30,12,"Tested",230.2
"Kenya","uniform",30,13,"Enrolled",97.4
"Kenya","uniform",30,13,"Tested",267.64
"Kenya","uniform",30,14,"Enrolled",100
"Kenya","uniform",30,14,"Tested",265.8
"Kenya","uniform",30,15,"Enrolled",110.64
"Kenya","uniform",30,15,"Tested",296.4
"Kenya","uniform",30,16,"Enrolled",114.3
"Kenya","uniform",30,16,"Tested",301.92
"Kenya","uniform",30,17,"Enrolled",94.56
"Kenya","uniform",30,17,"Tested",258.38
"Kenya","uniform",30,18,"Enrolled",95.88
"Kenya","uniform",30,18,"Tested",262.62
"Kenya","uniform",30,19,"Enrolled",129.12
"Kenya","uniform",30,19,"Tested",353.32
"Kenya","uniform",30,20,"Enrolled",90.14
"Kenya","uniform",30,20,"Tested",238
"Kenya","uniform",30,21,"Enrolled",85.34
"Kenya","uniform",30,21,"Tested",233.62
"Kenya","uniform",30,22,"Enrolled",99.04
"Kenya","uniform",30,22,"Tested",265.18
"Kenya","uniform",30,23,"Enrolled",95.9
"Kenya","uniform",30,23,"Tested",259.32
"Kenya","uniform",30,24,"Enrolled",83.62
"Kenya","uniform",30,24,"Tested",226.94
"Kenya","uniform",30,25,"Enrolled",103.58
"Kenya","uniform",30,25,"Tested",275.84
"Kenya","uniform",30,26,"Enrolled",96.52
"Kenya","uniform",30,26,"Tested",257.74
"Kenya","uniform",30,27,"Enrolled",86.04
"Kenya","uniform",30,27,"Tested",233
"Kenya","uniform",30,28,"Enrolled",108.1
"Kenya","uniform",30,28,"Tested",291.5
"Kenya","uniform",30,29,"Enrolled",91.36
"Kenya","uniform",30,29,"Tested",244.54
"Kenya","uniform",30,30,"Enrolled",120.68
"Kenya","uniform",30,30,"Tested",321.66
"Kenya","uniform",30,31,"Enrolled",92.02
"Kenya","uniform",30,31,"Tested",255.2
"Kenya","uniform",30,32,"Enrolled",99.24
"Kenya","uniform",30,32,"Tested",265.1
"Kenya","uniform",30,33,"Enrolled",83.68
"Kenya","uniform",30,33,"Tested",225.6
"Kenya","uniform",30,34,"Enrolled",86.24
"Kenya","uniform",30,34,"Tested",233.32
"Kenya","uniform",30,35,"Enrolled",106.78
"Kenya","uniform",30,35,"Tested",290.72
"Kenya","uniform",30,36,"Enrolled",121.78
"Kenya","uniform",30,36,"Tested",328.58
"Kenya","uniform",30,37,"Enrolled",108.56
"Kenya","uniform",30,37,"Tested",293.96
"Kenya","uniform",30,38,"Enrolled",89.22
"Kenya","uniform",30,38,"Tested",242.34
"Kenya","uniform",30,39,"Enrolled",94.38
"Kenya","uniform",30,39,"Tested",252.1
"Kenya","uniform",30,40,"Enrolled",100.42
"Kenya","uniform",30,40,"Tested",272.28
"Kenya","uniform",30,41,"Enrolled",86.08
"Kenya","uniform",30,41,"Tested",233.78
"Kenya","uniform",30,42,"Enrolled",83.84
"Kenya","uniform",30,42,"Tested",225.18
"Kenya","uniform",30,43,"Enrolled",124.28
"Kenya","uniform",30,43,"Tested",340.5
"Kenya","uniform",30,44,"Enrolled",110
"Kenya","uniform",30,44,"Tested",300.48
"Kenya","uniform",30,45,"Enrolled",99.56
"Kenya","uniform",30,45,"Tested",269.96
"Kenya","uniform",30,46,"Enrolled",104.58
"Kenya","uniform",30,46,"Tested",279
"Kenya","uniform",30,47,"Enrolled",106.52
"Kenya","uniform",30,47,"Tested",291.12
"Kenya","uniform",30,48,"Enrolled",99.48
"Kenya","uniform",30,48,"Tested",270.28
"Kenya","uniform",30,49,"Enrolled",108.72
"Kenya","uniform",30,49,"Tested",299.32
"Kenya","uniform",30,50,"Enrolled",106.16
"Kenya","uniform",30,50,"Tested",285.12
"Kenya","uniform",30,51,"Enrolled",91.78
"Kenya","uniform",30,51,"Tested",247.06
"Kenya","uniform",30,52,"Enrolled",89.54
"Kenya","uniform",30,52,"Tested",244.72
"Kenya","uniform",30,53,"Enrolled",114.58
"Kenya","uniform",30,53,"Tested",305.66
"Kenya","uniform",30,54,"Enrolled",116.22
"Kenya","uniform",30,54,"Tested",309.88
"Kenya","uniform",30,55,"Enrolled",90.62
"Kenya","uniform",30,55,"Tested",245.02
"Kenya","uniform",30,56,"Enrolled",114.94
"Kenya","uniform",30,56,"Tested",309.2
"Kenya","uniform",30,57,"Enrolled",106.4
"Kenya","uniform",30,57,"Tested",294.62
"Kenya","uniform",30,58,"Enrolled",104.84
"Kenya","uniform",30,58,"Tested",287.14
"Kenya","uniform",30,59,"Enrolled",83.5
"Kenya","uniform",30,59,"Tested",230.96
"Kenya","uniform",30,60,"Enrolled",86.68
"Kenya","uniform",30,60,"Tested",231.52
"Kenya","uniform",30,61,"Enrolled",73.68
"Kenya","uniform",30,61,"Tested",198.76
"Kenya","uniform",30,62,"Enrolled",95.5
"Kenya","uniform",30,62,"Tested",257.74
"Kenya","uniform",30,63,"Enrolled",142.8
"Kenya","uniform",30,63,"Tested",381.66
"Kenya","uniform",30,64,"Enrolled",116.18
"Kenya","uniform",30,64,"Tested",311.5
"Kenya","uniform",30,65,"Enrolled",102.38
"Kenya","uniform",30,65,"Tested",274.82
"Kenya","uniform",30,66,"Enrolled",100.36
"Kenya","uniform",30,66,"Tested",269.86
"Kenya","uniform",30,67,"Enrolled",112.42
"Kenya","uniform",30,67,"Tested",298.68
"Kenya","uniform",30,68,"Enrolled",88.7
"Kenya","uniform",30,68,"Tested",240.62
"Kenya","uniform",30,69,"Enrolled",99.42
"Kenya","uniform",30,69,"Tested",276.18
"Kenya","uniform",30,70,"Enrolled",72.88
"Kenya","uniform",30,70,"Tested",197.12
"Kenya","uniform",30,71,"Enrolled",92.58
"Kenya","uniform",30,71,"Tested",247.46
"Kenya","uniform",30,72,"Enrolled",84.32
"Kenya","uniform",30,72,"Tested",227.26
"Kenya","uniform",30,73,"Enrolled",95.26
"Kenya","uniform",30,73,"Tested",258.06
"Kenya","uniform",30,74,"Enrolled",88.82
"Kenya","uniform",30,74,"Tested",239.1
"Kenya","uniform",30,75,"Enrolled",75.7
"Kenya","uniform",30,75,"Tested",204.94
"Kenya","uniform",30,76,"Enrolled",87.12
"Kenya","uniform",30,76,"Tested",235.86
"Kenya","uniform",30,77,"Enrolled",75.54
"Kenya","uniform",30,77,"Tested",205.9
"Kenya","uniform",30,78,"Enrolled",132.74
"Kenya","uniform",30,78,"Tested",359.98
"Kenya","uniform",30,79,"Enrolled",123.36
"Kenya","uniform",30,79,"Tested",333.48
"Kenya","uniform",30,80,"Enrolled",97.32
"Kenya","uniform",30,80,"Tested",264.08
"Kenya","uniform",30,81,"Enrolled",114.38
"Kenya","uniform",30,81,"Tested",311.32
"Kenya","uniform",30,82,"Enrolled",95.48
"Kenya","uniform",30,82,"Tested",258.22
"Kenya","uniform",30,83,"Enrolled",102.2
"Kenya","uniform",30,83,"Tested",275.44
"Kenya","uniform",30,84,"Enrolled",91.88
"Kenya","uniform",30,84,"Tested",248.42
"Kenya","uniform",30,85,"Enrolled",103.2
"Kenya","uniform",30,85,"Tested",279.06
"Kenya","uniform",30,86,"Enrolled",79.16
"Kenya","uniform",30,86,"Tested",214.68
"Kenya","uniform",30,87,"Enrolled",94.36
"Kenya","uniform",30,87,"Tested",254.98
"Kenya","uniform",30,88,"Enrolled",81
"Kenya","uniform",30,88,"Tested",219.66
"Kenya","uniform",30,89,"Enrolled",87.34
"Kenya","uniform",30,89,"Tested",234.36
"Kenya","uniform",30,90,"Enrolled",108.52
"Kenya","uniform",30,90,"Tested",293.6
"Kenya","uniform",30,91,"Enrolled",93.52
"Kenya","uniform",30,91,"Tested",250.62
"Kenya","uniform",30,92,"Enrolled",88.16
"Kenya","uniform",30,92,"Tested",239.5
"Kenya","uniform",30,93,"Enrolled",92
"Kenya","uniform",30,93,"Tested",251.18
"Kenya","uniform",30,94,"Enrolled",116.42
"Kenya","uniform",30,94,"Tested",309.6
"Kenya","uniform",30,95,"Enrolled",104.96
"Kenya","uniform",30,95,"Tested",284.74
"Kenya","uniform",30,96,"Enrolled",115.36
"Kenya","uniform",30,96,"Tested",310
"Kenya","uniform",30,97,"Enrolled",116.74
"Kenya","uniform",30,97,"Tested",313.84
"Kenya","uniform",30,98,"Enrolled",126.4
"Kenya","uniform",30,98,"Tested",339.28
"Kenya","uniform",30,99,"Enrolled",109.88
"Kenya","uniform",30,99,"Tested",300.1
"Kenya","uniform",30,100,"Enrolled",81.96
"Kenya","uniform",30,100,"Tested",220.02
"Kenya","uniform",35,1,"Enrolled",108.86
"Kenya","uniform",35,1,"Tested",266.8
"Kenya","uniform",35,2,"Enrolled",100.74
"Kenya","uniform",35,2,"Tested",249.62
"Kenya","uniform",35,3,"Enrolled",117.38
"Kenya","uniform",35,3,"Tested",293.68
"Kenya","uniform",35,4,"Enrolled",106.62
"Kenya","uniform",35,4,"Tested",261.46
"Kenya","uniform",35,5,"Enrolled",94.7
"Kenya","uniform",35,5,"Tested",234.78
"Kenya","uniform",35,6,"Enrolled",79.9
"Kenya","uniform",35,6,"Tested",198.98
"Kenya","uniform",35,7,"Enrolled",102.94
"Kenya","uniform",35,7,"Tested",253.22
"Kenya","uniform",35,8,"Enrolled",100.9
"Kenya","uniform",35,8,"Tested",247.94
"Kenya","uniform",35,9,"Enrolled",77.62
"Kenya","uniform",35,9,"Tested",192.46
"Kenya","uniform",35,10,"Enrolled",104.54
"Kenya","uniform",35,10,"Tested",255.98
"Kenya","uniform",35,11,"Enrolled",101.96
"Kenya","uniform",35,11,"Tested",250.9
"Kenya","uniform",35,12,"Enrolled",110.54
"Kenya","uniform",35,12,"Tested",272.62
"Kenya","uniform",35,13,"Enrolled",108.74
"Kenya","uniform",35,13,"Tested",270.6
"Kenya","uniform",35,14,"Enrolled",105.04
"Kenya","uniform",35,14,"Tested",261.18
"Kenya","uniform",35,15,"Enrolled",77.36
"Kenya","uniform",35,15,"Tested",191.2
"Kenya","uniform",35,16,"Enrolled",89.76
"Kenya","uniform",35,16,"Tested",222.86
"Kenya","uniform",35,17,"Enrolled",98.16
"Kenya","uniform",35,17,"Tested",239.3
"Kenya","uniform",35,18,"Enrolled",102.2
"Kenya","uniform",35,18,"Tested",250.4
"Kenya","uniform",35,19,"Enrolled",107.12
"Kenya","uniform",35,19,"Tested",261.66
"Kenya","uniform",35,20,"Enrolled",99.34
"Kenya","uniform",35,20,"Tested",246.32
"Kenya","uniform",35,21,"Enrolled",122.54
"Kenya","uniform",35,21,"Tested",307.24
"Kenya","uniform",35,22,"Enrolled",74.42
"Kenya","uniform",35,22,"Tested",186.9
"Kenya","uniform",35,23,"Enrolled",85.78
"Kenya","uniform",35,23,"Tested",211.44
"Kenya","uniform",35,24,"Enrolled",101.46
"Kenya","uniform",35,24,"Tested",252.24
"Kenya","uniform",35,25,"Enrolled",88.98
"Kenya","uniform",35,25,"Tested",218.44
"Kenya","uniform",35,26,"Enrolled",96.5
"Kenya","uniform",35,26,"Tested",237.72
"Kenya","uniform",35,27,"Enrolled",105.3
"Kenya","uniform",35,27,"Tested",262.32
"Kenya","uniform",35,28,"Enrolled",105.04
"Kenya","uniform",35,28,"Tested",265.36
"Kenya","uniform",35,29,"Enrolled",104.52
"Kenya","uniform",35,29,"Tested",261.02
"Kenya","uniform",35,30,"Enrolled",94.32
"Kenya","uniform",35,30,"Tested",233.66
"Kenya","uniform",35,31,"Enrolled",104.32
"Kenya","uniform",35,31,"Tested",258.4
"Kenya","uniform",35,32,"Enrolled",125.28
"Kenya","uniform",35,32,"Tested",306.78
"Kenya","uniform",35,33,"Enrolled",100.72
"Kenya","uniform",35,33,"Tested",249.18
"Kenya","uniform",35,34,"Enrolled",86.06
"Kenya","uniform",35,34,"Tested",212
"Kenya","uniform",35,35,"Enrolled",86
"Kenya","uniform",35,35,"Tested",211.84
"Kenya","uniform",35,36,"Enrolled",100.8
"Kenya","uniform",35,36,"Tested",248.66
"Kenya","uniform",35,37,"Enrolled",90.74
"Kenya","uniform",35,37,"Tested",224.46
"Kenya","uniform",35,38,"Enrolled",101.54
"Kenya","uniform",35,38,"Tested",257
"Kenya","uniform",35,39,"Enrolled",101.1
"Kenya","uniform",35,39,"Tested",249.54
"Kenya","uniform",35,40,"Enrolled",125.1
"Kenya","uniform",35,40,"Tested",304.06
"Kenya","uniform",35,41,"Enrolled",81.2
"Kenya","uniform",35,41,"Tested",200.22
"Kenya","uniform",35,42,"Enrolled",109.12
"Kenya","uniform",35,42,"Tested",270.1
"Kenya","uniform",35,43,"Enrolled",78.8
"Kenya","uniform",35,43,"Tested",191.94
"Kenya","uniform",35,44,"Enrolled",84.64
"Kenya","uniform",35,44,"Tested",212.52
"Kenya","uniform",35,45,"Enrolled",87.78
"Kenya","uniform",35,45,"Tested",215.92
"Kenya","uniform",35,46,"Enrolled",101.02
"Kenya","uniform",35,46,"Tested",247.48
"Kenya","uniform",35,47,"Enrolled",112.72
"Kenya","uniform",35,47,"Tested",282.8
"Kenya","uniform",35,48,"Enrolled",92.64
"Kenya","uniform",35,48,"Tested",230.06
"Kenya","uniform",35,49,"Enrolled",110.76
"Kenya","uniform",35,49,"Tested",272.98
"Kenya","uniform",35,50,"Enrolled",79.58
"Kenya","uniform",35,50,"Tested",194.98
"Kenya","uniform",35,51,"Enrolled",89.8
"Kenya","uniform",35,51,"Tested",224.14
"Kenya","uniform",35,52,"Enrolled",92.54
"Kenya","uniform",35,52,"Tested",230.82
"Kenya","uniform",35,53,"Enrolled",103.32
"Kenya","uniform",35,53,"Tested",259.26
"Kenya","uniform",35,54,"Enrolled",105.88
"Kenya","uniform",35,54,"Tested",263.08
"Kenya","uniform",35,55,"Enrolled",137.28
"Kenya","uniform",35,55,"Tested",332.92
"Kenya","uniform",35,56,"Enrolled",106.8
"Kenya","uniform",35,56,"Tested",264.54
"Kenya","uniform",35,57,"Enrolled",87.34
"Kenya","uniform",35,57,"Tested",217.04
"Kenya","uniform",35,58,"Enrolled",105.46
"Kenya","uniform",35,58,"Tested",263.06
"Kenya","uniform",35,59,"Enrolled",111.74
"Kenya","uniform",35,59,"Tested",278.02
"Kenya","uniform",35,60,"Enrolled",109.98
"Kenya","uniform",35,60,"Tested",271.3
"Kenya","uniform",35,61,"Enrolled",94.74
"Kenya","uniform",35,61,"Tested",231.04
"Kenya","uniform",35,62,"Enrolled",100.94
"Kenya","uniform",35,62,"Tested",250.4
"Kenya","uniform",35,63,"Enrolled",128.38
"Kenya","uniform",35,63,"Tested",312.94
"Kenya","uniform",35,64,"Enrolled",112.44
"Kenya","uniform",35,64,"Tested",281
"Kenya","uniform",35,65,"Enrolled",87.72
"Kenya","uniform",35,65,"Tested",216.96
"Kenya","uniform",35,66,"Enrolled",107.08
"Kenya","uniform",35,66,"Tested",262.26
"Kenya","uniform",35,67,"Enrolled",97.4
"Kenya","uniform",35,67,"Tested",242.24
"Kenya","uniform",35,68,"Enrolled",101.94
"Kenya","uniform",35,68,"Tested",258.46
"Kenya","uniform",35,69,"Enrolled",94.62
"Kenya","uniform",35,69,"Tested",231.04
"Kenya","uniform",35,70,"Enrolled",97.34
"Kenya","uniform",35,70,"Tested",241.6
"Kenya","uniform",35,71,"Enrolled",91.16
"Kenya","uniform",35,71,"Tested",224.08
"Kenya","uniform",35,72,"Enrolled",86.62
"Kenya","uniform",35,72,"Tested",217.6
"Kenya","uniform",35,73,"Enrolled",86.46
"Kenya","uniform",35,73,"Tested",215.22
"Kenya","uniform",35,74,"Enrolled",96.12
"Kenya","uniform",35,74,"Tested",238.6
"Kenya","uniform",35,75,"Enrolled",86.78
"Kenya","uniform",35,75,"Tested",210.78
"Kenya","uniform",35,76,"Enrolled",86.24
"Kenya","uniform",35,76,"Tested",210.48
"Kenya","uniform",35,77,"Enrolled",88.62
"Kenya","uniform",35,77,"Tested",221.6
"Kenya","uniform",35,78,"Enrolled",105.26
"Kenya","uniform",35,78,"Tested",261.42
"Kenya","uniform",35,79,"Enrolled",120.4
"Kenya","uniform",35,79,"Tested",295.8
"Kenya","uniform",35,80,"Enrolled",102.5
"Kenya","uniform",35,80,"Tested",255.8
"Kenya","uniform",35,81,"Enrolled",95.74
"Kenya","uniform",35,81,"Tested",237.64
"Kenya","uniform",35,82,"Enrolled",77.02
"Kenya","uniform",35,82,"Tested",193.84
"Kenya","uniform",35,83,"Enrolled",89.88
"Kenya","uniform",35,83,"Tested",224.88
"Kenya","uniform",35,84,"Enrolled",98.3
"Kenya","uniform",35,84,"Tested",241.88
"Kenya","uniform",35,85,"Enrolled",80.26
"Kenya","uniform",35,85,"Tested",199.6
"Kenya","uniform",35,86,"Enrolled",94.12
"Kenya","uniform",35,86,"Tested",238.96
"Kenya","uniform",35,87,"Enrolled",103.46
"Kenya","uniform",35,87,"Tested",256.86
"Kenya","uniform",35,88,"Enrolled",101.54
"Kenya","uniform",35,88,"Tested",254.58
"Kenya","uniform",35,89,"Enrolled",86.36
"Kenya","uniform",35,89,"Tested",213.64
"Kenya","uniform",35,90,"Enrolled",95.8
"Kenya","uniform",35,90,"Tested",236.38
"Kenya","uniform",35,91,"Enrolled",93.42
"Kenya","uniform",35,91,"Tested",228.92
"Kenya","uniform",35,92,"Enrolled",98.42
"Kenya","uniform",35,92,"Tested",240.44
"Kenya","uniform",35,93,"Enrolled",94.16
"Kenya","uniform",35,93,"Tested",227.36
"Kenya","uniform",35,94,"Enrolled",97.98
"Kenya","uniform",35,94,"Tested",240.32
"Kenya","uniform",35,95,"Enrolled",104.96
"Kenya","uniform",35,95,"Tested",259.88
"Kenya","uniform",35,96,"Enrolled",125.04
"Kenya","uniform",35,96,"Tested",308.88
"Kenya","uniform",35,97,"Enrolled",83.48
"Kenya","uniform",35,97,"Tested",206.58
"Kenya","uniform",35,98,"Enrolled",88.34
"Kenya","uniform",35,98,"Tested",217.76
"Kenya","uniform",35,99,"Enrolled",117.26
"Kenya","uniform",35,99,"Tested",285.62
"Kenya","uniform",35,100,"Enrolled",131.58
"Kenya","uniform",35,100,"Tested",327.44
"Kenya","uniform",40,1,"Enrolled",87.96
"Kenya","uniform",40,1,"Tested",204.98
"Kenya","uniform",40,2,"Enrolled",81.66
"Kenya","uniform",40,2,"Tested",193.22
"Kenya","uniform",40,3,"Enrolled",97.36
"Kenya","uniform",40,3,"Tested",233.46
"Kenya","uniform",40,4,"Enrolled",106.44
"Kenya","uniform",40,4,"Tested",248.76
"Kenya","uniform",40,5,"Enrolled",107.22
"Kenya","uniform",40,5,"Tested",251.86
"Kenya","uniform",40,6,"Enrolled",95.66
"Kenya","uniform",40,6,"Tested",225.74
"Kenya","uniform",40,7,"Enrolled",128.36
"Kenya","uniform",40,7,"Tested",299.32
"Kenya","uniform",40,8,"Enrolled",94.86
"Kenya","uniform",40,8,"Tested",223.48
"Kenya","uniform",40,9,"Enrolled",99
"Kenya","uniform",40,9,"Tested",234.42
"Kenya","uniform",40,10,"Enrolled",116.46
"Kenya","uniform",40,10,"Tested",272.72
"Kenya","uniform",40,11,"Enrolled",84.24
"Kenya","uniform",40,11,"Tested",197.32
"Kenya","uniform",40,12,"Enrolled",74.5
"Kenya","uniform",40,12,"Tested",172.86
"Kenya","uniform",40,13,"Enrolled",91.78
"Kenya","uniform",40,13,"Tested",213.36
"Kenya","uniform",40,14,"Enrolled",125.94
"Kenya","uniform",40,14,"Tested",295.54
"Kenya","uniform",40,15,"Enrolled",98.94
"Kenya","uniform",40,15,"Tested",227.5
"Kenya","uniform",40,16,"Enrolled",100.66
"Kenya","uniform",40,16,"Tested",237.58
"Kenya","uniform",40,17,"Enrolled",68.94
"Kenya","uniform",40,17,"Tested",160.42
"Kenya","uniform",40,18,"Enrolled",101.1
"Kenya","uniform",40,18,"Tested",233.48
"Kenya","uniform",40,19,"Enrolled",99.42
"Kenya","uniform",40,19,"Tested",232.44
"Kenya","uniform",40,20,"Enrolled",112.84
"Kenya","uniform",40,20,"Tested",264.22
"Kenya","uniform",40,21,"Enrolled",91.5
"Kenya","uniform",40,21,"Tested",214.4
"Kenya","uniform",40,22,"Enrolled",80.44
"Kenya","uniform",40,22,"Tested",186.44
"Kenya","uniform",40,23,"Enrolled",100.62
"Kenya","uniform",40,23,"Tested",240.16
"Kenya","uniform",40,24,"Enrolled",111.48
"Kenya","uniform",40,24,"Tested",260.18
"Kenya","uniform",40,25,"Enrolled",73.94
"Kenya","uniform",40,25,"Tested",172.86
"Kenya","uniform",40,26,"Enrolled",94.32
"Kenya","uniform",40,26,"Tested",223.4
"Kenya","uniform",40,27,"Enrolled",114.44
"Kenya","uniform",40,27,"Tested",265.52
"Kenya","uniform",40,28,"Enrolled",95.66
"Kenya","uniform",40,28,"Tested",224.36
"Kenya","uniform",40,29,"Enrolled",74.76
"Kenya","uniform",40,29,"Tested",172.84
"Kenya","uniform",40,30,"Enrolled",92.66
"Kenya","uniform",40,30,"Tested",215.74
"Kenya","uniform",40,31,"Enrolled",92.44
"Kenya","uniform",40,31,"Tested",215.6
"Kenya","uniform",40,32,"Enrolled",102.96
"Kenya","uniform",40,32,"Tested",239.68
"Kenya","uniform",40,33,"Enrolled",106.44
"Kenya","uniform",40,33,"Tested",249.32
"Kenya","uniform",40,34,"Enrolled",99.48
"Kenya","uniform",40,34,"Tested",232.86
"Kenya","uniform",40,35,"Enrolled",102.58
"Kenya","uniform",40,35,"Tested",240.78
"Kenya","uniform",40,36,"Enrolled",95.4
"Kenya","uniform",40,36,"Tested",223.7
"Kenya","uniform",40,37,"Enrolled",101.12
"Kenya","uniform",40,37,"Tested",232.98
"Kenya","uniform",40,38,"Enrolled",94.82
"Kenya","uniform",40,38,"Tested",222.46
"Kenya","uniform",40,39,"Enrolled",89.42
"Kenya","uniform",40,39,"Tested",209.12
"Kenya","uniform",40,40,"Enrolled",99.96
"Kenya","uniform",40,40,"Tested",229.52
"Kenya","uniform",40,41,"Enrolled",106.4
"Kenya","uniform",40,41,"Tested",246.78
"Kenya","uniform",40,42,"Enrolled",119.56
"Kenya","uniform",40,42,"Tested",280.9
"Kenya","uniform",40,43,"Enrolled",86.14
"Kenya","uniform",40,43,"Tested",204.34
"Kenya","uniform",40,44,"Enrolled",118.84
"Kenya","uniform",40,44,"Tested",279.02
"Kenya","uniform",40,45,"Enrolled",101.6
"Kenya","uniform",40,45,"Tested",237.84
"Kenya","uniform",40,46,"Enrolled",100.66
"Kenya","uniform",40,46,"Tested",240.84
"Kenya","uniform",40,47,"Enrolled",77.32
"Kenya","uniform",40,47,"Tested",177.74
"Kenya","uniform",40,48,"Enrolled",104.42
"Kenya","uniform",40,48,"Tested",246.62
"Kenya","uniform",40,49,"Enrolled",95.62
"Kenya","uniform",40,49,"Tested",223
"Kenya","uniform",40,50,"Enrolled",88.26
"Kenya","uniform",40,50,"Tested",205.84
"Kenya","uniform",40,51,"Enrolled",109.92
"Kenya","uniform",40,51,"Tested",258.26
"Kenya","uniform",40,52,"Enrolled",83.82
"Kenya","uniform",40,52,"Tested",195.48
"Kenya","uniform",40,53,"Enrolled",92.92
"Kenya","uniform",40,53,"Tested",216.76
"Kenya","uniform",40,54,"Enrolled",90.24
"Kenya","uniform",40,54,"Tested",206.34
"Kenya","uniform",40,55,"Enrolled",79.1
"Kenya","uniform",40,55,"Tested",183.44
"Kenya","uniform",40,56,"Enrolled",86.72
"Kenya","uniform",40,56,"Tested",207.58
"Kenya","uniform",40,57,"Enrolled",93.44
"Kenya","uniform",40,57,"Tested",215.4
"Kenya","uniform",40,58,"Enrolled",86.66
"Kenya","uniform",40,58,"Tested",203.1
"Kenya","uniform",40,59,"Enrolled",110.82
"Kenya","uniform",40,59,"Tested",256.56
"Kenya","uniform",40,60,"Enrolled",105.1
"Kenya","uniform",40,60,"Tested",246.4
"Kenya","uniform",40,61,"Enrolled",79.52
"Kenya","uniform",40,61,"Tested",186.84
"Kenya","uniform",40,62,"Enrolled",102.62
"Kenya","uniform",40,62,"Tested",244.36
"Kenya","uniform",40,63,"Enrolled",88.66
"Kenya","uniform",40,63,"Tested",206.94
"Kenya","uniform",40,64,"Enrolled",101.8
"Kenya","uniform",40,64,"Tested",239.36
"Kenya","uniform",40,65,"Enrolled",91.4
"Kenya","uniform",40,65,"Tested",214.44
"Kenya","uniform",40,66,"Enrolled",99.94
"Kenya","uniform",40,66,"Tested",226.72
"Kenya","uniform",40,67,"Enrolled",107.5
"Kenya","uniform",40,67,"Tested",252
"Kenya","uniform",40,68,"Enrolled",106.64
"Kenya","uniform",40,68,"Tested",247.72
"Kenya","uniform",40,69,"Enrolled",114
"Kenya","uniform",40,69,"Tested",262.9
"Kenya","uniform",40,70,"Enrolled",102.62
"Kenya","uniform",40,70,"Tested",241.58
"Kenya","uniform",40,71,"Enrolled",88.72
"Kenya","uniform",40,71,"Tested",205.58
"Kenya","uniform",40,72,"Enrolled",82.34
"Kenya","uniform",40,72,"Tested",194.36
"Kenya","uniform",40,73,"Enrolled",105.5
"Kenya","uniform",40,73,"Tested",245.22
"Kenya","uniform",40,74,"Enrolled",94.76
"Kenya","uniform",40,74,"Tested",217.54
"Kenya","uniform",40,75,"Enrolled",68.72
"Kenya","uniform",40,75,"Tested",158.22
"Kenya","uniform",40,76,"Enrolled",94.58
"Kenya","uniform",40,76,"Tested",221.26
"Kenya","uniform",40,77,"Enrolled",133.72
"Kenya","uniform",40,77,"Tested",315.38
"Kenya","uniform",40,78,"Enrolled",107.68
"Kenya","uniform",40,78,"Tested",250.24
"Kenya","uniform",40,79,"Enrolled",102.1
"Kenya","uniform",40,79,"Tested",240.42
"Kenya","uniform",40,80,"Enrolled",142.48
"Kenya","uniform",40,80,"Tested",335.08
"Kenya","uniform",40,81,"Enrolled",106.72
"Kenya","uniform",40,81,"Tested",246.54
"Kenya","uniform",40,82,"Enrolled",96.68
"Kenya","uniform",40,82,"Tested",224.02
"Kenya","uniform",40,83,"Enrolled",77.36
"Kenya","uniform",40,83,"Tested",184.5
"Kenya","uniform",40,84,"Enrolled",76.8
"Kenya","uniform",40,84,"Tested",176.06
"Kenya","uniform",40,85,"Enrolled",113.56
"Kenya","uniform",40,85,"Tested",268.86
"Kenya","uniform",40,86,"Enrolled",111.12
"Kenya","uniform",40,86,"Tested",258.96
"Kenya","uniform",40,87,"Enrolled",90.22
"Kenya","uniform",40,87,"Tested",212.36
"Kenya","uniform",40,88,"Enrolled",135.8
"Kenya","uniform",40,88,"Tested",318.2
"Kenya","uniform",40,89,"Enrolled",81.56
"Kenya","uniform",40,89,"Tested",192.9
"Kenya","uniform",40,90,"Enrolled",140.44
"Kenya","uniform",40,90,"Tested",326.08
"Kenya","uniform",40,91,"Enrolled",111.8
"Kenya","uniform",40,91,"Tested",261.42
"Kenya","uniform",40,92,"Enrolled",89.6
"Kenya","uniform",40,92,"Tested",207.08
"Kenya","uniform",40,93,"Enrolled",93.02
"Kenya","uniform",40,93,"Tested",220.34
"Kenya","uniform",40,94,"Enrolled",100.54
"Kenya","uniform",40,94,"Tested",235.24
"Kenya","uniform",40,95,"Enrolled",90
"Kenya","uniform",40,95,"Tested",209.96
"Kenya","uniform",40,96,"Enrolled",97.78
"Kenya","uniform",40,96,"Tested",232.72
"Kenya","uniform",40,97,"Enrolled",103.02
"Kenya","uniform",40,97,"Tested",240.92
"Kenya","uniform",40,98,"Enrolled",114.54
"Kenya","uniform",40,98,"Tested",266.74
"Kenya","uniform",40,99,"Enrolled",107.5
"Kenya","uniform",40,99,"Tested",250.26
"Kenya","uniform",40,100,"Enrolled",118.02
"Kenya","uniform",40,100,"Tested",274.46
"Kenya","uniform",45,1,"Enrolled",108.14
"Kenya","uniform",45,1,"Tested",244.52
"Kenya","uniform",45,2,"Enrolled",107.84
"Kenya","uniform",45,2,"Tested",240.36
"Kenya","uniform",45,3,"Enrolled",99.86
"Kenya","uniform",45,3,"Tested",223.78
"Kenya","uniform",45,4,"Enrolled",124.48
"Kenya","uniform",45,4,"Tested",281.06
"Kenya","uniform",45,5,"Enrolled",116.32
"Kenya","uniform",45,5,"Tested",257.82
"Kenya","uniform",45,6,"Enrolled",140.96
"Kenya","uniform",45,6,"Tested",322.5
"Kenya","uniform",45,7,"Enrolled",92.96
"Kenya","uniform",45,7,"Tested",210.8
"Kenya","uniform",45,8,"Enrolled",98.3
"Kenya","uniform",45,8,"Tested",220.62
"Kenya","uniform",45,9,"Enrolled",107.88
"Kenya","uniform",45,9,"Tested",247.38
"Kenya","uniform",45,10,"Enrolled",121.22
"Kenya","uniform",45,10,"Tested",275.72
"Kenya","uniform",45,11,"Enrolled",113.58
"Kenya","uniform",45,11,"Tested",256.56
"Kenya","uniform",45,12,"Enrolled",86.68
"Kenya","uniform",45,12,"Tested",195.46
"Kenya","uniform",45,13,"Enrolled",137.8
"Kenya","uniform",45,13,"Tested",312.1
"Kenya","uniform",45,14,"Enrolled",103.82
"Kenya","uniform",45,14,"Tested",230.4
"Kenya","uniform",45,15,"Enrolled",78.18
"Kenya","uniform",45,15,"Tested",174.26
"Kenya","uniform",45,16,"Enrolled",118.06
"Kenya","uniform",45,16,"Tested",268.9
"Kenya","uniform",45,17,"Enrolled",101.86
"Kenya","uniform",45,17,"Tested",229.44
"Kenya","uniform",45,18,"Enrolled",138.08
"Kenya","uniform",45,18,"Tested",312.98
"Kenya","uniform",45,19,"Enrolled",119.34
"Kenya","uniform",45,19,"Tested",268.52
"Kenya","uniform",45,20,"Enrolled",124.84
"Kenya","uniform",45,20,"Tested",283.7
"Kenya","uniform",45,21,"Enrolled",100.32
"Kenya","uniform",45,21,"Tested",228.84
"Kenya","uniform",45,22,"Enrolled",138.98
"Kenya","uniform",45,22,"Tested",307.22
"Kenya","uniform",45,23,"Enrolled",90.7
"Kenya","uniform",45,23,"Tested",205.48
"Kenya","uniform",45,24,"Enrolled",107.8
"Kenya","uniform",45,24,"Tested",245.36
"Kenya","uniform",45,25,"Enrolled",124.2
"Kenya","uniform",45,25,"Tested",279.42
"Kenya","uniform",45,26,"Enrolled",96.34
"Kenya","uniform",45,26,"Tested",217.36
"Kenya","uniform",45,27,"Enrolled",71.88
"Kenya","uniform",45,27,"Tested",161.28
"Kenya","uniform",45,28,"Enrolled",104.72
"Kenya","uniform",45,28,"Tested",235.62
"Kenya","uniform",45,29,"Enrolled",104.2
"Kenya","uniform",45,29,"Tested",238.3
"Kenya","uniform",45,30,"Enrolled",87.28
"Kenya","uniform",45,30,"Tested",196.36
"Kenya","uniform",45,31,"Enrolled",98.68
"Kenya","uniform",45,31,"Tested",223.78
"Kenya","uniform",45,32,"Enrolled",108.8
"Kenya","uniform",45,32,"Tested",243.48
"Kenya","uniform",45,33,"Enrolled",117.38
"Kenya","uniform",45,33,"Tested",268.26
"Kenya","uniform",45,34,"Enrolled",123.84
"Kenya","uniform",45,34,"Tested",282.82
"Kenya","uniform",45,35,"Enrolled",85.54
"Kenya","uniform",45,35,"Tested",190.76
"Kenya","uniform",45,36,"Enrolled",120.54
"Kenya","uniform",45,36,"Tested",277.36
"Kenya","uniform",45,37,"Enrolled",105.38
"Kenya","uniform",45,37,"Tested",238.48
"Kenya","uniform",45,38,"Enrolled",79.14
"Kenya","uniform",45,38,"Tested",177.08
"Kenya","uniform",45,39,"Enrolled",114.06
"Kenya","uniform",45,39,"Tested",257.64
"Kenya","uniform",45,40,"Enrolled",106.46
"Kenya","uniform",45,40,"Tested",240.06
"Kenya","uniform",45,41,"Enrolled",96.3
"Kenya","uniform",45,41,"Tested",219.12
"Kenya","uniform",45,42,"Enrolled",106.12
"Kenya","uniform",45,42,"Tested",241.22
"Kenya","uniform",45,43,"Enrolled",108.28
"Kenya","uniform",45,43,"Tested",245.68
"Kenya","uniform",45,44,"Enrolled",118.94
"Kenya","uniform",45,44,"Tested",265.86
"Kenya","uniform",45,45,"Enrolled",94.88
"Kenya","uniform",45,45,"Tested",211.84
"Kenya","uniform",45,46,"Enrolled",110.26
"Kenya","uniform",45,46,"Tested",248.34
"Kenya","uniform",45,47,"Enrolled",110.08
"Kenya","uniform",45,47,"Tested",249.1
"Kenya","uniform",45,48,"Enrolled",82.46
"Kenya","uniform",45,48,"Tested",188.4
"Kenya","uniform",45,49,"Enrolled",88.94
"Kenya","uniform",45,49,"Tested",199.86
"Kenya","uniform",45,50,"Enrolled",113.62
"Kenya","uniform",45,50,"Tested",257.1
"Kenya","uniform",45,51,"Enrolled",82.82
"Kenya","uniform",45,51,"Tested",183.74
"Kenya","uniform",45,52,"Enrolled",87.08
"Kenya","uniform",45,52,"Tested",199.18
"Kenya","uniform",45,53,"Enrolled",102.44
"Kenya","uniform",45,53,"Tested",232.58
"Kenya","uniform",45,54,"Enrolled",89.2
"Kenya","uniform",45,54,"Tested",200.48
"Kenya","uniform",45,55,"Enrolled",118.86
"Kenya","uniform",45,55,"Tested",269.08
"Kenya","uniform",45,56,"Enrolled",92.42
"Kenya","uniform",45,56,"Tested",208.74
"Kenya","uniform",45,57,"Enrolled",110.9
"Kenya","uniform",45,57,"Tested",252.9
"Kenya","uniform",45,58,"Enrolled",115.86
"Kenya","uniform",45,58,"Tested",263.64
"Kenya","uniform",45,59,"Enrolled",95.86
"Kenya","uniform",45,59,"Tested",212.2
"Kenya","uniform",45,60,"Enrolled",118.2
"Kenya","uniform",45,60,"Tested",260.22
"Kenya","uniform",45,61,"Enrolled",94.7
"Kenya","uniform",45,61,"Tested",211.98
"Kenya","uniform",45,62,"Enrolled",114.24
"Kenya","uniform",45,62,"Tested",258.24
"Kenya","uniform",45,63,"Enrolled",109.18
"Kenya","uniform",45,63,"Tested",245.44
"Kenya","uniform",45,64,"Enrolled",125.6
"Kenya","uniform",45,64,"Tested",285.16
"Kenya","uniform",45,65,"Enrolled",95.86
"Kenya","uniform",45,65,"Tested",214.58
"Kenya","uniform",45,66,"Enrolled",121.18
"Kenya","uniform",45,66,"Tested",274.18
"Kenya","uniform",45,67,"Enrolled",111.54
"Kenya","uniform",45,67,"Tested",253.54
"Kenya","uniform",45,68,"Enrolled",106.08
"Kenya","uniform",45,68,"Tested",240.48
"Kenya","uniform",45,69,"Enrolled",77.02
"Kenya","uniform",45,69,"Tested",174.76
"Kenya","uniform",45,70,"Enrolled",107.08
"Kenya","uniform",45,70,"Tested",240.26
"Kenya","uniform",45,71,"Enrolled",74.5
"Kenya","uniform",45,71,"Tested",167.22
"Kenya","uniform",45,72,"Enrolled",135.38
"Kenya","uniform",45,72,"Tested",303.1
"Kenya","uniform",45,73,"Enrolled",95.06
"Kenya","uniform",45,73,"Tested",215.56
"Kenya","uniform",45,74,"Enrolled",92.78
"Kenya","uniform",45,74,"Tested",209.82
"Kenya","uniform",45,75,"Enrolled",92.28
"Kenya","uniform",45,75,"Tested",209.1
"Kenya","uniform",45,76,"Enrolled",127.42
"Kenya","uniform",45,76,"Tested",286.26
"Kenya","uniform",45,77,"Enrolled",95.56
"Kenya","uniform",45,77,"Tested",212.72
"Kenya","uniform",45,78,"Enrolled",99.74
"Kenya","uniform",45,78,"Tested",222
"Kenya","uniform",45,79,"Enrolled",124.78
"Kenya","uniform",45,79,"Tested",283.78
"Kenya","uniform",45,80,"Enrolled",109.66
"Kenya","uniform",45,80,"Tested",248.98
"Kenya","uniform",45,81,"Enrolled",118.2
"Kenya","uniform",45,81,"Tested",265.76
"Kenya","uniform",45,82,"Enrolled",116.66
"Kenya","uniform",45,82,"Tested",258.8
"Kenya","uniform",45,83,"Enrolled",113.56
"Kenya","uniform",45,83,"Tested",255.14
"Kenya","uniform",45,84,"Enrolled",105.74
"Kenya","uniform",45,84,"Tested",232.32
"Kenya","uniform",45,85,"Enrolled",112.3
"Kenya","uniform",45,85,"Tested",252.46
"Kenya","uniform",45,86,"Enrolled",120.78
"Kenya","uniform",45,86,"Tested",276.44
"Kenya","uniform",45,87,"Enrolled",83.76
"Kenya","uniform",45,87,"Tested",187.7
"Kenya","uniform",45,88,"Enrolled",124.78
"Kenya","uniform",45,88,"Tested",282.32
"Kenya","uniform",45,89,"Enrolled",107.38
"Kenya","uniform",45,89,"Tested",243.32
"Kenya","uniform",45,90,"Enrolled",83.22
"Kenya","uniform",45,90,"Tested",186.48
"Kenya","uniform",45,91,"Enrolled",90.46
"Kenya","uniform",45,91,"Tested",204.72
"Kenya","uniform",45,92,"Enrolled",109.24
"Kenya","uniform",45,92,"Tested",248.58
"Kenya","uniform",45,93,"Enrolled",124.34
"Kenya","uniform",45,93,"Tested",279.62
"Kenya","uniform",45,94,"Enrolled",93.96
"Kenya","uniform",45,94,"Tested",210.3
"Kenya","uniform",45,95,"Enrolled",130.42
"Kenya","uniform",45,95,"Tested",293.48
"Kenya","uniform",45,96,"Enrolled",86.3
"Kenya","uniform",45,96,"Tested",196.06
"Kenya","uniform",45,97,"Enrolled",102.62
"Kenya","uniform",45,97,"Tested",232.98
"Kenya","uniform",45,98,"Enrolled",98.08
"Kenya","uniform",45,98,"Tested",221.46
"Kenya","uniform",45,99,"Enrolled",86.14
"Kenya","uniform",45,99,"Tested",196.82
"Kenya","uniform",45,100,"Enrolled",80.12
"Kenya","uniform",45,100,"Tested",179.04
"Kenya","uniform",50,1,"Enrolled",111.88
"Kenya","uniform",50,1,"Tested",247
"Kenya","uniform",50,2,"Enrolled",94.08
"Kenya","uniform",50,2,"Tested",211.02
"Kenya","uniform",50,3,"Enrolled",89.72
"Kenya","uniform",50,3,"Tested",201.12
"Kenya","uniform",50,4,"Enrolled",84.74
"Kenya","uniform",50,4,"Tested",184.08
"Kenya","uniform",50,5,"Enrolled",82.1
"Kenya","uniform",50,5,"Tested",187
"Kenya","uniform",50,6,"Enrolled",95.56
"Kenya","uniform",50,6,"Tested",212.98
"Kenya","uniform",50,7,"Enrolled",98.98
"Kenya","uniform",50,7,"Tested",218.32
"Kenya","uniform",50,8,"Enrolled",103.14
"Kenya","uniform",50,8,"Tested",229.72
"Kenya","uniform",50,9,"Enrolled",98.24
"Kenya","uniform",50,9,"Tested",220.82
"Kenya","uniform",50,10,"Enrolled",116.86
"Kenya","uniform",50,10,"Tested",255.64
"Kenya","uniform",50,11,"Enrolled",99.4
"Kenya","uniform",50,11,"Tested",219.9
"Kenya","uniform",50,12,"Enrolled",111.32
"Kenya","uniform",50,12,"Tested",244.1
"Kenya","uniform",50,13,"Enrolled",91.26
"Kenya","uniform",50,13,"Tested",205.52
"Kenya","uniform",50,14,"Enrolled",126.1
"Kenya","uniform",50,14,"Tested",277.14
"Kenya","uniform",50,15,"Enrolled",82.48
"Kenya","uniform",50,15,"Tested",182.34
"Kenya","uniform",50,16,"Enrolled",104.72
"Kenya","uniform",50,16,"Tested",228.28
"Kenya","uniform",50,17,"Enrolled",87.2
"Kenya","uniform",50,17,"Tested",194.44
"Kenya","uniform",50,18,"Enrolled",91.12
"Kenya","uniform",50,18,"Tested",200.28
"Kenya","uniform",50,19,"Enrolled",119.5
"Kenya","uniform",50,19,"Tested",267.86
"Kenya","uniform",50,20,"Enrolled",98.52
"Kenya","uniform",50,20,"Tested",222.18
"Kenya","uniform",50,21,"Enrolled",83.8
"Kenya","uniform",50,21,"Tested",185.7
"Kenya","uniform",50,22,"Enrolled",117.28
"Kenya","uniform",50,22,"Tested",262.04
"Kenya","uniform",50,23,"Enrolled",87.38
"Kenya","uniform",50,23,"Tested",193.44
"Kenya","uniform",50,24,"Enrolled",127.6
"Kenya","uniform",50,24,"Tested",283.66
"Kenya","uniform",50,25,"Enrolled",84.96
"Kenya","uniform",50,25,"Tested",187.14
"Kenya","uniform",50,26,"Enrolled",114.22
"Kenya","uniform",50,26,"Tested",250.8
"Kenya","uniform",50,27,"Enrolled",106.78
"Kenya","uniform",50,27,"Tested",236.06
"Kenya","uniform",50,28,"Enrolled",105.38
"Kenya","uniform",50,28,"Tested",233.86
"Kenya","uniform",50,29,"Enrolled",97.66
"Kenya","uniform",50,29,"Tested",215.68
"Kenya","uniform",50,30,"Enrolled",98
"Kenya","uniform",50,30,"Tested",220.8
"Kenya","uniform",50,31,"Enrolled",116.42
"Kenya","uniform",50,31,"Tested",266.02
"Kenya","uniform",50,32,"Enrolled",98.12
"Kenya","uniform",50,32,"Tested",218.02
"Kenya","uniform",50,33,"Enrolled",115.64
"Kenya","uniform",50,33,"Tested",258.28
"Kenya","uniform",50,34,"Enrolled",126.94
"Kenya","uniform",50,34,"Tested",285.88
"Kenya","uniform",50,35,"Enrolled",108
"Kenya","uniform",50,35,"Tested",240.18
"Kenya","uniform",50,36,"Enrolled",92.06
"Kenya","uniform",50,36,"Tested",206.32
"Kenya","uniform",50,37,"Enrolled",104.72
"Kenya","uniform",50,37,"Tested",230.44
"Kenya","uniform",50,38,"Enrolled",82.86
"Kenya","uniform",50,38,"Tested",186.92
"Kenya","uniform",50,39,"Enrolled",92.08
"Kenya","uniform",50,39,"Tested",203.2
"Kenya","uniform",50,40,"Enrolled",87.4
"Kenya","uniform",50,40,"Tested",192.7
"Kenya","uniform",50,41,"Enrolled",126.78
"Kenya","uniform",50,41,"Tested",282.24
"Kenya","uniform",50,42,"Enrolled",106.9
"Kenya","uniform",50,42,"Tested",236.88
"Kenya","uniform",50,43,"Enrolled",101.72
"Kenya","uniform",50,43,"Tested",226.32
"Kenya","uniform",50,44,"Enrolled",100.76
"Kenya","uniform",50,44,"Tested",223.64
"Kenya","uniform",50,45,"Enrolled",102.3
"Kenya","uniform",50,45,"Tested",228.3
"Kenya","uniform",50,46,"Enrolled",111.92
"Kenya","uniform",50,46,"Tested",248.78
"Kenya","uniform",50,47,"Enrolled",104.84
"Kenya","uniform",50,47,"Tested",239
"Kenya","uniform",50,48,"Enrolled",108.4
"Kenya","uniform",50,48,"Tested",242
"Kenya","uniform",50,49,"Enrolled",88.64
"Kenya","uniform",50,49,"Tested",202.44
"Kenya","uniform",50,50,"Enrolled",89.04
"Kenya","uniform",50,50,"Tested",199.24
"Kenya","uniform",50,51,"Enrolled",97.68
"Kenya","uniform",50,51,"Tested",220.68
"Kenya","uniform",50,52,"Enrolled",143.6
"Kenya","uniform",50,52,"Tested",319.98
"Kenya","uniform",50,53,"Enrolled",84.24
"Kenya","uniform",50,53,"Tested",185.82
"Kenya","uniform",50,54,"Enrolled",102.74
"Kenya","uniform",50,54,"Tested",227.46
"Kenya","uniform",50,55,"Enrolled",131.44
"Kenya","uniform",50,55,"Tested",293.52
"Kenya","uniform",50,56,"Enrolled",95.38
"Kenya","uniform",50,56,"Tested",214.72
"Kenya","uniform",50,57,"Enrolled",107.38
"Kenya","uniform",50,57,"Tested",236.08
"Kenya","uniform",50,58,"Enrolled",100.98
"Kenya","uniform",50,58,"Tested",222.24
"Kenya","uniform",50,59,"Enrolled",87.3
"Kenya","uniform",50,59,"Tested",191.04
"Kenya","uniform",50,60,"Enrolled",88.26
"Kenya","uniform",50,60,"Tested",200.66
"Kenya","uniform",50,61,"Enrolled",101.12
"Kenya","uniform",50,61,"Tested",221.76
"Kenya","uniform",50,62,"Enrolled",113.88
"Kenya","uniform",50,62,"Tested",252
"Kenya","uniform",50,63,"Enrolled",86.22
"Kenya","uniform",50,63,"Tested",194.4
"Kenya","uniform",50,64,"Enrolled",86.36
"Kenya","uniform",50,64,"Tested",195.02
"Kenya","uniform",50,65,"Enrolled",93.12
"Kenya","uniform",50,65,"Tested",208.4
"Kenya","uniform",50,66,"Enrolled",85.52
"Kenya","uniform",50,66,"Tested",193.54
"Kenya","uniform",50,67,"Enrolled",110.28
"Kenya","uniform",50,67,"Tested",247.88
"Kenya","uniform",50,68,"Enrolled",94.52
"Kenya","uniform",50,68,"Tested",210.46
"Kenya","uniform",50,69,"Enrolled",99
"Kenya","uniform",50,69,"Tested",221.78
"Kenya","uniform",50,70,"Enrolled",90.54
"Kenya","uniform",50,70,"Tested",203.28
"Kenya","uniform",50,71,"Enrolled",116.72
"Kenya","uniform",50,71,"Tested",260.96
"Kenya","uniform",50,72,"Enrolled",79.38
"Kenya","uniform",50,72,"Tested",175.72
"Kenya","uniform",50,73,"Enrolled",92.5
"Kenya","uniform",50,73,"Tested",206.52
"Kenya","uniform",50,74,"Enrolled",87.64
"Kenya","uniform",50,74,"Tested",194.96
"Kenya","uniform",50,75,"Enrolled",111.46
"Kenya","uniform",50,75,"Tested",248.84
"Kenya","uniform",50,76,"Enrolled",110.28
"Kenya","uniform",50,76,"Tested",242.62
"Kenya","uniform",50,77,"Enrolled",96.86
"Kenya","uniform",50,77,"Tested",216.9
"Kenya","uniform",50,78,"Enrolled",108.16
"Kenya","uniform",50,78,"Tested",239.88
"Kenya","uniform",50,79,"Enrolled",117.6
"Kenya","uniform",50,79,"Tested",257.42
"Kenya","uniform",50,80,"Enrolled",98.18
"Kenya","uniform",50,80,"Tested",224.18
"Kenya","uniform",50,81,"Enrolled",89.64
"Kenya","uniform",50,81,"Tested",199.16
"Kenya","uniform",50,82,"Enrolled",132.54
"Kenya","uniform",50,82,"Tested",298.22
"Kenya","uniform",50,83,"Enrolled",94.48
"Kenya","uniform",50,83,"Tested",212.04
"Kenya","uniform",50,84,"Enrolled",111.5
"Kenya","uniform",50,84,"Tested",252.74
"Kenya","uniform",50,85,"Enrolled",91.92
"Kenya","uniform",50,85,"Tested",204.14
"Kenya","uniform",50,86,"Enrolled",108.56
"Kenya","uniform",50,86,"Tested",239.52
"Kenya","uniform",50,87,"Enrolled",98.54
"Kenya","uniform",50,87,"Tested",215.4
"Kenya","uniform",50,88,"Enrolled",115.08
"Kenya","uniform",50,88,"Tested",255.02
"Kenya","uniform",50,89,"Enrolled",94.2
"Kenya","uniform",50,89,"Tested",208.9
"Kenya","uniform",50,90,"Enrolled",86.24
"Kenya","uniform",50,90,"Tested",193.92
"Kenya","uniform",50,91,"Enrolled",95.56
"Kenya","uniform",50,91,"Tested",214.74
"Kenya","uniform",50,92,"Enrolled",111.04
"Kenya","uniform",50,92,"Tested",252.64
"Kenya","uniform",50,93,"Enrolled",106
"Kenya","uniform",50,93,"Tested",231
"Kenya","uniform",50,94,"Enrolled",92.64
"Kenya","uniform",50,94,"Tested",204.4
"Kenya","uniform",50,95,"Enrolled",106.22
"Kenya","uniform",50,95,"Tested",237.02
"Kenya","uniform",50,96,"Enrolled",102.52
"Kenya","uniform",50,96,"Tested",226.94
"Kenya","uniform",50,97,"Enrolled",87.48
"Kenya","uniform",50,97,"Tested",194.52
"Kenya","uniform",50,98,"Enrolled",72.94
"Kenya","uniform",50,98,"Tested",164.5
"Kenya","uniform",50,99,"Enrolled",86.66
"Kenya","uniform",50,99,"Tested",191.9
"Kenya","uniform",50,100,"Enrolled",97.42
"Kenya","uniform",50,100,"Tested",215.88
"Kenya","Vynnycky-1997",0.5,1,"Enrolled",9.7
"Kenya","Vynnycky-1997",0.5,1,"Tested",1426.1
"Kenya","Vynnycky-1997",0.5,2,"Enrolled",10.68
"Kenya","Vynnycky-1997",0.5,2,"Tested",1547.08
"Kenya","Vynnycky-1997",0.5,3,"Enrolled",10.92
"Kenya","Vynnycky-1997",0.5,3,"Tested",1503.16
"Kenya","Vynnycky-1997",0.5,4,"Enrolled",7.9
"Kenya","Vynnycky-1997",0.5,4,"Tested",1167.82
"Kenya","Vynnycky-1997",0.5,5,"Enrolled",10.74
"Kenya","Vynnycky-1997",0.5,5,"Tested",1577.96
"Kenya","Vynnycky-1997",0.5,6,"Enrolled",7.16
"Kenya","Vynnycky-1997",0.5,6,"Tested",1019.96
"Kenya","Vynnycky-1997",0.5,7,"Enrolled",8.76
"Kenya","Vynnycky-1997",0.5,7,"Tested",1165.06
"Kenya","Vynnycky-1997",0.5,8,"Enrolled",11.16
"Kenya","Vynnycky-1997",0.5,8,"Tested",1646.4
"Kenya","Vynnycky-1997",0.5,9,"Enrolled",9.42
"Kenya","Vynnycky-1997",0.5,9,"Tested",1351.46
"Kenya","Vynnycky-1997",0.5,10,"Enrolled",11.76
"Kenya","Vynnycky-1997",0.5,10,"Tested",1717.92
"Kenya","Vynnycky-1997",0.5,11,"Enrolled",10.9
"Kenya","Vynnycky-1997",0.5,11,"Tested",1665.86
"Kenya","Vynnycky-1997",0.5,12,"Enrolled",10.76
"Kenya","Vynnycky-1997",0.5,12,"Tested",1632.1
"Kenya","Vynnycky-1997",0.5,13,"Enrolled",9.92
"Kenya","Vynnycky-1997",0.5,13,"Tested",1442.92
"Kenya","Vynnycky-1997",0.5,14,"Enrolled",11.14
"Kenya","Vynnycky-1997",0.5,14,"Tested",1578.2
"Kenya","Vynnycky-1997",0.5,15,"Enrolled",10.2
"Kenya","Vynnycky-1997",0.5,15,"Tested",1514.38
"Kenya","Vynnycky-1997",0.5,16,"Enrolled",14.64
"Kenya","Vynnycky-1997",0.5,16,"Tested",2141.52
"Kenya","Vynnycky-1997",0.5,17,"Enrolled",10.62
"Kenya","Vynnycky-1997",0.5,17,"Tested",1567.84
"Kenya","Vynnycky-1997",0.5,18,"Enrolled",9.92
"Kenya","Vynnycky-1997",0.5,18,"Tested",1369.76
"Kenya","Vynnycky-1997",0.5,19,"Enrolled",8.74
"Kenya","Vynnycky-1997",0.5,19,"Tested",1239.4
"Kenya","Vynnycky-1997",0.5,20,"Enrolled",7.68
"Kenya","Vynnycky-1997",0.5,20,"Tested",1153.08
"Kenya","Vynnycky-1997",0.5,21,"Enrolled",13.54
"Kenya","Vynnycky-1997",0.5,21,"Tested",1972.64
"Kenya","Vynnycky-1997",0.5,22,"Enrolled",10.3
"Kenya","Vynnycky-1997",0.5,22,"Tested",1553.28
"Kenya","Vynnycky-1997",0.5,23,"Enrolled",10
"Kenya","Vynnycky-1997",0.5,23,"Tested",1461.42
"Kenya","Vynnycky-1997",0.5,24,"Enrolled",10.66
"Kenya","Vynnycky-1997",0.5,24,"Tested",1549.22
"Kenya","Vynnycky-1997",0.5,25,"Enrolled",10.74
"Kenya","Vynnycky-1997",0.5,25,"Tested",1596.7
"Kenya","Vynnycky-1997",0.5,26,"Enrolled",9.56
"Kenya","Vynnycky-1997",0.5,26,"Tested",1412.48
"Kenya","Vynnycky-1997",0.5,27,"Enrolled",11.28
"Kenya","Vynnycky-1997",0.5,27,"Tested",1669.22
"Kenya","Vynnycky-1997",0.5,28,"Enrolled",10.18
"Kenya","Vynnycky-1997",0.5,28,"Tested",1454.84
"Kenya","Vynnycky-1997",0.5,29,"Enrolled",10.14
"Kenya","Vynnycky-1997",0.5,29,"Tested",1370.56
"Kenya","Vynnycky-1997",0.5,30,"Enrolled",9.6
"Kenya","Vynnycky-1997",0.5,30,"Tested",1274.2
"Kenya","Vynnycky-1997",0.5,31,"Enrolled",10.72
"Kenya","Vynnycky-1997",0.5,31,"Tested",1576.86
"Kenya","Vynnycky-1997",0.5,32,"Enrolled",9.16
"Kenya","Vynnycky-1997",0.5,32,"Tested",1387.66
"Kenya","Vynnycky-1997",0.5,33,"Enrolled",11.9
"Kenya","Vynnycky-1997",0.5,33,"Tested",1723.98
"Kenya","Vynnycky-1997",0.5,34,"Enrolled",10.52
"Kenya","Vynnycky-1997",0.5,34,"Tested",1371.94
"Kenya","Vynnycky-1997",0.5,35,"Enrolled",9.7
"Kenya","Vynnycky-1997",0.5,35,"Tested",1485.02
"Kenya","Vynnycky-1997",0.5,36,"Enrolled",10.58
"Kenya","Vynnycky-1997",0.5,36,"Tested",1580.38
"Kenya","Vynnycky-1997",0.5,37,"Enrolled",7.94
"Kenya","Vynnycky-1997",0.5,37,"Tested",1136.42
"Kenya","Vynnycky-1997",0.5,38,"Enrolled",9.54
"Kenya","Vynnycky-1997",0.5,38,"Tested",1471.64
"Kenya","Vynnycky-1997",0.5,39,"Enrolled",8.92
"Kenya","Vynnycky-1997",0.5,39,"Tested",1271.48
"Kenya","Vynnycky-1997",0.5,40,"Enrolled",10.4
"Kenya","Vynnycky-1997",0.5,40,"Tested",1517.38
"Kenya","Vynnycky-1997",0.5,41,"Enrolled",10.84
"Kenya","Vynnycky-1997",0.5,41,"Tested",1502.42
"Kenya","Vynnycky-1997",0.5,42,"Enrolled",11.5
"Kenya","Vynnycky-1997",0.5,42,"Tested",1642.88
"Kenya","Vynnycky-1997",0.5,43,"Enrolled",9.84
"Kenya","Vynnycky-1997",0.5,43,"Tested",1418.74
"Kenya","Vynnycky-1997",0.5,44,"Enrolled",9.12
"Kenya","Vynnycky-1997",0.5,44,"Tested",1271.28
"Kenya","Vynnycky-1997",0.5,45,"Enrolled",8.38
"Kenya","Vynnycky-1997",0.5,45,"Tested",1236.32
"Kenya","Vynnycky-1997",0.5,46,"Enrolled",9.72
"Kenya","Vynnycky-1997",0.5,46,"Tested",1326.1
"Kenya","Vynnycky-1997",0.5,47,"Enrolled",8.96
"Kenya","Vynnycky-1997",0.5,47,"Tested",1295.18
"Kenya","Vynnycky-1997",0.5,48,"Enrolled",8.84
"Kenya","Vynnycky-1997",0.5,48,"Tested",1267.58
"Kenya","Vynnycky-1997",0.5,49,"Enrolled",12.22
"Kenya","Vynnycky-1997",0.5,49,"Tested",1762.1
"Kenya","Vynnycky-1997",0.5,50,"Enrolled",11.32
"Kenya","Vynnycky-1997",0.5,50,"Tested",1729.42
"Kenya","Vynnycky-1997",0.5,51,"Enrolled",9.72
"Kenya","Vynnycky-1997",0.5,51,"Tested",1512.24
"Kenya","Vynnycky-1997",0.5,52,"Enrolled",9.32
"Kenya","Vynnycky-1997",0.5,52,"Tested",1393.42
"Kenya","Vynnycky-1997",0.5,53,"Enrolled",10.18
"Kenya","Vynnycky-1997",0.5,53,"Tested",1410.94
"Kenya","Vynnycky-1997",0.5,54,"Enrolled",9.82
"Kenya","Vynnycky-1997",0.5,54,"Tested",1412.04
"Kenya","Vynnycky-1997",0.5,55,"Enrolled",11
"Kenya","Vynnycky-1997",0.5,55,"Tested",1387.82
"Kenya","Vynnycky-1997",0.5,56,"Enrolled",10.82
"Kenya","Vynnycky-1997",0.5,56,"Tested",1678.92
"Kenya","Vynnycky-1997",0.5,57,"Enrolled",10.42
"Kenya","Vynnycky-1997",0.5,57,"Tested",1547.74
"Kenya","Vynnycky-1997",0.5,58,"Enrolled",8.2
"Kenya","Vynnycky-1997",0.5,58,"Tested",1223.6
"Kenya","Vynnycky-1997",0.5,59,"Enrolled",10.16
"Kenya","Vynnycky-1997",0.5,59,"Tested",1531.02
"Kenya","Vynnycky-1997",0.5,60,"Enrolled",8.72
"Kenya","Vynnycky-1997",0.5,60,"Tested",1186.44
"Kenya","Vynnycky-1997",0.5,61,"Enrolled",10.42
"Kenya","Vynnycky-1997",0.5,61,"Tested",1656.32
"Kenya","Vynnycky-1997",0.5,62,"Enrolled",8.58
"Kenya","Vynnycky-1997",0.5,62,"Tested",1225.86
"Kenya","Vynnycky-1997",0.5,63,"Enrolled",7.84
"Kenya","Vynnycky-1997",0.5,63,"Tested",1095.8
"Kenya","Vynnycky-1997",0.5,64,"Enrolled",10.62
"Kenya","Vynnycky-1997",0.5,64,"Tested",1527.68
"Kenya","Vynnycky-1997",0.5,65,"Enrolled",11.64
"Kenya","Vynnycky-1997",0.5,65,"Tested",1665.66
"Kenya","Vynnycky-1997",0.5,66,"Enrolled",12.02
"Kenya","Vynnycky-1997",0.5,66,"Tested",1817.5
"Kenya","Vynnycky-1997",0.5,67,"Enrolled",10.08
"Kenya","Vynnycky-1997",0.5,67,"Tested",1402.68
"Kenya","Vynnycky-1997",0.5,68,"Enrolled",11.56
"Kenya","Vynnycky-1997",0.5,68,"Tested",1666.26
"Kenya","Vynnycky-1997",0.5,69,"Enrolled",8.98
"Kenya","Vynnycky-1997",0.5,69,"Tested",1220.24
"Kenya","Vynnycky-1997",0.5,70,"Enrolled",7.64
"Kenya","Vynnycky-1997",0.5,70,"Tested",1029.68
"Kenya","Vynnycky-1997",0.5,71,"Enrolled",9.7
"Kenya","Vynnycky-1997",0.5,71,"Tested",1456.6
"Kenya","Vynnycky-1997",0.5,72,"Enrolled",13.44
"Kenya","Vynnycky-1997",0.5,72,"Tested",1843.82
"Kenya","Vynnycky-1997",0.5,73,"Enrolled",9.9
"Kenya","Vynnycky-1997",0.5,73,"Tested",1328.54
"Kenya","Vynnycky-1997",0.5,74,"Enrolled",10.3
"Kenya","Vynnycky-1997",0.5,74,"Tested",1430.44
"Kenya","Vynnycky-1997",0.5,75,"Enrolled",7.82
"Kenya","Vynnycky-1997",0.5,75,"Tested",1225.9
"Kenya","Vynnycky-1997",0.5,76,"Enrolled",10.08
"Kenya","Vynnycky-1997",0.5,76,"Tested",1405.78
"Kenya","Vynnycky-1997",0.5,77,"Enrolled",9.72
"Kenya","Vynnycky-1997",0.5,77,"Tested",1362.58
"Kenya","Vynnycky-1997",0.5,78,"Enrolled",11.84
"Kenya","Vynnycky-1997",0.5,78,"Tested",1767.84
"Kenya","Vynnycky-1997",0.5,79,"Enrolled",8.34
"Kenya","Vynnycky-1997",0.5,79,"Tested",1164.34
"Kenya","Vynnycky-1997",0.5,80,"Enrolled",12.28
"Kenya","Vynnycky-1997",0.5,80,"Tested",1841.96
"Kenya","Vynnycky-1997",0.5,81,"Enrolled",10.22
"Kenya","Vynnycky-1997",0.5,81,"Tested",1546.12
"Kenya","Vynnycky-1997",0.5,82,"Enrolled",11.92
"Kenya","Vynnycky-1997",0.5,82,"Tested",1707.94
"Kenya","Vynnycky-1997",0.5,83,"Enrolled",8.98
"Kenya","Vynnycky-1997",0.5,83,"Tested",1203.64
"Kenya","Vynnycky-1997",0.5,84,"Enrolled",11
"Kenya","Vynnycky-1997",0.5,84,"Tested",1607.22
"Kenya","Vynnycky-1997",0.5,85,"Enrolled",10.44
"Kenya","Vynnycky-1997",0.5,85,"Tested",1532.92
"Kenya","Vynnycky-1997",0.5,86,"Enrolled",8.68
"Kenya","Vynnycky-1997",0.5,86,"Tested",1147.9
"Kenya","Vynnycky-1997",0.5,87,"Enrolled",10.48
"Kenya","Vynnycky-1997",0.5,87,"Tested",1517.86
"Kenya","Vynnycky-1997",0.5,88,"Enrolled",7.98
"Kenya","Vynnycky-1997",0.5,88,"Tested",1080.04
"Kenya","Vynnycky-1997",0.5,89,"Enrolled",9.04
"Kenya","Vynnycky-1997",0.5,89,"Tested",1409.42
"Kenya","Vynnycky-1997",0.5,90,"Enrolled",8.78
"Kenya","Vynnycky-1997",0.5,90,"Tested",1156.12
"Kenya","Vynnycky-1997",0.5,91,"Enrolled",12.44
"Kenya","Vynnycky-1997",0.5,91,"Tested",1805.66
"Kenya","Vynnycky-1997",0.5,92,"Enrolled",13.94
"Kenya","Vynnycky-1997",0.5,92,"Tested",2008.82
"Kenya","Vynnycky-1997",0.5,93,"Enrolled",9.56
"Kenya","Vynnycky-1997",0.5,93,"Tested",1492.74
"Kenya","Vynnycky-1997",0.5,94,"Enrolled",8.28
"Kenya","Vynnycky-1997",0.5,94,"Tested",1194.74
"Kenya","Vynnycky-1997",0.5,95,"Enrolled",10.28
"Kenya","Vynnycky-1997",0.5,95,"Tested",1472.96
"Kenya","Vynnycky-1997",0.5,96,"Enrolled",7.9
"Kenya","Vynnycky-1997",0.5,96,"Tested",1091.62
"Kenya","Vynnycky-1997",0.5,97,"Enrolled",9.96
"Kenya","Vynnycky-1997",0.5,97,"Tested",1310.22
"Kenya","Vynnycky-1997",0.5,98,"Enrolled",10.38
"Kenya","Vynnycky-1997",0.5,98,"Tested",1504.7
"Kenya","Vynnycky-1997",0.5,99,"Enrolled",10.1
"Kenya","Vynnycky-1997",0.5,99,"Tested",1477.18
"Kenya","Vynnycky-1997",0.5,100,"Enrolled",10.5
"Kenya","Vynnycky-1997",0.5,100,"Tested",1533.86
"Kenya","Vynnycky-1997",1,1,"Enrolled",15.7
"Kenya","Vynnycky-1997",1,1,"Tested",1149.66
"Kenya","Vynnycky-1997",1,2,"Enrolled",9.96
"Kenya","Vynnycky-1997",1,2,"Tested",758.36
"Kenya","Vynnycky-1997",1,3,"Enrolled",12.66
"Kenya","Vynnycky-1997",1,3,"Tested",921.98
"Kenya","Vynnycky-1997",1,4,"Enrolled",13.62
"Kenya","Vynnycky-1997",1,4,"Tested",1032.54
"Kenya","Vynnycky-1997",1,5,"Enrolled",11.08
"Kenya","Vynnycky-1997",1,5,"Tested",877.5
"Kenya","Vynnycky-1997",1,6,"Enrolled",12.88
"Kenya","Vynnycky-1997",1,6,"Tested",999.12
"Kenya","Vynnycky-1997",1,7,"Enrolled",11.5
"Kenya","Vynnycky-1997",1,7,"Tested",878.42
"Kenya","Vynnycky-1997",1,8,"Enrolled",11.26
"Kenya","Vynnycky-1997",1,8,"Tested",876.18
"Kenya","Vynnycky-1997",1,9,"Enrolled",13.32
"Kenya","Vynnycky-1997",1,9,"Tested",998.06
"Kenya","Vynnycky-1997",1,10,"Enrolled",11.9
"Kenya","Vynnycky-1997",1,10,"Tested",914.34
"Kenya","Vynnycky-1997",1,11,"Enrolled",14.52
"Kenya","Vynnycky-1997",1,11,"Tested",1087.18
"Kenya","Vynnycky-1997",1,12,"Enrolled",13.06
"Kenya","Vynnycky-1997",1,12,"Tested",989.44
"Kenya","Vynnycky-1997",1,13,"Enrolled",13.5
"Kenya","Vynnycky-1997",1,13,"Tested",970
"Kenya","Vynnycky-1997",1,14,"Enrolled",12.94
"Kenya","Vynnycky-1997",1,14,"Tested",974
"Kenya","Vynnycky-1997",1,15,"Enrolled",14.12
"Kenya","Vynnycky-1997",1,15,"Tested",1111.66
"Kenya","Vynnycky-1997",1,16,"Enrolled",16.96
"Kenya","Vynnycky-1997",1,16,"Tested",1298.38
"Kenya","Vynnycky-1997",1,17,"Enrolled",13.16
"Kenya","Vynnycky-1997",1,17,"Tested",955.38
"Kenya","Vynnycky-1997",1,18,"Enrolled",14.28
"Kenya","Vynnycky-1997",1,18,"Tested",1157.58
"Kenya","Vynnycky-1997",1,19,"Enrolled",13.64
"Kenya","Vynnycky-1997",1,19,"Tested",1010.18
"Kenya","Vynnycky-1997",1,20,"Enrolled",11.1
"Kenya","Vynnycky-1997",1,20,"Tested",813.14
"Kenya","Vynnycky-1997",1,21,"Enrolled",12.52
"Kenya","Vynnycky-1997",1,21,"Tested",878.32
"Kenya","Vynnycky-1997",1,22,"Enrolled",11.32
"Kenya","Vynnycky-1997",1,22,"Tested",849.84
"Kenya","Vynnycky-1997",1,23,"Enrolled",11.9
"Kenya","Vynnycky-1997",1,23,"Tested",861.04
"Kenya","Vynnycky-1997",1,24,"Enrolled",12.32
"Kenya","Vynnycky-1997",1,24,"Tested",942.48
"Kenya","Vynnycky-1997",1,25,"Enrolled",16.88
"Kenya","Vynnycky-1997",1,25,"Tested",1314.36
"Kenya","Vynnycky-1997",1,26,"Enrolled",10.24
"Kenya","Vynnycky-1997",1,26,"Tested",766.4
"Kenya","Vynnycky-1997",1,27,"Enrolled",12.98
"Kenya","Vynnycky-1997",1,27,"Tested",938.5
"Kenya","Vynnycky-1997",1,28,"Enrolled",10.82
"Kenya","Vynnycky-1997",1,28,"Tested",809.62
"Kenya","Vynnycky-1997",1,29,"Enrolled",18.84
"Kenya","Vynnycky-1997",1,29,"Tested",1389.78
"Kenya","Vynnycky-1997",1,30,"Enrolled",12.46
"Kenya","Vynnycky-1997",1,30,"Tested",979
"Kenya","Vynnycky-1997",1,31,"Enrolled",11.46
"Kenya","Vynnycky-1997",1,31,"Tested",882.26
"Kenya","Vynnycky-1997",1,32,"Enrolled",13.96
"Kenya","Vynnycky-1997",1,32,"Tested",1083.32
"Kenya","Vynnycky-1997",1,33,"Enrolled",12.74
"Kenya","Vynnycky-1997",1,33,"Tested",963.84
"Kenya","Vynnycky-1997",1,34,"Enrolled",10.02
"Kenya","Vynnycky-1997",1,34,"Tested",767.58
"Kenya","Vynnycky-1997",1,35,"Enrolled",15.92
"Kenya","Vynnycky-1997",1,35,"Tested",1116.5
"Kenya","Vynnycky-1997",1,36,"Enrolled",14.12
"Kenya","Vynnycky-1997",1,36,"Tested",1068.44
"Kenya","Vynnycky-1997",1,37,"Enrolled",11.8
"Kenya","Vynnycky-1997",1,37,"Tested",884.58
"Kenya","Vynnycky-1997",1,38,"Enrolled",12.82
"Kenya","Vynnycky-1997",1,38,"Tested",957.62
"Kenya","Vynnycky-1997",1,39,"Enrolled",10.84
"Kenya","Vynnycky-1997",1,39,"Tested",831.42
"Kenya","Vynnycky-1997",1,40,"Enrolled",12.28
"Kenya","Vynnycky-1997",1,40,"Tested",876.5
"Kenya","Vynnycky-1997",1,41,"Enrolled",12.14
"Kenya","Vynnycky-1997",1,41,"Tested",930.74
"Kenya","Vynnycky-1997",1,42,"Enrolled",11.3
"Kenya","Vynnycky-1997",1,42,"Tested",920.06
"Kenya","Vynnycky-1997",1,43,"Enrolled",14.76
"Kenya","Vynnycky-1997",1,43,"Tested",1195.76
"Kenya","Vynnycky-1997",1,44,"Enrolled",9.8
"Kenya","Vynnycky-1997",1,44,"Tested",726.84
"Kenya","Vynnycky-1997",1,45,"Enrolled",12.4
"Kenya","Vynnycky-1997",1,45,"Tested",981.56
"Kenya","Vynnycky-1997",1,46,"Enrolled",11.3
"Kenya","Vynnycky-1997",1,46,"Tested",860.8
"Kenya","Vynnycky-1997",1,47,"Enrolled",14.76
"Kenya","Vynnycky-1997",1,47,"Tested",1122.16
"Kenya","Vynnycky-1997",1,48,"Enrolled",14.9
"Kenya","Vynnycky-1997",1,48,"Tested",1101.02
"Kenya","Vynnycky-1997",1,49,"Enrolled",12.7
"Kenya","Vynnycky-1997",1,49,"Tested",944.82
"Kenya","Vynnycky-1997",1,50,"Enrolled",11.3
"Kenya","Vynnycky-1997",1,50,"Tested",874.64
"Kenya","Vynnycky-1997",1,51,"Enrolled",15.8
"Kenya","Vynnycky-1997",1,51,"Tested",1253.98
"Kenya","Vynnycky-1997",1,52,"Enrolled",14.68
"Kenya","Vynnycky-1997",1,52,"Tested",1189.78
"Kenya","Vynnycky-1997",1,53,"Enrolled",12.22
"Kenya","Vynnycky-1997",1,53,"Tested",920.6
"Kenya","Vynnycky-1997",1,54,"Enrolled",13.04
"Kenya","Vynnycky-1997",1,54,"Tested",942.62
"Kenya","Vynnycky-1997",1,55,"Enrolled",13.12
"Kenya","Vynnycky-1997",1,55,"Tested",974.06
"Kenya","Vynnycky-1997",1,56,"Enrolled",15.72
"Kenya","Vynnycky-1997",1,56,"Tested",1169.02
"Kenya","Vynnycky-1997",1,57,"Enrolled",10.32
"Kenya","Vynnycky-1997",1,57,"Tested",732
"Kenya","Vynnycky-1997",1,58,"Enrolled",16.46
"Kenya","Vynnycky-1997",1,58,"Tested",1202.12
"Kenya","Vynnycky-1997",1,59,"Enrolled",12.24
"Kenya","Vynnycky-1997",1,59,"Tested",962.96
"Kenya","Vynnycky-1997",1,60,"Enrolled",13.24
"Kenya","Vynnycky-1997",1,60,"Tested",1010.5
"Kenya","Vynnycky-1997",1,61,"Enrolled",13.12
"Kenya","Vynnycky-1997",1,61,"Tested",989.3
"Kenya","Vynnycky-1997",1,62,"Enrolled",12.46
"Kenya","Vynnycky-1997",1,62,"Tested",895.58
"Kenya","Vynnycky-1997",1,63,"Enrolled",12.88
"Kenya","Vynnycky-1997",1,63,"Tested",1036.72
"Kenya","Vynnycky-1997",1,64,"Enrolled",14.54
"Kenya","Vynnycky-1997",1,64,"Tested",1098.88
"Kenya","Vynnycky-1997",1,65,"Enrolled",10.74
"Kenya","Vynnycky-1997",1,65,"Tested",821.2
"Kenya","Vynnycky-1997",1,66,"Enrolled",12.7
"Kenya","Vynnycky-1997",1,66,"Tested",944.98
"Kenya","Vynnycky-1997",1,67,"Enrolled",11.3
"Kenya","Vynnycky-1997",1,67,"Tested",821.2
"Kenya","Vynnycky-1997",1,68,"Enrolled",14.14
"Kenya","Vynnycky-1997",1,68,"Tested",1080.68
"Kenya","Vynnycky-1997",1,69,"Enrolled",12.88
"Kenya","Vynnycky-1997",1,69,"Tested",1021.28
"Kenya","Vynnycky-1997",1,70,"Enrolled",11.32
"Kenya","Vynnycky-1997",1,70,"Tested",843.58
"Kenya","Vynnycky-1997",1,71,"Enrolled",11.42
"Kenya","Vynnycky-1997",1,71,"Tested",872.76
"Kenya","Vynnycky-1997",1,72,"Enrolled",11.44
"Kenya","Vynnycky-1997",1,72,"Tested",860.64
"Kenya","Vynnycky-1997",1,73,"Enrolled",14.74
"Kenya","Vynnycky-1997",1,73,"Tested",1139.4
"Kenya","Vynnycky-1997",1,74,"Enrolled",15.56
"Kenya","Vynnycky-1997",1,74,"Tested",1187.32
"Kenya","Vynnycky-1997",1,75,"Enrolled",12.18
"Kenya","Vynnycky-1997",1,75,"Tested",935.76
"Kenya","Vynnycky-1997",1,76,"Enrolled",14.9
"Kenya","Vynnycky-1997",1,76,"Tested",1121.72
"Kenya","Vynnycky-1997",1,77,"Enrolled",16.18
"Kenya","Vynnycky-1997",1,77,"Tested",1189.38
"Kenya","Vynnycky-1997",1,78,"Enrolled",11.2
"Kenya","Vynnycky-1997",1,78,"Tested",836.84
"Kenya","Vynnycky-1997",1,79,"Enrolled",12.58
"Kenya","Vynnycky-1997",1,79,"Tested",991.28
"Kenya","Vynnycky-1997",1,80,"Enrolled",12.56
"Kenya","Vynnycky-1997",1,80,"Tested",915.38
"Kenya","Vynnycky-1997",1,81,"Enrolled",13.72
"Kenya","Vynnycky-1997",1,81,"Tested",1093.8
"Kenya","Vynnycky-1997",1,82,"Enrolled",10.5
"Kenya","Vynnycky-1997",1,82,"Tested",807.46
"Kenya","Vynnycky-1997",1,83,"Enrolled",13.54
"Kenya","Vynnycky-1997",1,83,"Tested",1056.96
"Kenya","Vynnycky-1997",1,84,"Enrolled",11.46
"Kenya","Vynnycky-1997",1,84,"Tested",894.86
"Kenya","Vynnycky-1997",1,85,"Enrolled",13.54
"Kenya","Vynnycky-1997",1,85,"Tested",1114.24
"Kenya","Vynnycky-1997",1,86,"Enrolled",11.2
"Kenya","Vynnycky-1997",1,86,"Tested",851.18
"Kenya","Vynnycky-1997",1,87,"Enrolled",14.82
"Kenya","Vynnycky-1997",1,87,"Tested",1136.24
"Kenya","Vynnycky-1997",1,88,"Enrolled",12.64
"Kenya","Vynnycky-1997",1,88,"Tested",1015.72
"Kenya","Vynnycky-1997",1,89,"Enrolled",12.24
"Kenya","Vynnycky-1997",1,89,"Tested",934
"Kenya","Vynnycky-1997",1,90,"Enrolled",11.5
"Kenya","Vynnycky-1997",1,90,"Tested",853.62
"Kenya","Vynnycky-1997",1,91,"Enrolled",11.2
"Kenya","Vynnycky-1997",1,91,"Tested",900.32
"Kenya","Vynnycky-1997",1,92,"Enrolled",13.32
"Kenya","Vynnycky-1997",1,92,"Tested",1008.26
"Kenya","Vynnycky-1997",1,93,"Enrolled",14.42
"Kenya","Vynnycky-1997",1,93,"Tested",1105.74
"Kenya","Vynnycky-1997",1,94,"Enrolled",13.32
"Kenya","Vynnycky-1997",1,94,"Tested",945.42
"Kenya","Vynnycky-1997",1,95,"Enrolled",10.7
"Kenya","Vynnycky-1997",1,95,"Tested",820.52
"Kenya","Vynnycky-1997",1,96,"Enrolled",12.06
"Kenya","Vynnycky-1997",1,96,"Tested",947.02
"Kenya","Vynnycky-1997",1,97,"Enrolled",11.24
"Kenya","Vynnycky-1997",1,97,"Tested",834.22
"Kenya","Vynnycky-1997",1,98,"Enrolled",12.04
"Kenya","Vynnycky-1997",1,98,"Tested",953.42
"Kenya","Vynnycky-1997",1,99,"Enrolled",13.18
"Kenya","Vynnycky-1997",1,99,"Tested",1011.86
"Kenya","Vynnycky-1997",1,100,"Enrolled",13.12
"Kenya","Vynnycky-1997",1,100,"Tested",930.32
"Kenya","Vynnycky-1997",2,1,"Enrolled",15.54
"Kenya","Vynnycky-1997",2,1,"Tested",652.98
"Kenya","Vynnycky-1997",2,2,"Enrolled",20.98
"Kenya","Vynnycky-1997",2,2,"Tested",841.92
"Kenya","Vynnycky-1997",2,3,"Enrolled",18.04
"Kenya","Vynnycky-1997",2,3,"Tested",689.22
"Kenya","Vynnycky-1997",2,4,"Enrolled",19.6
"Kenya","Vynnycky-1997",2,4,"Tested",837.32
"Kenya","Vynnycky-1997",2,5,"Enrolled",17.54
"Kenya","Vynnycky-1997",2,5,"Tested",739.12
"Kenya","Vynnycky-1997",2,6,"Enrolled",14.72
"Kenya","Vynnycky-1997",2,6,"Tested",605.38
"Kenya","Vynnycky-1997",2,7,"Enrolled",17.78
"Kenya","Vynnycky-1997",2,7,"Tested",677.48
"Kenya","Vynnycky-1997",2,8,"Enrolled",19.48
"Kenya","Vynnycky-1997",2,8,"Tested",802.66
"Kenya","Vynnycky-1997",2,9,"Enrolled",16.04
"Kenya","Vynnycky-1997",2,9,"Tested",641.6
"Kenya","Vynnycky-1997",2,10,"Enrolled",19.3
"Kenya","Vynnycky-1997",2,10,"Tested",767.48
"Kenya","Vynnycky-1997",2,11,"Enrolled",26.16
"Kenya","Vynnycky-1997",2,11,"Tested",1009.62
"Kenya","Vynnycky-1997",2,12,"Enrolled",22.52
"Kenya","Vynnycky-1997",2,12,"Tested",916.4
"Kenya","Vynnycky-1997",2,13,"Enrolled",20.42
"Kenya","Vynnycky-1997",2,13,"Tested",841.78
"Kenya","Vynnycky-1997",2,14,"Enrolled",15.02
"Kenya","Vynnycky-1997",2,14,"Tested",595.36
"Kenya","Vynnycky-1997",2,15,"Enrolled",21
"Kenya","Vynnycky-1997",2,15,"Tested",858.78
"Kenya","Vynnycky-1997",2,16,"Enrolled",21.48
"Kenya","Vynnycky-1997",2,16,"Tested",838
"Kenya","Vynnycky-1997",2,17,"Enrolled",20.2
"Kenya","Vynnycky-1997",2,17,"Tested",792.9
"Kenya","Vynnycky-1997",2,18,"Enrolled",18.1
"Kenya","Vynnycky-1997",2,18,"Tested",719.84
"Kenya","Vynnycky-1997",2,19,"Enrolled",16.1
"Kenya","Vynnycky-1997",2,19,"Tested",600.42
"Kenya","Vynnycky-1997",2,20,"Enrolled",20.1
"Kenya","Vynnycky-1997",2,20,"Tested",776.2
"Kenya","Vynnycky-1997",2,21,"Enrolled",21.6
"Kenya","Vynnycky-1997",2,21,"Tested",866.14
"Kenya","Vynnycky-1997",2,22,"Enrolled",25.36
"Kenya","Vynnycky-1997",2,22,"Tested",1010.66
"Kenya","Vynnycky-1997",2,23,"Enrolled",22
"Kenya","Vynnycky-1997",2,23,"Tested",866.5
"Kenya","Vynnycky-1997",2,24,"Enrolled",15.8
"Kenya","Vynnycky-1997",2,24,"Tested",668.14
"Kenya","Vynnycky-1997",2,25,"Enrolled",17.82
"Kenya","Vynnycky-1997",2,25,"Tested",726.86
"Kenya","Vynnycky-1997",2,26,"Enrolled",18.62
"Kenya","Vynnycky-1997",2,26,"Tested",745.62
"Kenya","Vynnycky-1997",2,27,"Enrolled",26.92
"Kenya","Vynnycky-1997",2,27,"Tested",1123.76
"Kenya","Vynnycky-1997",2,28,"Enrolled",18.62
"Kenya","Vynnycky-1997",2,28,"Tested",776.56
"Kenya","Vynnycky-1997",2,29,"Enrolled",18.9
"Kenya","Vynnycky-1997",2,29,"Tested",747.08
"Kenya","Vynnycky-1997",2,30,"Enrolled",18.56
"Kenya","Vynnycky-1997",2,30,"Tested",781.74
"Kenya","Vynnycky-1997",2,31,"Enrolled",15.22
"Kenya","Vynnycky-1997",2,31,"Tested",636.58
"Kenya","Vynnycky-1997",2,32,"Enrolled",19.06
"Kenya","Vynnycky-1997",2,32,"Tested",765.76
"Kenya","Vynnycky-1997",2,33,"Enrolled",16.22
"Kenya","Vynnycky-1997",2,33,"Tested",647.1
"Kenya","Vynnycky-1997",2,34,"Enrolled",18.74
"Kenya","Vynnycky-1997",2,34,"Tested",746.24
"Kenya","Vynnycky-1997",2,35,"Enrolled",16.54
"Kenya","Vynnycky-1997",2,35,"Tested",639.88
"Kenya","Vynnycky-1997",2,36,"Enrolled",16.64
"Kenya","Vynnycky-1997",2,36,"Tested",665.58
"Kenya","Vynnycky-1997",2,37,"Enrolled",14.64
"Kenya","Vynnycky-1997",2,37,"Tested",566.44
"Kenya","Vynnycky-1997",2,38,"Enrolled",16.7
"Kenya","Vynnycky-1997",2,38,"Tested",675.5
"Kenya","Vynnycky-1997",2,39,"Enrolled",15.66
"Kenya","Vynnycky-1997",2,39,"Tested",595.32
"Kenya","Vynnycky-1997",2,40,"Enrolled",26.64
"Kenya","Vynnycky-1997",2,40,"Tested",1065.56
"Kenya","Vynnycky-1997",2,41,"Enrolled",20.96
"Kenya","Vynnycky-1997",2,41,"Tested",871.64
"Kenya","Vynnycky-1997",2,42,"Enrolled",15.3
"Kenya","Vynnycky-1997",2,42,"Tested",582.24
"Kenya","Vynnycky-1997",2,43,"Enrolled",16.28
"Kenya","Vynnycky-1997",2,43,"Tested",651.18
"Kenya","Vynnycky-1997",2,44,"Enrolled",19.52
"Kenya","Vynnycky-1997",2,44,"Tested",767.68
"Kenya","Vynnycky-1997",2,45,"Enrolled",16.68
"Kenya","Vynnycky-1997",2,45,"Tested",702.74
"Kenya","Vynnycky-1997",2,46,"Enrolled",20.34
"Kenya","Vynnycky-1997",2,46,"Tested",802.9
"Kenya","Vynnycky-1997",2,47,"Enrolled",17.6
"Kenya","Vynnycky-1997",2,47,"Tested",682.74
"Kenya","Vynnycky-1997",2,48,"Enrolled",14.3
"Kenya","Vynnycky-1997",2,48,"Tested",551.32
"Kenya","Vynnycky-1997",2,49,"Enrolled",15.58
"Kenya","Vynnycky-1997",2,49,"Tested",698.3
"Kenya","Vynnycky-1997",2,50,"Enrolled",19.94
"Kenya","Vynnycky-1997",2,50,"Tested",813.82
"Kenya","Vynnycky-1997",2,51,"Enrolled",18.32
"Kenya","Vynnycky-1997",2,51,"Tested",691.3
"Kenya","Vynnycky-1997",2,52,"Enrolled",19.52
"Kenya","Vynnycky-1997",2,52,"Tested",790
"Kenya","Vynnycky-1997",2,53,"Enrolled",22.62
"Kenya","Vynnycky-1997",2,53,"Tested",918.96
"Kenya","Vynnycky-1997",2,54,"Enrolled",21.5
"Kenya","Vynnycky-1997",2,54,"Tested",824.58
"Kenya","Vynnycky-1997",2,55,"Enrolled",18.28
"Kenya","Vynnycky-1997",2,55,"Tested",676.24
"Kenya","Vynnycky-1997",2,56,"Enrolled",20.22
"Kenya","Vynnycky-1997",2,56,"Tested",802.28
"Kenya","Vynnycky-1997",2,57,"Enrolled",18.6
"Kenya","Vynnycky-1997",2,57,"Tested",742.36
"Kenya","Vynnycky-1997",2,58,"Enrolled",18.56
"Kenya","Vynnycky-1997",2,58,"Tested",764.8
"Kenya","Vynnycky-1997",2,59,"Enrolled",21.66
"Kenya","Vynnycky-1997",2,59,"Tested",859.06
"Kenya","Vynnycky-1997",2,60,"Enrolled",18.34
"Kenya","Vynnycky-1997",2,60,"Tested",726
"Kenya","Vynnycky-1997",2,61,"Enrolled",18.2
"Kenya","Vynnycky-1997",2,61,"Tested",713.8
"Kenya","Vynnycky-1997",2,62,"Enrolled",17.66
"Kenya","Vynnycky-1997",2,62,"Tested",719.56
"Kenya","Vynnycky-1997",2,63,"Enrolled",16.3
"Kenya","Vynnycky-1997",2,63,"Tested",643.9
"Kenya","Vynnycky-1997",2,64,"Enrolled",14.68
"Kenya","Vynnycky-1997",2,64,"Tested",604.44
"Kenya","Vynnycky-1997",2,65,"Enrolled",15.52
"Kenya","Vynnycky-1997",2,65,"Tested",642.72
"Kenya","Vynnycky-1997",2,66,"Enrolled",20
"Kenya","Vynnycky-1997",2,66,"Tested",783.8
"Kenya","Vynnycky-1997",2,67,"Enrolled",17.7
"Kenya","Vynnycky-1997",2,67,"Tested",712.1
"Kenya","Vynnycky-1997",2,68,"Enrolled",14.22
"Kenya","Vynnycky-1997",2,68,"Tested",572.62
"Kenya","Vynnycky-1997",2,69,"Enrolled",24.34
"Kenya","Vynnycky-1997",2,69,"Tested",1003.58
"Kenya","Vynnycky-1997",2,70,"Enrolled",15.92
"Kenya","Vynnycky-1997",2,70,"Tested",644.62
"Kenya","Vynnycky-1997",2,71,"Enrolled",15.52
"Kenya","Vynnycky-1997",2,71,"Tested",614.24
"Kenya","Vynnycky-1997",2,72,"Enrolled",20.6
"Kenya","Vynnycky-1997",2,72,"Tested",777.36
"Kenya","Vynnycky-1997",2,73,"Enrolled",24.76
"Kenya","Vynnycky-1997",2,73,"Tested",946.04
"Kenya","Vynnycky-1997",2,74,"Enrolled",19.62
"Kenya","Vynnycky-1997",2,74,"Tested",809.72
"Kenya","Vynnycky-1997",2,75,"Enrolled",16.28
"Kenya","Vynnycky-1997",2,75,"Tested",658.9
"Kenya","Vynnycky-1997",2,76,"Enrolled",15.58
"Kenya","Vynnycky-1997",2,76,"Tested",635.1
"Kenya","Vynnycky-1997",2,77,"Enrolled",21.66
"Kenya","Vynnycky-1997",2,77,"Tested",868.78
"Kenya","Vynnycky-1997",2,78,"Enrolled",17.58
"Kenya","Vynnycky-1997",2,78,"Tested",759.7
"Kenya","Vynnycky-1997",2,79,"Enrolled",19.88
"Kenya","Vynnycky-1997",2,79,"Tested",761.98
"Kenya","Vynnycky-1997",2,80,"Enrolled",16.46
"Kenya","Vynnycky-1997",2,80,"Tested",654.96
"Kenya","Vynnycky-1997",2,81,"Enrolled",18.1
"Kenya","Vynnycky-1997",2,81,"Tested",692.06
"Kenya","Vynnycky-1997",2,82,"Enrolled",18.76
"Kenya","Vynnycky-1997",2,82,"Tested",743.16
"Kenya","Vynnycky-1997",2,83,"Enrolled",17.42
"Kenya","Vynnycky-1997",2,83,"Tested",713.32
"Kenya","Vynnycky-1997",2,84,"Enrolled",16.82
"Kenya","Vynnycky-1997",2,84,"Tested",679.8
"Kenya","Vynnycky-1997",2,85,"Enrolled",14.58
"Kenya","Vynnycky-1997",2,85,"Tested",558.86
"Kenya","Vynnycky-1997",2,86,"Enrolled",22.64
"Kenya","Vynnycky-1997",2,86,"Tested",950.56
"Kenya","Vynnycky-1997",2,87,"Enrolled",21.02
"Kenya","Vynnycky-1997",2,87,"Tested",815.4
"Kenya","Vynnycky-1997",2,88,"Enrolled",18.16
"Kenya","Vynnycky-1997",2,88,"Tested",714.4
"Kenya","Vynnycky-1997",2,89,"Enrolled",17.7
"Kenya","Vynnycky-1997",2,89,"Tested",650.6
"Kenya","Vynnycky-1997",2,90,"Enrolled",24.52
"Kenya","Vynnycky-1997",2,90,"Tested",929.44
"Kenya","Vynnycky-1997",2,91,"Enrolled",19.72
"Kenya","Vynnycky-1997",2,91,"Tested",777.12
"Kenya","Vynnycky-1997",2,92,"Enrolled",16.82
"Kenya","Vynnycky-1997",2,92,"Tested",687.66
"Kenya","Vynnycky-1997",2,93,"Enrolled",17.96
"Kenya","Vynnycky-1997",2,93,"Tested",704.54
"Kenya","Vynnycky-1997",2,94,"Enrolled",18.28
"Kenya","Vynnycky-1997",2,94,"Tested",735.66
"Kenya","Vynnycky-1997",2,95,"Enrolled",22.8
"Kenya","Vynnycky-1997",2,95,"Tested",892.54
"Kenya","Vynnycky-1997",2,96,"Enrolled",17.3
"Kenya","Vynnycky-1997",2,96,"Tested",672.26
"Kenya","Vynnycky-1997",2,97,"Enrolled",18.46
"Kenya","Vynnycky-1997",2,97,"Tested",731.78
"Kenya","Vynnycky-1997",2,98,"Enrolled",19.8
"Kenya","Vynnycky-1997",2,98,"Tested",746.42
"Kenya","Vynnycky-1997",2,99,"Enrolled",17.8
"Kenya","Vynnycky-1997",2,99,"Tested",706.38
"Kenya","Vynnycky-1997",2,100,"Enrolled",13.96
"Kenya","Vynnycky-1997",2,100,"Tested",599.18
"Kenya","Vynnycky-1997",3,1,"Enrolled",23.56
"Kenya","Vynnycky-1997",3,1,"Tested",663.38
"Kenya","Vynnycky-1997",3,2,"Enrolled",28.28
"Kenya","Vynnycky-1997",3,2,"Tested",801.08
"Kenya","Vynnycky-1997",3,3,"Enrolled",22.56
"Kenya","Vynnycky-1997",3,3,"Tested",635.7
"Kenya","Vynnycky-1997",3,4,"Enrolled",26.06
"Kenya","Vynnycky-1997",3,4,"Tested",763.86
"Kenya","Vynnycky-1997",3,5,"Enrolled",26.5
"Kenya","Vynnycky-1997",3,5,"Tested",747.98
"Kenya","Vynnycky-1997",3,6,"Enrolled",18.66
"Kenya","Vynnycky-1997",3,6,"Tested",510.6
"Kenya","Vynnycky-1997",3,7,"Enrolled",24.64
"Kenya","Vynnycky-1997",3,7,"Tested",670.52
"Kenya","Vynnycky-1997",3,8,"Enrolled",29.14
"Kenya","Vynnycky-1997",3,8,"Tested",805.86
"Kenya","Vynnycky-1997",3,9,"Enrolled",23.02
"Kenya","Vynnycky-1997",3,9,"Tested",652.68
"Kenya","Vynnycky-1997",3,10,"Enrolled",24.86
"Kenya","Vynnycky-1997",3,10,"Tested",665.36
"Kenya","Vynnycky-1997",3,11,"Enrolled",29.98
"Kenya","Vynnycky-1997",3,11,"Tested",841.28
"Kenya","Vynnycky-1997",3,12,"Enrolled",28.92
"Kenya","Vynnycky-1997",3,12,"Tested",806.16
"Kenya","Vynnycky-1997",3,13,"Enrolled",28.76
"Kenya","Vynnycky-1997",3,13,"Tested",795.32
"Kenya","Vynnycky-1997",3,14,"Enrolled",22.96
"Kenya","Vynnycky-1997",3,14,"Tested",649.7
"Kenya","Vynnycky-1997",3,15,"Enrolled",22.9
"Kenya","Vynnycky-1997",3,15,"Tested",645.42
"Kenya","Vynnycky-1997",3,16,"Enrolled",28.76
"Kenya","Vynnycky-1997",3,16,"Tested",778.3
"Kenya","Vynnycky-1997",3,17,"Enrolled",26.18
"Kenya","Vynnycky-1997",3,17,"Tested",738.28
"Kenya","Vynnycky-1997",3,18,"Enrolled",20.5
"Kenya","Vynnycky-1997",3,18,"Tested",563.16
"Kenya","Vynnycky-1997",3,19,"Enrolled",25.46
"Kenya","Vynnycky-1997",3,19,"Tested",746.68
"Kenya","Vynnycky-1997",3,20,"Enrolled",24.88
"Kenya","Vynnycky-1997",3,20,"Tested",676.62
"Kenya","Vynnycky-1997",3,21,"Enrolled",17.64
"Kenya","Vynnycky-1997",3,21,"Tested",485.86
"Kenya","Vynnycky-1997",3,22,"Enrolled",22.36
"Kenya","Vynnycky-1997",3,22,"Tested",640.26
"Kenya","Vynnycky-1997",3,23,"Enrolled",28.32
"Kenya","Vynnycky-1997",3,23,"Tested",786.32
"Kenya","Vynnycky-1997",3,24,"Enrolled",24.44
"Kenya","Vynnycky-1997",3,24,"Tested",681.62
"Kenya","Vynnycky-1997",3,25,"Enrolled",23.1
"Kenya","Vynnycky-1997",3,25,"Tested",636.42
"Kenya","Vynnycky-1997",3,26,"Enrolled",25.12
"Kenya","Vynnycky-1997",3,26,"Tested",716.28
"Kenya","Vynnycky-1997",3,27,"Enrolled",20.84
"Kenya","Vynnycky-1997",3,27,"Tested",609.4
"Kenya","Vynnycky-1997",3,28,"Enrolled",28.4
"Kenya","Vynnycky-1997",3,28,"Tested",806.9
"Kenya","Vynnycky-1997",3,29,"Enrolled",25.46
"Kenya","Vynnycky-1997",3,29,"Tested",702.3
"Kenya","Vynnycky-1997",3,30,"Enrolled",25.76
"Kenya","Vynnycky-1997",3,30,"Tested",724.2
"Kenya","Vynnycky-1997",3,31,"Enrolled",24.3
"Kenya","Vynnycky-1997",3,31,"Tested",680.1
"Kenya","Vynnycky-1997",3,32,"Enrolled",24.86
"Kenya","Vynnycky-1997",3,32,"Tested",699.3
"Kenya","Vynnycky-1997",3,33,"Enrolled",21.82
"Kenya","Vynnycky-1997",3,33,"Tested",602.04
"Kenya","Vynnycky-1997",3,34,"Enrolled",21.12
"Kenya","Vynnycky-1997",3,34,"Tested",602.12
"Kenya","Vynnycky-1997",3,35,"Enrolled",26.26
"Kenya","Vynnycky-1997",3,35,"Tested",740.38
"Kenya","Vynnycky-1997",3,36,"Enrolled",29.24
"Kenya","Vynnycky-1997",3,36,"Tested",808.34
"Kenya","Vynnycky-1997",3,37,"Enrolled",22.88
"Kenya","Vynnycky-1997",3,37,"Tested",645.74
"Kenya","Vynnycky-1997",3,38,"Enrolled",27.34
"Kenya","Vynnycky-1997",3,38,"Tested",733.2
"Kenya","Vynnycky-1997",3,39,"Enrolled",21.14
"Kenya","Vynnycky-1997",3,39,"Tested",585.78
"Kenya","Vynnycky-1997",3,40,"Enrolled",19.94
"Kenya","Vynnycky-1997",3,40,"Tested",549.94
"Kenya","Vynnycky-1997",3,41,"Enrolled",21.22
"Kenya","Vynnycky-1997",3,41,"Tested",582.98
"Kenya","Vynnycky-1997",3,42,"Enrolled",20
"Kenya","Vynnycky-1997",3,42,"Tested",578.88
"Kenya","Vynnycky-1997",3,43,"Enrolled",22.74
"Kenya","Vynnycky-1997",3,43,"Tested",620.14
"Kenya","Vynnycky-1997",3,44,"Enrolled",18.38
"Kenya","Vynnycky-1997",3,44,"Tested",496.3
"Kenya","Vynnycky-1997",3,45,"Enrolled",26.16
"Kenya","Vynnycky-1997",3,45,"Tested",695.14
"Kenya","Vynnycky-1997",3,46,"Enrolled",27.78
"Kenya","Vynnycky-1997",3,46,"Tested",765.64
"Kenya","Vynnycky-1997",3,47,"Enrolled",29.88
"Kenya","Vynnycky-1997",3,47,"Tested",832
"Kenya","Vynnycky-1997",3,48,"Enrolled",29
"Kenya","Vynnycky-1997",3,48,"Tested",809.8
"Kenya","Vynnycky-1997",3,49,"Enrolled",24.12
"Kenya","Vynnycky-1997",3,49,"Tested",635.36
"Kenya","Vynnycky-1997",3,50,"Enrolled",27.98
"Kenya","Vynnycky-1997",3,50,"Tested",780.78
"Kenya","Vynnycky-1997",3,51,"Enrolled",30.72
"Kenya","Vynnycky-1997",3,51,"Tested",839.44
"Kenya","Vynnycky-1997",3,52,"Enrolled",25.86
"Kenya","Vynnycky-1997",3,52,"Tested",753.64
"Kenya","Vynnycky-1997",3,53,"Enrolled",30.48
"Kenya","Vynnycky-1997",3,53,"Tested",865.44
"Kenya","Vynnycky-1997",3,54,"Enrolled",23.86
"Kenya","Vynnycky-1997",3,54,"Tested",650.46
"Kenya","Vynnycky-1997",3,55,"Enrolled",22.56
"Kenya","Vynnycky-1997",3,55,"Tested",621.94
"Kenya","Vynnycky-1997",3,56,"Enrolled",22.12
"Kenya","Vynnycky-1997",3,56,"Tested",612.98
"Kenya","Vynnycky-1997",3,57,"Enrolled",29.16
"Kenya","Vynnycky-1997",3,57,"Tested",767.18
"Kenya","Vynnycky-1997",3,58,"Enrolled",29.34
"Kenya","Vynnycky-1997",3,58,"Tested",791.02
"Kenya","Vynnycky-1997",3,59,"Enrolled",26.44
"Kenya","Vynnycky-1997",3,59,"Tested",719
"Kenya","Vynnycky-1997",3,60,"Enrolled",30.2
"Kenya","Vynnycky-1997",3,60,"Tested",866.28
"Kenya","Vynnycky-1997",3,61,"Enrolled",25.4
"Kenya","Vynnycky-1997",3,61,"Tested",749
"Kenya","Vynnycky-1997",3,62,"Enrolled",19.88
"Kenya","Vynnycky-1997",3,62,"Tested",555.24
"Kenya","Vynnycky-1997",3,63,"Enrolled",23.44
"Kenya","Vynnycky-1997",3,63,"Tested",633.64
"Kenya","Vynnycky-1997",3,64,"Enrolled",26.52
"Kenya","Vynnycky-1997",3,64,"Tested",721.02
"Kenya","Vynnycky-1997",3,65,"Enrolled",23.36
"Kenya","Vynnycky-1997",3,65,"Tested",668.74
"Kenya","Vynnycky-1997",3,66,"Enrolled",30.08
"Kenya","Vynnycky-1997",3,66,"Tested",831.76
"Kenya","Vynnycky-1997",3,67,"Enrolled",21.48
"Kenya","Vynnycky-1997",3,67,"Tested",567.08
"Kenya","Vynnycky-1997",3,68,"Enrolled",19.56
"Kenya","Vynnycky-1997",3,68,"Tested",553.56
"Kenya","Vynnycky-1997",3,69,"Enrolled",26.66
"Kenya","Vynnycky-1997",3,69,"Tested",741.66
"Kenya","Vynnycky-1997",3,70,"Enrolled",25.78
"Kenya","Vynnycky-1997",3,70,"Tested",712.1
"Kenya","Vynnycky-1997",3,71,"Enrolled",20.78
"Kenya","Vynnycky-1997",3,71,"Tested",579.12
"Kenya","Vynnycky-1997",3,72,"Enrolled",25.62
"Kenya","Vynnycky-1997",3,72,"Tested",691.26
"Kenya","Vynnycky-1997",3,73,"Enrolled",22.78
"Kenya","Vynnycky-1997",3,73,"Tested",634.32
"Kenya","Vynnycky-1997",3,74,"Enrolled",20.68
"Kenya","Vynnycky-1997",3,74,"Tested",592.22
"Kenya","Vynnycky-1997",3,75,"Enrolled",25.26
"Kenya","Vynnycky-1997",3,75,"Tested",642.96
"Kenya","Vynnycky-1997",3,76,"Enrolled",24.98
"Kenya","Vynnycky-1997",3,76,"Tested",671.98
"Kenya","Vynnycky-1997",3,77,"Enrolled",17.48
"Kenya","Vynnycky-1997",3,77,"Tested",490.56
"Kenya","Vynnycky-1997",3,78,"Enrolled",23.08
"Kenya","Vynnycky-1997",3,78,"Tested",671.88
"Kenya","Vynnycky-1997",3,79,"Enrolled",23.6
"Kenya","Vynnycky-1997",3,79,"Tested",641.2
"Kenya","Vynnycky-1997",3,80,"Enrolled",20.3
"Kenya","Vynnycky-1997",3,80,"Tested",556.96
"Kenya","Vynnycky-1997",3,81,"Enrolled",26.6
"Kenya","Vynnycky-1997",3,81,"Tested",710.46
"Kenya","Vynnycky-1997",3,82,"Enrolled",21.32
"Kenya","Vynnycky-1997",3,82,"Tested",594.1
"Kenya","Vynnycky-1997",3,83,"Enrolled",23.26
"Kenya","Vynnycky-1997",3,83,"Tested",639.62
"Kenya","Vynnycky-1997",3,84,"Enrolled",30.54
"Kenya","Vynnycky-1997",3,84,"Tested",837.84
"Kenya","Vynnycky-1997",3,85,"Enrolled",25.02
"Kenya","Vynnycky-1997",3,85,"Tested",650.26
"Kenya","Vynnycky-1997",3,86,"Enrolled",25.8
"Kenya","Vynnycky-1997",3,86,"Tested",703.5
"Kenya","Vynnycky-1997",3,87,"Enrolled",25.54
"Kenya","Vynnycky-1997",3,87,"Tested",682.58
"Kenya","Vynnycky-1997",3,88,"Enrolled",25.9
"Kenya","Vynnycky-1997",3,88,"Tested",691.7
"Kenya","Vynnycky-1997",3,89,"Enrolled",27.14
"Kenya","Vynnycky-1997",3,89,"Tested",787.04
"Kenya","Vynnycky-1997",3,90,"Enrolled",30.26
"Kenya","Vynnycky-1997",3,90,"Tested",821.34
"Kenya","Vynnycky-1997",3,91,"Enrolled",18.58
"Kenya","Vynnycky-1997",3,91,"Tested",501.18
"Kenya","Vynnycky-1997",3,92,"Enrolled",27.2
"Kenya","Vynnycky-1997",3,92,"Tested",735.36
"Kenya","Vynnycky-1997",3,93,"Enrolled",18.5
"Kenya","Vynnycky-1997",3,93,"Tested",534.16
"Kenya","Vynnycky-1997",3,94,"Enrolled",23.16
"Kenya","Vynnycky-1997",3,94,"Tested",634.86
"Kenya","Vynnycky-1997",3,95,"Enrolled",21.02
"Kenya","Vynnycky-1997",3,95,"Tested",575.8
"Kenya","Vynnycky-1997",3,96,"Enrolled",27.26
"Kenya","Vynnycky-1997",3,96,"Tested",741.42
"Kenya","Vynnycky-1997",3,97,"Enrolled",23.44
"Kenya","Vynnycky-1997",3,97,"Tested",662.18
"Kenya","Vynnycky-1997",3,98,"Enrolled",22.64
"Kenya","Vynnycky-1997",3,98,"Tested",627.48
"Kenya","Vynnycky-1997",3,99,"Enrolled",24.6
"Kenya","Vynnycky-1997",3,99,"Tested",656.18
"Kenya","Vynnycky-1997",3,100,"Enrolled",23.52
"Kenya","Vynnycky-1997",3,100,"Tested",629.54
"Kenya","Vynnycky-1997",4,1,"Enrolled",31.02
"Kenya","Vynnycky-1997",4,1,"Tested",635.94
"Kenya","Vynnycky-1997",4,2,"Enrolled",25.66
"Kenya","Vynnycky-1997",4,2,"Tested",544.14
"Kenya","Vynnycky-1997",4,3,"Enrolled",33.26
"Kenya","Vynnycky-1997",4,3,"Tested",719.32
"Kenya","Vynnycky-1997",4,4,"Enrolled",26.78
"Kenya","Vynnycky-1997",4,4,"Tested",562.5
"Kenya","Vynnycky-1997",4,5,"Enrolled",23.42
"Kenya","Vynnycky-1997",4,5,"Tested",508.6
"Kenya","Vynnycky-1997",4,6,"Enrolled",27.2
"Kenya","Vynnycky-1997",4,6,"Tested",553.88
"Kenya","Vynnycky-1997",4,7,"Enrolled",33.58
"Kenya","Vynnycky-1997",4,7,"Tested",689.16
"Kenya","Vynnycky-1997",4,8,"Enrolled",24.04
"Kenya","Vynnycky-1997",4,8,"Tested",522.04
"Kenya","Vynnycky-1997",4,9,"Enrolled",39.5
"Kenya","Vynnycky-1997",4,9,"Tested",803.98
"Kenya","Vynnycky-1997",4,10,"Enrolled",32.16
"Kenya","Vynnycky-1997",4,10,"Tested",673.54
"Kenya","Vynnycky-1997",4,11,"Enrolled",27.32
"Kenya","Vynnycky-1997",4,11,"Tested",592.14
"Kenya","Vynnycky-1997",4,12,"Enrolled",22.48
"Kenya","Vynnycky-1997",4,12,"Tested",485.34
"Kenya","Vynnycky-1997",4,13,"Enrolled",36.86
"Kenya","Vynnycky-1997",4,13,"Tested",751.24
"Kenya","Vynnycky-1997",4,14,"Enrolled",22.02
"Kenya","Vynnycky-1997",4,14,"Tested",461.74
"Kenya","Vynnycky-1997",4,15,"Enrolled",25.92
"Kenya","Vynnycky-1997",4,15,"Tested",557.96
"Kenya","Vynnycky-1997",4,16,"Enrolled",27.58
"Kenya","Vynnycky-1997",4,16,"Tested",595.5
"Kenya","Vynnycky-1997",4,17,"Enrolled",27.18
"Kenya","Vynnycky-1997",4,17,"Tested",583.22
"Kenya","Vynnycky-1997",4,18,"Enrolled",33.94
"Kenya","Vynnycky-1997",4,18,"Tested",730.12
"Kenya","Vynnycky-1997",4,19,"Enrolled",29.52
"Kenya","Vynnycky-1997",4,19,"Tested",612.9
"Kenya","Vynnycky-1997",4,20,"Enrolled",35.1
"Kenya","Vynnycky-1997",4,20,"Tested",732.62
"Kenya","Vynnycky-1997",4,21,"Enrolled",35.98
"Kenya","Vynnycky-1997",4,21,"Tested",770.12
"Kenya","Vynnycky-1997",4,22,"Enrolled",33.38
"Kenya","Vynnycky-1997",4,22,"Tested",717.18
"Kenya","Vynnycky-1997",4,23,"Enrolled",27.22
"Kenya","Vynnycky-1997",4,23,"Tested",602.88
"Kenya","Vynnycky-1997",4,24,"Enrolled",30.86
"Kenya","Vynnycky-1997",4,24,"Tested",630.46
"Kenya","Vynnycky-1997",4,25,"Enrolled",27.4
"Kenya","Vynnycky-1997",4,25,"Tested",570.32
"Kenya","Vynnycky-1997",4,26,"Enrolled",36.86
"Kenya","Vynnycky-1997",4,26,"Tested",746.9
"Kenya","Vynnycky-1997",4,27,"Enrolled",27.3
"Kenya","Vynnycky-1997",4,27,"Tested",585.18
"Kenya","Vynnycky-1997",4,28,"Enrolled",35.3
"Kenya","Vynnycky-1997",4,28,"Tested",757.58
"Kenya","Vynnycky-1997",4,29,"Enrolled",37.7
"Kenya","Vynnycky-1997",4,29,"Tested",771.22
"Kenya","Vynnycky-1997",4,30,"Enrolled",26.42
"Kenya","Vynnycky-1997",4,30,"Tested",576.08
"Kenya","Vynnycky-1997",4,31,"Enrolled",28.58
"Kenya","Vynnycky-1997",4,31,"Tested",622.66
"Kenya","Vynnycky-1997",4,32,"Enrolled",32.76
"Kenya","Vynnycky-1997",4,32,"Tested",695.5
"Kenya","Vynnycky-1997",4,33,"Enrolled",29.48
"Kenya","Vynnycky-1997",4,33,"Tested",645.04
"Kenya","Vynnycky-1997",4,34,"Enrolled",27.44
"Kenya","Vynnycky-1997",4,34,"Tested",563.36
"Kenya","Vynnycky-1997",4,35,"Enrolled",27.16
"Kenya","Vynnycky-1997",4,35,"Tested",564.6
"Kenya","Vynnycky-1997",4,36,"Enrolled",35.14
"Kenya","Vynnycky-1997",4,36,"Tested",721.34
"Kenya","Vynnycky-1997",4,37,"Enrolled",26.38
"Kenya","Vynnycky-1997",4,37,"Tested",568.74
"Kenya","Vynnycky-1997",4,38,"Enrolled",36.52
"Kenya","Vynnycky-1997",4,38,"Tested",780.02
"Kenya","Vynnycky-1997",4,39,"Enrolled",29.26
"Kenya","Vynnycky-1997",4,39,"Tested",598.92
"Kenya","Vynnycky-1997",4,40,"Enrolled",26.44
"Kenya","Vynnycky-1997",4,40,"Tested",563.46
"Kenya","Vynnycky-1997",4,41,"Enrolled",26.42
"Kenya","Vynnycky-1997",4,41,"Tested",568.96
"Kenya","Vynnycky-1997",4,42,"Enrolled",28.54
"Kenya","Vynnycky-1997",4,42,"Tested",617.7
"Kenya","Vynnycky-1997",4,43,"Enrolled",28.3
"Kenya","Vynnycky-1997",4,43,"Tested",578.34
"Kenya","Vynnycky-1997",4,44,"Enrolled",22.96
"Kenya","Vynnycky-1997",4,44,"Tested",487.16
"Kenya","Vynnycky-1997",4,45,"Enrolled",33.8
"Kenya","Vynnycky-1997",4,45,"Tested",721.16
"Kenya","Vynnycky-1997",4,46,"Enrolled",29.26
"Kenya","Vynnycky-1997",4,46,"Tested",591.64
"Kenya","Vynnycky-1997",4,47,"Enrolled",31.98
"Kenya","Vynnycky-1997",4,47,"Tested",673.86
"Kenya","Vynnycky-1997",4,48,"Enrolled",28.46
"Kenya","Vynnycky-1997",4,48,"Tested",568.54
"Kenya","Vynnycky-1997",4,49,"Enrolled",30.32
"Kenya","Vynnycky-1997",4,49,"Tested",624.84
"Kenya","Vynnycky-1997",4,50,"Enrolled",30.2
"Kenya","Vynnycky-1997",4,50,"Tested",629.7
"Kenya","Vynnycky-1997",4,51,"Enrolled",30.68
"Kenya","Vynnycky-1997",4,51,"Tested",616.3
"Kenya","Vynnycky-1997",4,52,"Enrolled",23.84
"Kenya","Vynnycky-1997",4,52,"Tested",502.98
"Kenya","Vynnycky-1997",4,53,"Enrolled",27.6
"Kenya","Vynnycky-1997",4,53,"Tested",570.42
"Kenya","Vynnycky-1997",4,54,"Enrolled",31.32
"Kenya","Vynnycky-1997",4,54,"Tested",664.3
"Kenya","Vynnycky-1997",4,55,"Enrolled",26.8
"Kenya","Vynnycky-1997",4,55,"Tested",558.94
"Kenya","Vynnycky-1997",4,56,"Enrolled",28.88
"Kenya","Vynnycky-1997",4,56,"Tested",655.1
"Kenya","Vynnycky-1997",4,57,"Enrolled",31.34
"Kenya","Vynnycky-1997",4,57,"Tested",706.96
"Kenya","Vynnycky-1997",4,58,"Enrolled",26.86
"Kenya","Vynnycky-1997",4,58,"Tested",577.56
"Kenya","Vynnycky-1997",4,59,"Enrolled",26.68
"Kenya","Vynnycky-1997",4,59,"Tested",559.56
"Kenya","Vynnycky-1997",4,60,"Enrolled",25.06
"Kenya","Vynnycky-1997",4,60,"Tested",561.84
"Kenya","Vynnycky-1997",4,61,"Enrolled",23.02
"Kenya","Vynnycky-1997",4,61,"Tested",473.3
"Kenya","Vynnycky-1997",4,62,"Enrolled",30.3
"Kenya","Vynnycky-1997",4,62,"Tested",623.34
"Kenya","Vynnycky-1997",4,63,"Enrolled",34.62
"Kenya","Vynnycky-1997",4,63,"Tested",698.34
"Kenya","Vynnycky-1997",4,64,"Enrolled",25.98
"Kenya","Vynnycky-1997",4,64,"Tested",566.82
"Kenya","Vynnycky-1997",4,65,"Enrolled",38.48
"Kenya","Vynnycky-1997",4,65,"Tested",823.86
"Kenya","Vynnycky-1997",4,66,"Enrolled",32.52
"Kenya","Vynnycky-1997",4,66,"Tested",666.3
"Kenya","Vynnycky-1997",4,67,"Enrolled",28.16
"Kenya","Vynnycky-1997",4,67,"Tested",575.06
"Kenya","Vynnycky-1997",4,68,"Enrolled",40.6
"Kenya","Vynnycky-1997",4,68,"Tested",864.98
"Kenya","Vynnycky-1997",4,69,"Enrolled",23.1
"Kenya","Vynnycky-1997",4,69,"Tested",478.2
"Kenya","Vynnycky-1997",4,70,"Enrolled",30.24
"Kenya","Vynnycky-1997",4,70,"Tested",663.1
"Kenya","Vynnycky-1997",4,71,"Enrolled",32.4
"Kenya","Vynnycky-1997",4,71,"Tested",674.34
"Kenya","Vynnycky-1997",4,72,"Enrolled",26.88
"Kenya","Vynnycky-1997",4,72,"Tested",574.62
"Kenya","Vynnycky-1997",4,73,"Enrolled",21.54
"Kenya","Vynnycky-1997",4,73,"Tested",468.4
"Kenya","Vynnycky-1997",4,74,"Enrolled",37.72
"Kenya","Vynnycky-1997",4,74,"Tested",800.46
"Kenya","Vynnycky-1997",4,75,"Enrolled",32.34
"Kenya","Vynnycky-1997",4,75,"Tested",687.2
"Kenya","Vynnycky-1997",4,76,"Enrolled",28.96
"Kenya","Vynnycky-1997",4,76,"Tested",603.5
"Kenya","Vynnycky-1997",4,77,"Enrolled",27
"Kenya","Vynnycky-1997",4,77,"Tested",571.14
"Kenya","Vynnycky-1997",4,78,"Enrolled",34.02
"Kenya","Vynnycky-1997",4,78,"Tested",693.54
"Kenya","Vynnycky-1997",4,79,"Enrolled",28.82
"Kenya","Vynnycky-1997",4,79,"Tested",622.84
"Kenya","Vynnycky-1997",4,80,"Enrolled",23.36
"Kenya","Vynnycky-1997",4,80,"Tested",508.32
"Kenya","Vynnycky-1997",4,81,"Enrolled",26.84
"Kenya","Vynnycky-1997",4,81,"Tested",580.92
"Kenya","Vynnycky-1997",4,82,"Enrolled",28.38
"Kenya","Vynnycky-1997",4,82,"Tested",607.8
"Kenya","Vynnycky-1997",4,83,"Enrolled",37.96
"Kenya","Vynnycky-1997",4,83,"Tested",807.88
"Kenya","Vynnycky-1997",4,84,"Enrolled",29.34
"Kenya","Vynnycky-1997",4,84,"Tested",609.8
"Kenya","Vynnycky-1997",4,85,"Enrolled",28.88
"Kenya","Vynnycky-1997",4,85,"Tested",609.82
"Kenya","Vynnycky-1997",4,86,"Enrolled",25.02
"Kenya","Vynnycky-1997",4,86,"Tested",522.52
"Kenya","Vynnycky-1997",4,87,"Enrolled",34.44
"Kenya","Vynnycky-1997",4,87,"Tested",706.74
"Kenya","Vynnycky-1997",4,88,"Enrolled",29.7
"Kenya","Vynnycky-1997",4,88,"Tested",627.84
"Kenya","Vynnycky-1997",4,89,"Enrolled",33.68
"Kenya","Vynnycky-1997",4,89,"Tested",736.86
"Kenya","Vynnycky-1997",4,90,"Enrolled",31.6
"Kenya","Vynnycky-1997",4,90,"Tested",670.54
"Kenya","Vynnycky-1997",4,91,"Enrolled",29.76
"Kenya","Vynnycky-1997",4,91,"Tested",632.98
"Kenya","Vynnycky-1997",4,92,"Enrolled",30.22
"Kenya","Vynnycky-1997",4,92,"Tested",638.96
"Kenya","Vynnycky-1997",4,93,"Enrolled",28.88
"Kenya","Vynnycky-1997",4,93,"Tested",594.88
"Kenya","Vynnycky-1997",4,94,"Enrolled",31.4
"Kenya","Vynnycky-1997",4,94,"Tested",665.84
"Kenya","Vynnycky-1997",4,95,"Enrolled",28.04
"Kenya","Vynnycky-1997",4,95,"Tested",578.8
"Kenya","Vynnycky-1997",4,96,"Enrolled",26.46
"Kenya","Vynnycky-1997",4,96,"Tested",568.32
"Kenya","Vynnycky-1997",4,97,"Enrolled",31.06
"Kenya","Vynnycky-1997",4,97,"Tested",656.42
"Kenya","Vynnycky-1997",4,98,"Enrolled",25.58
"Kenya","Vynnycky-1997",4,98,"Tested",522.46
"Kenya","Vynnycky-1997",4,99,"Enrolled",30.08
"Kenya","Vynnycky-1997",4,99,"Tested",637.26
"Kenya","Vynnycky-1997",4,100,"Enrolled",25.16
"Kenya","Vynnycky-1997",4,100,"Tested",527.62
"Kenya","Vynnycky-1997",5,1,"Enrolled",36.9
"Kenya","Vynnycky-1997",5,1,"Tested",627.32
"Kenya","Vynnycky-1997",5,2,"Enrolled",30.26
"Kenya","Vynnycky-1997",5,2,"Tested",516.08
"Kenya","Vynnycky-1997",5,3,"Enrolled",37.24
"Kenya","Vynnycky-1997",5,3,"Tested",617.7
"Kenya","Vynnycky-1997",5,4,"Enrolled",37.58
"Kenya","Vynnycky-1997",5,4,"Tested",644.86
"Kenya","Vynnycky-1997",5,5,"Enrolled",30.28
"Kenya","Vynnycky-1997",5,5,"Tested",482.06
"Kenya","Vynnycky-1997",5,6,"Enrolled",32.2
"Kenya","Vynnycky-1997",5,6,"Tested",541.92
"Kenya","Vynnycky-1997",5,7,"Enrolled",38.66
"Kenya","Vynnycky-1997",5,7,"Tested",648.28
"Kenya","Vynnycky-1997",5,8,"Enrolled",31.1
"Kenya","Vynnycky-1997",5,8,"Tested",561.82
"Kenya","Vynnycky-1997",5,9,"Enrolled",29.54
"Kenya","Vynnycky-1997",5,9,"Tested",487.4
"Kenya","Vynnycky-1997",5,10,"Enrolled",35.1
"Kenya","Vynnycky-1997",5,10,"Tested",603.8
"Kenya","Vynnycky-1997",5,11,"Enrolled",38.28
"Kenya","Vynnycky-1997",5,11,"Tested",658.44
"Kenya","Vynnycky-1997",5,12,"Enrolled",23.46
"Kenya","Vynnycky-1997",5,12,"Tested",373.18
"Kenya","Vynnycky-1997",5,13,"Enrolled",35.1
"Kenya","Vynnycky-1997",5,13,"Tested",603.92
"Kenya","Vynnycky-1997",5,14,"Enrolled",51.98
"Kenya","Vynnycky-1997",5,14,"Tested",903.1
"Kenya","Vynnycky-1997",5,15,"Enrolled",35.42
"Kenya","Vynnycky-1997",5,15,"Tested",602.7
"Kenya","Vynnycky-1997",5,16,"Enrolled",43.76
"Kenya","Vynnycky-1997",5,16,"Tested",753.54
"Kenya","Vynnycky-1997",5,17,"Enrolled",33.48
"Kenya","Vynnycky-1997",5,17,"Tested",595.9
"Kenya","Vynnycky-1997",5,18,"Enrolled",33.42
"Kenya","Vynnycky-1997",5,18,"Tested",557.62
"Kenya","Vynnycky-1997",5,19,"Enrolled",36.9
"Kenya","Vynnycky-1997",5,19,"Tested",611.58
"Kenya","Vynnycky-1997",5,20,"Enrolled",29.36
"Kenya","Vynnycky-1997",5,20,"Tested",492.6
"Kenya","Vynnycky-1997",5,21,"Enrolled",38.82
"Kenya","Vynnycky-1997",5,21,"Tested",650.02
"Kenya","Vynnycky-1997",5,22,"Enrolled",37.84
"Kenya","Vynnycky-1997",5,22,"Tested",648.5
"Kenya","Vynnycky-1997",5,23,"Enrolled",32.68
"Kenya","Vynnycky-1997",5,23,"Tested",551.22
"Kenya","Vynnycky-1997",5,24,"Enrolled",31.92
"Kenya","Vynnycky-1997",5,24,"Tested",537.88
"Kenya","Vynnycky-1997",5,25,"Enrolled",37.4
"Kenya","Vynnycky-1997",5,25,"Tested",646.6
"Kenya","Vynnycky-1997",5,26,"Enrolled",35.82
"Kenya","Vynnycky-1997",5,26,"Tested",615.94
"Kenya","Vynnycky-1997",5,27,"Enrolled",37.36
"Kenya","Vynnycky-1997",5,27,"Tested",647.78
"Kenya","Vynnycky-1997",5,28,"Enrolled",37.26
"Kenya","Vynnycky-1997",5,28,"Tested",636.18
"Kenya","Vynnycky-1997",5,29,"Enrolled",29.62
"Kenya","Vynnycky-1997",5,29,"Tested",497.08
"Kenya","Vynnycky-1997",5,30,"Enrolled",23.26
"Kenya","Vynnycky-1997",5,30,"Tested",386.78
"Kenya","Vynnycky-1997",5,31,"Enrolled",36.74
"Kenya","Vynnycky-1997",5,31,"Tested",640.12
"Kenya","Vynnycky-1997",5,32,"Enrolled",43.18
"Kenya","Vynnycky-1997",5,32,"Tested",703.3
"Kenya","Vynnycky-1997",5,33,"Enrolled",39.14
"Kenya","Vynnycky-1997",5,33,"Tested",670.36
"Kenya","Vynnycky-1997",5,34,"Enrolled",36.38
"Kenya","Vynnycky-1997",5,34,"Tested",603.44
"Kenya","Vynnycky-1997",5,35,"Enrolled",36.98
"Kenya","Vynnycky-1997",5,35,"Tested",640.18
"Kenya","Vynnycky-1997",5,36,"Enrolled",32.96
"Kenya","Vynnycky-1997",5,36,"Tested",570.62
"Kenya","Vynnycky-1997",5,37,"Enrolled",37.78
"Kenya","Vynnycky-1997",5,37,"Tested",630.4
"Kenya","Vynnycky-1997",5,38,"Enrolled",35.58
"Kenya","Vynnycky-1997",5,38,"Tested",633.88
"Kenya","Vynnycky-1997",5,39,"Enrolled",27.54
"Kenya","Vynnycky-1997",5,39,"Tested",451.12
"Kenya","Vynnycky-1997",5,40,"Enrolled",33.6
"Kenya","Vynnycky-1997",5,40,"Tested",559.66
"Kenya","Vynnycky-1997",5,41,"Enrolled",27.98
"Kenya","Vynnycky-1997",5,41,"Tested",484.18
"Kenya","Vynnycky-1997",5,42,"Enrolled",33.84
"Kenya","Vynnycky-1997",5,42,"Tested",594.12
"Kenya","Vynnycky-1997",5,43,"Enrolled",33.88
"Kenya","Vynnycky-1997",5,43,"Tested",551.7
"Kenya","Vynnycky-1997",5,44,"Enrolled",35.62
"Kenya","Vynnycky-1997",5,44,"Tested",647.16
"Kenya","Vynnycky-1997",5,45,"Enrolled",38.66
"Kenya","Vynnycky-1997",5,45,"Tested",661.28
"Kenya","Vynnycky-1997",5,46,"Enrolled",28.12
"Kenya","Vynnycky-1997",5,46,"Tested",485.2
"Kenya","Vynnycky-1997",5,47,"Enrolled",35.68
"Kenya","Vynnycky-1997",5,47,"Tested",610.88
"Kenya","Vynnycky-1997",5,48,"Enrolled",26.18
"Kenya","Vynnycky-1997",5,48,"Tested",445.88
"Kenya","Vynnycky-1997",5,49,"Enrolled",40.64
"Kenya","Vynnycky-1997",5,49,"Tested",677.58
"Kenya","Vynnycky-1997",5,50,"Enrolled",27.88
"Kenya","Vynnycky-1997",5,50,"Tested",478.88
"Kenya","Vynnycky-1997",5,51,"Enrolled",37.64
"Kenya","Vynnycky-1997",5,51,"Tested",658.78
"Kenya","Vynnycky-1997",5,52,"Enrolled",33.82
"Kenya","Vynnycky-1997",5,52,"Tested",583.38
"Kenya","Vynnycky-1997",5,53,"Enrolled",36.2
"Kenya","Vynnycky-1997",5,53,"Tested",644.76
"Kenya","Vynnycky-1997",5,54,"Enrolled",30.96
"Kenya","Vynnycky-1997",5,54,"Tested",527.54
"Kenya","Vynnycky-1997",5,55,"Enrolled",37.74
"Kenya","Vynnycky-1997",5,55,"Tested",640.22
"Kenya","Vynnycky-1997",5,56,"Enrolled",34.34
"Kenya","Vynnycky-1997",5,56,"Tested",601.64
"Kenya","Vynnycky-1997",5,57,"Enrolled",35.88
"Kenya","Vynnycky-1997",5,57,"Tested",619.98
"Kenya","Vynnycky-1997",5,58,"Enrolled",35.72
"Kenya","Vynnycky-1997",5,58,"Tested",628.1
"Kenya","Vynnycky-1997",5,59,"Enrolled",39.1
"Kenya","Vynnycky-1997",5,59,"Tested",663.94
"Kenya","Vynnycky-1997",5,60,"Enrolled",36.56
"Kenya","Vynnycky-1997",5,60,"Tested",591.46
"Kenya","Vynnycky-1997",5,61,"Enrolled",50.88
"Kenya","Vynnycky-1997",5,61,"Tested",851.08
"Kenya","Vynnycky-1997",5,62,"Enrolled",41.64
"Kenya","Vynnycky-1997",5,62,"Tested",748.32
"Kenya","Vynnycky-1997",5,63,"Enrolled",45.82
"Kenya","Vynnycky-1997",5,63,"Tested",761.62
"Kenya","Vynnycky-1997",5,64,"Enrolled",44.76
"Kenya","Vynnycky-1997",5,64,"Tested",770.3
"Kenya","Vynnycky-1997",5,65,"Enrolled",36.94
"Kenya","Vynnycky-1997",5,65,"Tested",612.44
"Kenya","Vynnycky-1997",5,66,"Enrolled",34.7
"Kenya","Vynnycky-1997",5,66,"Tested",573.74
"Kenya","Vynnycky-1997",5,67,"Enrolled",31.74
"Kenya","Vynnycky-1997",5,67,"Tested",523.78
"Kenya","Vynnycky-1997",5,68,"Enrolled",36.58
"Kenya","Vynnycky-1997",5,68,"Tested",624.12
"Kenya","Vynnycky-1997",5,69,"Enrolled",35.62
"Kenya","Vynnycky-1997",5,69,"Tested",607.58
"Kenya","Vynnycky-1997",5,70,"Enrolled",38.4
"Kenya","Vynnycky-1997",5,70,"Tested",642.14
"Kenya","Vynnycky-1997",5,71,"Enrolled",26.04
"Kenya","Vynnycky-1997",5,71,"Tested",474.3
"Kenya","Vynnycky-1997",5,72,"Enrolled",37.84
"Kenya","Vynnycky-1997",5,72,"Tested",633.42
"Kenya","Vynnycky-1997",5,73,"Enrolled",30.78
"Kenya","Vynnycky-1997",5,73,"Tested",509.76
"Kenya","Vynnycky-1997",5,74,"Enrolled",34.3
"Kenya","Vynnycky-1997",5,74,"Tested",563.46
"Kenya","Vynnycky-1997",5,75,"Enrolled",40.28
"Kenya","Vynnycky-1997",5,75,"Tested",700.34
"Kenya","Vynnycky-1997",5,76,"Enrolled",28.04
"Kenya","Vynnycky-1997",5,76,"Tested",493.14
"Kenya","Vynnycky-1997",5,77,"Enrolled",40.88
"Kenya","Vynnycky-1997",5,77,"Tested",724.22
"Kenya","Vynnycky-1997",5,78,"Enrolled",35.32
"Kenya","Vynnycky-1997",5,78,"Tested",591.8
"Kenya","Vynnycky-1997",5,79,"Enrolled",33.82
"Kenya","Vynnycky-1997",5,79,"Tested",540.5
"Kenya","Vynnycky-1997",5,80,"Enrolled",37.68
"Kenya","Vynnycky-1997",5,80,"Tested",654.16
"Kenya","Vynnycky-1997",5,81,"Enrolled",34.76
"Kenya","Vynnycky-1997",5,81,"Tested",581.04
"Kenya","Vynnycky-1997",5,82,"Enrolled",37.28
"Kenya","Vynnycky-1997",5,82,"Tested",624.32
"Kenya","Vynnycky-1997",5,83,"Enrolled",29.32
"Kenya","Vynnycky-1997",5,83,"Tested",504.14
"Kenya","Vynnycky-1997",5,84,"Enrolled",29.24
"Kenya","Vynnycky-1997",5,84,"Tested",492.3
"Kenya","Vynnycky-1997",5,85,"Enrolled",40.26
"Kenya","Vynnycky-1997",5,85,"Tested",679.22
"Kenya","Vynnycky-1997",5,86,"Enrolled",25.84
"Kenya","Vynnycky-1997",5,86,"Tested",454.1
"Kenya","Vynnycky-1997",5,87,"Enrolled",38.22
"Kenya","Vynnycky-1997",5,87,"Tested",663.74
"Kenya","Vynnycky-1997",5,88,"Enrolled",32.72
"Kenya","Vynnycky-1997",5,88,"Tested",561.06
"Kenya","Vynnycky-1997",5,89,"Enrolled",34.86
"Kenya","Vynnycky-1997",5,89,"Tested",579.64
"Kenya","Vynnycky-1997",5,90,"Enrolled",33.9
"Kenya","Vynnycky-1997",5,90,"Tested",595.56
"Kenya","Vynnycky-1997",5,91,"Enrolled",48.22
"Kenya","Vynnycky-1997",5,91,"Tested",841.88
"Kenya","Vynnycky-1997",5,92,"Enrolled",35.36
"Kenya","Vynnycky-1997",5,92,"Tested",602.64
"Kenya","Vynnycky-1997",5,93,"Enrolled",27.8
"Kenya","Vynnycky-1997",5,93,"Tested",470.58
"Kenya","Vynnycky-1997",5,94,"Enrolled",36.28
"Kenya","Vynnycky-1997",5,94,"Tested",640.42
"Kenya","Vynnycky-1997",5,95,"Enrolled",35.14
"Kenya","Vynnycky-1997",5,95,"Tested",618.58
"Kenya","Vynnycky-1997",5,96,"Enrolled",28.94
"Kenya","Vynnycky-1997",5,96,"Tested",498.12
"Kenya","Vynnycky-1997",5,97,"Enrolled",31.78
"Kenya","Vynnycky-1997",5,97,"Tested",568.78
"Kenya","Vynnycky-1997",5,98,"Enrolled",49.38
"Kenya","Vynnycky-1997",5,98,"Tested",816.74
"Kenya","Vynnycky-1997",5,99,"Enrolled",32.96
"Kenya","Vynnycky-1997",5,99,"Tested",578.24
"Kenya","Vynnycky-1997",5,100,"Enrolled",31.94
"Kenya","Vynnycky-1997",5,100,"Tested",566.8
"Kenya","Vynnycky-1997",6,1,"Enrolled",27.18
"Kenya","Vynnycky-1997",6,1,"Tested",379.42
"Kenya","Vynnycky-1997",6,2,"Enrolled",41.68
"Kenya","Vynnycky-1997",6,2,"Tested",604.9
"Kenya","Vynnycky-1997",6,3,"Enrolled",45.2
"Kenya","Vynnycky-1997",6,3,"Tested",642.1
"Kenya","Vynnycky-1997",6,4,"Enrolled",39.28
"Kenya","Vynnycky-1997",6,4,"Tested",565.04
"Kenya","Vynnycky-1997",6,5,"Enrolled",35.16
"Kenya","Vynnycky-1997",6,5,"Tested",499.78
"Kenya","Vynnycky-1997",6,6,"Enrolled",36.08
"Kenya","Vynnycky-1997",6,6,"Tested",542.38
"Kenya","Vynnycky-1997",6,7,"Enrolled",39.96
"Kenya","Vynnycky-1997",6,7,"Tested",587.62
"Kenya","Vynnycky-1997",6,8,"Enrolled",42.7
"Kenya","Vynnycky-1997",6,8,"Tested",606.26
"Kenya","Vynnycky-1997",6,9,"Enrolled",35.72
"Kenya","Vynnycky-1997",6,9,"Tested",511.38
"Kenya","Vynnycky-1997",6,10,"Enrolled",48.82
"Kenya","Vynnycky-1997",6,10,"Tested",691.98
"Kenya","Vynnycky-1997",6,11,"Enrolled",43.64
"Kenya","Vynnycky-1997",6,11,"Tested",630.54
"Kenya","Vynnycky-1997",6,12,"Enrolled",38.22
"Kenya","Vynnycky-1997",6,12,"Tested",549.44
"Kenya","Vynnycky-1997",6,13,"Enrolled",35.88
"Kenya","Vynnycky-1997",6,13,"Tested",497.66
"Kenya","Vynnycky-1997",6,14,"Enrolled",35.94
"Kenya","Vynnycky-1997",6,14,"Tested",534.76
"Kenya","Vynnycky-1997",6,15,"Enrolled",35.98
"Kenya","Vynnycky-1997",6,15,"Tested",523.1
"Kenya","Vynnycky-1997",6,16,"Enrolled",42.78
"Kenya","Vynnycky-1997",6,16,"Tested",592.34
"Kenya","Vynnycky-1997",6,17,"Enrolled",39.16
"Kenya","Vynnycky-1997",6,17,"Tested",552.16
"Kenya","Vynnycky-1997",6,18,"Enrolled",37.5
"Kenya","Vynnycky-1997",6,18,"Tested",544.04
"Kenya","Vynnycky-1997",6,19,"Enrolled",42.82
"Kenya","Vynnycky-1997",6,19,"Tested",635.18
"Kenya","Vynnycky-1997",6,20,"Enrolled",37.8
"Kenya","Vynnycky-1997",6,20,"Tested",544.92
"Kenya","Vynnycky-1997",6,21,"Enrolled",44.22
"Kenya","Vynnycky-1997",6,21,"Tested",642.48
"Kenya","Vynnycky-1997",6,22,"Enrolled",51.84
"Kenya","Vynnycky-1997",6,22,"Tested",756.92
"Kenya","Vynnycky-1997",6,23,"Enrolled",40.98
"Kenya","Vynnycky-1997",6,23,"Tested",587.32
"Kenya","Vynnycky-1997",6,24,"Enrolled",34.32
"Kenya","Vynnycky-1997",6,24,"Tested",492.26
"Kenya","Vynnycky-1997",6,25,"Enrolled",32.88
"Kenya","Vynnycky-1997",6,25,"Tested",450.26
"Kenya","Vynnycky-1997",6,26,"Enrolled",43.96
"Kenya","Vynnycky-1997",6,26,"Tested",643.36
"Kenya","Vynnycky-1997",6,27,"Enrolled",42.38
"Kenya","Vynnycky-1997",6,27,"Tested",618.94
"Kenya","Vynnycky-1997",6,28,"Enrolled",36.5
"Kenya","Vynnycky-1997",6,28,"Tested",530.16
"Kenya","Vynnycky-1997",6,29,"Enrolled",36.34
"Kenya","Vynnycky-1997",6,29,"Tested",517.08
"Kenya","Vynnycky-1997",6,30,"Enrolled",34.76
"Kenya","Vynnycky-1997",6,30,"Tested",511.76
"Kenya","Vynnycky-1997",6,31,"Enrolled",42.3
"Kenya","Vynnycky-1997",6,31,"Tested",617.98
"Kenya","Vynnycky-1997",6,32,"Enrolled",34.54
"Kenya","Vynnycky-1997",6,32,"Tested",491.52
"Kenya","Vynnycky-1997",6,33,"Enrolled",37.66
"Kenya","Vynnycky-1997",6,33,"Tested",561.2
"Kenya","Vynnycky-1997",6,34,"Enrolled",37.8
"Kenya","Vynnycky-1997",6,34,"Tested",523.94
"Kenya","Vynnycky-1997",6,35,"Enrolled",38.58
"Kenya","Vynnycky-1997",6,35,"Tested",557.68
"Kenya","Vynnycky-1997",6,36,"Enrolled",34.98
"Kenya","Vynnycky-1997",6,36,"Tested",502.14
"Kenya","Vynnycky-1997",6,37,"Enrolled",38.64
"Kenya","Vynnycky-1997",6,37,"Tested",558.38
"Kenya","Vynnycky-1997",6,38,"Enrolled",39.16
"Kenya","Vynnycky-1997",6,38,"Tested",567.78
"Kenya","Vynnycky-1997",6,39,"Enrolled",38.86
"Kenya","Vynnycky-1997",6,39,"Tested",563.68
"Kenya","Vynnycky-1997",6,40,"Enrolled",38.94
"Kenya","Vynnycky-1997",6,40,"Tested",554.44
"Kenya","Vynnycky-1997",6,41,"Enrolled",39.56
"Kenya","Vynnycky-1997",6,41,"Tested",560.42
"Kenya","Vynnycky-1997",6,42,"Enrolled",41.88
"Kenya","Vynnycky-1997",6,42,"Tested",599.24
"Kenya","Vynnycky-1997",6,43,"Enrolled",34.3
"Kenya","Vynnycky-1997",6,43,"Tested",497.72
"Kenya","Vynnycky-1997",6,44,"Enrolled",33.7
"Kenya","Vynnycky-1997",6,44,"Tested",485.2
"Kenya","Vynnycky-1997",6,45,"Enrolled",47.18
"Kenya","Vynnycky-1997",6,45,"Tested",682.9
"Kenya","Vynnycky-1997",6,46,"Enrolled",38.02
"Kenya","Vynnycky-1997",6,46,"Tested",536.68
"Kenya","Vynnycky-1997",6,47,"Enrolled",41.52
"Kenya","Vynnycky-1997",6,47,"Tested",609.22
"Kenya","Vynnycky-1997",6,48,"Enrolled",46.58
"Kenya","Vynnycky-1997",6,48,"Tested",676.96
"Kenya","Vynnycky-1997",6,49,"Enrolled",38.8
"Kenya","Vynnycky-1997",6,49,"Tested",544.7
"Kenya","Vynnycky-1997",6,50,"Enrolled",48.96
"Kenya","Vynnycky-1997",6,50,"Tested",703.7
"Kenya","Vynnycky-1997",6,51,"Enrolled",37.92
"Kenya","Vynnycky-1997",6,51,"Tested",540.42
"Kenya","Vynnycky-1997",6,52,"Enrolled",38.56
"Kenya","Vynnycky-1997",6,52,"Tested",575.38
"Kenya","Vynnycky-1997",6,53,"Enrolled",37.3
"Kenya","Vynnycky-1997",6,53,"Tested",537.3
"Kenya","Vynnycky-1997",6,54,"Enrolled",44.84
"Kenya","Vynnycky-1997",6,54,"Tested",669.98
"Kenya","Vynnycky-1997",6,55,"Enrolled",40.04
"Kenya","Vynnycky-1997",6,55,"Tested",559.06
"Kenya","Vynnycky-1997",6,56,"Enrolled",39.86
"Kenya","Vynnycky-1997",6,56,"Tested",558.7
"Kenya","Vynnycky-1997",6,57,"Enrolled",47.24
"Kenya","Vynnycky-1997",6,57,"Tested",679.94
"Kenya","Vynnycky-1997",6,58,"Enrolled",43.6
"Kenya","Vynnycky-1997",6,58,"Tested",642.52
"Kenya","Vynnycky-1997",6,59,"Enrolled",39.02
"Kenya","Vynnycky-1997",6,59,"Tested",556.44
"Kenya","Vynnycky-1997",6,60,"Enrolled",33.14
"Kenya","Vynnycky-1997",6,60,"Tested",483.92
"Kenya","Vynnycky-1997",6,61,"Enrolled",40.3
"Kenya","Vynnycky-1997",6,61,"Tested",593.4
"Kenya","Vynnycky-1997",6,62,"Enrolled",35.68
"Kenya","Vynnycky-1997",6,62,"Tested",525.22
"Kenya","Vynnycky-1997",6,63,"Enrolled",41.5
"Kenya","Vynnycky-1997",6,63,"Tested",598.62
"Kenya","Vynnycky-1997",6,64,"Enrolled",38.64
"Kenya","Vynnycky-1997",6,64,"Tested",559.06
"Kenya","Vynnycky-1997",6,65,"Enrolled",42.26
"Kenya","Vynnycky-1997",6,65,"Tested",613.44
"Kenya","Vynnycky-1997",6,66,"Enrolled",60.32
"Kenya","Vynnycky-1997",6,66,"Tested",856.04
"Kenya","Vynnycky-1997",6,67,"Enrolled",34.68
"Kenya","Vynnycky-1997",6,67,"Tested",507.36
"Kenya","Vynnycky-1997",6,68,"Enrolled",36.76
"Kenya","Vynnycky-1997",6,68,"Tested",528.04
"Kenya","Vynnycky-1997",6,69,"Enrolled",30.36
"Kenya","Vynnycky-1997",6,69,"Tested",452.6
"Kenya","Vynnycky-1997",6,70,"Enrolled",32.88
"Kenya","Vynnycky-1997",6,70,"Tested",465
"Kenya","Vynnycky-1997",6,71,"Enrolled",36.6
"Kenya","Vynnycky-1997",6,71,"Tested",540.78
"Kenya","Vynnycky-1997",6,72,"Enrolled",38.34
"Kenya","Vynnycky-1997",6,72,"Tested",568.32
"Kenya","Vynnycky-1997",6,73,"Enrolled",40.58
"Kenya","Vynnycky-1997",6,73,"Tested",617.5
"Kenya","Vynnycky-1997",6,74,"Enrolled",42.54
"Kenya","Vynnycky-1997",6,74,"Tested",596.86
"Kenya","Vynnycky-1997",6,75,"Enrolled",31.7
"Kenya","Vynnycky-1997",6,75,"Tested",454.46
"Kenya","Vynnycky-1997",6,76,"Enrolled",39.96
"Kenya","Vynnycky-1997",6,76,"Tested",568.56
"Kenya","Vynnycky-1997",6,77,"Enrolled",38.36
"Kenya","Vynnycky-1997",6,77,"Tested",552.42
"Kenya","Vynnycky-1997",6,78,"Enrolled",44.38
"Kenya","Vynnycky-1997",6,78,"Tested",623.88
"Kenya","Vynnycky-1997",6,79,"Enrolled",32.38
"Kenya","Vynnycky-1997",6,79,"Tested",455
"Kenya","Vynnycky-1997",6,80,"Enrolled",38.48
"Kenya","Vynnycky-1997",6,80,"Tested",553.72
"Kenya","Vynnycky-1997",6,81,"Enrolled",39.2
"Kenya","Vynnycky-1997",6,81,"Tested",553.48
"Kenya","Vynnycky-1997",6,82,"Enrolled",39.26
"Kenya","Vynnycky-1997",6,82,"Tested",552.88
"Kenya","Vynnycky-1997",6,83,"Enrolled",49
"Kenya","Vynnycky-1997",6,83,"Tested",692.92
"Kenya","Vynnycky-1997",6,84,"Enrolled",36
"Kenya","Vynnycky-1997",6,84,"Tested",535.02
"Kenya","Vynnycky-1997",6,85,"Enrolled",56.58
"Kenya","Vynnycky-1997",6,85,"Tested",808.36
"Kenya","Vynnycky-1997",6,86,"Enrolled",39.52
"Kenya","Vynnycky-1997",6,86,"Tested",578.68
"Kenya","Vynnycky-1997",6,87,"Enrolled",33.08
"Kenya","Vynnycky-1997",6,87,"Tested",455.88
"Kenya","Vynnycky-1997",6,88,"Enrolled",41.66
"Kenya","Vynnycky-1997",6,88,"Tested",619.48
"Kenya","Vynnycky-1997",6,89,"Enrolled",43.28
"Kenya","Vynnycky-1997",6,89,"Tested",605.7
"Kenya","Vynnycky-1997",6,90,"Enrolled",40.34
"Kenya","Vynnycky-1997",6,90,"Tested",586.76
"Kenya","Vynnycky-1997",6,91,"Enrolled",41.9
"Kenya","Vynnycky-1997",6,91,"Tested",597.62
"Kenya","Vynnycky-1997",6,92,"Enrolled",35.66
"Kenya","Vynnycky-1997",6,92,"Tested",517.74
"Kenya","Vynnycky-1997",6,93,"Enrolled",46.22
"Kenya","Vynnycky-1997",6,93,"Tested",656.16
"Kenya","Vynnycky-1997",6,94,"Enrolled",31.1
"Kenya","Vynnycky-1997",6,94,"Tested",441.96
"Kenya","Vynnycky-1997",6,95,"Enrolled",37.4
"Kenya","Vynnycky-1997",6,95,"Tested",530.56
"Kenya","Vynnycky-1997",6,96,"Enrolled",35.24
"Kenya","Vynnycky-1997",6,96,"Tested",497.56
"Kenya","Vynnycky-1997",6,97,"Enrolled",38.18
"Kenya","Vynnycky-1997",6,97,"Tested",546.02
"Kenya","Vynnycky-1997",6,98,"Enrolled",35.82
"Kenya","Vynnycky-1997",6,98,"Tested",488.88
"Kenya","Vynnycky-1997",6,99,"Enrolled",33.9
"Kenya","Vynnycky-1997",6,99,"Tested",478.06
"Kenya","Vynnycky-1997",6,100,"Enrolled",54.14
"Kenya","Vynnycky-1997",6,100,"Tested",773.18
"Kenya","Vynnycky-1997",7,1,"Enrolled",56.32
"Kenya","Vynnycky-1997",7,1,"Tested",688.18
"Kenya","Vynnycky-1997",7,2,"Enrolled",51.16
"Kenya","Vynnycky-1997",7,2,"Tested",626.72
"Kenya","Vynnycky-1997",7,3,"Enrolled",38.42
"Kenya","Vynnycky-1997",7,3,"Tested",476.28
"Kenya","Vynnycky-1997",7,4,"Enrolled",52.08
"Kenya","Vynnycky-1997",7,4,"Tested",639.6
"Kenya","Vynnycky-1997",7,5,"Enrolled",40.44
"Kenya","Vynnycky-1997",7,5,"Tested",503.54
"Kenya","Vynnycky-1997",7,6,"Enrolled",42.2
"Kenya","Vynnycky-1997",7,6,"Tested",519.16
"Kenya","Vynnycky-1997",7,7,"Enrolled",38.34
"Kenya","Vynnycky-1997",7,7,"Tested",470.62
"Kenya","Vynnycky-1997",7,8,"Enrolled",34.36
"Kenya","Vynnycky-1997",7,8,"Tested",413.26
"Kenya","Vynnycky-1997",7,9,"Enrolled",44.2
"Kenya","Vynnycky-1997",7,9,"Tested",550.44
"Kenya","Vynnycky-1997",7,10,"Enrolled",54.02
"Kenya","Vynnycky-1997",7,10,"Tested",672.34
"Kenya","Vynnycky-1997",7,11,"Enrolled",34.42
"Kenya","Vynnycky-1997",7,11,"Tested",439.1
"Kenya","Vynnycky-1997",7,12,"Enrolled",37.46
"Kenya","Vynnycky-1997",7,12,"Tested",463.28
"Kenya","Vynnycky-1997",7,13,"Enrolled",42.7
"Kenya","Vynnycky-1997",7,13,"Tested",529.9
"Kenya","Vynnycky-1997",7,14,"Enrolled",38.26
"Kenya","Vynnycky-1997",7,14,"Tested",471.34
"Kenya","Vynnycky-1997",7,15,"Enrolled",31.58
"Kenya","Vynnycky-1997",7,15,"Tested",380.84
"Kenya","Vynnycky-1997",7,16,"Enrolled",48.42
"Kenya","Vynnycky-1997",7,16,"Tested",601.16
"Kenya","Vynnycky-1997",7,17,"Enrolled",35.94
"Kenya","Vynnycky-1997",7,17,"Tested",475.26
"Kenya","Vynnycky-1997",7,18,"Enrolled",50.8
"Kenya","Vynnycky-1997",7,18,"Tested",637.4
"Kenya","Vynnycky-1997",7,19,"Enrolled",47.9
"Kenya","Vynnycky-1997",7,19,"Tested",596.7
"Kenya","Vynnycky-1997",7,20,"Enrolled",47.28
"Kenya","Vynnycky-1997",7,20,"Tested",573.54
"Kenya","Vynnycky-1997",7,21,"Enrolled",47.5
"Kenya","Vynnycky-1997",7,21,"Tested",577.82
"Kenya","Vynnycky-1997",7,22,"Enrolled",54.04
"Kenya","Vynnycky-1997",7,22,"Tested",681.4
"Kenya","Vynnycky-1997",7,23,"Enrolled",44.4
"Kenya","Vynnycky-1997",7,23,"Tested",572.88
"Kenya","Vynnycky-1997",7,24,"Enrolled",40.68
"Kenya","Vynnycky-1997",7,24,"Tested",509.36
"Kenya","Vynnycky-1997",7,25,"Enrolled",36.4
"Kenya","Vynnycky-1997",7,25,"Tested",453
"Kenya","Vynnycky-1997",7,26,"Enrolled",50.76
"Kenya","Vynnycky-1997",7,26,"Tested",654.52
"Kenya","Vynnycky-1997",7,27,"Enrolled",44.54
"Kenya","Vynnycky-1997",7,27,"Tested",557.58
"Kenya","Vynnycky-1997",7,28,"Enrolled",38.38
"Kenya","Vynnycky-1997",7,28,"Tested",470.66
"Kenya","Vynnycky-1997",7,29,"Enrolled",44.46
"Kenya","Vynnycky-1997",7,29,"Tested",562.68
"Kenya","Vynnycky-1997",7,30,"Enrolled",38.92
"Kenya","Vynnycky-1997",7,30,"Tested",494.18
"Kenya","Vynnycky-1997",7,31,"Enrolled",39.54
"Kenya","Vynnycky-1997",7,31,"Tested",481.76
"Kenya","Vynnycky-1997",7,32,"Enrolled",47.2
"Kenya","Vynnycky-1997",7,32,"Tested",593.98
"Kenya","Vynnycky-1997",7,33,"Enrolled",49.12
"Kenya","Vynnycky-1997",7,33,"Tested",599.66
"Kenya","Vynnycky-1997",7,34,"Enrolled",52.42
"Kenya","Vynnycky-1997",7,34,"Tested",649.16
"Kenya","Vynnycky-1997",7,35,"Enrolled",50.92
"Kenya","Vynnycky-1997",7,35,"Tested",626.44
"Kenya","Vynnycky-1997",7,36,"Enrolled",43
"Kenya","Vynnycky-1997",7,36,"Tested",530.18
"Kenya","Vynnycky-1997",7,37,"Enrolled",48.46
"Kenya","Vynnycky-1997",7,37,"Tested",590.34
"Kenya","Vynnycky-1997",7,38,"Enrolled",43.76
"Kenya","Vynnycky-1997",7,38,"Tested",525.84
"Kenya","Vynnycky-1997",7,39,"Enrolled",49.14
"Kenya","Vynnycky-1997",7,39,"Tested",591.86
"Kenya","Vynnycky-1997",7,40,"Enrolled",40.42
"Kenya","Vynnycky-1997",7,40,"Tested",499.52
"Kenya","Vynnycky-1997",7,41,"Enrolled",43.7
"Kenya","Vynnycky-1997",7,41,"Tested",529.98
"Kenya","Vynnycky-1997",7,42,"Enrolled",43.46
"Kenya","Vynnycky-1997",7,42,"Tested",539.84
"Kenya","Vynnycky-1997",7,43,"Enrolled",36.46
"Kenya","Vynnycky-1997",7,43,"Tested",448.82
"Kenya","Vynnycky-1997",7,44,"Enrolled",41.2
"Kenya","Vynnycky-1997",7,44,"Tested",492.76
"Kenya","Vynnycky-1997",7,45,"Enrolled",46.32
"Kenya","Vynnycky-1997",7,45,"Tested",572.4
"Kenya","Vynnycky-1997",7,46,"Enrolled",55.66
"Kenya","Vynnycky-1997",7,46,"Tested",691.54
"Kenya","Vynnycky-1997",7,47,"Enrolled",40.86
"Kenya","Vynnycky-1997",7,47,"Tested",492.7
"Kenya","Vynnycky-1997",7,48,"Enrolled",51.18
"Kenya","Vynnycky-1997",7,48,"Tested",626.5
"Kenya","Vynnycky-1997",7,49,"Enrolled",37.72
"Kenya","Vynnycky-1997",7,49,"Tested",458.66
"Kenya","Vynnycky-1997",7,50,"Enrolled",49.28
"Kenya","Vynnycky-1997",7,50,"Tested",609.38
"Kenya","Vynnycky-1997",7,51,"Enrolled",48.7
"Kenya","Vynnycky-1997",7,51,"Tested",604.84
"Kenya","Vynnycky-1997",7,52,"Enrolled",36.08
"Kenya","Vynnycky-1997",7,52,"Tested",428.38
"Kenya","Vynnycky-1997",7,53,"Enrolled",34.8
"Kenya","Vynnycky-1997",7,53,"Tested",429.68
"Kenya","Vynnycky-1997",7,54,"Enrolled",46.2
"Kenya","Vynnycky-1997",7,54,"Tested",566.3
"Kenya","Vynnycky-1997",7,55,"Enrolled",42.16
"Kenya","Vynnycky-1997",7,55,"Tested",524.9
"Kenya","Vynnycky-1997",7,56,"Enrolled",35.06
"Kenya","Vynnycky-1997",7,56,"Tested",441.3
"Kenya","Vynnycky-1997",7,57,"Enrolled",43.58
"Kenya","Vynnycky-1997",7,57,"Tested",539.04
"Kenya","Vynnycky-1997",7,58,"Enrolled",48.18
"Kenya","Vynnycky-1997",7,58,"Tested",579.32
"Kenya","Vynnycky-1997",7,59,"Enrolled",34.62
"Kenya","Vynnycky-1997",7,59,"Tested",437.36
"Kenya","Vynnycky-1997",7,60,"Enrolled",49.2
"Kenya","Vynnycky-1997",7,60,"Tested",605.64
"Kenya","Vynnycky-1997",7,61,"Enrolled",40.76
"Kenya","Vynnycky-1997",7,61,"Tested",478.92
"Kenya","Vynnycky-1997",7,62,"Enrolled",54.26
"Kenya","Vynnycky-1997",7,62,"Tested",676.36
"Kenya","Vynnycky-1997",7,63,"Enrolled",34.44
"Kenya","Vynnycky-1997",7,63,"Tested",427.14
"Kenya","Vynnycky-1997",7,64,"Enrolled",37.66
"Kenya","Vynnycky-1997",7,64,"Tested",456.76
"Kenya","Vynnycky-1997",7,65,"Enrolled",42.36
"Kenya","Vynnycky-1997",7,65,"Tested",520.26
"Kenya","Vynnycky-1997",7,66,"Enrolled",39.22
"Kenya","Vynnycky-1997",7,66,"Tested",477.28
"Kenya","Vynnycky-1997",7,67,"Enrolled",34.68
"Kenya","Vynnycky-1997",7,67,"Tested",441.54
"Kenya","Vynnycky-1997",7,68,"Enrolled",47.68
"Kenya","Vynnycky-1997",7,68,"Tested",570.28
"Kenya","Vynnycky-1997",7,69,"Enrolled",40.3
"Kenya","Vynnycky-1997",7,69,"Tested",488.96
"Kenya","Vynnycky-1997",7,70,"Enrolled",53.1
"Kenya","Vynnycky-1997",7,70,"Tested",658.18
"Kenya","Vynnycky-1997",7,71,"Enrolled",49.12
"Kenya","Vynnycky-1997",7,71,"Tested",596.9
"Kenya","Vynnycky-1997",7,72,"Enrolled",42.24
"Kenya","Vynnycky-1997",7,72,"Tested",539.12
"Kenya","Vynnycky-1997",7,73,"Enrolled",44.56
"Kenya","Vynnycky-1997",7,73,"Tested",547.72
"Kenya","Vynnycky-1997",7,74,"Enrolled",46.08
"Kenya","Vynnycky-1997",7,74,"Tested",558.86
"Kenya","Vynnycky-1997",7,75,"Enrolled",56.14
"Kenya","Vynnycky-1997",7,75,"Tested",699.46
"Kenya","Vynnycky-1997",7,76,"Enrolled",41.66
"Kenya","Vynnycky-1997",7,76,"Tested",515.38
"Kenya","Vynnycky-1997",7,77,"Enrolled",35.8
"Kenya","Vynnycky-1997",7,77,"Tested",456.42
"Kenya","Vynnycky-1997",7,78,"Enrolled",36.38
"Kenya","Vynnycky-1997",7,78,"Tested",461
"Kenya","Vynnycky-1997",7,79,"Enrolled",42.4
"Kenya","Vynnycky-1997",7,79,"Tested",521.8
"Kenya","Vynnycky-1997",7,80,"Enrolled",42.66
"Kenya","Vynnycky-1997",7,80,"Tested",529.26
"Kenya","Vynnycky-1997",7,81,"Enrolled",31.62
"Kenya","Vynnycky-1997",7,81,"Tested",404.74
"Kenya","Vynnycky-1997",7,82,"Enrolled",56
"Kenya","Vynnycky-1997",7,82,"Tested",686.28
"Kenya","Vynnycky-1997",7,83,"Enrolled",38.48
"Kenya","Vynnycky-1997",7,83,"Tested",465.04
"Kenya","Vynnycky-1997",7,84,"Enrolled",43.56
"Kenya","Vynnycky-1997",7,84,"Tested",514.6
"Kenya","Vynnycky-1997",7,85,"Enrolled",42.64
"Kenya","Vynnycky-1997",7,85,"Tested",525.36
"Kenya","Vynnycky-1997",7,86,"Enrolled",49.7
"Kenya","Vynnycky-1997",7,86,"Tested",592.56
"Kenya","Vynnycky-1997",7,87,"Enrolled",38.12
"Kenya","Vynnycky-1997",7,87,"Tested",486.8
"Kenya","Vynnycky-1997",7,88,"Enrolled",35.02
"Kenya","Vynnycky-1997",7,88,"Tested",437.16
"Kenya","Vynnycky-1997",7,89,"Enrolled",38.22
"Kenya","Vynnycky-1997",7,89,"Tested",475.56
"Kenya","Vynnycky-1997",7,90,"Enrolled",48.32
"Kenya","Vynnycky-1997",7,90,"Tested",584.32
"Kenya","Vynnycky-1997",7,91,"Enrolled",42.02
"Kenya","Vynnycky-1997",7,91,"Tested",519.74
"Kenya","Vynnycky-1997",7,92,"Enrolled",52.72
"Kenya","Vynnycky-1997",7,92,"Tested",673
"Kenya","Vynnycky-1997",7,93,"Enrolled",43.04
"Kenya","Vynnycky-1997",7,93,"Tested",543.3
"Kenya","Vynnycky-1997",7,94,"Enrolled",48.14
"Kenya","Vynnycky-1997",7,94,"Tested",595.28
"Kenya","Vynnycky-1997",7,95,"Enrolled",39.76
"Kenya","Vynnycky-1997",7,95,"Tested",486.64
"Kenya","Vynnycky-1997",7,96,"Enrolled",39.62
"Kenya","Vynnycky-1997",7,96,"Tested",492.5
"Kenya","Vynnycky-1997",7,97,"Enrolled",53.46
"Kenya","Vynnycky-1997",7,97,"Tested",647.16
"Kenya","Vynnycky-1997",7,98,"Enrolled",41.36
"Kenya","Vynnycky-1997",7,98,"Tested",513.46
"Kenya","Vynnycky-1997",7,99,"Enrolled",40.96
"Kenya","Vynnycky-1997",7,99,"Tested",507.52
"Kenya","Vynnycky-1997",7,100,"Enrolled",42.44
"Kenya","Vynnycky-1997",7,100,"Tested",531.02
"Kenya","Vynnycky-1997",8,1,"Enrolled",40.24
"Kenya","Vynnycky-1997",8,1,"Tested",439.9
"Kenya","Vynnycky-1997",8,2,"Enrolled",46.1
"Kenya","Vynnycky-1997",8,2,"Tested",498.36
"Kenya","Vynnycky-1997",8,3,"Enrolled",62.3
"Kenya","Vynnycky-1997",8,3,"Tested",676
"Kenya","Vynnycky-1997",8,4,"Enrolled",46.46
"Kenya","Vynnycky-1997",8,4,"Tested",501.8
"Kenya","Vynnycky-1997",8,5,"Enrolled",43.8
"Kenya","Vynnycky-1997",8,5,"Tested",492.24
"Kenya","Vynnycky-1997",8,6,"Enrolled",58.9
"Kenya","Vynnycky-1997",8,6,"Tested",635.68
"Kenya","Vynnycky-1997",8,7,"Enrolled",43.8
"Kenya","Vynnycky-1997",8,7,"Tested",473.6
"Kenya","Vynnycky-1997",8,8,"Enrolled",39.7
"Kenya","Vynnycky-1997",8,8,"Tested",406.76
"Kenya","Vynnycky-1997",8,9,"Enrolled",45.38
"Kenya","Vynnycky-1997",8,9,"Tested",486.58
"Kenya","Vynnycky-1997",8,10,"Enrolled",50.38
"Kenya","Vynnycky-1997",8,10,"Tested",554.1
"Kenya","Vynnycky-1997",8,11,"Enrolled",35.84
"Kenya","Vynnycky-1997",8,11,"Tested",375.5
"Kenya","Vynnycky-1997",8,12,"Enrolled",46.06
"Kenya","Vynnycky-1997",8,12,"Tested",501.36
"Kenya","Vynnycky-1997",8,13,"Enrolled",50.8
"Kenya","Vynnycky-1997",8,13,"Tested",560.12
"Kenya","Vynnycky-1997",8,14,"Enrolled",54.94
"Kenya","Vynnycky-1997",8,14,"Tested",592.42
"Kenya","Vynnycky-1997",8,15,"Enrolled",55.36
"Kenya","Vynnycky-1997",8,15,"Tested",609.56
"Kenya","Vynnycky-1997",8,16,"Enrolled",44.38
"Kenya","Vynnycky-1997",8,16,"Tested",482.02
"Kenya","Vynnycky-1997",8,17,"Enrolled",49.36
"Kenya","Vynnycky-1997",8,17,"Tested",539.54
"Kenya","Vynnycky-1997",8,18,"Enrolled",54.24
"Kenya","Vynnycky-1997",8,18,"Tested",580.72
"Kenya","Vynnycky-1997",8,19,"Enrolled",49.92
"Kenya","Vynnycky-1997",8,19,"Tested",554.4
"Kenya","Vynnycky-1997",8,20,"Enrolled",54.18
"Kenya","Vynnycky-1997",8,20,"Tested",600.96
"Kenya","Vynnycky-1997",8,21,"Enrolled",40.38
"Kenya","Vynnycky-1997",8,21,"Tested",442.9
"Kenya","Vynnycky-1997",8,22,"Enrolled",44.48
"Kenya","Vynnycky-1997",8,22,"Tested",499.34
"Kenya","Vynnycky-1997",8,23,"Enrolled",46.52
"Kenya","Vynnycky-1997",8,23,"Tested",520.44
"Kenya","Vynnycky-1997",8,24,"Enrolled",54.78
"Kenya","Vynnycky-1997",8,24,"Tested",591.34
"Kenya","Vynnycky-1997",8,25,"Enrolled",45.26
"Kenya","Vynnycky-1997",8,25,"Tested",501.32
"Kenya","Vynnycky-1997",8,26,"Enrolled",43.62
"Kenya","Vynnycky-1997",8,26,"Tested",483.72
"Kenya","Vynnycky-1997",8,27,"Enrolled",54.04
"Kenya","Vynnycky-1997",8,27,"Tested",577.86
"Kenya","Vynnycky-1997",8,28,"Enrolled",52.58
"Kenya","Vynnycky-1997",8,28,"Tested",564.24
"Kenya","Vynnycky-1997",8,29,"Enrolled",45.86
"Kenya","Vynnycky-1997",8,29,"Tested",510.66
"Kenya","Vynnycky-1997",8,30,"Enrolled",55.62
"Kenya","Vynnycky-1997",8,30,"Tested",618.94
"Kenya","Vynnycky-1997",8,31,"Enrolled",45.68
"Kenya","Vynnycky-1997",8,31,"Tested",490.96
"Kenya","Vynnycky-1997",8,32,"Enrolled",44.28
"Kenya","Vynnycky-1997",8,32,"Tested",479.12
"Kenya","Vynnycky-1997",8,33,"Enrolled",38.04
"Kenya","Vynnycky-1997",8,33,"Tested",429.44
"Kenya","Vynnycky-1997",8,34,"Enrolled",49.42
"Kenya","Vynnycky-1997",8,34,"Tested",549.72
"Kenya","Vynnycky-1997",8,35,"Enrolled",55.74
"Kenya","Vynnycky-1997",8,35,"Tested",608.8
"Kenya","Vynnycky-1997",8,36,"Enrolled",46.3
"Kenya","Vynnycky-1997",8,36,"Tested",493.42
"Kenya","Vynnycky-1997",8,37,"Enrolled",44.9
"Kenya","Vynnycky-1997",8,37,"Tested",488.44
"Kenya","Vynnycky-1997",8,38,"Enrolled",50.8
"Kenya","Vynnycky-1997",8,38,"Tested",547.42
"Kenya","Vynnycky-1997",8,39,"Enrolled",45.24
"Kenya","Vynnycky-1997",8,39,"Tested",514.42
"Kenya","Vynnycky-1997",8,40,"Enrolled",49.84
"Kenya","Vynnycky-1997",8,40,"Tested",522.68
"Kenya","Vynnycky-1997",8,41,"Enrolled",46.66
"Kenya","Vynnycky-1997",8,41,"Tested",495.88
"Kenya","Vynnycky-1997",8,42,"Enrolled",58.02
"Kenya","Vynnycky-1997",8,42,"Tested",622.34
"Kenya","Vynnycky-1997",8,43,"Enrolled",44.54
"Kenya","Vynnycky-1997",8,43,"Tested",486.64
"Kenya","Vynnycky-1997",8,44,"Enrolled",52.02
"Kenya","Vynnycky-1997",8,44,"Tested",564.46
"Kenya","Vynnycky-1997",8,45,"Enrolled",34.84
"Kenya","Vynnycky-1997",8,45,"Tested",372.4
"Kenya","Vynnycky-1997",8,46,"Enrolled",50.5
"Kenya","Vynnycky-1997",8,46,"Tested",535.54
"Kenya","Vynnycky-1997",8,47,"Enrolled",37.8
"Kenya","Vynnycky-1997",8,47,"Tested",405.24
"Kenya","Vynnycky-1997",8,48,"Enrolled",41.28
"Kenya","Vynnycky-1997",8,48,"Tested",444.3
"Kenya","Vynnycky-1997",8,49,"Enrolled",38.62
"Kenya","Vynnycky-1997",8,49,"Tested",410.3
"Kenya","Vynnycky-1997",8,50,"Enrolled",50.72
"Kenya","Vynnycky-1997",8,50,"Tested",545.42
"Kenya","Vynnycky-1997",8,51,"Enrolled",42.18
"Kenya","Vynnycky-1997",8,51,"Tested",446.72
"Kenya","Vynnycky-1997",8,52,"Enrolled",53.9
"Kenya","Vynnycky-1997",8,52,"Tested",594.74
"Kenya","Vynnycky-1997",8,53,"Enrolled",46.44
"Kenya","Vynnycky-1997",8,53,"Tested",495.82
"Kenya","Vynnycky-1997",8,54,"Enrolled",47.34
"Kenya","Vynnycky-1997",8,54,"Tested",511.9
"Kenya","Vynnycky-1997",8,55,"Enrolled",48.4
"Kenya","Vynnycky-1997",8,55,"Tested",519.52
"Kenya","Vynnycky-1997",8,56,"Enrolled",38.04
"Kenya","Vynnycky-1997",8,56,"Tested",408.98
"Kenya","Vynnycky-1997",8,57,"Enrolled",32.66
"Kenya","Vynnycky-1997",8,57,"Tested",353.76
"Kenya","Vynnycky-1997",8,58,"Enrolled",37.5
"Kenya","Vynnycky-1997",8,58,"Tested",414.92
"Kenya","Vynnycky-1997",8,59,"Enrolled",49.48
"Kenya","Vynnycky-1997",8,59,"Tested",530.96
"Kenya","Vynnycky-1997",8,60,"Enrolled",48.38
"Kenya","Vynnycky-1997",8,60,"Tested",531.86
"Kenya","Vynnycky-1997",8,61,"Enrolled",49.28
"Kenya","Vynnycky-1997",8,61,"Tested",519.48
"Kenya","Vynnycky-1997",8,62,"Enrolled",47.74
"Kenya","Vynnycky-1997",8,62,"Tested",511.06
"Kenya","Vynnycky-1997",8,63,"Enrolled",47.08
"Kenya","Vynnycky-1997",8,63,"Tested",498.88
"Kenya","Vynnycky-1997",8,64,"Enrolled",43.1
"Kenya","Vynnycky-1997",8,64,"Tested",481.7
"Kenya","Vynnycky-1997",8,65,"Enrolled",45.2
"Kenya","Vynnycky-1997",8,65,"Tested",487.36
"Kenya","Vynnycky-1997",8,66,"Enrolled",41.26
"Kenya","Vynnycky-1997",8,66,"Tested",447.88
"Kenya","Vynnycky-1997",8,67,"Enrolled",65.82
"Kenya","Vynnycky-1997",8,67,"Tested",723.2
"Kenya","Vynnycky-1997",8,68,"Enrolled",36.32
"Kenya","Vynnycky-1997",8,68,"Tested",371.66
"Kenya","Vynnycky-1997",8,69,"Enrolled",45.26
"Kenya","Vynnycky-1997",8,69,"Tested",494.18
"Kenya","Vynnycky-1997",8,70,"Enrolled",60.28
"Kenya","Vynnycky-1997",8,70,"Tested",651.14
"Kenya","Vynnycky-1997",8,71,"Enrolled",49.3
"Kenya","Vynnycky-1997",8,71,"Tested",531.88
"Kenya","Vynnycky-1997",8,72,"Enrolled",38.72
"Kenya","Vynnycky-1997",8,72,"Tested",421.06
"Kenya","Vynnycky-1997",8,73,"Enrolled",63.4
"Kenya","Vynnycky-1997",8,73,"Tested",691.58
"Kenya","Vynnycky-1997",8,74,"Enrolled",53.08
"Kenya","Vynnycky-1997",8,74,"Tested",566.2
"Kenya","Vynnycky-1997",8,75,"Enrolled",45.84
"Kenya","Vynnycky-1997",8,75,"Tested",493.22
"Kenya","Vynnycky-1997",8,76,"Enrolled",47.4
"Kenya","Vynnycky-1997",8,76,"Tested",518
"Kenya","Vynnycky-1997",8,77,"Enrolled",49.48
"Kenya","Vynnycky-1997",8,77,"Tested",535.78
"Kenya","Vynnycky-1997",8,78,"Enrolled",36.56
"Kenya","Vynnycky-1997",8,78,"Tested",379.78
"Kenya","Vynnycky-1997",8,79,"Enrolled",42.5
"Kenya","Vynnycky-1997",8,79,"Tested",467.46
"Kenya","Vynnycky-1997",8,80,"Enrolled",31.8
"Kenya","Vynnycky-1997",8,80,"Tested",336.86
"Kenya","Vynnycky-1997",8,81,"Enrolled",55.18
"Kenya","Vynnycky-1997",8,81,"Tested",593.62
"Kenya","Vynnycky-1997",8,82,"Enrolled",42.62
"Kenya","Vynnycky-1997",8,82,"Tested",473.1
"Kenya","Vynnycky-1997",8,83,"Enrolled",47.54
"Kenya","Vynnycky-1997",8,83,"Tested",520.4
"Kenya","Vynnycky-1997",8,84,"Enrolled",55.84
"Kenya","Vynnycky-1997",8,84,"Tested",597.14
"Kenya","Vynnycky-1997",8,85,"Enrolled",54.42
"Kenya","Vynnycky-1997",8,85,"Tested",595.4
"Kenya","Vynnycky-1997",8,86,"Enrolled",40.04
"Kenya","Vynnycky-1997",8,86,"Tested",431.84
"Kenya","Vynnycky-1997",8,87,"Enrolled",35.84
"Kenya","Vynnycky-1997",8,87,"Tested",382.62
"Kenya","Vynnycky-1997",8,88,"Enrolled",41.68
"Kenya","Vynnycky-1997",8,88,"Tested",439.98
"Kenya","Vynnycky-1997",8,89,"Enrolled",53.26
"Kenya","Vynnycky-1997",8,89,"Tested",593.42
"Kenya","Vynnycky-1997",8,90,"Enrolled",41.24
"Kenya","Vynnycky-1997",8,90,"Tested",436.08
"Kenya","Vynnycky-1997",8,91,"Enrolled",48.24
"Kenya","Vynnycky-1997",8,91,"Tested",522
"Kenya","Vynnycky-1997",8,92,"Enrolled",36.32
"Kenya","Vynnycky-1997",8,92,"Tested",408.06
"Kenya","Vynnycky-1997",8,93,"Enrolled",34.62
"Kenya","Vynnycky-1997",8,93,"Tested",372.86
"Kenya","Vynnycky-1997",8,94,"Enrolled",42.42
"Kenya","Vynnycky-1997",8,94,"Tested",474.78
"Kenya","Vynnycky-1997",8,95,"Enrolled",38.38
"Kenya","Vynnycky-1997",8,95,"Tested",417.7
"Kenya","Vynnycky-1997",8,96,"Enrolled",53.44
"Kenya","Vynnycky-1997",8,96,"Tested",572.62
"Kenya","Vynnycky-1997",8,97,"Enrolled",38.98
"Kenya","Vynnycky-1997",8,97,"Tested",418.14
"Kenya","Vynnycky-1997",8,98,"Enrolled",42.98
"Kenya","Vynnycky-1997",8,98,"Tested",474.64
"Kenya","Vynnycky-1997",8,99,"Enrolled",50.16
"Kenya","Vynnycky-1997",8,99,"Tested",540.52
"Kenya","Vynnycky-1997",8,100,"Enrolled",57.44
"Kenya","Vynnycky-1997",8,100,"Tested",632.38
"Kenya","Vynnycky-1997",9,1,"Enrolled",54.68
"Kenya","Vynnycky-1997",9,1,"Tested",534.98
"Kenya","Vynnycky-1997",9,2,"Enrolled",52.12
"Kenya","Vynnycky-1997",9,2,"Tested",502.4
"Kenya","Vynnycky-1997",9,3,"Enrolled",37.7
"Kenya","Vynnycky-1997",9,3,"Tested",366.84
"Kenya","Vynnycky-1997",9,4,"Enrolled",53.36
"Kenya","Vynnycky-1997",9,4,"Tested",500.44
"Kenya","Vynnycky-1997",9,5,"Enrolled",40.44
"Kenya","Vynnycky-1997",9,5,"Tested",395.24
"Kenya","Vynnycky-1997",9,6,"Enrolled",48.72
"Kenya","Vynnycky-1997",9,6,"Tested",465.58
"Kenya","Vynnycky-1997",9,7,"Enrolled",47.26
"Kenya","Vynnycky-1997",9,7,"Tested",461.2
"Kenya","Vynnycky-1997",9,8,"Enrolled",53.24
"Kenya","Vynnycky-1997",9,8,"Tested",515.8
"Kenya","Vynnycky-1997",9,9,"Enrolled",55.66
"Kenya","Vynnycky-1997",9,9,"Tested",549.46
"Kenya","Vynnycky-1997",9,10,"Enrolled",38.88
"Kenya","Vynnycky-1997",9,10,"Tested",359.36
"Kenya","Vynnycky-1997",9,11,"Enrolled",52.3
"Kenya","Vynnycky-1997",9,11,"Tested",508.98
"Kenya","Vynnycky-1997",9,12,"Enrolled",51.5
"Kenya","Vynnycky-1997",9,12,"Tested",495.82
"Kenya","Vynnycky-1997",9,13,"Enrolled",57.74
"Kenya","Vynnycky-1997",9,13,"Tested",554.84
"Kenya","Vynnycky-1997",9,14,"Enrolled",54.34
"Kenya","Vynnycky-1997",9,14,"Tested",513.28
"Kenya","Vynnycky-1997",9,15,"Enrolled",66.4
"Kenya","Vynnycky-1997",9,15,"Tested",647.7
"Kenya","Vynnycky-1997",9,16,"Enrolled",41.96
"Kenya","Vynnycky-1997",9,16,"Tested",408.86
"Kenya","Vynnycky-1997",9,17,"Enrolled",48.14
"Kenya","Vynnycky-1997",9,17,"Tested",456.9
"Kenya","Vynnycky-1997",9,18,"Enrolled",44.88
"Kenya","Vynnycky-1997",9,18,"Tested",437.56
"Kenya","Vynnycky-1997",9,19,"Enrolled",55.12
"Kenya","Vynnycky-1997",9,19,"Tested",525.02
"Kenya","Vynnycky-1997",9,20,"Enrolled",44.22
"Kenya","Vynnycky-1997",9,20,"Tested",423.7
"Kenya","Vynnycky-1997",9,21,"Enrolled",35.96
"Kenya","Vynnycky-1997",9,21,"Tested",356.78
"Kenya","Vynnycky-1997",9,22,"Enrolled",51.18
"Kenya","Vynnycky-1997",9,22,"Tested",494.76
"Kenya","Vynnycky-1997",9,23,"Enrolled",55.9
"Kenya","Vynnycky-1997",9,23,"Tested",530.98
"Kenya","Vynnycky-1997",9,24,"Enrolled",49.86
"Kenya","Vynnycky-1997",9,24,"Tested",481.96
"Kenya","Vynnycky-1997",9,25,"Enrolled",55.2
"Kenya","Vynnycky-1997",9,25,"Tested",519.52
"Kenya","Vynnycky-1997",9,26,"Enrolled",52.94
"Kenya","Vynnycky-1997",9,26,"Tested",509.68
"Kenya","Vynnycky-1997",9,27,"Enrolled",52.36
"Kenya","Vynnycky-1997",9,27,"Tested",507.22
"Kenya","Vynnycky-1997",9,28,"Enrolled",47.16
"Kenya","Vynnycky-1997",9,28,"Tested",449.56
"Kenya","Vynnycky-1997",9,29,"Enrolled",46.72
"Kenya","Vynnycky-1997",9,29,"Tested",448.54
"Kenya","Vynnycky-1997",9,30,"Enrolled",53
"Kenya","Vynnycky-1997",9,30,"Tested",524.84
"Kenya","Vynnycky-1997",9,31,"Enrolled",60.34
"Kenya","Vynnycky-1997",9,31,"Tested",594.94
"Kenya","Vynnycky-1997",9,32,"Enrolled",46.38
"Kenya","Vynnycky-1997",9,32,"Tested",436.48
"Kenya","Vynnycky-1997",9,33,"Enrolled",54.2
"Kenya","Vynnycky-1997",9,33,"Tested",523.48
"Kenya","Vynnycky-1997",9,34,"Enrolled",58.4
"Kenya","Vynnycky-1997",9,34,"Tested",558.02
"Kenya","Vynnycky-1997",9,35,"Enrolled",48.26
"Kenya","Vynnycky-1997",9,35,"Tested",471.56
"Kenya","Vynnycky-1997",9,36,"Enrolled",55.6
"Kenya","Vynnycky-1997",9,36,"Tested",546.34
"Kenya","Vynnycky-1997",9,37,"Enrolled",57.74
"Kenya","Vynnycky-1997",9,37,"Tested",555.34
"Kenya","Vynnycky-1997",9,38,"Enrolled",51.22
"Kenya","Vynnycky-1997",9,38,"Tested",497.14
"Kenya","Vynnycky-1997",9,39,"Enrolled",53.72
"Kenya","Vynnycky-1997",9,39,"Tested",545.88
"Kenya","Vynnycky-1997",9,40,"Enrolled",52.28
"Kenya","Vynnycky-1997",9,40,"Tested",501.12
"Kenya","Vynnycky-1997",9,41,"Enrolled",52.9
"Kenya","Vynnycky-1997",9,41,"Tested",511.66
"Kenya","Vynnycky-1997",9,42,"Enrolled",52.54
"Kenya","Vynnycky-1997",9,42,"Tested",505.46
"Kenya","Vynnycky-1997",9,43,"Enrolled",53.44
"Kenya","Vynnycky-1997",9,43,"Tested",526.52
"Kenya","Vynnycky-1997",9,44,"Enrolled",54.14
"Kenya","Vynnycky-1997",9,44,"Tested",519.84
"Kenya","Vynnycky-1997",9,45,"Enrolled",50.2
"Kenya","Vynnycky-1997",9,45,"Tested",472.62
"Kenya","Vynnycky-1997",9,46,"Enrolled",48.04
"Kenya","Vynnycky-1997",9,46,"Tested",473.06
"Kenya","Vynnycky-1997",9,47,"Enrolled",41.46
"Kenya","Vynnycky-1997",9,47,"Tested",407.3
"Kenya","Vynnycky-1997",9,48,"Enrolled",50.5
"Kenya","Vynnycky-1997",9,48,"Tested",495.86
"Kenya","Vynnycky-1997",9,49,"Enrolled",60.72
"Kenya","Vynnycky-1997",9,49,"Tested",569
"Kenya","Vynnycky-1997",9,50,"Enrolled",50.86
"Kenya","Vynnycky-1997",9,50,"Tested",491.9
"Kenya","Vynnycky-1997",9,51,"Enrolled",52.9
"Kenya","Vynnycky-1997",9,51,"Tested",518.4
"Kenya","Vynnycky-1997",9,52,"Enrolled",54.56
"Kenya","Vynnycky-1997",9,52,"Tested",530.42
"Kenya","Vynnycky-1997",9,53,"Enrolled",48.06
"Kenya","Vynnycky-1997",9,53,"Tested",461.98
"Kenya","Vynnycky-1997",9,54,"Enrolled",53.64
"Kenya","Vynnycky-1997",9,54,"Tested",512.7
"Kenya","Vynnycky-1997",9,55,"Enrolled",60.8
"Kenya","Vynnycky-1997",9,55,"Tested",575.08
"Kenya","Vynnycky-1997",9,56,"Enrolled",43.34
"Kenya","Vynnycky-1997",9,56,"Tested",406.92
"Kenya","Vynnycky-1997",9,57,"Enrolled",44.04
"Kenya","Vynnycky-1997",9,57,"Tested",420.54
"Kenya","Vynnycky-1997",9,58,"Enrolled",43.78
"Kenya","Vynnycky-1997",9,58,"Tested",412.8
"Kenya","Vynnycky-1997",9,59,"Enrolled",58.52
"Kenya","Vynnycky-1997",9,59,"Tested",568.56
"Kenya","Vynnycky-1997",9,60,"Enrolled",56.44
"Kenya","Vynnycky-1997",9,60,"Tested",547.26
"Kenya","Vynnycky-1997",9,61,"Enrolled",61.52
"Kenya","Vynnycky-1997",9,61,"Tested",607.36
"Kenya","Vynnycky-1997",9,62,"Enrolled",45.96
"Kenya","Vynnycky-1997",9,62,"Tested",461.06
"Kenya","Vynnycky-1997",9,63,"Enrolled",45.9
"Kenya","Vynnycky-1997",9,63,"Tested",453.44
"Kenya","Vynnycky-1997",9,64,"Enrolled",46.84
"Kenya","Vynnycky-1997",9,64,"Tested",421.88
"Kenya","Vynnycky-1997",9,65,"Enrolled",34.94
"Kenya","Vynnycky-1997",9,65,"Tested",345.4
"Kenya","Vynnycky-1997",9,66,"Enrolled",40.92
"Kenya","Vynnycky-1997",9,66,"Tested",406.16
"Kenya","Vynnycky-1997",9,67,"Enrolled",39.54
"Kenya","Vynnycky-1997",9,67,"Tested",378.16
"Kenya","Vynnycky-1997",9,68,"Enrolled",62.86
"Kenya","Vynnycky-1997",9,68,"Tested",600.32
"Kenya","Vynnycky-1997",9,69,"Enrolled",46.5
"Kenya","Vynnycky-1997",9,69,"Tested",461.22
"Kenya","Vynnycky-1997",9,70,"Enrolled",55.5
"Kenya","Vynnycky-1997",9,70,"Tested",540.12
"Kenya","Vynnycky-1997",9,71,"Enrolled",51.52
"Kenya","Vynnycky-1997",9,71,"Tested",486.96
"Kenya","Vynnycky-1997",9,72,"Enrolled",36.26
"Kenya","Vynnycky-1997",9,72,"Tested",338.3
"Kenya","Vynnycky-1997",9,73,"Enrolled",41.9
"Kenya","Vynnycky-1997",9,73,"Tested",400.36
"Kenya","Vynnycky-1997",9,74,"Enrolled",50.02
"Kenya","Vynnycky-1997",9,74,"Tested",467.28
"Kenya","Vynnycky-1997",9,75,"Enrolled",45.98
"Kenya","Vynnycky-1997",9,75,"Tested",440.04
"Kenya","Vynnycky-1997",9,76,"Enrolled",58.44
"Kenya","Vynnycky-1997",9,76,"Tested",560.16
"Kenya","Vynnycky-1997",9,77,"Enrolled",51.76
"Kenya","Vynnycky-1997",9,77,"Tested",497.6
"Kenya","Vynnycky-1997",9,78,"Enrolled",41.78
"Kenya","Vynnycky-1997",9,78,"Tested",402.4
"Kenya","Vynnycky-1997",9,79,"Enrolled",47
"Kenya","Vynnycky-1997",9,79,"Tested",440.2
"Kenya","Vynnycky-1997",9,80,"Enrolled",38.2
"Kenya","Vynnycky-1997",9,80,"Tested",376.42
"Kenya","Vynnycky-1997",9,81,"Enrolled",47.8
"Kenya","Vynnycky-1997",9,81,"Tested",447.64
"Kenya","Vynnycky-1997",9,82,"Enrolled",58.12
"Kenya","Vynnycky-1997",9,82,"Tested",569.5
"Kenya","Vynnycky-1997",9,83,"Enrolled",34
"Kenya","Vynnycky-1997",9,83,"Tested",337.4
"Kenya","Vynnycky-1997",9,84,"Enrolled",49.9
"Kenya","Vynnycky-1997",9,84,"Tested",470.64
"Kenya","Vynnycky-1997",9,85,"Enrolled",54.98
"Kenya","Vynnycky-1997",9,85,"Tested",524.74
"Kenya","Vynnycky-1997",9,86,"Enrolled",39.96
"Kenya","Vynnycky-1997",9,86,"Tested",388.2
"Kenya","Vynnycky-1997",9,87,"Enrolled",54.44
"Kenya","Vynnycky-1997",9,87,"Tested",517.34
"Kenya","Vynnycky-1997",9,88,"Enrolled",56.26
"Kenya","Vynnycky-1997",9,88,"Tested",553.26
"Kenya","Vynnycky-1997",9,89,"Enrolled",46.08
"Kenya","Vynnycky-1997",9,89,"Tested",433.94
"Kenya","Vynnycky-1997",9,90,"Enrolled",59.18
"Kenya","Vynnycky-1997",9,90,"Tested",559.4
"Kenya","Vynnycky-1997",9,91,"Enrolled",49.24
"Kenya","Vynnycky-1997",9,91,"Tested",476.06
"Kenya","Vynnycky-1997",9,92,"Enrolled",54.16
"Kenya","Vynnycky-1997",9,92,"Tested",519.82
"Kenya","Vynnycky-1997",9,93,"Enrolled",49.18
"Kenya","Vynnycky-1997",9,93,"Tested",472.58
"Kenya","Vynnycky-1997",9,94,"Enrolled",43.16
"Kenya","Vynnycky-1997",9,94,"Tested",427.4
"Kenya","Vynnycky-1997",9,95,"Enrolled",50.04
"Kenya","Vynnycky-1997",9,95,"Tested",467.72
"Kenya","Vynnycky-1997",9,96,"Enrolled",45.9
"Kenya","Vynnycky-1997",9,96,"Tested",434.32
"Kenya","Vynnycky-1997",9,97,"Enrolled",42.54
"Kenya","Vynnycky-1997",9,97,"Tested",399.68
"Kenya","Vynnycky-1997",9,98,"Enrolled",49.56
"Kenya","Vynnycky-1997",9,98,"Tested",485.94
"Kenya","Vynnycky-1997",9,99,"Enrolled",34.4
"Kenya","Vynnycky-1997",9,99,"Tested",332.3
"Kenya","Vynnycky-1997",9,100,"Enrolled",42.92
"Kenya","Vynnycky-1997",9,100,"Tested",418.7
"Kenya","Vynnycky-1997",10,1,"Enrolled",59.06
"Kenya","Vynnycky-1997",10,1,"Tested",503.92
"Kenya","Vynnycky-1997",10,2,"Enrolled",58.84
"Kenya","Vynnycky-1997",10,2,"Tested",511.28
"Kenya","Vynnycky-1997",10,3,"Enrolled",46.1
"Kenya","Vynnycky-1997",10,3,"Tested",394.9
"Kenya","Vynnycky-1997",10,4,"Enrolled",54.16
"Kenya","Vynnycky-1997",10,4,"Tested",463.12
"Kenya","Vynnycky-1997",10,5,"Enrolled",45.78
"Kenya","Vynnycky-1997",10,5,"Tested",398
"Kenya","Vynnycky-1997",10,6,"Enrolled",46.46
"Kenya","Vynnycky-1997",10,6,"Tested",400.34
"Kenya","Vynnycky-1997",10,7,"Enrolled",48.86
"Kenya","Vynnycky-1997",10,7,"Tested",433.26
"Kenya","Vynnycky-1997",10,8,"Enrolled",48.66
"Kenya","Vynnycky-1997",10,8,"Tested",421.76
"Kenya","Vynnycky-1997",10,9,"Enrolled",45.3
"Kenya","Vynnycky-1997",10,9,"Tested",390.02
"Kenya","Vynnycky-1997",10,10,"Enrolled",45.66
"Kenya","Vynnycky-1997",10,10,"Tested",406.58
"Kenya","Vynnycky-1997",10,11,"Enrolled",71.68
"Kenya","Vynnycky-1997",10,11,"Tested",621.58
"Kenya","Vynnycky-1997",10,12,"Enrolled",60.86
"Kenya","Vynnycky-1997",10,12,"Tested",525.66
"Kenya","Vynnycky-1997",10,13,"Enrolled",45.28
"Kenya","Vynnycky-1997",10,13,"Tested",395.58
"Kenya","Vynnycky-1997",10,14,"Enrolled",49.54
"Kenya","Vynnycky-1997",10,14,"Tested",436.22
"Kenya","Vynnycky-1997",10,15,"Enrolled",55.06
"Kenya","Vynnycky-1997",10,15,"Tested",473.6
"Kenya","Vynnycky-1997",10,16,"Enrolled",67.02
"Kenya","Vynnycky-1997",10,16,"Tested",571.98
"Kenya","Vynnycky-1997",10,17,"Enrolled",57.02
"Kenya","Vynnycky-1997",10,17,"Tested",506.02
"Kenya","Vynnycky-1997",10,18,"Enrolled",50.9
"Kenya","Vynnycky-1997",10,18,"Tested",432.3
"Kenya","Vynnycky-1997",10,19,"Enrolled",54.9
"Kenya","Vynnycky-1997",10,19,"Tested",466.76
"Kenya","Vynnycky-1997",10,20,"Enrolled",41.36
"Kenya","Vynnycky-1997",10,20,"Tested",365.9
"Kenya","Vynnycky-1997",10,21,"Enrolled",60.78
"Kenya","Vynnycky-1997",10,21,"Tested",532.16
"Kenya","Vynnycky-1997",10,22,"Enrolled",64.5
"Kenya","Vynnycky-1997",10,22,"Tested",561.54
"Kenya","Vynnycky-1997",10,23,"Enrolled",50.92
"Kenya","Vynnycky-1997",10,23,"Tested",437.76
"Kenya","Vynnycky-1997",10,24,"Enrolled",54.2
"Kenya","Vynnycky-1997",10,24,"Tested",471.42
"Kenya","Vynnycky-1997",10,25,"Enrolled",42.78
"Kenya","Vynnycky-1997",10,25,"Tested",360.44
"Kenya","Vynnycky-1997",10,26,"Enrolled",60.26
"Kenya","Vynnycky-1997",10,26,"Tested",514.98
"Kenya","Vynnycky-1997",10,27,"Enrolled",55.12
"Kenya","Vynnycky-1997",10,27,"Tested",479.42
"Kenya","Vynnycky-1997",10,28,"Enrolled",74.78
"Kenya","Vynnycky-1997",10,28,"Tested",657.28
"Kenya","Vynnycky-1997",10,29,"Enrolled",39.74
"Kenya","Vynnycky-1997",10,29,"Tested",342.1
"Kenya","Vynnycky-1997",10,30,"Enrolled",58.44
"Kenya","Vynnycky-1997",10,30,"Tested",517.66
"Kenya","Vynnycky-1997",10,31,"Enrolled",54
"Kenya","Vynnycky-1997",10,31,"Tested",470.02
"Kenya","Vynnycky-1997",10,32,"Enrolled",64.22
"Kenya","Vynnycky-1997",10,32,"Tested",564.58
"Kenya","Vynnycky-1997",10,33,"Enrolled",52.74
"Kenya","Vynnycky-1997",10,33,"Tested",446.8
"Kenya","Vynnycky-1997",10,34,"Enrolled",48.54
"Kenya","Vynnycky-1997",10,34,"Tested",417.62
"Kenya","Vynnycky-1997",10,35,"Enrolled",56.88
"Kenya","Vynnycky-1997",10,35,"Tested",498.88
"Kenya","Vynnycky-1997",10,36,"Enrolled",49.58
"Kenya","Vynnycky-1997",10,36,"Tested",421.12
"Kenya","Vynnycky-1997",10,37,"Enrolled",54.22
"Kenya","Vynnycky-1997",10,37,"Tested",467.34
"Kenya","Vynnycky-1997",10,38,"Enrolled",55.64
"Kenya","Vynnycky-1997",10,38,"Tested",470.62
"Kenya","Vynnycky-1997",10,39,"Enrolled",46.8
"Kenya","Vynnycky-1997",10,39,"Tested",410.18
"Kenya","Vynnycky-1997",10,40,"Enrolled",70.76
"Kenya","Vynnycky-1997",10,40,"Tested",626.32
"Kenya","Vynnycky-1997",10,41,"Enrolled",52.9
"Kenya","Vynnycky-1997",10,41,"Tested",458.22
"Kenya","Vynnycky-1997",10,42,"Enrolled",45.1
"Kenya","Vynnycky-1997",10,42,"Tested",385.24
"Kenya","Vynnycky-1997",10,43,"Enrolled",53.62
"Kenya","Vynnycky-1997",10,43,"Tested",471.3
"Kenya","Vynnycky-1997",10,44,"Enrolled",46.5
"Kenya","Vynnycky-1997",10,44,"Tested",406.22
"Kenya","Vynnycky-1997",10,45,"Enrolled",48.86
"Kenya","Vynnycky-1997",10,45,"Tested",423.56
"Kenya","Vynnycky-1997",10,46,"Enrolled",68.8
"Kenya","Vynnycky-1997",10,46,"Tested",580.64
"Kenya","Vynnycky-1997",10,47,"Enrolled",56.4
"Kenya","Vynnycky-1997",10,47,"Tested",492.06
"Kenya","Vynnycky-1997",10,48,"Enrolled",54.86
"Kenya","Vynnycky-1997",10,48,"Tested",471.9
"Kenya","Vynnycky-1997",10,49,"Enrolled",55.36
"Kenya","Vynnycky-1997",10,49,"Tested",488.7
"Kenya","Vynnycky-1997",10,50,"Enrolled",68.24
"Kenya","Vynnycky-1997",10,50,"Tested",585.5
"Kenya","Vynnycky-1997",10,51,"Enrolled",59.9
"Kenya","Vynnycky-1997",10,51,"Tested",519.62
"Kenya","Vynnycky-1997",10,52,"Enrolled",56.38
"Kenya","Vynnycky-1997",10,52,"Tested",508.96
"Kenya","Vynnycky-1997",10,53,"Enrolled",49.2
"Kenya","Vynnycky-1997",10,53,"Tested",423.02
"Kenya","Vynnycky-1997",10,54,"Enrolled",53.88
"Kenya","Vynnycky-1997",10,54,"Tested",459.24
"Kenya","Vynnycky-1997",10,55,"Enrolled",62.8
"Kenya","Vynnycky-1997",10,55,"Tested",555.52
"Kenya","Vynnycky-1997",10,56,"Enrolled",47.22
"Kenya","Vynnycky-1997",10,56,"Tested",426.88
"Kenya","Vynnycky-1997",10,57,"Enrolled",54.66
"Kenya","Vynnycky-1997",10,57,"Tested",468.84
"Kenya","Vynnycky-1997",10,58,"Enrolled",46.76
"Kenya","Vynnycky-1997",10,58,"Tested",406
"Kenya","Vynnycky-1997",10,59,"Enrolled",49.64
"Kenya","Vynnycky-1997",10,59,"Tested",439.3
"Kenya","Vynnycky-1997",10,60,"Enrolled",52.84
"Kenya","Vynnycky-1997",10,60,"Tested",470.66
"Kenya","Vynnycky-1997",10,61,"Enrolled",49.02
"Kenya","Vynnycky-1997",10,61,"Tested",434.44
"Kenya","Vynnycky-1997",10,62,"Enrolled",56.08
"Kenya","Vynnycky-1997",10,62,"Tested",477.6
"Kenya","Vynnycky-1997",10,63,"Enrolled",48.76
"Kenya","Vynnycky-1997",10,63,"Tested",430.04
"Kenya","Vynnycky-1997",10,64,"Enrolled",41.96
"Kenya","Vynnycky-1997",10,64,"Tested",357.5
"Kenya","Vynnycky-1997",10,65,"Enrolled",52.48
"Kenya","Vynnycky-1997",10,65,"Tested",445.62
"Kenya","Vynnycky-1997",10,66,"Enrolled",47.02
"Kenya","Vynnycky-1997",10,66,"Tested",416.62
"Kenya","Vynnycky-1997",10,67,"Enrolled",59.68
"Kenya","Vynnycky-1997",10,67,"Tested",528.62
"Kenya","Vynnycky-1997",10,68,"Enrolled",41.46
"Kenya","Vynnycky-1997",10,68,"Tested",359.72
"Kenya","Vynnycky-1997",10,69,"Enrolled",52.64
"Kenya","Vynnycky-1997",10,69,"Tested",459.8
"Kenya","Vynnycky-1997",10,70,"Enrolled",66.62
"Kenya","Vynnycky-1997",10,70,"Tested",577.68
"Kenya","Vynnycky-1997",10,71,"Enrolled",59.22
"Kenya","Vynnycky-1997",10,71,"Tested",502.32
"Kenya","Vynnycky-1997",10,72,"Enrolled",54.66
"Kenya","Vynnycky-1997",10,72,"Tested",475.38
"Kenya","Vynnycky-1997",10,73,"Enrolled",61.2
"Kenya","Vynnycky-1997",10,73,"Tested",549.3
"Kenya","Vynnycky-1997",10,74,"Enrolled",48.24
"Kenya","Vynnycky-1997",10,74,"Tested",399.8
"Kenya","Vynnycky-1997",10,75,"Enrolled",48
"Kenya","Vynnycky-1997",10,75,"Tested",420.54
"Kenya","Vynnycky-1997",10,76,"Enrolled",54.58
"Kenya","Vynnycky-1997",10,76,"Tested",483.06
"Kenya","Vynnycky-1997",10,77,"Enrolled",55.66
"Kenya","Vynnycky-1997",10,77,"Tested",480
"Kenya","Vynnycky-1997",10,78,"Enrolled",51.94
"Kenya","Vynnycky-1997",10,78,"Tested",435.04
"Kenya","Vynnycky-1997",10,79,"Enrolled",58.52
"Kenya","Vynnycky-1997",10,79,"Tested",493.92
"Kenya","Vynnycky-1997",10,80,"Enrolled",52.7
"Kenya","Vynnycky-1997",10,80,"Tested",460.94
"Kenya","Vynnycky-1997",10,81,"Enrolled",51.1
"Kenya","Vynnycky-1997",10,81,"Tested",436.2
"Kenya","Vynnycky-1997",10,82,"Enrolled",54.04
"Kenya","Vynnycky-1997",10,82,"Tested",476.04
"Kenya","Vynnycky-1997",10,83,"Enrolled",47.12
"Kenya","Vynnycky-1997",10,83,"Tested",410.06
"Kenya","Vynnycky-1997",10,84,"Enrolled",40.88
"Kenya","Vynnycky-1997",10,84,"Tested",352.14
"Kenya","Vynnycky-1997",10,85,"Enrolled",48.42
"Kenya","Vynnycky-1997",10,85,"Tested",423.68
"Kenya","Vynnycky-1997",10,86,"Enrolled",60.64
"Kenya","Vynnycky-1997",10,86,"Tested",509.66
"Kenya","Vynnycky-1997",10,87,"Enrolled",46.38
"Kenya","Vynnycky-1997",10,87,"Tested",397.08
"Kenya","Vynnycky-1997",10,88,"Enrolled",43.36
"Kenya","Vynnycky-1997",10,88,"Tested",378.58
"Kenya","Vynnycky-1997",10,89,"Enrolled",45.82
"Kenya","Vynnycky-1997",10,89,"Tested",386.42
"Kenya","Vynnycky-1997",10,90,"Enrolled",66.54
"Kenya","Vynnycky-1997",10,90,"Tested",575.78
"Kenya","Vynnycky-1997",10,91,"Enrolled",53.88
"Kenya","Vynnycky-1997",10,91,"Tested",482.26
"Kenya","Vynnycky-1997",10,92,"Enrolled",56.06
"Kenya","Vynnycky-1997",10,92,"Tested",481.22
"Kenya","Vynnycky-1997",10,93,"Enrolled",58.86
"Kenya","Vynnycky-1997",10,93,"Tested",504.5
"Kenya","Vynnycky-1997",10,94,"Enrolled",44.5
"Kenya","Vynnycky-1997",10,94,"Tested",377.12
"Kenya","Vynnycky-1997",10,95,"Enrolled",47.58
"Kenya","Vynnycky-1997",10,95,"Tested",413.02
"Kenya","Vynnycky-1997",10,96,"Enrolled",52.06
"Kenya","Vynnycky-1997",10,96,"Tested",444.22
"Kenya","Vynnycky-1997",10,97,"Enrolled",48.66
"Kenya","Vynnycky-1997",10,97,"Tested",424.92
"Kenya","Vynnycky-1997",10,98,"Enrolled",55.84
"Kenya","Vynnycky-1997",10,98,"Tested",487.62
"Kenya","Vynnycky-1997",10,99,"Enrolled",54.96
"Kenya","Vynnycky-1997",10,99,"Tested",492.76
"Kenya","Vynnycky-1997",10,100,"Enrolled",63.7
"Kenya","Vynnycky-1997",10,100,"Tested",551.64
"Kenya","Vynnycky-1997",15,1,"Enrolled",94.54
"Kenya","Vynnycky-1997",15,1,"Tested",503.4
"Kenya","Vynnycky-1997",15,2,"Enrolled",64.44
"Kenya","Vynnycky-1997",15,2,"Tested",351.9
"Kenya","Vynnycky-1997",15,3,"Enrolled",75.38
"Kenya","Vynnycky-1997",15,3,"Tested",390.66
"Kenya","Vynnycky-1997",15,4,"Enrolled",78.42
"Kenya","Vynnycky-1997",15,4,"Tested",416.62
"Kenya","Vynnycky-1997",15,5,"Enrolled",64.8
"Kenya","Vynnycky-1997",15,5,"Tested",339.84
"Kenya","Vynnycky-1997",15,6,"Enrolled",59.1
"Kenya","Vynnycky-1997",15,6,"Tested",315.46
"Kenya","Vynnycky-1997",15,7,"Enrolled",66.22
"Kenya","Vynnycky-1997",15,7,"Tested",346.88
"Kenya","Vynnycky-1997",15,8,"Enrolled",66.48
"Kenya","Vynnycky-1997",15,8,"Tested",354.54
"Kenya","Vynnycky-1997",15,9,"Enrolled",63.52
"Kenya","Vynnycky-1997",15,9,"Tested",331.94
"Kenya","Vynnycky-1997",15,10,"Enrolled",53.56
"Kenya","Vynnycky-1997",15,10,"Tested",281.28
"Kenya","Vynnycky-1997",15,11,"Enrolled",46.78
"Kenya","Vynnycky-1997",15,11,"Tested",241.86
"Kenya","Vynnycky-1997",15,12,"Enrolled",80.36
"Kenya","Vynnycky-1997",15,12,"Tested",428.08
"Kenya","Vynnycky-1997",15,13,"Enrolled",85.96
"Kenya","Vynnycky-1997",15,13,"Tested",449.62
"Kenya","Vynnycky-1997",15,14,"Enrolled",77.16
"Kenya","Vynnycky-1997",15,14,"Tested",424.7
"Kenya","Vynnycky-1997",15,15,"Enrolled",60.92
"Kenya","Vynnycky-1997",15,15,"Tested",323.02
"Kenya","Vynnycky-1997",15,16,"Enrolled",58.44
"Kenya","Vynnycky-1997",15,16,"Tested",306.96
"Kenya","Vynnycky-1997",15,17,"Enrolled",74.16
"Kenya","Vynnycky-1997",15,17,"Tested",398.9
"Kenya","Vynnycky-1997",15,18,"Enrolled",75.12
"Kenya","Vynnycky-1997",15,18,"Tested",408.02
"Kenya","Vynnycky-1997",15,19,"Enrolled",56.68
"Kenya","Vynnycky-1997",15,19,"Tested",296.04
"Kenya","Vynnycky-1997",15,20,"Enrolled",79.94
"Kenya","Vynnycky-1997",15,20,"Tested",420.76
"Kenya","Vynnycky-1997",15,21,"Enrolled",75.02
"Kenya","Vynnycky-1997",15,21,"Tested",397.02
"Kenya","Vynnycky-1997",15,22,"Enrolled",57.78
"Kenya","Vynnycky-1997",15,22,"Tested",302.56
"Kenya","Vynnycky-1997",15,23,"Enrolled",61.08
"Kenya","Vynnycky-1997",15,23,"Tested",322.32
"Kenya","Vynnycky-1997",15,24,"Enrolled",67.22
"Kenya","Vynnycky-1997",15,24,"Tested",351.72
"Kenya","Vynnycky-1997",15,25,"Enrolled",72.88
"Kenya","Vynnycky-1997",15,25,"Tested",385.8
"Kenya","Vynnycky-1997",15,26,"Enrolled",51.88
"Kenya","Vynnycky-1997",15,26,"Tested",278.56
"Kenya","Vynnycky-1997",15,27,"Enrolled",57.46
"Kenya","Vynnycky-1997",15,27,"Tested",298.68
"Kenya","Vynnycky-1997",15,28,"Enrolled",66.1
"Kenya","Vynnycky-1997",15,28,"Tested",341.74
"Kenya","Vynnycky-1997",15,29,"Enrolled",82.06
"Kenya","Vynnycky-1997",15,29,"Tested",439.38
"Kenya","Vynnycky-1997",15,30,"Enrolled",64.56
"Kenya","Vynnycky-1997",15,30,"Tested",347.98
"Kenya","Vynnycky-1997",15,31,"Enrolled",64.04
"Kenya","Vynnycky-1997",15,31,"Tested",343.98
"Kenya","Vynnycky-1997",15,32,"Enrolled",81.68
"Kenya","Vynnycky-1997",15,32,"Tested",442.08
"Kenya","Vynnycky-1997",15,33,"Enrolled",71.76
"Kenya","Vynnycky-1997",15,33,"Tested",380.86
"Kenya","Vynnycky-1997",15,34,"Enrolled",72.74
"Kenya","Vynnycky-1997",15,34,"Tested",376.36
"Kenya","Vynnycky-1997",15,35,"Enrolled",71.64
"Kenya","Vynnycky-1997",15,35,"Tested",373.8
"Kenya","Vynnycky-1997",15,36,"Enrolled",74.02
"Kenya","Vynnycky-1997",15,36,"Tested",405.22
"Kenya","Vynnycky-1997",15,37,"Enrolled",60.66
"Kenya","Vynnycky-1997",15,37,"Tested",323.74
"Kenya","Vynnycky-1997",15,38,"Enrolled",60.56
"Kenya","Vynnycky-1997",15,38,"Tested",327.42
"Kenya","Vynnycky-1997",15,39,"Enrolled",69.12
"Kenya","Vynnycky-1997",15,39,"Tested",364.18
"Kenya","Vynnycky-1997",15,40,"Enrolled",59.18
"Kenya","Vynnycky-1997",15,40,"Tested",310.36
"Kenya","Vynnycky-1997",15,41,"Enrolled",63.16
"Kenya","Vynnycky-1997",15,41,"Tested",325.46
"Kenya","Vynnycky-1997",15,42,"Enrolled",62.54
"Kenya","Vynnycky-1997",15,42,"Tested",333.16
"Kenya","Vynnycky-1997",15,43,"Enrolled",67.14
"Kenya","Vynnycky-1997",15,43,"Tested",352.42
"Kenya","Vynnycky-1997",15,44,"Enrolled",67.8
"Kenya","Vynnycky-1997",15,44,"Tested",362.16
"Kenya","Vynnycky-1997",15,45,"Enrolled",54.16
"Kenya","Vynnycky-1997",15,45,"Tested",289.68
"Kenya","Vynnycky-1997",15,46,"Enrolled",56.18
"Kenya","Vynnycky-1997",15,46,"Tested",300.58
"Kenya","Vynnycky-1997",15,47,"Enrolled",87.1
"Kenya","Vynnycky-1997",15,47,"Tested",466.18
"Kenya","Vynnycky-1997",15,48,"Enrolled",71.64
"Kenya","Vynnycky-1997",15,48,"Tested",377.32
"Kenya","Vynnycky-1997",15,49,"Enrolled",59.76
"Kenya","Vynnycky-1997",15,49,"Tested",310.32
"Kenya","Vynnycky-1997",15,50,"Enrolled",48.5
"Kenya","Vynnycky-1997",15,50,"Tested",261.76
"Kenya","Vynnycky-1997",15,51,"Enrolled",84.66
"Kenya","Vynnycky-1997",15,51,"Tested",445.58
"Kenya","Vynnycky-1997",15,52,"Enrolled",64.88
"Kenya","Vynnycky-1997",15,52,"Tested",347.36
"Kenya","Vynnycky-1997",15,53,"Enrolled",84.88
"Kenya","Vynnycky-1997",15,53,"Tested",455.76
"Kenya","Vynnycky-1997",15,54,"Enrolled",72.56
"Kenya","Vynnycky-1997",15,54,"Tested",390.02
"Kenya","Vynnycky-1997",15,55,"Enrolled",79.7
"Kenya","Vynnycky-1997",15,55,"Tested",427.3
"Kenya","Vynnycky-1997",15,56,"Enrolled",62.36
"Kenya","Vynnycky-1997",15,56,"Tested",336.1
"Kenya","Vynnycky-1997",15,57,"Enrolled",61.92
"Kenya","Vynnycky-1997",15,57,"Tested",325.22
"Kenya","Vynnycky-1997",15,58,"Enrolled",78.18
"Kenya","Vynnycky-1997",15,58,"Tested",407.44
"Kenya","Vynnycky-1997",15,59,"Enrolled",55.04
"Kenya","Vynnycky-1997",15,59,"Tested",291.8
"Kenya","Vynnycky-1997",15,60,"Enrolled",84.7
"Kenya","Vynnycky-1997",15,60,"Tested",459.26
"Kenya","Vynnycky-1997",15,61,"Enrolled",63.38
"Kenya","Vynnycky-1997",15,61,"Tested",327.92
"Kenya","Vynnycky-1997",15,62,"Enrolled",61.66
"Kenya","Vynnycky-1997",15,62,"Tested",334.04
"Kenya","Vynnycky-1997",15,63,"Enrolled",55.72
"Kenya","Vynnycky-1997",15,63,"Tested",300.86
"Kenya","Vynnycky-1997",15,64,"Enrolled",65.38
"Kenya","Vynnycky-1997",15,64,"Tested",345.4
"Kenya","Vynnycky-1997",15,65,"Enrolled",67.44
"Kenya","Vynnycky-1997",15,65,"Tested",358.48
"Kenya","Vynnycky-1997",15,66,"Enrolled",60.72
"Kenya","Vynnycky-1997",15,66,"Tested",314.18
"Kenya","Vynnycky-1997",15,67,"Enrolled",84.68
"Kenya","Vynnycky-1997",15,67,"Tested",454.34
"Kenya","Vynnycky-1997",15,68,"Enrolled",74.86
"Kenya","Vynnycky-1997",15,68,"Tested",397.68
"Kenya","Vynnycky-1997",15,69,"Enrolled",71.02
"Kenya","Vynnycky-1997",15,69,"Tested",384.96
"Kenya","Vynnycky-1997",15,70,"Enrolled",62.12
"Kenya","Vynnycky-1997",15,70,"Tested",340.18
"Kenya","Vynnycky-1997",15,71,"Enrolled",59.82
"Kenya","Vynnycky-1997",15,71,"Tested",320.06
"Kenya","Vynnycky-1997",15,72,"Enrolled",54.54
"Kenya","Vynnycky-1997",15,72,"Tested",277.72
"Kenya","Vynnycky-1997",15,73,"Enrolled",77.76
"Kenya","Vynnycky-1997",15,73,"Tested",419.52
"Kenya","Vynnycky-1997",15,74,"Enrolled",70.48
"Kenya","Vynnycky-1997",15,74,"Tested",370.92
"Kenya","Vynnycky-1997",15,75,"Enrolled",76.36
"Kenya","Vynnycky-1997",15,75,"Tested",402.2
"Kenya","Vynnycky-1997",15,76,"Enrolled",60.18
"Kenya","Vynnycky-1997",15,76,"Tested",318.78
"Kenya","Vynnycky-1997",15,77,"Enrolled",69.8
"Kenya","Vynnycky-1997",15,77,"Tested",376.18
"Kenya","Vynnycky-1997",15,78,"Enrolled",76.68
"Kenya","Vynnycky-1997",15,78,"Tested",407.14
"Kenya","Vynnycky-1997",15,79,"Enrolled",70.66
"Kenya","Vynnycky-1997",15,79,"Tested",381.22
"Kenya","Vynnycky-1997",15,80,"Enrolled",74.36
"Kenya","Vynnycky-1997",15,80,"Tested",384.12
"Kenya","Vynnycky-1997",15,81,"Enrolled",77.52
"Kenya","Vynnycky-1997",15,81,"Tested",404.94
"Kenya","Vynnycky-1997",15,82,"Enrolled",51.12
"Kenya","Vynnycky-1997",15,82,"Tested",274.86
"Kenya","Vynnycky-1997",15,83,"Enrolled",70.82
"Kenya","Vynnycky-1997",15,83,"Tested",382.28
"Kenya","Vynnycky-1997",15,84,"Enrolled",73.92
"Kenya","Vynnycky-1997",15,84,"Tested",391.74
"Kenya","Vynnycky-1997",15,85,"Enrolled",75.72
"Kenya","Vynnycky-1997",15,85,"Tested",400.32
"Kenya","Vynnycky-1997",15,86,"Enrolled",84.96
"Kenya","Vynnycky-1997",15,86,"Tested",448.88
"Kenya","Vynnycky-1997",15,87,"Enrolled",68.1
"Kenya","Vynnycky-1997",15,87,"Tested",357.88
"Kenya","Vynnycky-1997",15,88,"Enrolled",63.82
"Kenya","Vynnycky-1997",15,88,"Tested",337.2
"Kenya","Vynnycky-1997",15,89,"Enrolled",60.18
"Kenya","Vynnycky-1997",15,89,"Tested",322.7
"Kenya","Vynnycky-1997",15,90,"Enrolled",79.6
"Kenya","Vynnycky-1997",15,90,"Tested",420.64
"Kenya","Vynnycky-1997",15,91,"Enrolled",73.86
"Kenya","Vynnycky-1997",15,91,"Tested",385.36
"Kenya","Vynnycky-1997",15,92,"Enrolled",65.78
"Kenya","Vynnycky-1997",15,92,"Tested",349.9
"Kenya","Vynnycky-1997",15,93,"Enrolled",83.74
"Kenya","Vynnycky-1997",15,93,"Tested",431.86
"Kenya","Vynnycky-1997",15,94,"Enrolled",67.52
"Kenya","Vynnycky-1997",15,94,"Tested",367.76
"Kenya","Vynnycky-1997",15,95,"Enrolled",60.5
"Kenya","Vynnycky-1997",15,95,"Tested",325.22
"Kenya","Vynnycky-1997",15,96,"Enrolled",60.38
"Kenya","Vynnycky-1997",15,96,"Tested",325.34
"Kenya","Vynnycky-1997",15,97,"Enrolled",71.6
"Kenya","Vynnycky-1997",15,97,"Tested",387.42
"Kenya","Vynnycky-1997",15,98,"Enrolled",72.52
"Kenya","Vynnycky-1997",15,98,"Tested",378.36
"Kenya","Vynnycky-1997",15,99,"Enrolled",50.3
"Kenya","Vynnycky-1997",15,99,"Tested",272.6
"Kenya","Vynnycky-1997",15,100,"Enrolled",69.42
"Kenya","Vynnycky-1997",15,100,"Tested",375.82
"Kenya","Vynnycky-1997",20,1,"Enrolled",86.22
"Kenya","Vynnycky-1997",20,1,"Tested",332.3
"Kenya","Vynnycky-1997",20,2,"Enrolled",84.46
"Kenya","Vynnycky-1997",20,2,"Tested",319.06
"Kenya","Vynnycky-1997",20,3,"Enrolled",82.9
"Kenya","Vynnycky-1997",20,3,"Tested",310.94
"Kenya","Vynnycky-1997",20,4,"Enrolled",61.14
"Kenya","Vynnycky-1997",20,4,"Tested",231.4
"Kenya","Vynnycky-1997",20,5,"Enrolled",65.68
"Kenya","Vynnycky-1997",20,5,"Tested",250.64
"Kenya","Vynnycky-1997",20,6,"Enrolled",57.12
"Kenya","Vynnycky-1997",20,6,"Tested",217.2
"Kenya","Vynnycky-1997",20,7,"Enrolled",83.26
"Kenya","Vynnycky-1997",20,7,"Tested",314.88
"Kenya","Vynnycky-1997",20,8,"Enrolled",74.96
"Kenya","Vynnycky-1997",20,8,"Tested",282.74
"Kenya","Vynnycky-1997",20,9,"Enrolled",61.5
"Kenya","Vynnycky-1997",20,9,"Tested",232.3
"Kenya","Vynnycky-1997",20,10,"Enrolled",72.5
"Kenya","Vynnycky-1997",20,10,"Tested",281.98
"Kenya","Vynnycky-1997",20,11,"Enrolled",73.06
"Kenya","Vynnycky-1997",20,11,"Tested",277.4
"Kenya","Vynnycky-1997",20,12,"Enrolled",77.34
"Kenya","Vynnycky-1997",20,12,"Tested",293.66
"Kenya","Vynnycky-1997",20,13,"Enrolled",78.94
"Kenya","Vynnycky-1997",20,13,"Tested",296.42
"Kenya","Vynnycky-1997",20,14,"Enrolled",75.64
"Kenya","Vynnycky-1997",20,14,"Tested",282.8
"Kenya","Vynnycky-1997",20,15,"Enrolled",67.12
"Kenya","Vynnycky-1997",20,15,"Tested",251.04
"Kenya","Vynnycky-1997",20,16,"Enrolled",75.02
"Kenya","Vynnycky-1997",20,16,"Tested",286.22
"Kenya","Vynnycky-1997",20,17,"Enrolled",103.66
"Kenya","Vynnycky-1997",20,17,"Tested",390.08
"Kenya","Vynnycky-1997",20,18,"Enrolled",63.5
"Kenya","Vynnycky-1997",20,18,"Tested",247.02
"Kenya","Vynnycky-1997",20,19,"Enrolled",79.52
"Kenya","Vynnycky-1997",20,19,"Tested",300.96
"Kenya","Vynnycky-1997",20,20,"Enrolled",63.84
"Kenya","Vynnycky-1997",20,20,"Tested",250.68
"Kenya","Vynnycky-1997",20,21,"Enrolled",62.28
"Kenya","Vynnycky-1997",20,21,"Tested",232.24
"Kenya","Vynnycky-1997",20,22,"Enrolled",74.04
"Kenya","Vynnycky-1997",20,22,"Tested",282.7
"Kenya","Vynnycky-1997",20,23,"Enrolled",81.62
"Kenya","Vynnycky-1997",20,23,"Tested",305.26
"Kenya","Vynnycky-1997",20,24,"Enrolled",77.5
"Kenya","Vynnycky-1997",20,24,"Tested",290.7
"Kenya","Vynnycky-1997",20,25,"Enrolled",69.54
"Kenya","Vynnycky-1997",20,25,"Tested",264.52
"Kenya","Vynnycky-1997",20,26,"Enrolled",75.46
"Kenya","Vynnycky-1997",20,26,"Tested",286.44
"Kenya","Vynnycky-1997",20,27,"Enrolled",67.48
"Kenya","Vynnycky-1997",20,27,"Tested",250.18
"Kenya","Vynnycky-1997",20,28,"Enrolled",74.28
"Kenya","Vynnycky-1997",20,28,"Tested",282.76
"Kenya","Vynnycky-1997",20,29,"Enrolled",84.62
"Kenya","Vynnycky-1997",20,29,"Tested",325.68
"Kenya","Vynnycky-1997",20,30,"Enrolled",81.42
"Kenya","Vynnycky-1997",20,30,"Tested",317.1
"Kenya","Vynnycky-1997",20,31,"Enrolled",73.44
"Kenya","Vynnycky-1997",20,31,"Tested",276.48
"Kenya","Vynnycky-1997",20,32,"Enrolled",64.68
"Kenya","Vynnycky-1997",20,32,"Tested",245.02
"Kenya","Vynnycky-1997",20,33,"Enrolled",72.2
"Kenya","Vynnycky-1997",20,33,"Tested",268.62
"Kenya","Vynnycky-1997",20,34,"Enrolled",81.1
"Kenya","Vynnycky-1997",20,34,"Tested",305.02
"Kenya","Vynnycky-1997",20,35,"Enrolled",66.56
"Kenya","Vynnycky-1997",20,35,"Tested",251.72
"Kenya","Vynnycky-1997",20,36,"Enrolled",66.88
"Kenya","Vynnycky-1997",20,36,"Tested",255.26
"Kenya","Vynnycky-1997",20,37,"Enrolled",67.44
"Kenya","Vynnycky-1997",20,37,"Tested",253.48
"Kenya","Vynnycky-1997",20,38,"Enrolled",72.76
"Kenya","Vynnycky-1997",20,38,"Tested",273.04
"Kenya","Vynnycky-1997",20,39,"Enrolled",77.56
"Kenya","Vynnycky-1997",20,39,"Tested",294.92
"Kenya","Vynnycky-1997",20,40,"Enrolled",78.56
"Kenya","Vynnycky-1997",20,40,"Tested",298.4
"Kenya","Vynnycky-1997",20,41,"Enrolled",68.24
"Kenya","Vynnycky-1997",20,41,"Tested",256.24
"Kenya","Vynnycky-1997",20,42,"Enrolled",83.16
"Kenya","Vynnycky-1997",20,42,"Tested",314
"Kenya","Vynnycky-1997",20,43,"Enrolled",73.12
"Kenya","Vynnycky-1997",20,43,"Tested",274
"Kenya","Vynnycky-1997",20,44,"Enrolled",82.5
"Kenya","Vynnycky-1997",20,44,"Tested",318.3
"Kenya","Vynnycky-1997",20,45,"Enrolled",70.42
"Kenya","Vynnycky-1997",20,45,"Tested",273.02
"Kenya","Vynnycky-1997",20,46,"Enrolled",88.8
"Kenya","Vynnycky-1997",20,46,"Tested",333.56
"Kenya","Vynnycky-1997",20,47,"Enrolled",78.06
"Kenya","Vynnycky-1997",20,47,"Tested",296.1
"Kenya","Vynnycky-1997",20,48,"Enrolled",71.66
"Kenya","Vynnycky-1997",20,48,"Tested",271.18
"Kenya","Vynnycky-1997",20,49,"Enrolled",90.72
"Kenya","Vynnycky-1997",20,49,"Tested",352.1
"Kenya","Vynnycky-1997",20,50,"Enrolled",86.7
"Kenya","Vynnycky-1997",20,50,"Tested",326.4
"Kenya","Vynnycky-1997",20,51,"Enrolled",74.56
"Kenya","Vynnycky-1997",20,51,"Tested",288.28
"Kenya","Vynnycky-1997",20,52,"Enrolled",80.38
"Kenya","Vynnycky-1997",20,52,"Tested",307.56
"Kenya","Vynnycky-1997",20,53,"Enrolled",73.7
"Kenya","Vynnycky-1997",20,53,"Tested",279.2
"Kenya","Vynnycky-1997",20,54,"Enrolled",76.34
"Kenya","Vynnycky-1997",20,54,"Tested",286.84
"Kenya","Vynnycky-1997",20,55,"Enrolled",82.22
"Kenya","Vynnycky-1997",20,55,"Tested",311.28
"Kenya","Vynnycky-1997",20,56,"Enrolled",99.5
"Kenya","Vynnycky-1997",20,56,"Tested",382.68
"Kenya","Vynnycky-1997",20,57,"Enrolled",75.1
"Kenya","Vynnycky-1997",20,57,"Tested",275.5
"Kenya","Vynnycky-1997",20,58,"Enrolled",75.16
"Kenya","Vynnycky-1997",20,58,"Tested",289.14
"Kenya","Vynnycky-1997",20,59,"Enrolled",89.7
"Kenya","Vynnycky-1997",20,59,"Tested",341.94
"Kenya","Vynnycky-1997",20,60,"Enrolled",81.22
"Kenya","Vynnycky-1997",20,60,"Tested",308.6
"Kenya","Vynnycky-1997",20,61,"Enrolled",81.6
"Kenya","Vynnycky-1997",20,61,"Tested",308.36
"Kenya","Vynnycky-1997",20,62,"Enrolled",67.82
"Kenya","Vynnycky-1997",20,62,"Tested",259.68
"Kenya","Vynnycky-1997",20,63,"Enrolled",69.48
"Kenya","Vynnycky-1997",20,63,"Tested",263.42
"Kenya","Vynnycky-1997",20,64,"Enrolled",72.42
"Kenya","Vynnycky-1997",20,64,"Tested",274.48
"Kenya","Vynnycky-1997",20,65,"Enrolled",65.24
"Kenya","Vynnycky-1997",20,65,"Tested",249.86
"Kenya","Vynnycky-1997",20,66,"Enrolled",61.92
"Kenya","Vynnycky-1997",20,66,"Tested",235.82
"Kenya","Vynnycky-1997",20,67,"Enrolled",76.86
"Kenya","Vynnycky-1997",20,67,"Tested",287.08
"Kenya","Vynnycky-1997",20,68,"Enrolled",78.68
"Kenya","Vynnycky-1997",20,68,"Tested",301.18
"Kenya","Vynnycky-1997",20,69,"Enrolled",77.24
"Kenya","Vynnycky-1997",20,69,"Tested",293.48
"Kenya","Vynnycky-1997",20,70,"Enrolled",63.5
"Kenya","Vynnycky-1997",20,70,"Tested",241.22
"Kenya","Vynnycky-1997",20,71,"Enrolled",78.68
"Kenya","Vynnycky-1997",20,71,"Tested",300.5
"Kenya","Vynnycky-1997",20,72,"Enrolled",73.46
"Kenya","Vynnycky-1997",20,72,"Tested",275.96
"Kenya","Vynnycky-1997",20,73,"Enrolled",82.4
"Kenya","Vynnycky-1997",20,73,"Tested",320.28
"Kenya","Vynnycky-1997",20,74,"Enrolled",74.86
"Kenya","Vynnycky-1997",20,74,"Tested",285.74
"Kenya","Vynnycky-1997",20,75,"Enrolled",65.88
"Kenya","Vynnycky-1997",20,75,"Tested",248.82
"Kenya","Vynnycky-1997",20,76,"Enrolled",73.96
"Kenya","Vynnycky-1997",20,76,"Tested",279.24
"Kenya","Vynnycky-1997",20,77,"Enrolled",87.52
"Kenya","Vynnycky-1997",20,77,"Tested",331.92
"Kenya","Vynnycky-1997",20,78,"Enrolled",59.7
"Kenya","Vynnycky-1997",20,78,"Tested",225.84
"Kenya","Vynnycky-1997",20,79,"Enrolled",81.36
"Kenya","Vynnycky-1997",20,79,"Tested",305.32
"Kenya","Vynnycky-1997",20,80,"Enrolled",80.36
"Kenya","Vynnycky-1997",20,80,"Tested",299.58
"Kenya","Vynnycky-1997",20,81,"Enrolled",101.56
"Kenya","Vynnycky-1997",20,81,"Tested",388.76
"Kenya","Vynnycky-1997",20,82,"Enrolled",62.58
"Kenya","Vynnycky-1997",20,82,"Tested",237.3
"Kenya","Vynnycky-1997",20,83,"Enrolled",93.1
"Kenya","Vynnycky-1997",20,83,"Tested",348.62
"Kenya","Vynnycky-1997",20,84,"Enrolled",68.84
"Kenya","Vynnycky-1997",20,84,"Tested",266.36
"Kenya","Vynnycky-1997",20,85,"Enrolled",83.08
"Kenya","Vynnycky-1997",20,85,"Tested",315.64
"Kenya","Vynnycky-1997",20,86,"Enrolled",61
"Kenya","Vynnycky-1997",20,86,"Tested",234.1
"Kenya","Vynnycky-1997",20,87,"Enrolled",73.34
"Kenya","Vynnycky-1997",20,87,"Tested",278.7
"Kenya","Vynnycky-1997",20,88,"Enrolled",81.34
"Kenya","Vynnycky-1997",20,88,"Tested",308.88
"Kenya","Vynnycky-1997",20,89,"Enrolled",78.56
"Kenya","Vynnycky-1997",20,89,"Tested",301.02
"Kenya","Vynnycky-1997",20,90,"Enrolled",85.24
"Kenya","Vynnycky-1997",20,90,"Tested",327.52
"Kenya","Vynnycky-1997",20,91,"Enrolled",73.28
"Kenya","Vynnycky-1997",20,91,"Tested",276.7
"Kenya","Vynnycky-1997",20,92,"Enrolled",57.46
"Kenya","Vynnycky-1997",20,92,"Tested",217.88
"Kenya","Vynnycky-1997",20,93,"Enrolled",75.58
"Kenya","Vynnycky-1997",20,93,"Tested",284.96
"Kenya","Vynnycky-1997",20,94,"Enrolled",82.04
"Kenya","Vynnycky-1997",20,94,"Tested",304.42
"Kenya","Vynnycky-1997",20,95,"Enrolled",78.96
"Kenya","Vynnycky-1997",20,95,"Tested",302.54
"Kenya","Vynnycky-1997",20,96,"Enrolled",73.58
"Kenya","Vynnycky-1997",20,96,"Tested",284.48
"Kenya","Vynnycky-1997",20,97,"Enrolled",85.88
"Kenya","Vynnycky-1997",20,97,"Tested",326.7
"Kenya","Vynnycky-1997",20,98,"Enrolled",82.72
"Kenya","Vynnycky-1997",20,98,"Tested",317.7
"Kenya","Vynnycky-1997",20,99,"Enrolled",85.64
"Kenya","Vynnycky-1997",20,99,"Tested",321.54
"Kenya","Vynnycky-1997",20,100,"Enrolled",75.66
"Kenya","Vynnycky-1997",20,100,"Tested",289.28
"Kenya","Vynnycky-1997",25,1,"Enrolled",95.68
"Kenya","Vynnycky-1997",25,1,"Tested",305.8
"Kenya","Vynnycky-1997",25,2,"Enrolled",82.1
"Kenya","Vynnycky-1997",25,2,"Tested",251.8
"Kenya","Vynnycky-1997",25,3,"Enrolled",70.74
"Kenya","Vynnycky-1997",25,3,"Tested",220.12
"Kenya","Vynnycky-1997",25,4,"Enrolled",80.42
"Kenya","Vynnycky-1997",25,4,"Tested",249.64
"Kenya","Vynnycky-1997",25,5,"Enrolled",78.62
"Kenya","Vynnycky-1997",25,5,"Tested",246.88
"Kenya","Vynnycky-1997",25,6,"Enrolled",87.78
"Kenya","Vynnycky-1997",25,6,"Tested",276.5
"Kenya","Vynnycky-1997",25,7,"Enrolled",65.36
"Kenya","Vynnycky-1997",25,7,"Tested",204.54
"Kenya","Vynnycky-1997",25,8,"Enrolled",87.68
"Kenya","Vynnycky-1997",25,8,"Tested",275.52
"Kenya","Vynnycky-1997",25,9,"Enrolled",74.68
"Kenya","Vynnycky-1997",25,9,"Tested",235.84
"Kenya","Vynnycky-1997",25,10,"Enrolled",95.62
"Kenya","Vynnycky-1997",25,10,"Tested",303.3
"Kenya","Vynnycky-1997",25,11,"Enrolled",81.52
"Kenya","Vynnycky-1997",25,11,"Tested",253.24
"Kenya","Vynnycky-1997",25,12,"Enrolled",70.6
"Kenya","Vynnycky-1997",25,12,"Tested",220.1
"Kenya","Vynnycky-1997",25,13,"Enrolled",78.56
"Kenya","Vynnycky-1997",25,13,"Tested",247.26
"Kenya","Vynnycky-1997",25,14,"Enrolled",98.36
"Kenya","Vynnycky-1997",25,14,"Tested",310.72
"Kenya","Vynnycky-1997",25,15,"Enrolled",75.26
"Kenya","Vynnycky-1997",25,15,"Tested",239.4
"Kenya","Vynnycky-1997",25,16,"Enrolled",83.32
"Kenya","Vynnycky-1997",25,16,"Tested",258.62
"Kenya","Vynnycky-1997",25,17,"Enrolled",70.82
"Kenya","Vynnycky-1997",25,17,"Tested",224.1
"Kenya","Vynnycky-1997",25,18,"Enrolled",59.26
"Kenya","Vynnycky-1997",25,18,"Tested",182.74
"Kenya","Vynnycky-1997",25,19,"Enrolled",99.04
"Kenya","Vynnycky-1997",25,19,"Tested",310.2
"Kenya","Vynnycky-1997",25,20,"Enrolled",82.9
"Kenya","Vynnycky-1997",25,20,"Tested",265.82
"Kenya","Vynnycky-1997",25,21,"Enrolled",61.78
"Kenya","Vynnycky-1997",25,21,"Tested",193.5
"Kenya","Vynnycky-1997",25,22,"Enrolled",63.48
"Kenya","Vynnycky-1997",25,22,"Tested",199.44
"Kenya","Vynnycky-1997",25,23,"Enrolled",67.88
"Kenya","Vynnycky-1997",25,23,"Tested",211.74
"Kenya","Vynnycky-1997",25,24,"Enrolled",68.78
"Kenya","Vynnycky-1997",25,24,"Tested",215
"Kenya","Vynnycky-1997",25,25,"Enrolled",78.26
"Kenya","Vynnycky-1997",25,25,"Tested",250.36
"Kenya","Vynnycky-1997",25,26,"Enrolled",69.12
"Kenya","Vynnycky-1997",25,26,"Tested",217.04
"Kenya","Vynnycky-1997",25,27,"Enrolled",93.62
"Kenya","Vynnycky-1997",25,27,"Tested",291.42
"Kenya","Vynnycky-1997",25,28,"Enrolled",69.42
"Kenya","Vynnycky-1997",25,28,"Tested",217.22
"Kenya","Vynnycky-1997",25,29,"Enrolled",90.9
"Kenya","Vynnycky-1997",25,29,"Tested",282.56
"Kenya","Vynnycky-1997",25,30,"Enrolled",78.16
"Kenya","Vynnycky-1997",25,30,"Tested",244.82
"Kenya","Vynnycky-1997",25,31,"Enrolled",66.52
"Kenya","Vynnycky-1997",25,31,"Tested",207.34
"Kenya","Vynnycky-1997",25,32,"Enrolled",73.66
"Kenya","Vynnycky-1997",25,32,"Tested",231.74
"Kenya","Vynnycky-1997",25,33,"Enrolled",80.72
"Kenya","Vynnycky-1997",25,33,"Tested",256.56
"Kenya","Vynnycky-1997",25,34,"Enrolled",85.66
"Kenya","Vynnycky-1997",25,34,"Tested",267.76
"Kenya","Vynnycky-1997",25,35,"Enrolled",78.26
"Kenya","Vynnycky-1997",25,35,"Tested",248.96
"Kenya","Vynnycky-1997",25,36,"Enrolled",85.06
"Kenya","Vynnycky-1997",25,36,"Tested",265.46
"Kenya","Vynnycky-1997",25,37,"Enrolled",79.86
"Kenya","Vynnycky-1997",25,37,"Tested",251.4
"Kenya","Vynnycky-1997",25,38,"Enrolled",86.5
"Kenya","Vynnycky-1997",25,38,"Tested",275.2
"Kenya","Vynnycky-1997",25,39,"Enrolled",86.6
"Kenya","Vynnycky-1997",25,39,"Tested",269.96
"Kenya","Vynnycky-1997",25,40,"Enrolled",84.46
"Kenya","Vynnycky-1997",25,40,"Tested",267.18
"Kenya","Vynnycky-1997",25,41,"Enrolled",77.68
"Kenya","Vynnycky-1997",25,41,"Tested",241.06
"Kenya","Vynnycky-1997",25,42,"Enrolled",66.88
"Kenya","Vynnycky-1997",25,42,"Tested",214.6
"Kenya","Vynnycky-1997",25,43,"Enrolled",61.4
"Kenya","Vynnycky-1997",25,43,"Tested",197.34
"Kenya","Vynnycky-1997",25,44,"Enrolled",98.02
"Kenya","Vynnycky-1997",25,44,"Tested",310.58
"Kenya","Vynnycky-1997",25,45,"Enrolled",102.6
"Kenya","Vynnycky-1997",25,45,"Tested",324.38
"Kenya","Vynnycky-1997",25,46,"Enrolled",85.14
"Kenya","Vynnycky-1997",25,46,"Tested",267.12
"Kenya","Vynnycky-1997",25,47,"Enrolled",77.94
"Kenya","Vynnycky-1997",25,47,"Tested",238.64
"Kenya","Vynnycky-1997",25,48,"Enrolled",89.4
"Kenya","Vynnycky-1997",25,48,"Tested",282.46
"Kenya","Vynnycky-1997",25,49,"Enrolled",78.1
"Kenya","Vynnycky-1997",25,49,"Tested",243.56
"Kenya","Vynnycky-1997",25,50,"Enrolled",77.3
"Kenya","Vynnycky-1997",25,50,"Tested",239.64
"Kenya","Vynnycky-1997",25,51,"Enrolled",86.78
"Kenya","Vynnycky-1997",25,51,"Tested",276.18
"Kenya","Vynnycky-1997",25,52,"Enrolled",74.74
"Kenya","Vynnycky-1997",25,52,"Tested",231.36
"Kenya","Vynnycky-1997",25,53,"Enrolled",76.42
"Kenya","Vynnycky-1997",25,53,"Tested",237.34
"Kenya","Vynnycky-1997",25,54,"Enrolled",84.78
"Kenya","Vynnycky-1997",25,54,"Tested",259.7
"Kenya","Vynnycky-1997",25,55,"Enrolled",65.9
"Kenya","Vynnycky-1997",25,55,"Tested",208.4
"Kenya","Vynnycky-1997",25,56,"Enrolled",78.68
"Kenya","Vynnycky-1997",25,56,"Tested",242.52
"Kenya","Vynnycky-1997",25,57,"Enrolled",106.78
"Kenya","Vynnycky-1997",25,57,"Tested",341.74
"Kenya","Vynnycky-1997",25,58,"Enrolled",74.16
"Kenya","Vynnycky-1997",25,58,"Tested",236.9
"Kenya","Vynnycky-1997",25,59,"Enrolled",101.76
"Kenya","Vynnycky-1997",25,59,"Tested",316.8
"Kenya","Vynnycky-1997",25,60,"Enrolled",88.84
"Kenya","Vynnycky-1997",25,60,"Tested",273.32
"Kenya","Vynnycky-1997",25,61,"Enrolled",79.5
"Kenya","Vynnycky-1997",25,61,"Tested",247.32
"Kenya","Vynnycky-1997",25,62,"Enrolled",101.4
"Kenya","Vynnycky-1997",25,62,"Tested",316.68
"Kenya","Vynnycky-1997",25,63,"Enrolled",76.22
"Kenya","Vynnycky-1997",25,63,"Tested",241.24
"Kenya","Vynnycky-1997",25,64,"Enrolled",81.24
"Kenya","Vynnycky-1997",25,64,"Tested",254.3
"Kenya","Vynnycky-1997",25,65,"Enrolled",72.1
"Kenya","Vynnycky-1997",25,65,"Tested",223.56
"Kenya","Vynnycky-1997",25,66,"Enrolled",55.28
"Kenya","Vynnycky-1997",25,66,"Tested",174.54
"Kenya","Vynnycky-1997",25,67,"Enrolled",96.02
"Kenya","Vynnycky-1997",25,67,"Tested",305.36
"Kenya","Vynnycky-1997",25,68,"Enrolled",67.12
"Kenya","Vynnycky-1997",25,68,"Tested",216.08
"Kenya","Vynnycky-1997",25,69,"Enrolled",82.66
"Kenya","Vynnycky-1997",25,69,"Tested",256.08
"Kenya","Vynnycky-1997",25,70,"Enrolled",79.04
"Kenya","Vynnycky-1997",25,70,"Tested",246.94
"Kenya","Vynnycky-1997",25,71,"Enrolled",77.7
"Kenya","Vynnycky-1997",25,71,"Tested",241.66
"Kenya","Vynnycky-1997",25,72,"Enrolled",75.76
"Kenya","Vynnycky-1997",25,72,"Tested",237.76
"Kenya","Vynnycky-1997",25,73,"Enrolled",66.96
"Kenya","Vynnycky-1997",25,73,"Tested",207.5
"Kenya","Vynnycky-1997",25,74,"Enrolled",61.82
"Kenya","Vynnycky-1997",25,74,"Tested",191.32
"Kenya","Vynnycky-1997",25,75,"Enrolled",71.1
"Kenya","Vynnycky-1997",25,75,"Tested",221.22
"Kenya","Vynnycky-1997",25,76,"Enrolled",98.96
"Kenya","Vynnycky-1997",25,76,"Tested",315.38
"Kenya","Vynnycky-1997",25,77,"Enrolled",76.36
"Kenya","Vynnycky-1997",25,77,"Tested",236.3
"Kenya","Vynnycky-1997",25,78,"Enrolled",64.54
"Kenya","Vynnycky-1997",25,78,"Tested",206.18
"Kenya","Vynnycky-1997",25,79,"Enrolled",69.74
"Kenya","Vynnycky-1997",25,79,"Tested",218.64
"Kenya","Vynnycky-1997",25,80,"Enrolled",75.5
"Kenya","Vynnycky-1997",25,80,"Tested",239.82
"Kenya","Vynnycky-1997",25,81,"Enrolled",79.84
"Kenya","Vynnycky-1997",25,81,"Tested",249.46
"Kenya","Vynnycky-1997",25,82,"Enrolled",78.3
"Kenya","Vynnycky-1997",25,82,"Tested",247.96
"Kenya","Vynnycky-1997",25,83,"Enrolled",62.86
"Kenya","Vynnycky-1997",25,83,"Tested",198.62
"Kenya","Vynnycky-1997",25,84,"Enrolled",88.84
"Kenya","Vynnycky-1997",25,84,"Tested",281.2
"Kenya","Vynnycky-1997",25,85,"Enrolled",79.22
"Kenya","Vynnycky-1997",25,85,"Tested",245.54
"Kenya","Vynnycky-1997",25,86,"Enrolled",71.86
"Kenya","Vynnycky-1997",25,86,"Tested",222.42
"Kenya","Vynnycky-1997",25,87,"Enrolled",65.96
"Kenya","Vynnycky-1997",25,87,"Tested",201.36
"Kenya","Vynnycky-1997",25,88,"Enrolled",79.84
"Kenya","Vynnycky-1997",25,88,"Tested",249.26
"Kenya","Vynnycky-1997",25,89,"Enrolled",101.46
"Kenya","Vynnycky-1997",25,89,"Tested",325.98
"Kenya","Vynnycky-1997",25,90,"Enrolled",83.28
"Kenya","Vynnycky-1997",25,90,"Tested",262.74
"Kenya","Vynnycky-1997",25,91,"Enrolled",86.86
"Kenya","Vynnycky-1997",25,91,"Tested",275.66
"Kenya","Vynnycky-1997",25,92,"Enrolled",79
"Kenya","Vynnycky-1997",25,92,"Tested",255.88
"Kenya","Vynnycky-1997",25,93,"Enrolled",53.56
"Kenya","Vynnycky-1997",25,93,"Tested",163.82
"Kenya","Vynnycky-1997",25,94,"Enrolled",69.96
"Kenya","Vynnycky-1997",25,94,"Tested",215.64
"Kenya","Vynnycky-1997",25,95,"Enrolled",82.7
"Kenya","Vynnycky-1997",25,95,"Tested",256.62
"Kenya","Vynnycky-1997",25,96,"Enrolled",63.42
"Kenya","Vynnycky-1997",25,96,"Tested",197.42
"Kenya","Vynnycky-1997",25,97,"Enrolled",103.3
"Kenya","Vynnycky-1997",25,97,"Tested",323.26
"Kenya","Vynnycky-1997",25,98,"Enrolled",86.04
"Kenya","Vynnycky-1997",25,98,"Tested",273.4
"Kenya","Vynnycky-1997",25,99,"Enrolled",73.64
"Kenya","Vynnycky-1997",25,99,"Tested",227.04
"Kenya","Vynnycky-1997",25,100,"Enrolled",78.86
"Kenya","Vynnycky-1997",25,100,"Tested",246.94
"Kenya","Vynnycky-1997",30,1,"Enrolled",78.86
"Kenya","Vynnycky-1997",30,1,"Tested",219.66
"Kenya","Vynnycky-1997",30,2,"Enrolled",91.22
"Kenya","Vynnycky-1997",30,2,"Tested",248.82
"Kenya","Vynnycky-1997",30,3,"Enrolled",104.7
"Kenya","Vynnycky-1997",30,3,"Tested",288.68
"Kenya","Vynnycky-1997",30,4,"Enrolled",92.84
"Kenya","Vynnycky-1997",30,4,"Tested",257.04
"Kenya","Vynnycky-1997",30,5,"Enrolled",80.6
"Kenya","Vynnycky-1997",30,5,"Tested",224.1
"Kenya","Vynnycky-1997",30,6,"Enrolled",73.2
"Kenya","Vynnycky-1997",30,6,"Tested",201.48
"Kenya","Vynnycky-1997",30,7,"Enrolled",68.06
"Kenya","Vynnycky-1997",30,7,"Tested",186.66
"Kenya","Vynnycky-1997",30,8,"Enrolled",82.42
"Kenya","Vynnycky-1997",30,8,"Tested",228.96
"Kenya","Vynnycky-1997",30,9,"Enrolled",89.52
"Kenya","Vynnycky-1997",30,9,"Tested",249.28
"Kenya","Vynnycky-1997",30,10,"Enrolled",88.82
"Kenya","Vynnycky-1997",30,10,"Tested",247.36
"Kenya","Vynnycky-1997",30,11,"Enrolled",80.84
"Kenya","Vynnycky-1997",30,11,"Tested",224.68
"Kenya","Vynnycky-1997",30,12,"Enrolled",66.42
"Kenya","Vynnycky-1997",30,12,"Tested",182.74
"Kenya","Vynnycky-1997",30,13,"Enrolled",109.92
"Kenya","Vynnycky-1997",30,13,"Tested",299.58
"Kenya","Vynnycky-1997",30,14,"Enrolled",82.88
"Kenya","Vynnycky-1997",30,14,"Tested",227.26
"Kenya","Vynnycky-1997",30,15,"Enrolled",80.86
"Kenya","Vynnycky-1997",30,15,"Tested",213.46
"Kenya","Vynnycky-1997",30,16,"Enrolled",69.22
"Kenya","Vynnycky-1997",30,16,"Tested",193.6
"Kenya","Vynnycky-1997",30,17,"Enrolled",75.94
"Kenya","Vynnycky-1997",30,17,"Tested",208.94
"Kenya","Vynnycky-1997",30,18,"Enrolled",85.52
"Kenya","Vynnycky-1997",30,18,"Tested",232.74
"Kenya","Vynnycky-1997",30,19,"Enrolled",87.74
"Kenya","Vynnycky-1997",30,19,"Tested",240.32
"Kenya","Vynnycky-1997",30,20,"Enrolled",84.22
"Kenya","Vynnycky-1997",30,20,"Tested",233.86
"Kenya","Vynnycky-1997",30,21,"Enrolled",75.1
"Kenya","Vynnycky-1997",30,21,"Tested",207.08
"Kenya","Vynnycky-1997",30,22,"Enrolled",78.5
"Kenya","Vynnycky-1997",30,22,"Tested",218.54
"Kenya","Vynnycky-1997",30,23,"Enrolled",57.5
"Kenya","Vynnycky-1997",30,23,"Tested",158.66
"Kenya","Vynnycky-1997",30,24,"Enrolled",68.68
"Kenya","Vynnycky-1997",30,24,"Tested",188.06
"Kenya","Vynnycky-1997",30,25,"Enrolled",86.3
"Kenya","Vynnycky-1997",30,25,"Tested",240.26
"Kenya","Vynnycky-1997",30,26,"Enrolled",86.14
"Kenya","Vynnycky-1997",30,26,"Tested",232.84
"Kenya","Vynnycky-1997",30,27,"Enrolled",74.64
"Kenya","Vynnycky-1997",30,27,"Tested",199.58
"Kenya","Vynnycky-1997",30,28,"Enrolled",85.98
"Kenya","Vynnycky-1997",30,28,"Tested",238.5
"Kenya","Vynnycky-1997",30,29,"Enrolled",94.36
"Kenya","Vynnycky-1997",30,29,"Tested",259.26
"Kenya","Vynnycky-1997",30,30,"Enrolled",73.1
"Kenya","Vynnycky-1997",30,30,"Tested",200.36
"Kenya","Vynnycky-1997",30,31,"Enrolled",93.06
"Kenya","Vynnycky-1997",30,31,"Tested",260.08
"Kenya","Vynnycky-1997",30,32,"Enrolled",83.56
"Kenya","Vynnycky-1997",30,32,"Tested",229.62
"Kenya","Vynnycky-1997",30,33,"Enrolled",64.38
"Kenya","Vynnycky-1997",30,33,"Tested",174.78
"Kenya","Vynnycky-1997",30,34,"Enrolled",85.36
"Kenya","Vynnycky-1997",30,34,"Tested",233.58
"Kenya","Vynnycky-1997",30,35,"Enrolled",102.36
"Kenya","Vynnycky-1997",30,35,"Tested",281
"Kenya","Vynnycky-1997",30,36,"Enrolled",92.98
"Kenya","Vynnycky-1997",30,36,"Tested",254.74
"Kenya","Vynnycky-1997",30,37,"Enrolled",76.5
"Kenya","Vynnycky-1997",30,37,"Tested",208.42
"Kenya","Vynnycky-1997",30,38,"Enrolled",82.98
"Kenya","Vynnycky-1997",30,38,"Tested",228.22
"Kenya","Vynnycky-1997",30,39,"Enrolled",84.58
"Kenya","Vynnycky-1997",30,39,"Tested",232.54
"Kenya","Vynnycky-1997",30,40,"Enrolled",95.42
"Kenya","Vynnycky-1997",30,40,"Tested",257.58
"Kenya","Vynnycky-1997",30,41,"Enrolled",81.56
"Kenya","Vynnycky-1997",30,41,"Tested",222.24
"Kenya","Vynnycky-1997",30,42,"Enrolled",86.4
"Kenya","Vynnycky-1997",30,42,"Tested",241.98
"Kenya","Vynnycky-1997",30,43,"Enrolled",71.82
"Kenya","Vynnycky-1997",30,43,"Tested",197.3
"Kenya","Vynnycky-1997",30,44,"Enrolled",66.32
"Kenya","Vynnycky-1997",30,44,"Tested",180.98
"Kenya","Vynnycky-1997",30,45,"Enrolled",81.86
"Kenya","Vynnycky-1997",30,45,"Tested",226.54
"Kenya","Vynnycky-1997",30,46,"Enrolled",90.16
"Kenya","Vynnycky-1997",30,46,"Tested",252.9
"Kenya","Vynnycky-1997",30,47,"Enrolled",90.3
"Kenya","Vynnycky-1997",30,47,"Tested",243.84
"Kenya","Vynnycky-1997",30,48,"Enrolled",70.34
"Kenya","Vynnycky-1997",30,48,"Tested",191.18
"Kenya","Vynnycky-1997",30,49,"Enrolled",68.6
"Kenya","Vynnycky-1997",30,49,"Tested",191.34
"Kenya","Vynnycky-1997",30,50,"Enrolled",76.76
"Kenya","Vynnycky-1997",30,50,"Tested",212.62
"Kenya","Vynnycky-1997",30,51,"Enrolled",60.2
"Kenya","Vynnycky-1997",30,51,"Tested",162.76
"Kenya","Vynnycky-1997",30,52,"Enrolled",65.72
"Kenya","Vynnycky-1997",30,52,"Tested",181.76
"Kenya","Vynnycky-1997",30,53,"Enrolled",106.12
"Kenya","Vynnycky-1997",30,53,"Tested",292.08
"Kenya","Vynnycky-1997",30,54,"Enrolled",84.6
"Kenya","Vynnycky-1997",30,54,"Tested",233.26
"Kenya","Vynnycky-1997",30,55,"Enrolled",84.76
"Kenya","Vynnycky-1997",30,55,"Tested",235.22
"Kenya","Vynnycky-1997",30,56,"Enrolled",77.12
"Kenya","Vynnycky-1997",30,56,"Tested",209.98
"Kenya","Vynnycky-1997",30,57,"Enrolled",79.04
"Kenya","Vynnycky-1997",30,57,"Tested",216.64
"Kenya","Vynnycky-1997",30,58,"Enrolled",81.46
"Kenya","Vynnycky-1997",30,58,"Tested",220.9
"Kenya","Vynnycky-1997",30,59,"Enrolled",98.6
"Kenya","Vynnycky-1997",30,59,"Tested",270.2
"Kenya","Vynnycky-1997",30,60,"Enrolled",90.58
"Kenya","Vynnycky-1997",30,60,"Tested",247.88
"Kenya","Vynnycky-1997",30,61,"Enrolled",69.4
"Kenya","Vynnycky-1997",30,61,"Tested",188
"Kenya","Vynnycky-1997",30,62,"Enrolled",85.7
"Kenya","Vynnycky-1997",30,62,"Tested",240.48
"Kenya","Vynnycky-1997",30,63,"Enrolled",78.66
"Kenya","Vynnycky-1997",30,63,"Tested",215.76
"Kenya","Vynnycky-1997",30,64,"Enrolled",95.56
"Kenya","Vynnycky-1997",30,64,"Tested",262.86
"Kenya","Vynnycky-1997",30,65,"Enrolled",91.46
"Kenya","Vynnycky-1997",30,65,"Tested",250.62
"Kenya","Vynnycky-1997",30,66,"Enrolled",74.16
"Kenya","Vynnycky-1997",30,66,"Tested",203.78
"Kenya","Vynnycky-1997",30,67,"Enrolled",96.64
"Kenya","Vynnycky-1997",30,67,"Tested",270.14
"Kenya","Vynnycky-1997",30,68,"Enrolled",98.26
"Kenya","Vynnycky-1997",30,68,"Tested",275.78
"Kenya","Vynnycky-1997",30,69,"Enrolled",80.06
"Kenya","Vynnycky-1997",30,69,"Tested",219.98
"Kenya","Vynnycky-1997",30,70,"Enrolled",85.62
"Kenya","Vynnycky-1997",30,70,"Tested",233.48
"Kenya","Vynnycky-1997",30,71,"Enrolled",83.66
"Kenya","Vynnycky-1997",30,71,"Tested",226.36
"Kenya","Vynnycky-1997",30,72,"Enrolled",78.68
"Kenya","Vynnycky-1997",30,72,"Tested",219.46
"Kenya","Vynnycky-1997",30,73,"Enrolled",93.22
"Kenya","Vynnycky-1997",30,73,"Tested",256.92
"Kenya","Vynnycky-1997",30,74,"Enrolled",70.5
"Kenya","Vynnycky-1997",30,74,"Tested",190.2
"Kenya","Vynnycky-1997",30,75,"Enrolled",99.6
"Kenya","Vynnycky-1997",30,75,"Tested",271.12
"Kenya","Vynnycky-1997",30,76,"Enrolled",90.84
"Kenya","Vynnycky-1997",30,76,"Tested",251.36
"Kenya","Vynnycky-1997",30,77,"Enrolled",73.42
"Kenya","Vynnycky-1997",30,77,"Tested",203.96
"Kenya","Vynnycky-1997",30,78,"Enrolled",83.06
"Kenya","Vynnycky-1997",30,78,"Tested",228.46
"Kenya","Vynnycky-1997",30,79,"Enrolled",96.44
"Kenya","Vynnycky-1997",30,79,"Tested",268.64
"Kenya","Vynnycky-1997",30,80,"Enrolled",90.9
"Kenya","Vynnycky-1997",30,80,"Tested",247.62
"Kenya","Vynnycky-1997",30,81,"Enrolled",70.1
"Kenya","Vynnycky-1997",30,81,"Tested",191.9
"Kenya","Vynnycky-1997",30,82,"Enrolled",82.54
"Kenya","Vynnycky-1997",30,82,"Tested",222.78
"Kenya","Vynnycky-1997",30,83,"Enrolled",68.78
"Kenya","Vynnycky-1997",30,83,"Tested",192.92
"Kenya","Vynnycky-1997",30,84,"Enrolled",88.44
"Kenya","Vynnycky-1997",30,84,"Tested",244.18
"Kenya","Vynnycky-1997",30,85,"Enrolled",86.46
"Kenya","Vynnycky-1997",30,85,"Tested",239
"Kenya","Vynnycky-1997",30,86,"Enrolled",94.18
"Kenya","Vynnycky-1997",30,86,"Tested",260.42
"Kenya","Vynnycky-1997",30,87,"Enrolled",94.84
"Kenya","Vynnycky-1997",30,87,"Tested",263.22
"Kenya","Vynnycky-1997",30,88,"Enrolled",111.3
"Kenya","Vynnycky-1997",30,88,"Tested",308.88
"Kenya","Vynnycky-1997",30,89,"Enrolled",72.44
"Kenya","Vynnycky-1997",30,89,"Tested",196.36
"Kenya","Vynnycky-1997",30,90,"Enrolled",85.14
"Kenya","Vynnycky-1997",30,90,"Tested",239.68
"Kenya","Vynnycky-1997",30,91,"Enrolled",82.66
"Kenya","Vynnycky-1997",30,91,"Tested",230.7
"Kenya","Vynnycky-1997",30,92,"Enrolled",106.62
"Kenya","Vynnycky-1997",30,92,"Tested",293.06
"Kenya","Vynnycky-1997",30,93,"Enrolled",81.22
"Kenya","Vynnycky-1997",30,93,"Tested",222.78
"Kenya","Vynnycky-1997",30,94,"Enrolled",82
"Kenya","Vynnycky-1997",30,94,"Tested",222.4
"Kenya","Vynnycky-1997",30,95,"Enrolled",66.86
"Kenya","Vynnycky-1997",30,95,"Tested",186.84
"Kenya","Vynnycky-1997",30,96,"Enrolled",82.18
"Kenya","Vynnycky-1997",30,96,"Tested",226.54
"Kenya","Vynnycky-1997",30,97,"Enrolled",77.18
"Kenya","Vynnycky-1997",30,97,"Tested",213.12
"Kenya","Vynnycky-1997",30,98,"Enrolled",78.16
"Kenya","Vynnycky-1997",30,98,"Tested",210.86
"Kenya","Vynnycky-1997",30,99,"Enrolled",83.54
"Kenya","Vynnycky-1997",30,99,"Tested",235.04
"Kenya","Vynnycky-1997",30,100,"Enrolled",78.54
"Kenya","Vynnycky-1997",30,100,"Tested",221.56
"Kenya","Vynnycky-1997",35,1,"Enrolled",73.08
"Kenya","Vynnycky-1997",35,1,"Tested",186.06
"Kenya","Vynnycky-1997",35,2,"Enrolled",91.82
"Kenya","Vynnycky-1997",35,2,"Tested",231.04
"Kenya","Vynnycky-1997",35,3,"Enrolled",95.1
"Kenya","Vynnycky-1997",35,3,"Tested",243.02
"Kenya","Vynnycky-1997",35,4,"Enrolled",101.96
"Kenya","Vynnycky-1997",35,4,"Tested",252.74
"Kenya","Vynnycky-1997",35,5,"Enrolled",71.04
"Kenya","Vynnycky-1997",35,5,"Tested",178.26
"Kenya","Vynnycky-1997",35,6,"Enrolled",81.86
"Kenya","Vynnycky-1997",35,6,"Tested",211.3
"Kenya","Vynnycky-1997",35,7,"Enrolled",85.78
"Kenya","Vynnycky-1997",35,7,"Tested",214
"Kenya","Vynnycky-1997",35,8,"Enrolled",73.12
"Kenya","Vynnycky-1997",35,8,"Tested",184.44
"Kenya","Vynnycky-1997",35,9,"Enrolled",88.46
"Kenya","Vynnycky-1997",35,9,"Tested",222.1
"Kenya","Vynnycky-1997",35,10,"Enrolled",76.78
"Kenya","Vynnycky-1997",35,10,"Tested",195.76
"Kenya","Vynnycky-1997",35,11,"Enrolled",82.94
"Kenya","Vynnycky-1997",35,11,"Tested",204.6
"Kenya","Vynnycky-1997",35,12,"Enrolled",91.58
"Kenya","Vynnycky-1997",35,12,"Tested",230.32
"Kenya","Vynnycky-1997",35,13,"Enrolled",86.46
"Kenya","Vynnycky-1997",35,13,"Tested",220.74
"Kenya","Vynnycky-1997",35,14,"Enrolled",99.7
"Kenya","Vynnycky-1997",35,14,"Tested",254.94
"Kenya","Vynnycky-1997",35,15,"Enrolled",81.18
"Kenya","Vynnycky-1997",35,15,"Tested",203.02
"Kenya","Vynnycky-1997",35,16,"Enrolled",92.74
"Kenya","Vynnycky-1997",35,16,"Tested",238.6
"Kenya","Vynnycky-1997",35,17,"Enrolled",82.12
"Kenya","Vynnycky-1997",35,17,"Tested",207.94
"Kenya","Vynnycky-1997",35,18,"Enrolled",111.2
"Kenya","Vynnycky-1997",35,18,"Tested",277.92
"Kenya","Vynnycky-1997",35,19,"Enrolled",74.64
"Kenya","Vynnycky-1997",35,19,"Tested",187.72
"Kenya","Vynnycky-1997",35,20,"Enrolled",86.24
"Kenya","Vynnycky-1997",35,20,"Tested",220.7
"Kenya","Vynnycky-1997",35,21,"Enrolled",102.36
"Kenya","Vynnycky-1997",35,21,"Tested",258.04
"Kenya","Vynnycky-1997",35,22,"Enrolled",88.6
"Kenya","Vynnycky-1997",35,22,"Tested",219.06
"Kenya","Vynnycky-1997",35,23,"Enrolled",64.7
"Kenya","Vynnycky-1997",35,23,"Tested",165.5
"Kenya","Vynnycky-1997",35,24,"Enrolled",72.14
"Kenya","Vynnycky-1997",35,24,"Tested",183.76
"Kenya","Vynnycky-1997",35,25,"Enrolled",107.54
"Kenya","Vynnycky-1997",35,25,"Tested",270.18
"Kenya","Vynnycky-1997",35,26,"Enrolled",72.02
"Kenya","Vynnycky-1997",35,26,"Tested",181.8
"Kenya","Vynnycky-1997",35,27,"Enrolled",65.54
"Kenya","Vynnycky-1997",35,27,"Tested",163.5
"Kenya","Vynnycky-1997",35,28,"Enrolled",75.1
"Kenya","Vynnycky-1997",35,28,"Tested",191.6
"Kenya","Vynnycky-1997",35,29,"Enrolled",75.74
"Kenya","Vynnycky-1997",35,29,"Tested",191.06
"Kenya","Vynnycky-1997",35,30,"Enrolled",79.3
"Kenya","Vynnycky-1997",35,30,"Tested",202.66
"Kenya","Vynnycky-1997",35,31,"Enrolled",90.36
"Kenya","Vynnycky-1997",35,31,"Tested",228.52
"Kenya","Vynnycky-1997",35,32,"Enrolled",81.58
"Kenya","Vynnycky-1997",35,32,"Tested",207.72
"Kenya","Vynnycky-1997",35,33,"Enrolled",119.46
"Kenya","Vynnycky-1997",35,33,"Tested",301.1
"Kenya","Vynnycky-1997",35,34,"Enrolled",83.2
"Kenya","Vynnycky-1997",35,34,"Tested",210.82
"Kenya","Vynnycky-1997",35,35,"Enrolled",72.82
"Kenya","Vynnycky-1997",35,35,"Tested",183.8
"Kenya","Vynnycky-1997",35,36,"Enrolled",88.38
"Kenya","Vynnycky-1997",35,36,"Tested",223.28
"Kenya","Vynnycky-1997",35,37,"Enrolled",93.78
"Kenya","Vynnycky-1997",35,37,"Tested",235.3
"Kenya","Vynnycky-1997",35,38,"Enrolled",73.94
"Kenya","Vynnycky-1997",35,38,"Tested",186.06
"Kenya","Vynnycky-1997",35,39,"Enrolled",67.9
"Kenya","Vynnycky-1997",35,39,"Tested",170.76
"Kenya","Vynnycky-1997",35,40,"Enrolled",75.9
"Kenya","Vynnycky-1997",35,40,"Tested",191.62
"Kenya","Vynnycky-1997",35,41,"Enrolled",116.9
"Kenya","Vynnycky-1997",35,41,"Tested",296.04
"Kenya","Vynnycky-1997",35,42,"Enrolled",88.48
"Kenya","Vynnycky-1997",35,42,"Tested",224.1
"Kenya","Vynnycky-1997",35,43,"Enrolled",84.58
"Kenya","Vynnycky-1997",35,43,"Tested",214.74
"Kenya","Vynnycky-1997",35,44,"Enrolled",94.84
"Kenya","Vynnycky-1997",35,44,"Tested",240.44
"Kenya","Vynnycky-1997",35,45,"Enrolled",91.48
"Kenya","Vynnycky-1997",35,45,"Tested",231.1
"Kenya","Vynnycky-1997",35,46,"Enrolled",94.98
"Kenya","Vynnycky-1997",35,46,"Tested",243.72
"Kenya","Vynnycky-1997",35,47,"Enrolled",65.88
"Kenya","Vynnycky-1997",35,47,"Tested",164.1
"Kenya","Vynnycky-1997",35,48,"Enrolled",100.88
"Kenya","Vynnycky-1997",35,48,"Tested",256.1
"Kenya","Vynnycky-1997",35,49,"Enrolled",75.58
"Kenya","Vynnycky-1997",35,49,"Tested",193.2
"Kenya","Vynnycky-1997",35,50,"Enrolled",102.6
"Kenya","Vynnycky-1997",35,50,"Tested",257.08
"Kenya","Vynnycky-1997",35,51,"Enrolled",95.56
"Kenya","Vynnycky-1997",35,51,"Tested",240
"Kenya","Vynnycky-1997",35,52,"Enrolled",77.14
"Kenya","Vynnycky-1997",35,52,"Tested",189.7
"Kenya","Vynnycky-1997",35,53,"Enrolled",85.5
"Kenya","Vynnycky-1997",35,53,"Tested",217.16
"Kenya","Vynnycky-1997",35,54,"Enrolled",90.98
"Kenya","Vynnycky-1997",35,54,"Tested",229.34
"Kenya","Vynnycky-1997",35,55,"Enrolled",82.26
"Kenya","Vynnycky-1997",35,55,"Tested",207.46
"Kenya","Vynnycky-1997",35,56,"Enrolled",90.8
"Kenya","Vynnycky-1997",35,56,"Tested",227.04
"Kenya","Vynnycky-1997",35,57,"Enrolled",79.12
"Kenya","Vynnycky-1997",35,57,"Tested",200.78
"Kenya","Vynnycky-1997",35,58,"Enrolled",107.54
"Kenya","Vynnycky-1997",35,58,"Tested",268.24
"Kenya","Vynnycky-1997",35,59,"Enrolled",86.54
"Kenya","Vynnycky-1997",35,59,"Tested",215.88
"Kenya","Vynnycky-1997",35,60,"Enrolled",72.34
"Kenya","Vynnycky-1997",35,60,"Tested",184.92
"Kenya","Vynnycky-1997",35,61,"Enrolled",66.5
"Kenya","Vynnycky-1997",35,61,"Tested",164.06
"Kenya","Vynnycky-1997",35,62,"Enrolled",88.06
"Kenya","Vynnycky-1997",35,62,"Tested",219.72
"Kenya","Vynnycky-1997",35,63,"Enrolled",78.56
"Kenya","Vynnycky-1997",35,63,"Tested",196.7
"Kenya","Vynnycky-1997",35,64,"Enrolled",72.18
"Kenya","Vynnycky-1997",35,64,"Tested",183.78
"Kenya","Vynnycky-1997",35,65,"Enrolled",82.86
"Kenya","Vynnycky-1997",35,65,"Tested",205.98
"Kenya","Vynnycky-1997",35,66,"Enrolled",102.02
"Kenya","Vynnycky-1997",35,66,"Tested",250.54
"Kenya","Vynnycky-1997",35,67,"Enrolled",96.8
"Kenya","Vynnycky-1997",35,67,"Tested",242.72
"Kenya","Vynnycky-1997",35,68,"Enrolled",85.52
"Kenya","Vynnycky-1997",35,68,"Tested",220
"Kenya","Vynnycky-1997",35,69,"Enrolled",78.04
"Kenya","Vynnycky-1997",35,69,"Tested",199.76
"Kenya","Vynnycky-1997",35,70,"Enrolled",75.54
"Kenya","Vynnycky-1997",35,70,"Tested",195.76
"Kenya","Vynnycky-1997",35,71,"Enrolled",101.06
"Kenya","Vynnycky-1997",35,71,"Tested",255.82
"Kenya","Vynnycky-1997",35,72,"Enrolled",69.42
"Kenya","Vynnycky-1997",35,72,"Tested",175.36
"Kenya","Vynnycky-1997",35,73,"Enrolled",88.4
"Kenya","Vynnycky-1997",35,73,"Tested",222.42
"Kenya","Vynnycky-1997",35,74,"Enrolled",86
"Kenya","Vynnycky-1997",35,74,"Tested",218.16
"Kenya","Vynnycky-1997",35,75,"Enrolled",60.84
"Kenya","Vynnycky-1997",35,75,"Tested",151.68
"Kenya","Vynnycky-1997",35,76,"Enrolled",85.02
"Kenya","Vynnycky-1997",35,76,"Tested",213.22
"Kenya","Vynnycky-1997",35,77,"Enrolled",80.18
"Kenya","Vynnycky-1997",35,77,"Tested",201.4
"Kenya","Vynnycky-1997",35,78,"Enrolled",99.38
"Kenya","Vynnycky-1997",35,78,"Tested",251.14
"Kenya","Vynnycky-1997",35,79,"Enrolled",80.44
"Kenya","Vynnycky-1997",35,79,"Tested",201.98
"Kenya","Vynnycky-1997",35,80,"Enrolled",89.34
"Kenya","Vynnycky-1997",35,80,"Tested",221.58
"Kenya","Vynnycky-1997",35,81,"Enrolled",108.24
"Kenya","Vynnycky-1997",35,81,"Tested",275.16
"Kenya","Vynnycky-1997",35,82,"Enrolled",100.84
"Kenya","Vynnycky-1997",35,82,"Tested",249.78
"Kenya","Vynnycky-1997",35,83,"Enrolled",98.72
"Kenya","Vynnycky-1997",35,83,"Tested",250.04
"Kenya","Vynnycky-1997",35,84,"Enrolled",78.14
"Kenya","Vynnycky-1997",35,84,"Tested",198.66
"Kenya","Vynnycky-1997",35,85,"Enrolled",75.76
"Kenya","Vynnycky-1997",35,85,"Tested",189.48
"Kenya","Vynnycky-1997",35,86,"Enrolled",93.8
"Kenya","Vynnycky-1997",35,86,"Tested",234.24
"Kenya","Vynnycky-1997",35,87,"Enrolled",87.9
"Kenya","Vynnycky-1997",35,87,"Tested",223.14
"Kenya","Vynnycky-1997",35,88,"Enrolled",78.34
"Kenya","Vynnycky-1997",35,88,"Tested",195.54
"Kenya","Vynnycky-1997",35,89,"Enrolled",83.36
"Kenya","Vynnycky-1997",35,89,"Tested",207.42
"Kenya","Vynnycky-1997",35,90,"Enrolled",100.14
"Kenya","Vynnycky-1997",35,90,"Tested",251.46
"Kenya","Vynnycky-1997",35,91,"Enrolled",91.78
"Kenya","Vynnycky-1997",35,91,"Tested",230.96
"Kenya","Vynnycky-1997",35,92,"Enrolled",77.64
"Kenya","Vynnycky-1997",35,92,"Tested",194.86
"Kenya","Vynnycky-1997",35,93,"Enrolled",82.44
"Kenya","Vynnycky-1997",35,93,"Tested",210.16
"Kenya","Vynnycky-1997",35,94,"Enrolled",105.7
"Kenya","Vynnycky-1997",35,94,"Tested",268.7
"Kenya","Vynnycky-1997",35,95,"Enrolled",81.14
"Kenya","Vynnycky-1997",35,95,"Tested",206.66
"Kenya","Vynnycky-1997",35,96,"Enrolled",79.78
"Kenya","Vynnycky-1997",35,96,"Tested",201.42
"Kenya","Vynnycky-1997",35,97,"Enrolled",93.7
"Kenya","Vynnycky-1997",35,97,"Tested",235.76
"Kenya","Vynnycky-1997",35,98,"Enrolled",64.26
"Kenya","Vynnycky-1997",35,98,"Tested",162.06
"Kenya","Vynnycky-1997",35,99,"Enrolled",106.38
"Kenya","Vynnycky-1997",35,99,"Tested",271.42
"Kenya","Vynnycky-1997",35,100,"Enrolled",84.4
"Kenya","Vynnycky-1997",35,100,"Tested",216.24
"Kenya","Vynnycky-1997",40,1,"Enrolled",82.58
"Kenya","Vynnycky-1997",40,1,"Tested",200.2
"Kenya","Vynnycky-1997",40,2,"Enrolled",72
"Kenya","Vynnycky-1997",40,2,"Tested",171.2
"Kenya","Vynnycky-1997",40,3,"Enrolled",63.92
"Kenya","Vynnycky-1997",40,3,"Tested",149.58
"Kenya","Vynnycky-1997",40,4,"Enrolled",79.18
"Kenya","Vynnycky-1997",40,4,"Tested",186.8
"Kenya","Vynnycky-1997",40,5,"Enrolled",112.76
"Kenya","Vynnycky-1997",40,5,"Tested",268.52
"Kenya","Vynnycky-1997",40,6,"Enrolled",92.7
"Kenya","Vynnycky-1997",40,6,"Tested",222.64
"Kenya","Vynnycky-1997",40,7,"Enrolled",73.68
"Kenya","Vynnycky-1997",40,7,"Tested",172.14
"Kenya","Vynnycky-1997",40,8,"Enrolled",66.26
"Kenya","Vynnycky-1997",40,8,"Tested",155.1
"Kenya","Vynnycky-1997",40,9,"Enrolled",97.7
"Kenya","Vynnycky-1997",40,9,"Tested",235.74
"Kenya","Vynnycky-1997",40,10,"Enrolled",82
"Kenya","Vynnycky-1997",40,10,"Tested",190.92
"Kenya","Vynnycky-1997",40,11,"Enrolled",99.1
"Kenya","Vynnycky-1997",40,11,"Tested",236.92
"Kenya","Vynnycky-1997",40,12,"Enrolled",88.4
"Kenya","Vynnycky-1997",40,12,"Tested",207.02
"Kenya","Vynnycky-1997",40,13,"Enrolled",72.82
"Kenya","Vynnycky-1997",40,13,"Tested",171.7
"Kenya","Vynnycky-1997",40,14,"Enrolled",82.26
"Kenya","Vynnycky-1997",40,14,"Tested",195.92
"Kenya","Vynnycky-1997",40,15,"Enrolled",69.42
"Kenya","Vynnycky-1997",40,15,"Tested",165.92
"Kenya","Vynnycky-1997",40,16,"Enrolled",91.02
"Kenya","Vynnycky-1997",40,16,"Tested",216.22
"Kenya","Vynnycky-1997",40,17,"Enrolled",72.18
"Kenya","Vynnycky-1997",40,17,"Tested",168.84
"Kenya","Vynnycky-1997",40,18,"Enrolled",76.96
"Kenya","Vynnycky-1997",40,18,"Tested",182.46
"Kenya","Vynnycky-1997",40,19,"Enrolled",89.44
"Kenya","Vynnycky-1997",40,19,"Tested",213.28
"Kenya","Vynnycky-1997",40,20,"Enrolled",81.22
"Kenya","Vynnycky-1997",40,20,"Tested",191.82
"Kenya","Vynnycky-1997",40,21,"Enrolled",97.7
"Kenya","Vynnycky-1997",40,21,"Tested",234.16
"Kenya","Vynnycky-1997",40,22,"Enrolled",87.72
"Kenya","Vynnycky-1997",40,22,"Tested",209.24
"Kenya","Vynnycky-1997",40,23,"Enrolled",82.02
"Kenya","Vynnycky-1997",40,23,"Tested",201.68
"Kenya","Vynnycky-1997",40,24,"Enrolled",76.86
"Kenya","Vynnycky-1997",40,24,"Tested",184.62
"Kenya","Vynnycky-1997",40,25,"Enrolled",83.84
"Kenya","Vynnycky-1997",40,25,"Tested",200.48
"Kenya","Vynnycky-1997",40,26,"Enrolled",100.02
"Kenya","Vynnycky-1997",40,26,"Tested",237.36
"Kenya","Vynnycky-1997",40,27,"Enrolled",78.66
"Kenya","Vynnycky-1997",40,27,"Tested",186.76
"Kenya","Vynnycky-1997",40,28,"Enrolled",74.82
"Kenya","Vynnycky-1997",40,28,"Tested",178.5
"Kenya","Vynnycky-1997",40,29,"Enrolled",59.76
"Kenya","Vynnycky-1997",40,29,"Tested",141.46
"Kenya","Vynnycky-1997",40,30,"Enrolled",106.36
"Kenya","Vynnycky-1997",40,30,"Tested",249.32
"Kenya","Vynnycky-1997",40,31,"Enrolled",80.08
"Kenya","Vynnycky-1997",40,31,"Tested",188.78
"Kenya","Vynnycky-1997",40,32,"Enrolled",65.56
"Kenya","Vynnycky-1997",40,32,"Tested",154.32
"Kenya","Vynnycky-1997",40,33,"Enrolled",101.92
"Kenya","Vynnycky-1997",40,33,"Tested",241.3
"Kenya","Vynnycky-1997",40,34,"Enrolled",84.22
"Kenya","Vynnycky-1997",40,34,"Tested",200.34
"Kenya","Vynnycky-1997",40,35,"Enrolled",97.02
"Kenya","Vynnycky-1997",40,35,"Tested",230.08
"Kenya","Vynnycky-1997",40,36,"Enrolled",82.38
"Kenya","Vynnycky-1997",40,36,"Tested",195.36
"Kenya","Vynnycky-1997",40,37,"Enrolled",66.86
"Kenya","Vynnycky-1997",40,37,"Tested",156.7
"Kenya","Vynnycky-1997",40,38,"Enrolled",75.7
"Kenya","Vynnycky-1997",40,38,"Tested",176.24
"Kenya","Vynnycky-1997",40,39,"Enrolled",98.28
"Kenya","Vynnycky-1997",40,39,"Tested",233
"Kenya","Vynnycky-1997",40,40,"Enrolled",116.98
"Kenya","Vynnycky-1997",40,40,"Tested",276.62
"Kenya","Vynnycky-1997",40,41,"Enrolled",88.94
"Kenya","Vynnycky-1997",40,41,"Tested",210.62
"Kenya","Vynnycky-1997",40,42,"Enrolled",90.18
"Kenya","Vynnycky-1997",40,42,"Tested",215.24
"Kenya","Vynnycky-1997",40,43,"Enrolled",89.36
"Kenya","Vynnycky-1997",40,43,"Tested",210.66
"Kenya","Vynnycky-1997",40,44,"Enrolled",76.42
"Kenya","Vynnycky-1997",40,44,"Tested",183.24
"Kenya","Vynnycky-1997",40,45,"Enrolled",73.28
"Kenya","Vynnycky-1997",40,45,"Tested",174.96
"Kenya","Vynnycky-1997",40,46,"Enrolled",69.8
"Kenya","Vynnycky-1997",40,46,"Tested",166.5
"Kenya","Vynnycky-1997",40,47,"Enrolled",102.46
"Kenya","Vynnycky-1997",40,47,"Tested",243.46
"Kenya","Vynnycky-1997",40,48,"Enrolled",101.64
"Kenya","Vynnycky-1997",40,48,"Tested",238.48
"Kenya","Vynnycky-1997",40,49,"Enrolled",87.64
"Kenya","Vynnycky-1997",40,49,"Tested",206.96
"Kenya","Vynnycky-1997",40,50,"Enrolled",64.58
"Kenya","Vynnycky-1997",40,50,"Tested",156.28
"Kenya","Vynnycky-1997",40,51,"Enrolled",78.1
"Kenya","Vynnycky-1997",40,51,"Tested",184.34
"Kenya","Vynnycky-1997",40,52,"Enrolled",73.2
"Kenya","Vynnycky-1997",40,52,"Tested",170.4
"Kenya","Vynnycky-1997",40,53,"Enrolled",89.46
"Kenya","Vynnycky-1997",40,53,"Tested",213.62
"Kenya","Vynnycky-1997",40,54,"Enrolled",83.04
"Kenya","Vynnycky-1997",40,54,"Tested",198.6
"Kenya","Vynnycky-1997",40,55,"Enrolled",75.02
"Kenya","Vynnycky-1997",40,55,"Tested",181.14
"Kenya","Vynnycky-1997",40,56,"Enrolled",76.08
"Kenya","Vynnycky-1997",40,56,"Tested",182.74
"Kenya","Vynnycky-1997",40,57,"Enrolled",81.22
"Kenya","Vynnycky-1997",40,57,"Tested",190.8
"Kenya","Vynnycky-1997",40,58,"Enrolled",73.66
"Kenya","Vynnycky-1997",40,58,"Tested",172.92
"Kenya","Vynnycky-1997",40,59,"Enrolled",89.7
"Kenya","Vynnycky-1997",40,59,"Tested",214.14
"Kenya","Vynnycky-1997",40,60,"Enrolled",75.64
"Kenya","Vynnycky-1997",40,60,"Tested",177.88
"Kenya","Vynnycky-1997",40,61,"Enrolled",60.76
"Kenya","Vynnycky-1997",40,61,"Tested",144.9
"Kenya","Vynnycky-1997",40,62,"Enrolled",76.88
"Kenya","Vynnycky-1997",40,62,"Tested",180.3
"Kenya","Vynnycky-1997",40,63,"Enrolled",91.54
"Kenya","Vynnycky-1997",40,63,"Tested",219
"Kenya","Vynnycky-1997",40,64,"Enrolled",73.9
"Kenya","Vynnycky-1997",40,64,"Tested",174.28
"Kenya","Vynnycky-1997",40,65,"Enrolled",88.5
"Kenya","Vynnycky-1997",40,65,"Tested",208.88
"Kenya","Vynnycky-1997",40,66,"Enrolled",85.52
"Kenya","Vynnycky-1997",40,66,"Tested",203.28
"Kenya","Vynnycky-1997",40,67,"Enrolled",93.24
"Kenya","Vynnycky-1997",40,67,"Tested",222.68
"Kenya","Vynnycky-1997",40,68,"Enrolled",66.84
"Kenya","Vynnycky-1997",40,68,"Tested",161.86
"Kenya","Vynnycky-1997",40,69,"Enrolled",98.54
"Kenya","Vynnycky-1997",40,69,"Tested",239.6
"Kenya","Vynnycky-1997",40,70,"Enrolled",82.86
"Kenya","Vynnycky-1997",40,70,"Tested",195.22
"Kenya","Vynnycky-1997",40,71,"Enrolled",79.02
"Kenya","Vynnycky-1997",40,71,"Tested",186.24
"Kenya","Vynnycky-1997",40,72,"Enrolled",103.62
"Kenya","Vynnycky-1997",40,72,"Tested",245.1
"Kenya","Vynnycky-1997",40,73,"Enrolled",84.62
"Kenya","Vynnycky-1997",40,73,"Tested",197.2
"Kenya","Vynnycky-1997",40,74,"Enrolled",78.82
"Kenya","Vynnycky-1997",40,74,"Tested",185.4
"Kenya","Vynnycky-1997",40,75,"Enrolled",108.96
"Kenya","Vynnycky-1997",40,75,"Tested",257.1
"Kenya","Vynnycky-1997",40,76,"Enrolled",81.74
"Kenya","Vynnycky-1997",40,76,"Tested",194.24
"Kenya","Vynnycky-1997",40,77,"Enrolled",64.44
"Kenya","Vynnycky-1997",40,77,"Tested",156.72
"Kenya","Vynnycky-1997",40,78,"Enrolled",82.04
"Kenya","Vynnycky-1997",40,78,"Tested",198.66
"Kenya","Vynnycky-1997",40,79,"Enrolled",92.36
"Kenya","Vynnycky-1997",40,79,"Tested",219.96
"Kenya","Vynnycky-1997",40,80,"Enrolled",66.3
"Kenya","Vynnycky-1997",40,80,"Tested",158.74
"Kenya","Vynnycky-1997",40,81,"Enrolled",82.34
"Kenya","Vynnycky-1997",40,81,"Tested",192.18
"Kenya","Vynnycky-1997",40,82,"Enrolled",80.82
"Kenya","Vynnycky-1997",40,82,"Tested",188.5
"Kenya","Vynnycky-1997",40,83,"Enrolled",95.82
"Kenya","Vynnycky-1997",40,83,"Tested",223.16
"Kenya","Vynnycky-1997",40,84,"Enrolled",92.18
"Kenya","Vynnycky-1997",40,84,"Tested",224.06
"Kenya","Vynnycky-1997",40,85,"Enrolled",87.98
"Kenya","Vynnycky-1997",40,85,"Tested",207.78
"Kenya","Vynnycky-1997",40,86,"Enrolled",83.56
"Kenya","Vynnycky-1997",40,86,"Tested",198.26
"Kenya","Vynnycky-1997",40,87,"Enrolled",87.56
"Kenya","Vynnycky-1997",40,87,"Tested",205.34
"Kenya","Vynnycky-1997",40,88,"Enrolled",65.84
"Kenya","Vynnycky-1997",40,88,"Tested",157.14
"Kenya","Vynnycky-1997",40,89,"Enrolled",114.36
"Kenya","Vynnycky-1997",40,89,"Tested",270.4
"Kenya","Vynnycky-1997",40,90,"Enrolled",84.18
"Kenya","Vynnycky-1997",40,90,"Tested",202.22
"Kenya","Vynnycky-1997",40,91,"Enrolled",100.6
"Kenya","Vynnycky-1997",40,91,"Tested",236.12
"Kenya","Vynnycky-1997",40,92,"Enrolled",78.1
"Kenya","Vynnycky-1997",40,92,"Tested",186.14
"Kenya","Vynnycky-1997",40,93,"Enrolled",106.9
"Kenya","Vynnycky-1997",40,93,"Tested",254.38
"Kenya","Vynnycky-1997",40,94,"Enrolled",63.78
"Kenya","Vynnycky-1997",40,94,"Tested",151.52
"Kenya","Vynnycky-1997",40,95,"Enrolled",89.48
"Kenya","Vynnycky-1997",40,95,"Tested",211.24
"Kenya","Vynnycky-1997",40,96,"Enrolled",68.72
"Kenya","Vynnycky-1997",40,96,"Tested",164.46
"Kenya","Vynnycky-1997",40,97,"Enrolled",82.08
"Kenya","Vynnycky-1997",40,97,"Tested",195.92
"Kenya","Vynnycky-1997",40,98,"Enrolled",67.04
"Kenya","Vynnycky-1997",40,98,"Tested",155.62
"Kenya","Vynnycky-1997",40,99,"Enrolled",67.84
"Kenya","Vynnycky-1997",40,99,"Tested",163.56
"Kenya","Vynnycky-1997",40,100,"Enrolled",73.74
"Kenya","Vynnycky-1997",40,100,"Tested",175.3
"Kenya","Vynnycky-1997",45,1,"Enrolled",92.3
"Kenya","Vynnycky-1997",45,1,"Tested",209.1
"Kenya","Vynnycky-1997",45,2,"Enrolled",69.8
"Kenya","Vynnycky-1997",45,2,"Tested",158.98
"Kenya","Vynnycky-1997",45,3,"Enrolled",92.24
"Kenya","Vynnycky-1997",45,3,"Tested",209.74
"Kenya","Vynnycky-1997",45,4,"Enrolled",105
"Kenya","Vynnycky-1997",45,4,"Tested",241
"Kenya","Vynnycky-1997",45,5,"Enrolled",82.62
"Kenya","Vynnycky-1997",45,5,"Tested",192
"Kenya","Vynnycky-1997",45,6,"Enrolled",80.86
"Kenya","Vynnycky-1997",45,6,"Tested",182.72
"Kenya","Vynnycky-1997",45,7,"Enrolled",83.84
"Kenya","Vynnycky-1997",45,7,"Tested",189.74
"Kenya","Vynnycky-1997",45,8,"Enrolled",80.46
"Kenya","Vynnycky-1997",45,8,"Tested",185.52
"Kenya","Vynnycky-1997",45,9,"Enrolled",90.16
"Kenya","Vynnycky-1997",45,9,"Tested",207.44
"Kenya","Vynnycky-1997",45,10,"Enrolled",83.54
"Kenya","Vynnycky-1997",45,10,"Tested",191.2
"Kenya","Vynnycky-1997",45,11,"Enrolled",104.42
"Kenya","Vynnycky-1997",45,11,"Tested",238.24
"Kenya","Vynnycky-1997",45,12,"Enrolled",119.36
"Kenya","Vynnycky-1997",45,12,"Tested",280
"Kenya","Vynnycky-1997",45,13,"Enrolled",72.34
"Kenya","Vynnycky-1997",45,13,"Tested",164.32
"Kenya","Vynnycky-1997",45,14,"Enrolled",97.18
"Kenya","Vynnycky-1997",45,14,"Tested",219.36
"Kenya","Vynnycky-1997",45,15,"Enrolled",86.14
"Kenya","Vynnycky-1997",45,15,"Tested",197.04
"Kenya","Vynnycky-1997",45,16,"Enrolled",100
"Kenya","Vynnycky-1997",45,16,"Tested",231.42
"Kenya","Vynnycky-1997",45,17,"Enrolled",84.62
"Kenya","Vynnycky-1997",45,17,"Tested",192.92
"Kenya","Vynnycky-1997",45,18,"Enrolled",84.9
"Kenya","Vynnycky-1997",45,18,"Tested",191.18
"Kenya","Vynnycky-1997",45,19,"Enrolled",91.6
"Kenya","Vynnycky-1997",45,19,"Tested",207.88
"Kenya","Vynnycky-1997",45,20,"Enrolled",91.82
"Kenya","Vynnycky-1997",45,20,"Tested",208.12
"Kenya","Vynnycky-1997",45,21,"Enrolled",63.18
"Kenya","Vynnycky-1997",45,21,"Tested",145.34
"Kenya","Vynnycky-1997",45,22,"Enrolled",76.6
"Kenya","Vynnycky-1997",45,22,"Tested",174.96
"Kenya","Vynnycky-1997",45,23,"Enrolled",78.36
"Kenya","Vynnycky-1997",45,23,"Tested",179.94
"Kenya","Vynnycky-1997",45,24,"Enrolled",92.6
"Kenya","Vynnycky-1997",45,24,"Tested",208.44
"Kenya","Vynnycky-1997",45,25,"Enrolled",102.26
"Kenya","Vynnycky-1997",45,25,"Tested",229.9
"Kenya","Vynnycky-1997",45,26,"Enrolled",92.72
"Kenya","Vynnycky-1997",45,26,"Tested",211.18
"Kenya","Vynnycky-1997",45,27,"Enrolled",71.58
"Kenya","Vynnycky-1997",45,27,"Tested",165.48
"Kenya","Vynnycky-1997",45,28,"Enrolled",90.86
"Kenya","Vynnycky-1997",45,28,"Tested",208.5
"Kenya","Vynnycky-1997",45,29,"Enrolled",81.32
"Kenya","Vynnycky-1997",45,29,"Tested",186.08
"Kenya","Vynnycky-1997",45,30,"Enrolled",98.52
"Kenya","Vynnycky-1997",45,30,"Tested",229.08
"Kenya","Vynnycky-1997",45,31,"Enrolled",87.8
"Kenya","Vynnycky-1997",45,31,"Tested",201.16
"Kenya","Vynnycky-1997",45,32,"Enrolled",92.02
"Kenya","Vynnycky-1997",45,32,"Tested",215.14
"Kenya","Vynnycky-1997",45,33,"Enrolled",72.84
"Kenya","Vynnycky-1997",45,33,"Tested",164.42
"Kenya","Vynnycky-1997",45,34,"Enrolled",77.78
"Kenya","Vynnycky-1997",45,34,"Tested",179.66
"Kenya","Vynnycky-1997",45,35,"Enrolled",68.9
"Kenya","Vynnycky-1997",45,35,"Tested",155.96
"Kenya","Vynnycky-1997",45,36,"Enrolled",77.04
"Kenya","Vynnycky-1997",45,36,"Tested",175.96
"Kenya","Vynnycky-1997",45,37,"Enrolled",77.1
"Kenya","Vynnycky-1997",45,37,"Tested",177.18
"Kenya","Vynnycky-1997",45,38,"Enrolled",79.8
"Kenya","Vynnycky-1997",45,38,"Tested",182.68
"Kenya","Vynnycky-1997",45,39,"Enrolled",86.36
"Kenya","Vynnycky-1997",45,39,"Tested",196.3
"Kenya","Vynnycky-1997",45,40,"Enrolled",104.7
"Kenya","Vynnycky-1997",45,40,"Tested",235.38
"Kenya","Vynnycky-1997",45,41,"Enrolled",83.48
"Kenya","Vynnycky-1997",45,41,"Tested",188.44
"Kenya","Vynnycky-1997",45,42,"Enrolled",67.96
"Kenya","Vynnycky-1997",45,42,"Tested",154.56
"Kenya","Vynnycky-1997",45,43,"Enrolled",79.06
"Kenya","Vynnycky-1997",45,43,"Tested",178.4
"Kenya","Vynnycky-1997",45,44,"Enrolled",105.26
"Kenya","Vynnycky-1997",45,44,"Tested",238.12
"Kenya","Vynnycky-1997",45,45,"Enrolled",68.76
"Kenya","Vynnycky-1997",45,45,"Tested",161.36
"Kenya","Vynnycky-1997",45,46,"Enrolled",81.12
"Kenya","Vynnycky-1997",45,46,"Tested",183.96
"Kenya","Vynnycky-1997",45,47,"Enrolled",92.08
"Kenya","Vynnycky-1997",45,47,"Tested",209.32
"Kenya","Vynnycky-1997",45,48,"Enrolled",97
"Kenya","Vynnycky-1997",45,48,"Tested",221.7
"Kenya","Vynnycky-1997",45,49,"Enrolled",96.42
"Kenya","Vynnycky-1997",45,49,"Tested",224.48
"Kenya","Vynnycky-1997",45,50,"Enrolled",86.5
"Kenya","Vynnycky-1997",45,50,"Tested",200.7
"Kenya","Vynnycky-1997",45,51,"Enrolled",83.92
"Kenya","Vynnycky-1997",45,51,"Tested",191.38
"Kenya","Vynnycky-1997",45,52,"Enrolled",90.52
"Kenya","Vynnycky-1997",45,52,"Tested",206.98
"Kenya","Vynnycky-1997",45,53,"Enrolled",89.84
"Kenya","Vynnycky-1997",45,53,"Tested",206
"Kenya","Vynnycky-1997",45,54,"Enrolled",102.66
"Kenya","Vynnycky-1997",45,54,"Tested",235.02
"Kenya","Vynnycky-1997",45,55,"Enrolled",101.62
"Kenya","Vynnycky-1997",45,55,"Tested",236.62
"Kenya","Vynnycky-1997",45,56,"Enrolled",86.4
"Kenya","Vynnycky-1997",45,56,"Tested",195.26
"Kenya","Vynnycky-1997",45,57,"Enrolled",78.04
"Kenya","Vynnycky-1997",45,57,"Tested",178.4
"Kenya","Vynnycky-1997",45,58,"Enrolled",77.6
"Kenya","Vynnycky-1997",45,58,"Tested",179.72
"Kenya","Vynnycky-1997",45,59,"Enrolled",106.48
"Kenya","Vynnycky-1997",45,59,"Tested",242.72
"Kenya","Vynnycky-1997",45,60,"Enrolled",77.18
"Kenya","Vynnycky-1997",45,60,"Tested",174.98
"Kenya","Vynnycky-1997",45,61,"Enrolled",98
"Kenya","Vynnycky-1997",45,61,"Tested",226.26
"Kenya","Vynnycky-1997",45,62,"Enrolled",75.52
"Kenya","Vynnycky-1997",45,62,"Tested",174.76
"Kenya","Vynnycky-1997",45,63,"Enrolled",80.04
"Kenya","Vynnycky-1997",45,63,"Tested",183.52
"Kenya","Vynnycky-1997",45,64,"Enrolled",82.36
"Kenya","Vynnycky-1997",45,64,"Tested",188.86
"Kenya","Vynnycky-1997",45,65,"Enrolled",75.4
"Kenya","Vynnycky-1997",45,65,"Tested",171.96
"Kenya","Vynnycky-1997",45,66,"Enrolled",94.66
"Kenya","Vynnycky-1997",45,66,"Tested",217.4
"Kenya","Vynnycky-1997",45,67,"Enrolled",92.32
"Kenya","Vynnycky-1997",45,67,"Tested",213.3
"Kenya","Vynnycky-1997",45,68,"Enrolled",92.06
"Kenya","Vynnycky-1997",45,68,"Tested",211.7
"Kenya","Vynnycky-1997",45,69,"Enrolled",86.72
"Kenya","Vynnycky-1997",45,69,"Tested",196.18
"Kenya","Vynnycky-1997",45,70,"Enrolled",81.84
"Kenya","Vynnycky-1997",45,70,"Tested",187
"Kenya","Vynnycky-1997",45,71,"Enrolled",113.46
"Kenya","Vynnycky-1997",45,71,"Tested",259.58
"Kenya","Vynnycky-1997",45,72,"Enrolled",107.8
"Kenya","Vynnycky-1997",45,72,"Tested",249.18
"Kenya","Vynnycky-1997",45,73,"Enrolled",80.48
"Kenya","Vynnycky-1997",45,73,"Tested",181.72
"Kenya","Vynnycky-1997",45,74,"Enrolled",65.8
"Kenya","Vynnycky-1997",45,74,"Tested",152.44
"Kenya","Vynnycky-1997",45,75,"Enrolled",79.18
"Kenya","Vynnycky-1997",45,75,"Tested",186.88
"Kenya","Vynnycky-1997",45,76,"Enrolled",96.5
"Kenya","Vynnycky-1997",45,76,"Tested",219.08
"Kenya","Vynnycky-1997",45,77,"Enrolled",78.4
"Kenya","Vynnycky-1997",45,77,"Tested",182.2
"Kenya","Vynnycky-1997",45,78,"Enrolled",88.96
"Kenya","Vynnycky-1997",45,78,"Tested",198.48
"Kenya","Vynnycky-1997",45,79,"Enrolled",79.86
"Kenya","Vynnycky-1997",45,79,"Tested",181.28
"Kenya","Vynnycky-1997",45,80,"Enrolled",84.24
"Kenya","Vynnycky-1997",45,80,"Tested",189.6
"Kenya","Vynnycky-1997",45,81,"Enrolled",94.18
"Kenya","Vynnycky-1997",45,81,"Tested",215.36
"Kenya","Vynnycky-1997",45,82,"Enrolled",88.3
"Kenya","Vynnycky-1997",45,82,"Tested",204.44
"Kenya","Vynnycky-1997",45,83,"Enrolled",86.48
"Kenya","Vynnycky-1997",45,83,"Tested",201.94
"Kenya","Vynnycky-1997",45,84,"Enrolled",70.68
"Kenya","Vynnycky-1997",45,84,"Tested",160.42
"Kenya","Vynnycky-1997",45,85,"Enrolled",82.02
"Kenya","Vynnycky-1997",45,85,"Tested",189.36
"Kenya","Vynnycky-1997",45,86,"Enrolled",74.44
"Kenya","Vynnycky-1997",45,86,"Tested",170.6
"Kenya","Vynnycky-1997",45,87,"Enrolled",82.14
"Kenya","Vynnycky-1997",45,87,"Tested",189.44
"Kenya","Vynnycky-1997",45,88,"Enrolled",73.78
"Kenya","Vynnycky-1997",45,88,"Tested",168.64
"Kenya","Vynnycky-1997",45,89,"Enrolled",94.9
"Kenya","Vynnycky-1997",45,89,"Tested",215.38
"Kenya","Vynnycky-1997",45,90,"Enrolled",101.86
"Kenya","Vynnycky-1997",45,90,"Tested",233.32
"Kenya","Vynnycky-1997",45,91,"Enrolled",94.98
"Kenya","Vynnycky-1997",45,91,"Tested",217.4
"Kenya","Vynnycky-1997",45,92,"Enrolled",100.96
"Kenya","Vynnycky-1997",45,92,"Tested",234.42
"Kenya","Vynnycky-1997",45,93,"Enrolled",102.1
"Kenya","Vynnycky-1997",45,93,"Tested",231.26
"Kenya","Vynnycky-1997",45,94,"Enrolled",78.78
"Kenya","Vynnycky-1997",45,94,"Tested",179.94
"Kenya","Vynnycky-1997",45,95,"Enrolled",78.86
"Kenya","Vynnycky-1997",45,95,"Tested",177.38
"Kenya","Vynnycky-1997",45,96,"Enrolled",89.24
"Kenya","Vynnycky-1997",45,96,"Tested",204.06
"Kenya","Vynnycky-1997",45,97,"Enrolled",80.6
"Kenya","Vynnycky-1997",45,97,"Tested",181.92
"Kenya","Vynnycky-1997",45,98,"Enrolled",86.98
"Kenya","Vynnycky-1997",45,98,"Tested",195.08
"Kenya","Vynnycky-1997",45,99,"Enrolled",83.12
"Kenya","Vynnycky-1997",45,99,"Tested",190.96
"Kenya","Vynnycky-1997",45,100,"Enrolled",67.22
"Kenya","Vynnycky-1997",45,100,"Tested",152.58
"Kenya","Vynnycky-1997",50,1,"Enrolled",78.88
"Kenya","Vynnycky-1997",50,1,"Tested",178.74
"Kenya","Vynnycky-1997",50,2,"Enrolled",76.22
"Kenya","Vynnycky-1997",50,2,"Tested",171.62
"Kenya","Vynnycky-1997",50,3,"Enrolled",104.4
"Kenya","Vynnycky-1997",50,3,"Tested",231.78
"Kenya","Vynnycky-1997",50,4,"Enrolled",85.68
"Kenya","Vynnycky-1997",50,4,"Tested",195.6
"Kenya","Vynnycky-1997",50,5,"Enrolled",80.06
"Kenya","Vynnycky-1997",50,5,"Tested",182.52
"Kenya","Vynnycky-1997",50,6,"Enrolled",72.58
"Kenya","Vynnycky-1997",50,6,"Tested",164.88
"Kenya","Vynnycky-1997",50,7,"Enrolled",116.04
"Kenya","Vynnycky-1997",50,7,"Tested",263.52
"Kenya","Vynnycky-1997",50,8,"Enrolled",81.42
"Kenya","Vynnycky-1997",50,8,"Tested",186.22
"Kenya","Vynnycky-1997",50,9,"Enrolled",97.22
"Kenya","Vynnycky-1997",50,9,"Tested",223.92
"Kenya","Vynnycky-1997",50,10,"Enrolled",86.98
"Kenya","Vynnycky-1997",50,10,"Tested",197.22
"Kenya","Vynnycky-1997",50,11,"Enrolled",82.14
"Kenya","Vynnycky-1997",50,11,"Tested",183.2
"Kenya","Vynnycky-1997",50,12,"Enrolled",82.74
"Kenya","Vynnycky-1997",50,12,"Tested",185.92
"Kenya","Vynnycky-1997",50,13,"Enrolled",71.42
"Kenya","Vynnycky-1997",50,13,"Tested",156.5
"Kenya","Vynnycky-1997",50,14,"Enrolled",97.1
"Kenya","Vynnycky-1997",50,14,"Tested",217.2
"Kenya","Vynnycky-1997",50,15,"Enrolled",90.64
"Kenya","Vynnycky-1997",50,15,"Tested",208.26
"Kenya","Vynnycky-1997",50,16,"Enrolled",80.1
"Kenya","Vynnycky-1997",50,16,"Tested",178.28
"Kenya","Vynnycky-1997",50,17,"Enrolled",97.82
"Kenya","Vynnycky-1997",50,17,"Tested",219.92
"Kenya","Vynnycky-1997",50,18,"Enrolled",80.9
"Kenya","Vynnycky-1997",50,18,"Tested",181.9
"Kenya","Vynnycky-1997",50,19,"Enrolled",106.18
"Kenya","Vynnycky-1997",50,19,"Tested",241.5
"Kenya","Vynnycky-1997",50,20,"Enrolled",86.94
"Kenya","Vynnycky-1997",50,20,"Tested",194.62
"Kenya","Vynnycky-1997",50,21,"Enrolled",81.18
"Kenya","Vynnycky-1997",50,21,"Tested",182.76
"Kenya","Vynnycky-1997",50,22,"Enrolled",78.16
"Kenya","Vynnycky-1997",50,22,"Tested",175.64
"Kenya","Vynnycky-1997",50,23,"Enrolled",72.5
"Kenya","Vynnycky-1997",50,23,"Tested",165.7
"Kenya","Vynnycky-1997",50,24,"Enrolled",87.14
"Kenya","Vynnycky-1997",50,24,"Tested",198.98
"Kenya","Vynnycky-1997",50,25,"Enrolled",101.34
"Kenya","Vynnycky-1997",50,25,"Tested",229.48
"Kenya","Vynnycky-1997",50,26,"Enrolled",80.5
"Kenya","Vynnycky-1997",50,26,"Tested",180.36
"Kenya","Vynnycky-1997",50,27,"Enrolled",80.48
"Kenya","Vynnycky-1997",50,27,"Tested",177.6
"Kenya","Vynnycky-1997",50,28,"Enrolled",100.7
"Kenya","Vynnycky-1997",50,28,"Tested",227.7
"Kenya","Vynnycky-1997",50,29,"Enrolled",107.32
"Kenya","Vynnycky-1997",50,29,"Tested",239.12
"Kenya","Vynnycky-1997",50,30,"Enrolled",88.26
"Kenya","Vynnycky-1997",50,30,"Tested",200.2
"Kenya","Vynnycky-1997",50,31,"Enrolled",79.7
"Kenya","Vynnycky-1997",50,31,"Tested",179.8
"Kenya","Vynnycky-1997",50,32,"Enrolled",66.76
"Kenya","Vynnycky-1997",50,32,"Tested",152.48
"Kenya","Vynnycky-1997",50,33,"Enrolled",95.52
"Kenya","Vynnycky-1997",50,33,"Tested",219.5
"Kenya","Vynnycky-1997",50,34,"Enrolled",89.06
"Kenya","Vynnycky-1997",50,34,"Tested",196.38
"Kenya","Vynnycky-1997",50,35,"Enrolled",77.74
"Kenya","Vynnycky-1997",50,35,"Tested",176.68
"Kenya","Vynnycky-1997",50,36,"Enrolled",83.5
"Kenya","Vynnycky-1997",50,36,"Tested",189.04
"Kenya","Vynnycky-1997",50,37,"Enrolled",87.5
"Kenya","Vynnycky-1997",50,37,"Tested",200.92
"Kenya","Vynnycky-1997",50,38,"Enrolled",86.08
"Kenya","Vynnycky-1997",50,38,"Tested",193.08
"Kenya","Vynnycky-1997",50,39,"Enrolled",82.22
"Kenya","Vynnycky-1997",50,39,"Tested",186.42
"Kenya","Vynnycky-1997",50,40,"Enrolled",88.3
"Kenya","Vynnycky-1997",50,40,"Tested",203.68
"Kenya","Vynnycky-1997",50,41,"Enrolled",107.96
"Kenya","Vynnycky-1997",50,41,"Tested",245.8
"Kenya","Vynnycky-1997",50,42,"Enrolled",89.34
"Kenya","Vynnycky-1997",50,42,"Tested",204.66
"Kenya","Vynnycky-1997",50,43,"Enrolled",64.36
"Kenya","Vynnycky-1997",50,43,"Tested",143.12
"Kenya","Vynnycky-1997",50,44,"Enrolled",83.6
"Kenya","Vynnycky-1997",50,44,"Tested",189.06
"Kenya","Vynnycky-1997",50,45,"Enrolled",86.78
"Kenya","Vynnycky-1997",50,45,"Tested",198.86
"Kenya","Vynnycky-1997",50,46,"Enrolled",81.54
"Kenya","Vynnycky-1997",50,46,"Tested",182.44
"Kenya","Vynnycky-1997",50,47,"Enrolled",95.92
"Kenya","Vynnycky-1997",50,47,"Tested",220.6
"Kenya","Vynnycky-1997",50,48,"Enrolled",122.64
"Kenya","Vynnycky-1997",50,48,"Tested",280.74
"Kenya","Vynnycky-1997",50,49,"Enrolled",88.3
"Kenya","Vynnycky-1997",50,49,"Tested",204.72
"Kenya","Vynnycky-1997",50,50,"Enrolled",89.24
"Kenya","Vynnycky-1997",50,50,"Tested",204.08
"Kenya","Vynnycky-1997",50,51,"Enrolled",90.5
"Kenya","Vynnycky-1997",50,51,"Tested",205.58
"Kenya","Vynnycky-1997",50,52,"Enrolled",82.2
"Kenya","Vynnycky-1997",50,52,"Tested",184.52
"Kenya","Vynnycky-1997",50,53,"Enrolled",96.3
"Kenya","Vynnycky-1997",50,53,"Tested",220.7
"Kenya","Vynnycky-1997",50,54,"Enrolled",102.52
"Kenya","Vynnycky-1997",50,54,"Tested",231.38
"Kenya","Vynnycky-1997",50,55,"Enrolled",84.02
"Kenya","Vynnycky-1997",50,55,"Tested",191.32
"Kenya","Vynnycky-1997",50,56,"Enrolled",66.74
"Kenya","Vynnycky-1997",50,56,"Tested",151.94
"Kenya","Vynnycky-1997",50,57,"Enrolled",80.66
"Kenya","Vynnycky-1997",50,57,"Tested",182.12
"Kenya","Vynnycky-1997",50,58,"Enrolled",92.5
"Kenya","Vynnycky-1997",50,58,"Tested",206.9
"Kenya","Vynnycky-1997",50,59,"Enrolled",109.86
"Kenya","Vynnycky-1997",50,59,"Tested",249.84
"Kenya","Vynnycky-1997",50,60,"Enrolled",86.3
"Kenya","Vynnycky-1997",50,60,"Tested",192.48
"Kenya","Vynnycky-1997",50,61,"Enrolled",87.52
"Kenya","Vynnycky-1997",50,61,"Tested",195.26
"Kenya","Vynnycky-1997",50,62,"Enrolled",102.88
"Kenya","Vynnycky-1997",50,62,"Tested",229.86
"Kenya","Vynnycky-1997",50,63,"Enrolled",92.08
"Kenya","Vynnycky-1997",50,63,"Tested",208.18
"Kenya","Vynnycky-1997",50,64,"Enrolled",94.24
"Kenya","Vynnycky-1997",50,64,"Tested",215.2
"Kenya","Vynnycky-1997",50,65,"Enrolled",97.92
"Kenya","Vynnycky-1997",50,65,"Tested",219.4
"Kenya","Vynnycky-1997",50,66,"Enrolled",88.6
"Kenya","Vynnycky-1997",50,66,"Tested",199.22
"Kenya","Vynnycky-1997",50,67,"Enrolled",82.68
"Kenya","Vynnycky-1997",50,67,"Tested",189.14
"Kenya","Vynnycky-1997",50,68,"Enrolled",84.48
"Kenya","Vynnycky-1997",50,68,"Tested",190.5
"Kenya","Vynnycky-1997",50,69,"Enrolled",78.08
"Kenya","Vynnycky-1997",50,69,"Tested",174.82
"Kenya","Vynnycky-1997",50,70,"Enrolled",74.58
"Kenya","Vynnycky-1997",50,70,"Tested",166.04
"Kenya","Vynnycky-1997",50,71,"Enrolled",86.96
"Kenya","Vynnycky-1997",50,71,"Tested",197.9
"Kenya","Vynnycky-1997",50,72,"Enrolled",86.28
"Kenya","Vynnycky-1997",50,72,"Tested",198.84
"Kenya","Vynnycky-1997",50,73,"Enrolled",89.9
"Kenya","Vynnycky-1997",50,73,"Tested",203.98
"Kenya","Vynnycky-1997",50,74,"Enrolled",100.22
"Kenya","Vynnycky-1997",50,74,"Tested",220.38
"Kenya","Vynnycky-1997",50,75,"Enrolled",89.82
"Kenya","Vynnycky-1997",50,75,"Tested",204.54
"Kenya","Vynnycky-1997",50,76,"Enrolled",89.22
"Kenya","Vynnycky-1997",50,76,"Tested",207.38
"Kenya","Vynnycky-1997",50,77,"Enrolled",75.86
"Kenya","Vynnycky-1997",50,77,"Tested",170.82
"Kenya","Vynnycky-1997",50,78,"Enrolled",85.64
"Kenya","Vynnycky-1997",50,78,"Tested",196.4
"Kenya","Vynnycky-1997",50,79,"Enrolled",84.9
"Kenya","Vynnycky-1997",50,79,"Tested",190.58
"Kenya","Vynnycky-1997",50,80,"Enrolled",83.74
"Kenya","Vynnycky-1997",50,80,"Tested",190.54
"Kenya","Vynnycky-1997",50,81,"Enrolled",80.78
"Kenya","Vynnycky-1997",50,81,"Tested",180.8
"Kenya","Vynnycky-1997",50,82,"Enrolled",82.92
"Kenya","Vynnycky-1997",50,82,"Tested",190.94
"Kenya","Vynnycky-1997",50,83,"Enrolled",101.7
"Kenya","Vynnycky-1997",50,83,"Tested",228.52
"Kenya","Vynnycky-1997",50,84,"Enrolled",93.36
"Kenya","Vynnycky-1997",50,84,"Tested",214.66
"Kenya","Vynnycky-1997",50,85,"Enrolled",72.18
"Kenya","Vynnycky-1997",50,85,"Tested",163.72
"Kenya","Vynnycky-1997",50,86,"Enrolled",90.04
"Kenya","Vynnycky-1997",50,86,"Tested",205.04
"Kenya","Vynnycky-1997",50,87,"Enrolled",83.34
"Kenya","Vynnycky-1997",50,87,"Tested",190.32
"Kenya","Vynnycky-1997",50,88,"Enrolled",83.76
"Kenya","Vynnycky-1997",50,88,"Tested",187.56
"Kenya","Vynnycky-1997",50,89,"Enrolled",96.54
"Kenya","Vynnycky-1997",50,89,"Tested",222.9
"Kenya","Vynnycky-1997",50,90,"Enrolled",74.24
"Kenya","Vynnycky-1997",50,90,"Tested",167.62
"Kenya","Vynnycky-1997",50,91,"Enrolled",92.86
"Kenya","Vynnycky-1997",50,91,"Tested",208
"Kenya","Vynnycky-1997",50,92,"Enrolled",97.5
"Kenya","Vynnycky-1997",50,92,"Tested",222.88
"Kenya","Vynnycky-1997",50,93,"Enrolled",106.4
"Kenya","Vynnycky-1997",50,93,"Tested",236.3
"Kenya","Vynnycky-1997",50,94,"Enrolled",95.56
"Kenya","Vynnycky-1997",50,94,"Tested",218.58
"Kenya","Vynnycky-1997",50,95,"Enrolled",100.72
"Kenya","Vynnycky-1997",50,95,"Tested",225.7
"Kenya","Vynnycky-1997",50,96,"Enrolled",88.04
"Kenya","Vynnycky-1997",50,96,"Tested",202.18
"Kenya","Vynnycky-1997",50,97,"Enrolled",82.4
"Kenya","Vynnycky-1997",50,97,"Tested",189.84
"Kenya","Vynnycky-1997",50,98,"Enrolled",85.38
"Kenya","Vynnycky-1997",50,98,"Tested",196.04
"Kenya","Vynnycky-1997",50,99,"Enrolled",94.5
"Kenya","Vynnycky-1997",50,99,"Tested",217.28
"Kenya","Vynnycky-1997",50,100,"Enrolled",81.32
"Kenya","Vynnycky-1997",50,100,"Tested",182.52
"South Africa","Vynnycky-high",0.5,1,"Enrolled",8.26
"South Africa","Vynnycky-high",0.5,1,"Tested",1335.06
"South Africa","Vynnycky-high",0.5,2,"Enrolled",10.04
"South Africa","Vynnycky-high",0.5,2,"Tested",1509.16
"South Africa","Vynnycky-high",0.5,3,"Enrolled",7.46
"South Africa","Vynnycky-high",0.5,3,"Tested",1222.66
"South Africa","Vynnycky-high",0.5,4,"Enrolled",5.74
"South Africa","Vynnycky-high",0.5,4,"Tested",849.24
"South Africa","Vynnycky-high",0.5,5,"Enrolled",7.12
"South Africa","Vynnycky-high",0.5,5,"Tested",1137.8
"South Africa","Vynnycky-high",0.5,6,"Enrolled",6.58
"South Africa","Vynnycky-high",0.5,6,"Tested",981.1
"South Africa","Vynnycky-high",0.5,7,"Enrolled",6.24
"South Africa","Vynnycky-high",0.5,7,"Tested",902.26
"South Africa","Vynnycky-high",0.5,8,"Enrolled",7.92
"South Africa","Vynnycky-high",0.5,8,"Tested",1280.9
"South Africa","Vynnycky-high",0.5,9,"Enrolled",6.3
"South Africa","Vynnycky-high",0.5,9,"Tested",925.34
"South Africa","Vynnycky-high",0.5,10,"Enrolled",8.2
"South Africa","Vynnycky-high",0.5,10,"Tested",1331.28
"South Africa","Vynnycky-high",0.5,11,"Enrolled",7.74
"South Africa","Vynnycky-high",0.5,11,"Tested",1126.48
"South Africa","Vynnycky-high",0.5,12,"Enrolled",8.26
"South Africa","Vynnycky-high",0.5,12,"Tested",1243.92
"South Africa","Vynnycky-high",0.5,13,"Enrolled",7.4
"South Africa","Vynnycky-high",0.5,13,"Tested",1134.52
"South Africa","Vynnycky-high",0.5,14,"Enrolled",6.98
"South Africa","Vynnycky-high",0.5,14,"Tested",1131.4
"South Africa","Vynnycky-high",0.5,15,"Enrolled",8.2
"South Africa","Vynnycky-high",0.5,15,"Tested",1217.52
"South Africa","Vynnycky-high",0.5,16,"Enrolled",6.8
"South Africa","Vynnycky-high",0.5,16,"Tested",1052.64
"South Africa","Vynnycky-high",0.5,17,"Enrolled",8.16
"South Africa","Vynnycky-high",0.5,17,"Tested",1301.92
"South Africa","Vynnycky-high",0.5,18,"Enrolled",7.94
"South Africa","Vynnycky-high",0.5,18,"Tested",1168.18
"South Africa","Vynnycky-high",0.5,19,"Enrolled",9.12
"South Africa","Vynnycky-high",0.5,19,"Tested",1453.88
"South Africa","Vynnycky-high",0.5,20,"Enrolled",7.52
"South Africa","Vynnycky-high",0.5,20,"Tested",1172.22
"South Africa","Vynnycky-high",0.5,21,"Enrolled",6.66
"South Africa","Vynnycky-high",0.5,21,"Tested",1047.9
"South Africa","Vynnycky-high",0.5,22,"Enrolled",7.18
"South Africa","Vynnycky-high",0.5,22,"Tested",1073.72
"South Africa","Vynnycky-high",0.5,23,"Enrolled",9.06
"South Africa","Vynnycky-high",0.5,23,"Tested",1414.44
"South Africa","Vynnycky-high",0.5,24,"Enrolled",8.54
"South Africa","Vynnycky-high",0.5,24,"Tested",1466.14
"South Africa","Vynnycky-high",0.5,25,"Enrolled",8.54
"South Africa","Vynnycky-high",0.5,25,"Tested",1247.98
"South Africa","Vynnycky-high",0.5,26,"Enrolled",9.52
"South Africa","Vynnycky-high",0.5,26,"Tested",1378.18
"South Africa","Vynnycky-high",0.5,27,"Enrolled",8.4
"South Africa","Vynnycky-high",0.5,27,"Tested",1271.56
"South Africa","Vynnycky-high",0.5,28,"Enrolled",7.9
"South Africa","Vynnycky-high",0.5,28,"Tested",1203.78
"South Africa","Vynnycky-high",0.5,29,"Enrolled",6.54
"South Africa","Vynnycky-high",0.5,29,"Tested",1096.38
"South Africa","Vynnycky-high",0.5,30,"Enrolled",7.74
"South Africa","Vynnycky-high",0.5,30,"Tested",1205.32
"South Africa","Vynnycky-high",0.5,31,"Enrolled",8.42
"South Africa","Vynnycky-high",0.5,31,"Tested",1267.82
"South Africa","Vynnycky-high",0.5,32,"Enrolled",8.94
"South Africa","Vynnycky-high",0.5,32,"Tested",1503.44
"South Africa","Vynnycky-high",0.5,33,"Enrolled",8.3
"South Africa","Vynnycky-high",0.5,33,"Tested",1414.28
"South Africa","Vynnycky-high",0.5,34,"Enrolled",6.66
"South Africa","Vynnycky-high",0.5,34,"Tested",1094.66
"South Africa","Vynnycky-high",0.5,35,"Enrolled",7.32
"South Africa","Vynnycky-high",0.5,35,"Tested",1201.7
"South Africa","Vynnycky-high",0.5,36,"Enrolled",7.7
"South Africa","Vynnycky-high",0.5,36,"Tested",1169.7
"South Africa","Vynnycky-high",0.5,37,"Enrolled",7.14
"South Africa","Vynnycky-high",0.5,37,"Tested",1153.24
"South Africa","Vynnycky-high",0.5,38,"Enrolled",8.62
"South Africa","Vynnycky-high",0.5,38,"Tested",1373.72
"South Africa","Vynnycky-high",0.5,39,"Enrolled",6.38
"South Africa","Vynnycky-high",0.5,39,"Tested",1109.78
"South Africa","Vynnycky-high",0.5,40,"Enrolled",8.32
"South Africa","Vynnycky-high",0.5,40,"Tested",1248.6
"South Africa","Vynnycky-high",0.5,41,"Enrolled",9.62
"South Africa","Vynnycky-high",0.5,41,"Tested",1420.62
"South Africa","Vynnycky-high",0.5,42,"Enrolled",7.68
"South Africa","Vynnycky-high",0.5,42,"Tested",1163.24
"South Africa","Vynnycky-high",0.5,43,"Enrolled",5.8
"South Africa","Vynnycky-high",0.5,43,"Tested",952.52
"South Africa","Vynnycky-high",0.5,44,"Enrolled",9.38
"South Africa","Vynnycky-high",0.5,44,"Tested",1357.88
"South Africa","Vynnycky-high",0.5,45,"Enrolled",7.64
"South Africa","Vynnycky-high",0.5,45,"Tested",1173
"South Africa","Vynnycky-high",0.5,46,"Enrolled",7.94
"South Africa","Vynnycky-high",0.5,46,"Tested",1218.12
"South Africa","Vynnycky-high",0.5,47,"Enrolled",7.38
"South Africa","Vynnycky-high",0.5,47,"Tested",1063.52
"South Africa","Vynnycky-high",0.5,48,"Enrolled",8.6
"South Africa","Vynnycky-high",0.5,48,"Tested",1312.28
"South Africa","Vynnycky-high",0.5,49,"Enrolled",6.76
"South Africa","Vynnycky-high",0.5,49,"Tested",1110.12
"South Africa","Vynnycky-high",0.5,50,"Enrolled",7.68
"South Africa","Vynnycky-high",0.5,50,"Tested",1182.96
"South Africa","Vynnycky-high",0.5,51,"Enrolled",7.34
"South Africa","Vynnycky-high",0.5,51,"Tested",1218.28
"South Africa","Vynnycky-high",0.5,52,"Enrolled",10.1
"South Africa","Vynnycky-high",0.5,52,"Tested",1520.2
"South Africa","Vynnycky-high",0.5,53,"Enrolled",8.76
"South Africa","Vynnycky-high",0.5,53,"Tested",1361.8
"South Africa","Vynnycky-high",0.5,54,"Enrolled",7.54
"South Africa","Vynnycky-high",0.5,54,"Tested",1193.02
"South Africa","Vynnycky-high",0.5,55,"Enrolled",9.2
"South Africa","Vynnycky-high",0.5,55,"Tested",1388.3
"South Africa","Vynnycky-high",0.5,56,"Enrolled",6.74
"South Africa","Vynnycky-high",0.5,56,"Tested",1179.26
"South Africa","Vynnycky-high",0.5,57,"Enrolled",10.5
"South Africa","Vynnycky-high",0.5,57,"Tested",1637.76
"South Africa","Vynnycky-high",0.5,58,"Enrolled",6.46
"South Africa","Vynnycky-high",0.5,58,"Tested",1078.7
"South Africa","Vynnycky-high",0.5,59,"Enrolled",7.18
"South Africa","Vynnycky-high",0.5,59,"Tested",1098.04
"South Africa","Vynnycky-high",0.5,60,"Enrolled",6.6
"South Africa","Vynnycky-high",0.5,60,"Tested",968.16
"South Africa","Vynnycky-high",0.5,61,"Enrolled",7.22
"South Africa","Vynnycky-high",0.5,61,"Tested",1215.68
"South Africa","Vynnycky-high",0.5,62,"Enrolled",7.84
"South Africa","Vynnycky-high",0.5,62,"Tested",1202.76
"South Africa","Vynnycky-high",0.5,63,"Enrolled",7.16
"South Africa","Vynnycky-high",0.5,63,"Tested",1097.78
"South Africa","Vynnycky-high",0.5,64,"Enrolled",7.7
"South Africa","Vynnycky-high",0.5,64,"Tested",1289.38
"South Africa","Vynnycky-high",0.5,65,"Enrolled",8.44
"South Africa","Vynnycky-high",0.5,65,"Tested",1339.72
"South Africa","Vynnycky-high",0.5,66,"Enrolled",7.04
"South Africa","Vynnycky-high",0.5,66,"Tested",1147.52
"South Africa","Vynnycky-high",0.5,67,"Enrolled",7.56
"South Africa","Vynnycky-high",0.5,67,"Tested",1214.66
"South Africa","Vynnycky-high",0.5,68,"Enrolled",8.08
"South Africa","Vynnycky-high",0.5,68,"Tested",1274.12
"South Africa","Vynnycky-high",0.5,69,"Enrolled",7
"South Africa","Vynnycky-high",0.5,69,"Tested",1043.48
"South Africa","Vynnycky-high",0.5,70,"Enrolled",7.28
"South Africa","Vynnycky-high",0.5,70,"Tested",1112.16
"South Africa","Vynnycky-high",0.5,71,"Enrolled",4.96
"South Africa","Vynnycky-high",0.5,71,"Tested",745.68
"South Africa","Vynnycky-high",0.5,72,"Enrolled",7.32
"South Africa","Vynnycky-high",0.5,72,"Tested",1113.1
"South Africa","Vynnycky-high",0.5,73,"Enrolled",7.82
"South Africa","Vynnycky-high",0.5,73,"Tested",1076.64
"South Africa","Vynnycky-high",0.5,74,"Enrolled",6.46
"South Africa","Vynnycky-high",0.5,74,"Tested",985.34
"South Africa","Vynnycky-high",0.5,75,"Enrolled",6.58
"South Africa","Vynnycky-high",0.5,75,"Tested",937.76
"South Africa","Vynnycky-high",0.5,76,"Enrolled",8.52
"South Africa","Vynnycky-high",0.5,76,"Tested",1309.76
"South Africa","Vynnycky-high",0.5,77,"Enrolled",8.4
"South Africa","Vynnycky-high",0.5,77,"Tested",1364.48
"South Africa","Vynnycky-high",0.5,78,"Enrolled",9.56
"South Africa","Vynnycky-high",0.5,78,"Tested",1528.88
"South Africa","Vynnycky-high",0.5,79,"Enrolled",7.48
"South Africa","Vynnycky-high",0.5,79,"Tested",1117.32
"South Africa","Vynnycky-high",0.5,80,"Enrolled",7.36
"South Africa","Vynnycky-high",0.5,80,"Tested",1185.32
"South Africa","Vynnycky-high",0.5,81,"Enrolled",7.5
"South Africa","Vynnycky-high",0.5,81,"Tested",1302.1
"South Africa","Vynnycky-high",0.5,82,"Enrolled",9.1
"South Africa","Vynnycky-high",0.5,82,"Tested",1518.94
"South Africa","Vynnycky-high",0.5,83,"Enrolled",8.62
"South Africa","Vynnycky-high",0.5,83,"Tested",1222.88
"South Africa","Vynnycky-high",0.5,84,"Enrolled",9
"South Africa","Vynnycky-high",0.5,84,"Tested",1395.08
"South Africa","Vynnycky-high",0.5,85,"Enrolled",9.86
"South Africa","Vynnycky-high",0.5,85,"Tested",1577.1
"South Africa","Vynnycky-high",0.5,86,"Enrolled",6.92
"South Africa","Vynnycky-high",0.5,86,"Tested",1193.86
"South Africa","Vynnycky-high",0.5,87,"Enrolled",8.02
"South Africa","Vynnycky-high",0.5,87,"Tested",1226.34
"South Africa","Vynnycky-high",0.5,88,"Enrolled",8.52
"South Africa","Vynnycky-high",0.5,88,"Tested",1319.46
"South Africa","Vynnycky-high",0.5,89,"Enrolled",8
"South Africa","Vynnycky-high",0.5,89,"Tested",1349.68
"South Africa","Vynnycky-high",0.5,90,"Enrolled",6.6
"South Africa","Vynnycky-high",0.5,90,"Tested",951.38
"South Africa","Vynnycky-high",0.5,91,"Enrolled",9.9
"South Africa","Vynnycky-high",0.5,91,"Tested",1604.36
"South Africa","Vynnycky-high",0.5,92,"Enrolled",8.78
"South Africa","Vynnycky-high",0.5,92,"Tested",1293.52
"South Africa","Vynnycky-high",0.5,93,"Enrolled",8.4
"South Africa","Vynnycky-high",0.5,93,"Tested",1406.7
"South Africa","Vynnycky-high",0.5,94,"Enrolled",8
"South Africa","Vynnycky-high",0.5,94,"Tested",1116.44
"South Africa","Vynnycky-high",0.5,95,"Enrolled",7.84
"South Africa","Vynnycky-high",0.5,95,"Tested",1092.62
"South Africa","Vynnycky-high",0.5,96,"Enrolled",9.3
"South Africa","Vynnycky-high",0.5,96,"Tested",1437.54
"South Africa","Vynnycky-high",0.5,97,"Enrolled",6.96
"South Africa","Vynnycky-high",0.5,97,"Tested",1129.22
"South Africa","Vynnycky-high",0.5,98,"Enrolled",7.94
"South Africa","Vynnycky-high",0.5,98,"Tested",1339.08
"South Africa","Vynnycky-high",0.5,99,"Enrolled",8.96
"South Africa","Vynnycky-high",0.5,99,"Tested",1295.24
"South Africa","Vynnycky-high",0.5,100,"Enrolled",9.36
"South Africa","Vynnycky-high",0.5,100,"Tested",1397.1
"South Africa","Vynnycky-high",1,1,"Enrolled",11.06
"South Africa","Vynnycky-high",1,1,"Tested",915.48
"South Africa","Vynnycky-high",1,2,"Enrolled",10.76
"South Africa","Vynnycky-high",1,2,"Tested",944.86
"South Africa","Vynnycky-high",1,3,"Enrolled",8.36
"South Africa","Vynnycky-high",1,3,"Tested",652.14
"South Africa","Vynnycky-high",1,4,"Enrolled",8.46
"South Africa","Vynnycky-high",1,4,"Tested",768.66
"South Africa","Vynnycky-high",1,5,"Enrolled",11.74
"South Africa","Vynnycky-high",1,5,"Tested",953.18
"South Africa","Vynnycky-high",1,6,"Enrolled",9.76
"South Africa","Vynnycky-high",1,6,"Tested",816.2
"South Africa","Vynnycky-high",1,7,"Enrolled",9.66
"South Africa","Vynnycky-high",1,7,"Tested",792.1
"South Africa","Vynnycky-high",1,8,"Enrolled",9.28
"South Africa","Vynnycky-high",1,8,"Tested",766.22
"South Africa","Vynnycky-high",1,9,"Enrolled",10.48
"South Africa","Vynnycky-high",1,9,"Tested",825.08
"South Africa","Vynnycky-high",1,10,"Enrolled",8.7
"South Africa","Vynnycky-high",1,10,"Tested",704.08
"South Africa","Vynnycky-high",1,11,"Enrolled",7.9
"South Africa","Vynnycky-high",1,11,"Tested",641.74
"South Africa","Vynnycky-high",1,12,"Enrolled",11.9
"South Africa","Vynnycky-high",1,12,"Tested",1031.54
"South Africa","Vynnycky-high",1,13,"Enrolled",9.62
"South Africa","Vynnycky-high",1,13,"Tested",742.3
"South Africa","Vynnycky-high",1,14,"Enrolled",7.94
"South Africa","Vynnycky-high",1,14,"Tested",678.22
"South Africa","Vynnycky-high",1,15,"Enrolled",11.8
"South Africa","Vynnycky-high",1,15,"Tested",935.96
"South Africa","Vynnycky-high",1,16,"Enrolled",10.08
"South Africa","Vynnycky-high",1,16,"Tested",793.92
"South Africa","Vynnycky-high",1,17,"Enrolled",9.94
"South Africa","Vynnycky-high",1,17,"Tested",851.94
"South Africa","Vynnycky-high",1,18,"Enrolled",9.06
"South Africa","Vynnycky-high",1,18,"Tested",775.84
"South Africa","Vynnycky-high",1,19,"Enrolled",10.76
"South Africa","Vynnycky-high",1,19,"Tested",901
"South Africa","Vynnycky-high",1,20,"Enrolled",10.6
"South Africa","Vynnycky-high",1,20,"Tested",827.56
"South Africa","Vynnycky-high",1,21,"Enrolled",9
"South Africa","Vynnycky-high",1,21,"Tested",754.86
"South Africa","Vynnycky-high",1,22,"Enrolled",9.7
"South Africa","Vynnycky-high",1,22,"Tested",745.04
"South Africa","Vynnycky-high",1,23,"Enrolled",9.16
"South Africa","Vynnycky-high",1,23,"Tested",774.3
"South Africa","Vynnycky-high",1,24,"Enrolled",9.42
"South Africa","Vynnycky-high",1,24,"Tested",744.6
"South Africa","Vynnycky-high",1,25,"Enrolled",8.78
"South Africa","Vynnycky-high",1,25,"Tested",689.78
"South Africa","Vynnycky-high",1,26,"Enrolled",11.4
"South Africa","Vynnycky-high",1,26,"Tested",924
"South Africa","Vynnycky-high",1,27,"Enrolled",9.48
"South Africa","Vynnycky-high",1,27,"Tested",838.2
"South Africa","Vynnycky-high",1,28,"Enrolled",8.14
"South Africa","Vynnycky-high",1,28,"Tested",724.56
"South Africa","Vynnycky-high",1,29,"Enrolled",7.4
"South Africa","Vynnycky-high",1,29,"Tested",570.48
"South Africa","Vynnycky-high",1,30,"Enrolled",9.46
"South Africa","Vynnycky-high",1,30,"Tested",740.18
"South Africa","Vynnycky-high",1,31,"Enrolled",12.54
"South Africa","Vynnycky-high",1,31,"Tested",969.34
"South Africa","Vynnycky-high",1,32,"Enrolled",10.26
"South Africa","Vynnycky-high",1,32,"Tested",802.28
"South Africa","Vynnycky-high",1,33,"Enrolled",10.52
"South Africa","Vynnycky-high",1,33,"Tested",934.82
"South Africa","Vynnycky-high",1,34,"Enrolled",10.66
"South Africa","Vynnycky-high",1,34,"Tested",925.76
"South Africa","Vynnycky-high",1,35,"Enrolled",10.12
"South Africa","Vynnycky-high",1,35,"Tested",804.76
"South Africa","Vynnycky-high",1,36,"Enrolled",11.72
"South Africa","Vynnycky-high",1,36,"Tested",1012.04
"South Africa","Vynnycky-high",1,37,"Enrolled",8.12
"South Africa","Vynnycky-high",1,37,"Tested",655.34
"South Africa","Vynnycky-high",1,38,"Enrolled",10.56
"South Africa","Vynnycky-high",1,38,"Tested",919.6
"South Africa","Vynnycky-high",1,39,"Enrolled",11.76
"South Africa","Vynnycky-high",1,39,"Tested",937.54
"South Africa","Vynnycky-high",1,40,"Enrolled",12.18
"South Africa","Vynnycky-high",1,40,"Tested",968.38
"South Africa","Vynnycky-high",1,41,"Enrolled",12.06
"South Africa","Vynnycky-high",1,41,"Tested",932.68
"South Africa","Vynnycky-high",1,42,"Enrolled",10.32
"South Africa","Vynnycky-high",1,42,"Tested",866.24
"South Africa","Vynnycky-high",1,43,"Enrolled",10.62
"South Africa","Vynnycky-high",1,43,"Tested",896.64
"South Africa","Vynnycky-high",1,44,"Enrolled",11.88
"South Africa","Vynnycky-high",1,44,"Tested",1011.58
"South Africa","Vynnycky-high",1,45,"Enrolled",11.52
"South Africa","Vynnycky-high",1,45,"Tested",893
"South Africa","Vynnycky-high",1,46,"Enrolled",8.7
"South Africa","Vynnycky-high",1,46,"Tested",689.16
"South Africa","Vynnycky-high",1,47,"Enrolled",10.12
"South Africa","Vynnycky-high",1,47,"Tested",834.06
"South Africa","Vynnycky-high",1,48,"Enrolled",9.68
"South Africa","Vynnycky-high",1,48,"Tested",761.3
"South Africa","Vynnycky-high",1,49,"Enrolled",9.14
"South Africa","Vynnycky-high",1,49,"Tested",714.42
"South Africa","Vynnycky-high",1,50,"Enrolled",9.78
"South Africa","Vynnycky-high",1,50,"Tested",825.72
"South Africa","Vynnycky-high",1,51,"Enrolled",8.62
"South Africa","Vynnycky-high",1,51,"Tested",685.72
"South Africa","Vynnycky-high",1,52,"Enrolled",12.36
"South Africa","Vynnycky-high",1,52,"Tested",1079.44
"South Africa","Vynnycky-high",1,53,"Enrolled",10.48
"South Africa","Vynnycky-high",1,53,"Tested",932.28
"South Africa","Vynnycky-high",1,54,"Enrolled",10.04
"South Africa","Vynnycky-high",1,54,"Tested",840.2
"South Africa","Vynnycky-high",1,55,"Enrolled",7.94
"South Africa","Vynnycky-high",1,55,"Tested",560.84
"South Africa","Vynnycky-high",1,56,"Enrolled",10.46
"South Africa","Vynnycky-high",1,56,"Tested",863.44
"South Africa","Vynnycky-high",1,57,"Enrolled",9.8
"South Africa","Vynnycky-high",1,57,"Tested",897.8
"South Africa","Vynnycky-high",1,58,"Enrolled",8.16
"South Africa","Vynnycky-high",1,58,"Tested",614.78
"South Africa","Vynnycky-high",1,59,"Enrolled",9.24
"South Africa","Vynnycky-high",1,59,"Tested",745.9
"South Africa","Vynnycky-high",1,60,"Enrolled",9.3
"South Africa","Vynnycky-high",1,60,"Tested",802.16
"South Africa","Vynnycky-high",1,61,"Enrolled",10.54
"South Africa","Vynnycky-high",1,61,"Tested",864.82
"South Africa","Vynnycky-high",1,62,"Enrolled",9.36
"South Africa","Vynnycky-high",1,62,"Tested",789.72
"South Africa","Vynnycky-high",1,63,"Enrolled",9.5
"South Africa","Vynnycky-high",1,63,"Tested",789.72
"South Africa","Vynnycky-high",1,64,"Enrolled",8.24
"South Africa","Vynnycky-high",1,64,"Tested",691.18
"South Africa","Vynnycky-high",1,65,"Enrolled",11.74
"South Africa","Vynnycky-high",1,65,"Tested",902.6
"South Africa","Vynnycky-high",1,66,"Enrolled",7.74
"South Africa","Vynnycky-high",1,66,"Tested",647.46
"South Africa","Vynnycky-high",1,67,"Enrolled",10.18
"South Africa","Vynnycky-high",1,67,"Tested",797.7
"South Africa","Vynnycky-high",1,68,"Enrolled",9.46
"South Africa","Vynnycky-high",1,68,"Tested",791.04
"South Africa","Vynnycky-high",1,69,"Enrolled",9.26
"South Africa","Vynnycky-high",1,69,"Tested",745.92
"South Africa","Vynnycky-high",1,70,"Enrolled",9.98
"South Africa","Vynnycky-high",1,70,"Tested",866.5
"South Africa","Vynnycky-high",1,71,"Enrolled",10.46
"South Africa","Vynnycky-high",1,71,"Tested",885.28
"South Africa","Vynnycky-high",1,72,"Enrolled",7.58
"South Africa","Vynnycky-high",1,72,"Tested",641.9
"South Africa","Vynnycky-high",1,73,"Enrolled",10.48
"South Africa","Vynnycky-high",1,73,"Tested",837.78
"South Africa","Vynnycky-high",1,74,"Enrolled",10.9
"South Africa","Vynnycky-high",1,74,"Tested",894.36
"South Africa","Vynnycky-high",1,75,"Enrolled",11.58
"South Africa","Vynnycky-high",1,75,"Tested",941.68
"South Africa","Vynnycky-high",1,76,"Enrolled",11.42
"South Africa","Vynnycky-high",1,76,"Tested",899.82
"South Africa","Vynnycky-high",1,77,"Enrolled",12.62
"South Africa","Vynnycky-high",1,77,"Tested",1050.32
"South Africa","Vynnycky-high",1,78,"Enrolled",9.4
"South Africa","Vynnycky-high",1,78,"Tested",782.28
"South Africa","Vynnycky-high",1,79,"Enrolled",9.12
"South Africa","Vynnycky-high",1,79,"Tested",765.58
"South Africa","Vynnycky-high",1,80,"Enrolled",10.9
"South Africa","Vynnycky-high",1,80,"Tested",913.72
"South Africa","Vynnycky-high",1,81,"Enrolled",9.82
"South Africa","Vynnycky-high",1,81,"Tested",773.56
"South Africa","Vynnycky-high",1,82,"Enrolled",9.44
"South Africa","Vynnycky-high",1,82,"Tested",804.08
"South Africa","Vynnycky-high",1,83,"Enrolled",8.78
"South Africa","Vynnycky-high",1,83,"Tested",766.98
"South Africa","Vynnycky-high",1,84,"Enrolled",9.12
"South Africa","Vynnycky-high",1,84,"Tested",763.16
"South Africa","Vynnycky-high",1,85,"Enrolled",12.42
"South Africa","Vynnycky-high",1,85,"Tested",971.12
"South Africa","Vynnycky-high",1,86,"Enrolled",7.68
"South Africa","Vynnycky-high",1,86,"Tested",695
"South Africa","Vynnycky-high",1,87,"Enrolled",12.02
"South Africa","Vynnycky-high",1,87,"Tested",953.66
"South Africa","Vynnycky-high",1,88,"Enrolled",9.84
"South Africa","Vynnycky-high",1,88,"Tested",762.24
"South Africa","Vynnycky-high",1,89,"Enrolled",8.02
"South Africa","Vynnycky-high",1,89,"Tested",671.46
"South Africa","Vynnycky-high",1,90,"Enrolled",8.32
"South Africa","Vynnycky-high",1,90,"Tested",662.02
"South Africa","Vynnycky-high",1,91,"Enrolled",10.42
"South Africa","Vynnycky-high",1,91,"Tested",837.8
"South Africa","Vynnycky-high",1,92,"Enrolled",11.44
"South Africa","Vynnycky-high",1,92,"Tested",862.64
"South Africa","Vynnycky-high",1,93,"Enrolled",10.84
"South Africa","Vynnycky-high",1,93,"Tested",877.38
"South Africa","Vynnycky-high",1,94,"Enrolled",10.56
"South Africa","Vynnycky-high",1,94,"Tested",877.88
"South Africa","Vynnycky-high",1,95,"Enrolled",10.16
"South Africa","Vynnycky-high",1,95,"Tested",760.7
"South Africa","Vynnycky-high",1,96,"Enrolled",13.52
"South Africa","Vynnycky-high",1,96,"Tested",1093.52
"South Africa","Vynnycky-high",1,97,"Enrolled",9.26
"South Africa","Vynnycky-high",1,97,"Tested",721.26
"South Africa","Vynnycky-high",1,98,"Enrolled",7.4
"South Africa","Vynnycky-high",1,98,"Tested",586.4
"South Africa","Vynnycky-high",1,99,"Enrolled",10.44
"South Africa","Vynnycky-high",1,99,"Tested",835.68
"South Africa","Vynnycky-high",1,100,"Enrolled",10.9
"South Africa","Vynnycky-high",1,100,"Tested",876.5
"South Africa","Vynnycky-high",2,1,"Enrolled",14.54
"South Africa","Vynnycky-high",2,1,"Tested",581.4
"South Africa","Vynnycky-high",2,2,"Enrolled",14.96
"South Africa","Vynnycky-high",2,2,"Tested",637
"South Africa","Vynnycky-high",2,3,"Enrolled",14.28
"South Africa","Vynnycky-high",2,3,"Tested",616.28
"South Africa","Vynnycky-high",2,4,"Enrolled",13.38
"South Africa","Vynnycky-high",2,4,"Tested",527.38
"South Africa","Vynnycky-high",2,5,"Enrolled",16.52
"South Africa","Vynnycky-high",2,5,"Tested",654
"South Africa","Vynnycky-high",2,6,"Enrolled",19.42
"South Africa","Vynnycky-high",2,6,"Tested",823.82
"South Africa","Vynnycky-high",2,7,"Enrolled",13.12
"South Africa","Vynnycky-high",2,7,"Tested",539.14
"South Africa","Vynnycky-high",2,8,"Enrolled",17.76
"South Africa","Vynnycky-high",2,8,"Tested",725.04
"South Africa","Vynnycky-high",2,9,"Enrolled",14.56
"South Africa","Vynnycky-high",2,9,"Tested",555.56
"South Africa","Vynnycky-high",2,10,"Enrolled",15.1
"South Africa","Vynnycky-high",2,10,"Tested",617.68
"South Africa","Vynnycky-high",2,11,"Enrolled",19
"South Africa","Vynnycky-high",2,11,"Tested",834.92
"South Africa","Vynnycky-high",2,12,"Enrolled",14.62
"South Africa","Vynnycky-high",2,12,"Tested",574.34
"South Africa","Vynnycky-high",2,13,"Enrolled",17.56
"South Africa","Vynnycky-high",2,13,"Tested",715.1
"South Africa","Vynnycky-high",2,14,"Enrolled",13.34
"South Africa","Vynnycky-high",2,14,"Tested",565.56
"South Africa","Vynnycky-high",2,15,"Enrolled",14.9
"South Africa","Vynnycky-high",2,15,"Tested",620
"South Africa","Vynnycky-high",2,16,"Enrolled",14.66
"South Africa","Vynnycky-high",2,16,"Tested",581.92
"South Africa","Vynnycky-high",2,17,"Enrolled",17.88
"South Africa","Vynnycky-high",2,17,"Tested",742.68
"South Africa","Vynnycky-high",2,18,"Enrolled",16.02
"South Africa","Vynnycky-high",2,18,"Tested",637.2
"South Africa","Vynnycky-high",2,19,"Enrolled",15.16
"South Africa","Vynnycky-high",2,19,"Tested",626.18
"South Africa","Vynnycky-high",2,20,"Enrolled",14.1
"South Africa","Vynnycky-high",2,20,"Tested",614.9
"South Africa","Vynnycky-high",2,21,"Enrolled",16.04
"South Africa","Vynnycky-high",2,21,"Tested",665.4
"South Africa","Vynnycky-high",2,22,"Enrolled",18.32
"South Africa","Vynnycky-high",2,22,"Tested",750.66
"South Africa","Vynnycky-high",2,23,"Enrolled",15.7
"South Africa","Vynnycky-high",2,23,"Tested",660.46
"South Africa","Vynnycky-high",2,24,"Enrolled",18.18
"South Africa","Vynnycky-high",2,24,"Tested",743.18
"South Africa","Vynnycky-high",2,25,"Enrolled",12.04
"South Africa","Vynnycky-high",2,25,"Tested",533.42
"South Africa","Vynnycky-high",2,26,"Enrolled",14.78
"South Africa","Vynnycky-high",2,26,"Tested",664.4
"South Africa","Vynnycky-high",2,27,"Enrolled",12.42
"South Africa","Vynnycky-high",2,27,"Tested",529.64
"South Africa","Vynnycky-high",2,28,"Enrolled",11.14
"South Africa","Vynnycky-high",2,28,"Tested",449.44
"South Africa","Vynnycky-high",2,29,"Enrolled",18.12
"South Africa","Vynnycky-high",2,29,"Tested",772.42
"South Africa","Vynnycky-high",2,30,"Enrolled",15.52
"South Africa","Vynnycky-high",2,30,"Tested",660.76
"South Africa","Vynnycky-high",2,31,"Enrolled",16.7
"South Africa","Vynnycky-high",2,31,"Tested",683.94
"South Africa","Vynnycky-high",2,32,"Enrolled",14.82
"South Africa","Vynnycky-high",2,32,"Tested",641.02
"South Africa","Vynnycky-high",2,33,"Enrolled",15.28
"South Africa","Vynnycky-high",2,33,"Tested",602.08
"South Africa","Vynnycky-high",2,34,"Enrolled",12.16
"South Africa","Vynnycky-high",2,34,"Tested",525.44
"South Africa","Vynnycky-high",2,35,"Enrolled",14.16
"South Africa","Vynnycky-high",2,35,"Tested",575.3
"South Africa","Vynnycky-high",2,36,"Enrolled",14.3
"South Africa","Vynnycky-high",2,36,"Tested",618.54
"South Africa","Vynnycky-high",2,37,"Enrolled",12.04
"South Africa","Vynnycky-high",2,37,"Tested",495.48
"South Africa","Vynnycky-high",2,38,"Enrolled",16.24
"South Africa","Vynnycky-high",2,38,"Tested",694.82
"South Africa","Vynnycky-high",2,39,"Enrolled",17
"South Africa","Vynnycky-high",2,39,"Tested",726.12
"South Africa","Vynnycky-high",2,40,"Enrolled",16.68
"South Africa","Vynnycky-high",2,40,"Tested",694.3
"South Africa","Vynnycky-high",2,41,"Enrolled",15.44
"South Africa","Vynnycky-high",2,41,"Tested",648.44
"South Africa","Vynnycky-high",2,42,"Enrolled",16.98
"South Africa","Vynnycky-high",2,42,"Tested",681.34
"South Africa","Vynnycky-high",2,43,"Enrolled",15.5
"South Africa","Vynnycky-high",2,43,"Tested",666.48
"South Africa","Vynnycky-high",2,44,"Enrolled",16.7
"South Africa","Vynnycky-high",2,44,"Tested",668.66
"South Africa","Vynnycky-high",2,45,"Enrolled",14.06
"South Africa","Vynnycky-high",2,45,"Tested",608.34
"South Africa","Vynnycky-high",2,46,"Enrolled",16.32
"South Africa","Vynnycky-high",2,46,"Tested",670.4
"South Africa","Vynnycky-high",2,47,"Enrolled",12.18
"South Africa","Vynnycky-high",2,47,"Tested",524.48
"South Africa","Vynnycky-high",2,48,"Enrolled",15.58
"South Africa","Vynnycky-high",2,48,"Tested",644.14
"South Africa","Vynnycky-high",2,49,"Enrolled",10.52
"South Africa","Vynnycky-high",2,49,"Tested",430.98
"South Africa","Vynnycky-high",2,50,"Enrolled",11.42
"South Africa","Vynnycky-high",2,50,"Tested",468.14
"South Africa","Vynnycky-high",2,51,"Enrolled",13.38
"South Africa","Vynnycky-high",2,51,"Tested",563.42
"South Africa","Vynnycky-high",2,52,"Enrolled",16.56
"South Africa","Vynnycky-high",2,52,"Tested",710
"South Africa","Vynnycky-high",2,53,"Enrolled",13.72
"South Africa","Vynnycky-high",2,53,"Tested",559.68
"South Africa","Vynnycky-high",2,54,"Enrolled",19.84
"South Africa","Vynnycky-high",2,54,"Tested",869
"South Africa","Vynnycky-high",2,55,"Enrolled",18.36
"South Africa","Vynnycky-high",2,55,"Tested",725.72
"South Africa","Vynnycky-high",2,56,"Enrolled",17.84
"South Africa","Vynnycky-high",2,56,"Tested",734.82
"South Africa","Vynnycky-high",2,57,"Enrolled",13.12
"South Africa","Vynnycky-high",2,57,"Tested",560.72
"South Africa","Vynnycky-high",2,58,"Enrolled",17.82
"South Africa","Vynnycky-high",2,58,"Tested",747.86
"South Africa","Vynnycky-high",2,59,"Enrolled",14.42
"South Africa","Vynnycky-high",2,59,"Tested",647.58
"South Africa","Vynnycky-high",2,60,"Enrolled",14.2
"South Africa","Vynnycky-high",2,60,"Tested",584.08
"South Africa","Vynnycky-high",2,61,"Enrolled",19.36
"South Africa","Vynnycky-high",2,61,"Tested",786.42
"South Africa","Vynnycky-high",2,62,"Enrolled",14.9
"South Africa","Vynnycky-high",2,62,"Tested",624.5
"South Africa","Vynnycky-high",2,63,"Enrolled",13.62
"South Africa","Vynnycky-high",2,63,"Tested",579.2
"South Africa","Vynnycky-high",2,64,"Enrolled",15.48
"South Africa","Vynnycky-high",2,64,"Tested",677.46
"South Africa","Vynnycky-high",2,65,"Enrolled",14.54
"South Africa","Vynnycky-high",2,65,"Tested",599.82
"South Africa","Vynnycky-high",2,66,"Enrolled",16.06
"South Africa","Vynnycky-high",2,66,"Tested",669.28
"South Africa","Vynnycky-high",2,67,"Enrolled",15.96
"South Africa","Vynnycky-high",2,67,"Tested",641.16
"South Africa","Vynnycky-high",2,68,"Enrolled",11.18
"South Africa","Vynnycky-high",2,68,"Tested",479.84
"South Africa","Vynnycky-high",2,69,"Enrolled",17.18
"South Africa","Vynnycky-high",2,69,"Tested",693.58
"South Africa","Vynnycky-high",2,70,"Enrolled",17.36
"South Africa","Vynnycky-high",2,70,"Tested",737.9
"South Africa","Vynnycky-high",2,71,"Enrolled",15.02
"South Africa","Vynnycky-high",2,71,"Tested",630.22
"South Africa","Vynnycky-high",2,72,"Enrolled",10.18
"South Africa","Vynnycky-high",2,72,"Tested",414.46
"South Africa","Vynnycky-high",2,73,"Enrolled",20.14
"South Africa","Vynnycky-high",2,73,"Tested",892.66
"South Africa","Vynnycky-high",2,74,"Enrolled",15.98
"South Africa","Vynnycky-high",2,74,"Tested",673.92
"South Africa","Vynnycky-high",2,75,"Enrolled",15.9
"South Africa","Vynnycky-high",2,75,"Tested",680.02
"South Africa","Vynnycky-high",2,76,"Enrolled",19
"South Africa","Vynnycky-high",2,76,"Tested",762.86
"South Africa","Vynnycky-high",2,77,"Enrolled",12.66
"South Africa","Vynnycky-high",2,77,"Tested",529.76
"South Africa","Vynnycky-high",2,78,"Enrolled",13.98
"South Africa","Vynnycky-high",2,78,"Tested",561.3
"South Africa","Vynnycky-high",2,79,"Enrolled",16.94
"South Africa","Vynnycky-high",2,79,"Tested",689.82
"South Africa","Vynnycky-high",2,80,"Enrolled",15.98
"South Africa","Vynnycky-high",2,80,"Tested",689.04
"South Africa","Vynnycky-high",2,81,"Enrolled",13.06
"South Africa","Vynnycky-high",2,81,"Tested",572.08
"South Africa","Vynnycky-high",2,82,"Enrolled",13.58
"South Africa","Vynnycky-high",2,82,"Tested",547.74
"South Africa","Vynnycky-high",2,83,"Enrolled",13.58
"South Africa","Vynnycky-high",2,83,"Tested",567.24
"South Africa","Vynnycky-high",2,84,"Enrolled",13.78
"South Africa","Vynnycky-high",2,84,"Tested",549.82
"South Africa","Vynnycky-high",2,85,"Enrolled",12.66
"South Africa","Vynnycky-high",2,85,"Tested",567.9
"South Africa","Vynnycky-high",2,86,"Enrolled",16.26
"South Africa","Vynnycky-high",2,86,"Tested",659.74
"South Africa","Vynnycky-high",2,87,"Enrolled",19.74
"South Africa","Vynnycky-high",2,87,"Tested",826.06
"South Africa","Vynnycky-high",2,88,"Enrolled",14.62
"South Africa","Vynnycky-high",2,88,"Tested",612.94
"South Africa","Vynnycky-high",2,89,"Enrolled",15.32
"South Africa","Vynnycky-high",2,89,"Tested",655.44
"South Africa","Vynnycky-high",2,90,"Enrolled",14.32
"South Africa","Vynnycky-high",2,90,"Tested",593.3
"South Africa","Vynnycky-high",2,91,"Enrolled",15.78
"South Africa","Vynnycky-high",2,91,"Tested",690.32
"South Africa","Vynnycky-high",2,92,"Enrolled",13.28
"South Africa","Vynnycky-high",2,92,"Tested",546.22
"South Africa","Vynnycky-high",2,93,"Enrolled",19.04
"South Africa","Vynnycky-high",2,93,"Tested",791.74
"South Africa","Vynnycky-high",2,94,"Enrolled",15.72
"South Africa","Vynnycky-high",2,94,"Tested",664.32
"South Africa","Vynnycky-high",2,95,"Enrolled",16.96
"South Africa","Vynnycky-high",2,95,"Tested",717.86
"South Africa","Vynnycky-high",2,96,"Enrolled",15.6
"South Africa","Vynnycky-high",2,96,"Tested",632.54
"South Africa","Vynnycky-high",2,97,"Enrolled",14.74
"South Africa","Vynnycky-high",2,97,"Tested",616.66
"South Africa","Vynnycky-high",2,98,"Enrolled",14.32
"South Africa","Vynnycky-high",2,98,"Tested",614.36
"South Africa","Vynnycky-high",2,99,"Enrolled",14.94
"South Africa","Vynnycky-high",2,99,"Tested",593.6
"South Africa","Vynnycky-high",2,100,"Enrolled",15.68
"South Africa","Vynnycky-high",2,100,"Tested",642.88
"South Africa","Vynnycky-high",3,1,"Enrolled",19.1
"South Africa","Vynnycky-high",3,1,"Tested",512.12
"South Africa","Vynnycky-high",3,2,"Enrolled",22.24
"South Africa","Vynnycky-high",3,2,"Tested",648.26
"South Africa","Vynnycky-high",3,3,"Enrolled",22.8
"South Africa","Vynnycky-high",3,3,"Tested",644.74
"South Africa","Vynnycky-high",3,4,"Enrolled",24.18
"South Africa","Vynnycky-high",3,4,"Tested",651.18
"South Africa","Vynnycky-high",3,5,"Enrolled",19.86
"South Africa","Vynnycky-high",3,5,"Tested",583.86
"South Africa","Vynnycky-high",3,6,"Enrolled",22.84
"South Africa","Vynnycky-high",3,6,"Tested",636.12
"South Africa","Vynnycky-high",3,7,"Enrolled",25.62
"South Africa","Vynnycky-high",3,7,"Tested",715.04
"South Africa","Vynnycky-high",3,8,"Enrolled",25.56
"South Africa","Vynnycky-high",3,8,"Tested",702.08
"South Africa","Vynnycky-high",3,9,"Enrolled",19.28
"South Africa","Vynnycky-high",3,9,"Tested",539.06
"South Africa","Vynnycky-high",3,10,"Enrolled",16.62
"South Africa","Vynnycky-high",3,10,"Tested",484.14
"South Africa","Vynnycky-high",3,11,"Enrolled",19.06
"South Africa","Vynnycky-high",3,11,"Tested",512.12
"South Africa","Vynnycky-high",3,12,"Enrolled",19.54
"South Africa","Vynnycky-high",3,12,"Tested",519.74
"South Africa","Vynnycky-high",3,13,"Enrolled",22.14
"South Africa","Vynnycky-high",3,13,"Tested",631.86
"South Africa","Vynnycky-high",3,14,"Enrolled",16.84
"South Africa","Vynnycky-high",3,14,"Tested",457.98
"South Africa","Vynnycky-high",3,15,"Enrolled",21.56
"South Africa","Vynnycky-high",3,15,"Tested",592.86
"South Africa","Vynnycky-high",3,16,"Enrolled",19.72
"South Africa","Vynnycky-high",3,16,"Tested",553.58
"South Africa","Vynnycky-high",3,17,"Enrolled",18.76
"South Africa","Vynnycky-high",3,17,"Tested",500.6
"South Africa","Vynnycky-high",3,18,"Enrolled",22.16
"South Africa","Vynnycky-high",3,18,"Tested",593.04
"South Africa","Vynnycky-high",3,19,"Enrolled",15.38
"South Africa","Vynnycky-high",3,19,"Tested",402.86
"South Africa","Vynnycky-high",3,20,"Enrolled",29.64
"South Africa","Vynnycky-high",3,20,"Tested",793.74
"South Africa","Vynnycky-high",3,21,"Enrolled",20.08
"South Africa","Vynnycky-high",3,21,"Tested",580.16
"South Africa","Vynnycky-high",3,22,"Enrolled",18.7
"South Africa","Vynnycky-high",3,22,"Tested",531.4
"South Africa","Vynnycky-high",3,23,"Enrolled",18.34
"South Africa","Vynnycky-high",3,23,"Tested",492
"South Africa","Vynnycky-high",3,24,"Enrolled",21.18
"South Africa","Vynnycky-high",3,24,"Tested",586.48
"South Africa","Vynnycky-high",3,25,"Enrolled",20.7
"South Africa","Vynnycky-high",3,25,"Tested",574.58
"South Africa","Vynnycky-high",3,26,"Enrolled",22.76
"South Africa","Vynnycky-high",3,26,"Tested",625.1
"South Africa","Vynnycky-high",3,27,"Enrolled",22.56
"South Africa","Vynnycky-high",3,27,"Tested",644.98
"South Africa","Vynnycky-high",3,28,"Enrolled",18.54
"South Africa","Vynnycky-high",3,28,"Tested",517.42
"South Africa","Vynnycky-high",3,29,"Enrolled",22.2
"South Africa","Vynnycky-high",3,29,"Tested",601.24
"South Africa","Vynnycky-high",3,30,"Enrolled",18.14
"South Africa","Vynnycky-high",3,30,"Tested",521.98
"South Africa","Vynnycky-high",3,31,"Enrolled",18.82
"South Africa","Vynnycky-high",3,31,"Tested",499.28
"South Africa","Vynnycky-high",3,32,"Enrolled",18.8
"South Africa","Vynnycky-high",3,32,"Tested",550.02
"South Africa","Vynnycky-high",3,33,"Enrolled",19.64
"South Africa","Vynnycky-high",3,33,"Tested",547.16
"South Africa","Vynnycky-high",3,34,"Enrolled",24.92
"South Africa","Vynnycky-high",3,34,"Tested",737.6
"South Africa","Vynnycky-high",3,35,"Enrolled",19.52
"South Africa","Vynnycky-high",3,35,"Tested",539.66
"South Africa","Vynnycky-high",3,36,"Enrolled",21.4
"South Africa","Vynnycky-high",3,36,"Tested",611.08
"South Africa","Vynnycky-high",3,37,"Enrolled",22.56
"South Africa","Vynnycky-high",3,37,"Tested",610.38
"South Africa","Vynnycky-high",3,38,"Enrolled",18.36
"South Africa","Vynnycky-high",3,38,"Tested",509.22
"South Africa","Vynnycky-high",3,39,"Enrolled",27.1
"South Africa","Vynnycky-high",3,39,"Tested",758.6
"South Africa","Vynnycky-high",3,40,"Enrolled",20.94
"South Africa","Vynnycky-high",3,40,"Tested",615.82
"South Africa","Vynnycky-high",3,41,"Enrolled",21.42
"South Africa","Vynnycky-high",3,41,"Tested",603.78
"South Africa","Vynnycky-high",3,42,"Enrolled",15.42
"South Africa","Vynnycky-high",3,42,"Tested",434.16
"South Africa","Vynnycky-high",3,43,"Enrolled",21.84
"South Africa","Vynnycky-high",3,43,"Tested",625.58
"South Africa","Vynnycky-high",3,44,"Enrolled",22.04
"South Africa","Vynnycky-high",3,44,"Tested",646.18
"South Africa","Vynnycky-high",3,45,"Enrolled",24.3
"South Africa","Vynnycky-high",3,45,"Tested",684.2
"South Africa","Vynnycky-high",3,46,"Enrolled",21.04
"South Africa","Vynnycky-high",3,46,"Tested",597.12
"South Africa","Vynnycky-high",3,47,"Enrolled",14.36
"South Africa","Vynnycky-high",3,47,"Tested",394.52
"South Africa","Vynnycky-high",3,48,"Enrolled",17.94
"South Africa","Vynnycky-high",3,48,"Tested",480.38
"South Africa","Vynnycky-high",3,49,"Enrolled",21.66
"South Africa","Vynnycky-high",3,49,"Tested",618
"South Africa","Vynnycky-high",3,50,"Enrolled",16.74
"South Africa","Vynnycky-high",3,50,"Tested",482.84
"South Africa","Vynnycky-high",3,51,"Enrolled",24.7
"South Africa","Vynnycky-high",3,51,"Tested",655.36
"South Africa","Vynnycky-high",3,52,"Enrolled",19.72
"South Africa","Vynnycky-high",3,52,"Tested",587.56
"South Africa","Vynnycky-high",3,53,"Enrolled",18.34
"South Africa","Vynnycky-high",3,53,"Tested",516.58
"South Africa","Vynnycky-high",3,54,"Enrolled",20.56
"South Africa","Vynnycky-high",3,54,"Tested",604.66
"South Africa","Vynnycky-high",3,55,"Enrolled",18.5
"South Africa","Vynnycky-high",3,55,"Tested",527.64
"South Africa","Vynnycky-high",3,56,"Enrolled",15.94
"South Africa","Vynnycky-high",3,56,"Tested",430.22
"South Africa","Vynnycky-high",3,57,"Enrolled",21.74
"South Africa","Vynnycky-high",3,57,"Tested",618.38
"South Africa","Vynnycky-high",3,58,"Enrolled",19.9
"South Africa","Vynnycky-high",3,58,"Tested",553.3
"South Africa","Vynnycky-high",3,59,"Enrolled",22.9
"South Africa","Vynnycky-high",3,59,"Tested",659.28
"South Africa","Vynnycky-high",3,60,"Enrolled",15.54
"South Africa","Vynnycky-high",3,60,"Tested",439.88
"South Africa","Vynnycky-high",3,61,"Enrolled",31.44
"South Africa","Vynnycky-high",3,61,"Tested",872.5
"South Africa","Vynnycky-high",3,62,"Enrolled",15.36
"South Africa","Vynnycky-high",3,62,"Tested",429.18
"South Africa","Vynnycky-high",3,63,"Enrolled",20.14
"South Africa","Vynnycky-high",3,63,"Tested",559.92
"South Africa","Vynnycky-high",3,64,"Enrolled",20.78
"South Africa","Vynnycky-high",3,64,"Tested",595.22
"South Africa","Vynnycky-high",3,65,"Enrolled",23.44
"South Africa","Vynnycky-high",3,65,"Tested",645.84
"South Africa","Vynnycky-high",3,66,"Enrolled",19.04
"South Africa","Vynnycky-high",3,66,"Tested",534.9
"South Africa","Vynnycky-high",3,67,"Enrolled",19.6
"South Africa","Vynnycky-high",3,67,"Tested",540.16
"South Africa","Vynnycky-high",3,68,"Enrolled",18.56
"South Africa","Vynnycky-high",3,68,"Tested",501.06
"South Africa","Vynnycky-high",3,69,"Enrolled",18.78
"South Africa","Vynnycky-high",3,69,"Tested",525.98
"South Africa","Vynnycky-high",3,70,"Enrolled",24.74
"South Africa","Vynnycky-high",3,70,"Tested",682.5
"South Africa","Vynnycky-high",3,71,"Enrolled",19.18
"South Africa","Vynnycky-high",3,71,"Tested",526.7
"South Africa","Vynnycky-high",3,72,"Enrolled",19.34
"South Africa","Vynnycky-high",3,72,"Tested",556.7
"South Africa","Vynnycky-high",3,73,"Enrolled",25.42
"South Africa","Vynnycky-high",3,73,"Tested",732.48
"South Africa","Vynnycky-high",3,74,"Enrolled",21.68
"South Africa","Vynnycky-high",3,74,"Tested",576.88
"South Africa","Vynnycky-high",3,75,"Enrolled",17.84
"South Africa","Vynnycky-high",3,75,"Tested",467.98
"South Africa","Vynnycky-high",3,76,"Enrolled",23.76
"South Africa","Vynnycky-high",3,76,"Tested",665.68
"South Africa","Vynnycky-high",3,77,"Enrolled",20.38
"South Africa","Vynnycky-high",3,77,"Tested",564.14
"South Africa","Vynnycky-high",3,78,"Enrolled",18.8
"South Africa","Vynnycky-high",3,78,"Tested",534.48
"South Africa","Vynnycky-high",3,79,"Enrolled",17.86
"South Africa","Vynnycky-high",3,79,"Tested",494.1
"South Africa","Vynnycky-high",3,80,"Enrolled",22.14
"South Africa","Vynnycky-high",3,80,"Tested",602.18
"South Africa","Vynnycky-high",3,81,"Enrolled",21.96
"South Africa","Vynnycky-high",3,81,"Tested",613.4
"South Africa","Vynnycky-high",3,82,"Enrolled",25.12
"South Africa","Vynnycky-high",3,82,"Tested",690.62
"South Africa","Vynnycky-high",3,83,"Enrolled",14.96
"South Africa","Vynnycky-high",3,83,"Tested",390.1
"South Africa","Vynnycky-high",3,84,"Enrolled",19.98
"South Africa","Vynnycky-high",3,84,"Tested",565.38
"South Africa","Vynnycky-high",3,85,"Enrolled",19.6
"South Africa","Vynnycky-high",3,85,"Tested",530.24
"South Africa","Vynnycky-high",3,86,"Enrolled",22.74
"South Africa","Vynnycky-high",3,86,"Tested",612.96
"South Africa","Vynnycky-high",3,87,"Enrolled",20.28
"South Africa","Vynnycky-high",3,87,"Tested",556.96
"South Africa","Vynnycky-high",3,88,"Enrolled",21.9
"South Africa","Vynnycky-high",3,88,"Tested",584.3
"South Africa","Vynnycky-high",3,89,"Enrolled",18.62
"South Africa","Vynnycky-high",3,89,"Tested",509.44
"South Africa","Vynnycky-high",3,90,"Enrolled",17.78
"South Africa","Vynnycky-high",3,90,"Tested",512.34
"South Africa","Vynnycky-high",3,91,"Enrolled",18.52
"South Africa","Vynnycky-high",3,91,"Tested",506.14
"South Africa","Vynnycky-high",3,92,"Enrolled",17.36
"South Africa","Vynnycky-high",3,92,"Tested",470.56
"South Africa","Vynnycky-high",3,93,"Enrolled",19.8
"South Africa","Vynnycky-high",3,93,"Tested",543.56
"South Africa","Vynnycky-high",3,94,"Enrolled",18.34
"South Africa","Vynnycky-high",3,94,"Tested",521.32
"South Africa","Vynnycky-high",3,95,"Enrolled",21.02
"South Africa","Vynnycky-high",3,95,"Tested",557.38
"South Africa","Vynnycky-high",3,96,"Enrolled",15.48
"South Africa","Vynnycky-high",3,96,"Tested",442.68
"South Africa","Vynnycky-high",3,97,"Enrolled",23.28
"South Africa","Vynnycky-high",3,97,"Tested",685.84
"South Africa","Vynnycky-high",3,98,"Enrolled",22.06
"South Africa","Vynnycky-high",3,98,"Tested",612.52
"South Africa","Vynnycky-high",3,99,"Enrolled",19.62
"South Africa","Vynnycky-high",3,99,"Tested",533.02
"South Africa","Vynnycky-high",3,100,"Enrolled",23.96
"South Africa","Vynnycky-high",3,100,"Tested",662.78
"South Africa","Vynnycky-high",4,1,"Enrolled",23.56
"South Africa","Vynnycky-high",4,1,"Tested",500.44
"South Africa","Vynnycky-high",4,2,"Enrolled",32.46
"South Africa","Vynnycky-high",4,2,"Tested",650.22
"South Africa","Vynnycky-high",4,3,"Enrolled",28.26
"South Africa","Vynnycky-high",4,3,"Tested",586.88
"South Africa","Vynnycky-high",4,4,"Enrolled",23.2
"South Africa","Vynnycky-high",4,4,"Tested",473.78
"South Africa","Vynnycky-high",4,5,"Enrolled",21.9
"South Africa","Vynnycky-high",4,5,"Tested",463.78
"South Africa","Vynnycky-high",4,6,"Enrolled",27.7
"South Africa","Vynnycky-high",4,6,"Tested",572.92
"South Africa","Vynnycky-high",4,7,"Enrolled",18.6
"South Africa","Vynnycky-high",4,7,"Tested",402.46
"South Africa","Vynnycky-high",4,8,"Enrolled",29.88
"South Africa","Vynnycky-high",4,8,"Tested",617.66
"South Africa","Vynnycky-high",4,9,"Enrolled",20.62
"South Africa","Vynnycky-high",4,9,"Tested",425.1
"South Africa","Vynnycky-high",4,10,"Enrolled",26.16
"South Africa","Vynnycky-high",4,10,"Tested",543.9
"South Africa","Vynnycky-high",4,11,"Enrolled",25.04
"South Africa","Vynnycky-high",4,11,"Tested",515.36
"South Africa","Vynnycky-high",4,12,"Enrolled",32.66
"South Africa","Vynnycky-high",4,12,"Tested",691.6
"South Africa","Vynnycky-high",4,13,"Enrolled",24.66
"South Africa","Vynnycky-high",4,13,"Tested",502.02
"South Africa","Vynnycky-high",4,14,"Enrolled",27.14
"South Africa","Vynnycky-high",4,14,"Tested",577.94
"South Africa","Vynnycky-high",4,15,"Enrolled",26.7
"South Africa","Vynnycky-high",4,15,"Tested",562.9
"South Africa","Vynnycky-high",4,16,"Enrolled",30.5
"South Africa","Vynnycky-high",4,16,"Tested",632.46
"South Africa","Vynnycky-high",4,17,"Enrolled",26.08
"South Africa","Vynnycky-high",4,17,"Tested",545.96
"South Africa","Vynnycky-high",4,18,"Enrolled",30.52
"South Africa","Vynnycky-high",4,18,"Tested",617.34
"South Africa","Vynnycky-high",4,19,"Enrolled",30.46
"South Africa","Vynnycky-high",4,19,"Tested",617.86
"South Africa","Vynnycky-high",4,20,"Enrolled",30.18
"South Africa","Vynnycky-high",4,20,"Tested",594.16
"South Africa","Vynnycky-high",4,21,"Enrolled",17.68
"South Africa","Vynnycky-high",4,21,"Tested",369.7
"South Africa","Vynnycky-high",4,22,"Enrolled",28.16
"South Africa","Vynnycky-high",4,22,"Tested",616.16
"South Africa","Vynnycky-high",4,23,"Enrolled",27.84
"South Africa","Vynnycky-high",4,23,"Tested",536.36
"South Africa","Vynnycky-high",4,24,"Enrolled",22.42
"South Africa","Vynnycky-high",4,24,"Tested",472.88
"South Africa","Vynnycky-high",4,25,"Enrolled",30.34
"South Africa","Vynnycky-high",4,25,"Tested",629.04
"South Africa","Vynnycky-high",4,26,"Enrolled",27.82
"South Africa","Vynnycky-high",4,26,"Tested",560.84
"South Africa","Vynnycky-high",4,27,"Enrolled",19.9
"South Africa","Vynnycky-high",4,27,"Tested",407.56
"South Africa","Vynnycky-high",4,28,"Enrolled",22.56
"South Africa","Vynnycky-high",4,28,"Tested",493.3
"South Africa","Vynnycky-high",4,29,"Enrolled",25.12
"South Africa","Vynnycky-high",4,29,"Tested",522.12
"South Africa","Vynnycky-high",4,30,"Enrolled",19.72
"South Africa","Vynnycky-high",4,30,"Tested",393.2
"South Africa","Vynnycky-high",4,31,"Enrolled",19.86
"South Africa","Vynnycky-high",4,31,"Tested",410.44
"South Africa","Vynnycky-high",4,32,"Enrolled",24
"South Africa","Vynnycky-high",4,32,"Tested",465.36
"South Africa","Vynnycky-high",4,33,"Enrolled",26.6
"South Africa","Vynnycky-high",4,33,"Tested",541.02
"South Africa","Vynnycky-high",4,34,"Enrolled",33.74
"South Africa","Vynnycky-high",4,34,"Tested",672.34
"South Africa","Vynnycky-high",4,35,"Enrolled",27.44
"South Africa","Vynnycky-high",4,35,"Tested",549.68
"South Africa","Vynnycky-high",4,36,"Enrolled",24.32
"South Africa","Vynnycky-high",4,36,"Tested",514.44
"South Africa","Vynnycky-high",4,37,"Enrolled",26.26
"South Africa","Vynnycky-high",4,37,"Tested",543.16
"South Africa","Vynnycky-high",4,38,"Enrolled",25
"South Africa","Vynnycky-high",4,38,"Tested",501.24
"South Africa","Vynnycky-high",4,39,"Enrolled",29.86
"South Africa","Vynnycky-high",4,39,"Tested",627.24
"South Africa","Vynnycky-high",4,40,"Enrolled",22.74
"South Africa","Vynnycky-high",4,40,"Tested",479.44
"South Africa","Vynnycky-high",4,41,"Enrolled",24.5
"South Africa","Vynnycky-high",4,41,"Tested",515.22
"South Africa","Vynnycky-high",4,42,"Enrolled",21.16
"South Africa","Vynnycky-high",4,42,"Tested",443.62
"South Africa","Vynnycky-high",4,43,"Enrolled",20.06
"South Africa","Vynnycky-high",4,43,"Tested",434.94
"South Africa","Vynnycky-high",4,44,"Enrolled",32.04
"South Africa","Vynnycky-high",4,44,"Tested",650.64
"South Africa","Vynnycky-high",4,45,"Enrolled",24.36
"South Africa","Vynnycky-high",4,45,"Tested",494.06
"South Africa","Vynnycky-high",4,46,"Enrolled",26.96
"South Africa","Vynnycky-high",4,46,"Tested",538.32
"South Africa","Vynnycky-high",4,47,"Enrolled",22.96
"South Africa","Vynnycky-high",4,47,"Tested",479.48
"South Africa","Vynnycky-high",4,48,"Enrolled",32.42
"South Africa","Vynnycky-high",4,48,"Tested",669.88
"South Africa","Vynnycky-high",4,49,"Enrolled",32.66
"South Africa","Vynnycky-high",4,49,"Tested",671.68
"South Africa","Vynnycky-high",4,50,"Enrolled",24.02
"South Africa","Vynnycky-high",4,50,"Tested",469
"South Africa","Vynnycky-high",4,51,"Enrolled",22.6
"South Africa","Vynnycky-high",4,51,"Tested",479.1
"South Africa","Vynnycky-high",4,52,"Enrolled",25.06
"South Africa","Vynnycky-high",4,52,"Tested",522.56
"South Africa","Vynnycky-high",4,53,"Enrolled",18.86
"South Africa","Vynnycky-high",4,53,"Tested",415.78
"South Africa","Vynnycky-high",4,54,"Enrolled",16.92
"South Africa","Vynnycky-high",4,54,"Tested",334.82
"South Africa","Vynnycky-high",4,55,"Enrolled",26.9
"South Africa","Vynnycky-high",4,55,"Tested",513.38
"South Africa","Vynnycky-high",4,56,"Enrolled",25.08
"South Africa","Vynnycky-high",4,56,"Tested",531.38
"South Africa","Vynnycky-high",4,57,"Enrolled",19.26
"South Africa","Vynnycky-high",4,57,"Tested",385.36
"South Africa","Vynnycky-high",4,58,"Enrolled",22.5
"South Africa","Vynnycky-high",4,58,"Tested",449.5
"South Africa","Vynnycky-high",4,59,"Enrolled",26.42
"South Africa","Vynnycky-high",4,59,"Tested",519.2
"South Africa","Vynnycky-high",4,60,"Enrolled",22.24
"South Africa","Vynnycky-high",4,60,"Tested",461.98
"South Africa","Vynnycky-high",4,61,"Enrolled",26.22
"South Africa","Vynnycky-high",4,61,"Tested",537.88
"South Africa","Vynnycky-high",4,62,"Enrolled",30.12
"South Africa","Vynnycky-high",4,62,"Tested",630.38
"South Africa","Vynnycky-high",4,63,"Enrolled",24.36
"South Africa","Vynnycky-high",4,63,"Tested",509.18
"South Africa","Vynnycky-high",4,64,"Enrolled",29.22
"South Africa","Vynnycky-high",4,64,"Tested",616.1
"South Africa","Vynnycky-high",4,65,"Enrolled",26.12
"South Africa","Vynnycky-high",4,65,"Tested",527.96
"South Africa","Vynnycky-high",4,66,"Enrolled",24.66
"South Africa","Vynnycky-high",4,66,"Tested",494.08
"South Africa","Vynnycky-high",4,67,"Enrolled",21.88
"South Africa","Vynnycky-high",4,67,"Tested",452.12
"South Africa","Vynnycky-high",4,68,"Enrolled",23.42
"South Africa","Vynnycky-high",4,68,"Tested",474.14
"South Africa","Vynnycky-high",4,69,"Enrolled",28.62
"South Africa","Vynnycky-high",4,69,"Tested",581.22
"South Africa","Vynnycky-high",4,70,"Enrolled",25.68
"South Africa","Vynnycky-high",4,70,"Tested",520.78
"South Africa","Vynnycky-high",4,71,"Enrolled",24.34
"South Africa","Vynnycky-high",4,71,"Tested",523.24
"South Africa","Vynnycky-high",4,72,"Enrolled",23.42
"South Africa","Vynnycky-high",4,72,"Tested",494.54
"South Africa","Vynnycky-high",4,73,"Enrolled",30.92
"South Africa","Vynnycky-high",4,73,"Tested",641.62
"South Africa","Vynnycky-high",4,74,"Enrolled",20.98
"South Africa","Vynnycky-high",4,74,"Tested",411.56
"South Africa","Vynnycky-high",4,75,"Enrolled",29.36
"South Africa","Vynnycky-high",4,75,"Tested",612.56
"South Africa","Vynnycky-high",4,76,"Enrolled",24.56
"South Africa","Vynnycky-high",4,76,"Tested",535.28
"South Africa","Vynnycky-high",4,77,"Enrolled",26.8
"South Africa","Vynnycky-high",4,77,"Tested",563.8
"South Africa","Vynnycky-high",4,78,"Enrolled",28.62
"South Africa","Vynnycky-high",4,78,"Tested",576.22
"South Africa","Vynnycky-high",4,79,"Enrolled",26.54
"South Africa","Vynnycky-high",4,79,"Tested",552.12
"South Africa","Vynnycky-high",4,80,"Enrolled",23.02
"South Africa","Vynnycky-high",4,80,"Tested",473.2
"South Africa","Vynnycky-high",4,81,"Enrolled",25.46
"South Africa","Vynnycky-high",4,81,"Tested",528.96
"South Africa","Vynnycky-high",4,82,"Enrolled",24.68
"South Africa","Vynnycky-high",4,82,"Tested",512.3
"South Africa","Vynnycky-high",4,83,"Enrolled",25.04
"South Africa","Vynnycky-high",4,83,"Tested",513.88
"South Africa","Vynnycky-high",4,84,"Enrolled",24.08
"South Africa","Vynnycky-high",4,84,"Tested",502.06
"South Africa","Vynnycky-high",4,85,"Enrolled",29.28
"South Africa","Vynnycky-high",4,85,"Tested",601.76
"South Africa","Vynnycky-high",4,86,"Enrolled",23.26
"South Africa","Vynnycky-high",4,86,"Tested",476.14
"South Africa","Vynnycky-high",4,87,"Enrolled",25.68
"South Africa","Vynnycky-high",4,87,"Tested",542.18
"South Africa","Vynnycky-high",4,88,"Enrolled",24.64
"South Africa","Vynnycky-high",4,88,"Tested",497.42
"South Africa","Vynnycky-high",4,89,"Enrolled",28
"South Africa","Vynnycky-high",4,89,"Tested",568.02
"South Africa","Vynnycky-high",4,90,"Enrolled",24.84
"South Africa","Vynnycky-high",4,90,"Tested",517.02
"South Africa","Vynnycky-high",4,91,"Enrolled",22.84
"South Africa","Vynnycky-high",4,91,"Tested",477.36
"South Africa","Vynnycky-high",4,92,"Enrolled",27.36
"South Africa","Vynnycky-high",4,92,"Tested",564.78
"South Africa","Vynnycky-high",4,93,"Enrolled",28.66
"South Africa","Vynnycky-high",4,93,"Tested",552.66
"South Africa","Vynnycky-high",4,94,"Enrolled",27.46
"South Africa","Vynnycky-high",4,94,"Tested",581.8
"South Africa","Vynnycky-high",4,95,"Enrolled",21.02
"South Africa","Vynnycky-high",4,95,"Tested",418.96
"South Africa","Vynnycky-high",4,96,"Enrolled",27.1
"South Africa","Vynnycky-high",4,96,"Tested",542.24
"South Africa","Vynnycky-high",4,97,"Enrolled",20.66
"South Africa","Vynnycky-high",4,97,"Tested",419.52
"South Africa","Vynnycky-high",4,98,"Enrolled",28.82
"South Africa","Vynnycky-high",4,98,"Tested",585.88
"South Africa","Vynnycky-high",4,99,"Enrolled",27.6
"South Africa","Vynnycky-high",4,99,"Tested",555.06
"South Africa","Vynnycky-high",4,100,"Enrolled",28.66
"South Africa","Vynnycky-high",4,100,"Tested",613.42
"South Africa","Vynnycky-high",5,1,"Enrolled",25.76
"South Africa","Vynnycky-high",5,1,"Tested",395.56
"South Africa","Vynnycky-high",5,2,"Enrolled",19.08
"South Africa","Vynnycky-high",5,2,"Tested",299.78
"South Africa","Vynnycky-high",5,3,"Enrolled",31.2
"South Africa","Vynnycky-high",5,3,"Tested",502.24
"South Africa","Vynnycky-high",5,4,"Enrolled",36.34
"South Africa","Vynnycky-high",5,4,"Tested",589.08
"South Africa","Vynnycky-high",5,5,"Enrolled",30.06
"South Africa","Vynnycky-high",5,5,"Tested",450.92
"South Africa","Vynnycky-high",5,6,"Enrolled",29.18
"South Africa","Vynnycky-high",5,6,"Tested",468.64
"South Africa","Vynnycky-high",5,7,"Enrolled",33.6
"South Africa","Vynnycky-high",5,7,"Tested",542.78
"South Africa","Vynnycky-high",5,8,"Enrolled",20.66
"South Africa","Vynnycky-high",5,8,"Tested",356.16
"South Africa","Vynnycky-high",5,9,"Enrolled",25.9
"South Africa","Vynnycky-high",5,9,"Tested",410.7
"South Africa","Vynnycky-high",5,10,"Enrolled",38.1
"South Africa","Vynnycky-high",5,10,"Tested",621.86
"South Africa","Vynnycky-high",5,11,"Enrolled",32.86
"South Africa","Vynnycky-high",5,11,"Tested",530.92
"South Africa","Vynnycky-high",5,12,"Enrolled",28.76
"South Africa","Vynnycky-high",5,12,"Tested",456.3
"South Africa","Vynnycky-high",5,13,"Enrolled",38
"South Africa","Vynnycky-high",5,13,"Tested",602.34
"South Africa","Vynnycky-high",5,14,"Enrolled",32.68
"South Africa","Vynnycky-high",5,14,"Tested",542.96
"South Africa","Vynnycky-high",5,15,"Enrolled",34.66
"South Africa","Vynnycky-high",5,15,"Tested",556.58
"South Africa","Vynnycky-high",5,16,"Enrolled",33.08
"South Africa","Vynnycky-high",5,16,"Tested",525.92
"South Africa","Vynnycky-high",5,17,"Enrolled",32.18
"South Africa","Vynnycky-high",5,17,"Tested",509.14
"South Africa","Vynnycky-high",5,18,"Enrolled",24.36
"South Africa","Vynnycky-high",5,18,"Tested",383.18
"South Africa","Vynnycky-high",5,19,"Enrolled",32.72
"South Africa","Vynnycky-high",5,19,"Tested",524.7
"South Africa","Vynnycky-high",5,20,"Enrolled",26.4
"South Africa","Vynnycky-high",5,20,"Tested",412.64
"South Africa","Vynnycky-high",5,21,"Enrolled",25.62
"South Africa","Vynnycky-high",5,21,"Tested",413.4
"South Africa","Vynnycky-high",5,22,"Enrolled",30.4
"South Africa","Vynnycky-high",5,22,"Tested",499.68
"South Africa","Vynnycky-high",5,23,"Enrolled",39.82
"South Africa","Vynnycky-high",5,23,"Tested",628.78
"South Africa","Vynnycky-high",5,24,"Enrolled",34.02
"South Africa","Vynnycky-high",5,24,"Tested",561.66
"South Africa","Vynnycky-high",5,25,"Enrolled",25.62
"South Africa","Vynnycky-high",5,25,"Tested",419.3
"South Africa","Vynnycky-high",5,26,"Enrolled",26.26
"South Africa","Vynnycky-high",5,26,"Tested",430.1
"South Africa","Vynnycky-high",5,27,"Enrolled",28.34
"South Africa","Vynnycky-high",5,27,"Tested",488.36
"South Africa","Vynnycky-high",5,28,"Enrolled",35.76
"South Africa","Vynnycky-high",5,28,"Tested",569.3
"South Africa","Vynnycky-high",5,29,"Enrolled",30.16
"South Africa","Vynnycky-high",5,29,"Tested",489.82
"South Africa","Vynnycky-high",5,30,"Enrolled",23.74
"South Africa","Vynnycky-high",5,30,"Tested",376.06
"South Africa","Vynnycky-high",5,31,"Enrolled",32.44
"South Africa","Vynnycky-high",5,31,"Tested",527.88
"South Africa","Vynnycky-high",5,32,"Enrolled",32.92
"South Africa","Vynnycky-high",5,32,"Tested",519.5
"South Africa","Vynnycky-high",5,33,"Enrolled",38.4
"South Africa","Vynnycky-high",5,33,"Tested",613.4
"South Africa","Vynnycky-high",5,34,"Enrolled",32.9
"South Africa","Vynnycky-high",5,34,"Tested",533.56
"South Africa","Vynnycky-high",5,35,"Enrolled",22.76
"South Africa","Vynnycky-high",5,35,"Tested",377.36
"South Africa","Vynnycky-high",5,36,"Enrolled",36.94
"South Africa","Vynnycky-high",5,36,"Tested",621.6
"South Africa","Vynnycky-high",5,37,"Enrolled",33.32
"South Africa","Vynnycky-high",5,37,"Tested",541.2
"South Africa","Vynnycky-high",5,38,"Enrolled",26.78
"South Africa","Vynnycky-high",5,38,"Tested",441.14
"South Africa","Vynnycky-high",5,39,"Enrolled",38.42
"South Africa","Vynnycky-high",5,39,"Tested",643.6
"South Africa","Vynnycky-high",5,40,"Enrolled",32.22
"South Africa","Vynnycky-high",5,40,"Tested",496.62
"South Africa","Vynnycky-high",5,41,"Enrolled",37.18
"South Africa","Vynnycky-high",5,41,"Tested",590
"South Africa","Vynnycky-high",5,42,"Enrolled",32.8
"South Africa","Vynnycky-high",5,42,"Tested",539.84
"South Africa","Vynnycky-high",5,43,"Enrolled",33.98
"South Africa","Vynnycky-high",5,43,"Tested",550.36
"South Africa","Vynnycky-high",5,44,"Enrolled",31.56
"South Africa","Vynnycky-high",5,44,"Tested",502.46
"South Africa","Vynnycky-high",5,45,"Enrolled",35.78
"South Africa","Vynnycky-high",5,45,"Tested",591.06
"South Africa","Vynnycky-high",5,46,"Enrolled",33.62
"South Africa","Vynnycky-high",5,46,"Tested",576.22
"South Africa","Vynnycky-high",5,47,"Enrolled",24.02
"South Africa","Vynnycky-high",5,47,"Tested",402.06
"South Africa","Vynnycky-high",5,48,"Enrolled",32.32
"South Africa","Vynnycky-high",5,48,"Tested",509.96
"South Africa","Vynnycky-high",5,49,"Enrolled",38.86
"South Africa","Vynnycky-high",5,49,"Tested",623.9
"South Africa","Vynnycky-high",5,50,"Enrolled",22.46
"South Africa","Vynnycky-high",5,50,"Tested",377.06
"South Africa","Vynnycky-high",5,51,"Enrolled",34.04
"South Africa","Vynnycky-high",5,51,"Tested",551.06
"South Africa","Vynnycky-high",5,52,"Enrolled",25.76
"South Africa","Vynnycky-high",5,52,"Tested",420.06
"South Africa","Vynnycky-high",5,53,"Enrolled",30.2
"South Africa","Vynnycky-high",5,53,"Tested",485.64
"South Africa","Vynnycky-high",5,54,"Enrolled",29.8
"South Africa","Vynnycky-high",5,54,"Tested",475.22
"South Africa","Vynnycky-high",5,55,"Enrolled",25.5
"South Africa","Vynnycky-high",5,55,"Tested",416.28
"South Africa","Vynnycky-high",5,56,"Enrolled",35.84
"South Africa","Vynnycky-high",5,56,"Tested",592.76
"South Africa","Vynnycky-high",5,57,"Enrolled",22.8
"South Africa","Vynnycky-high",5,57,"Tested",361.96
"South Africa","Vynnycky-high",5,58,"Enrolled",27.92
"South Africa","Vynnycky-high",5,58,"Tested",441.24
"South Africa","Vynnycky-high",5,59,"Enrolled",24.84
"South Africa","Vynnycky-high",5,59,"Tested",414.84
"South Africa","Vynnycky-high",5,60,"Enrolled",37.28
"South Africa","Vynnycky-high",5,60,"Tested",609.78
"South Africa","Vynnycky-high",5,61,"Enrolled",30.52
"South Africa","Vynnycky-high",5,61,"Tested",470.76
"South Africa","Vynnycky-high",5,62,"Enrolled",31.2
"South Africa","Vynnycky-high",5,62,"Tested",500.36
"South Africa","Vynnycky-high",5,63,"Enrolled",27.62
"South Africa","Vynnycky-high",5,63,"Tested",473.56
"South Africa","Vynnycky-high",5,64,"Enrolled",40.04
"South Africa","Vynnycky-high",5,64,"Tested",640.32
"South Africa","Vynnycky-high",5,65,"Enrolled",32.3
"South Africa","Vynnycky-high",5,65,"Tested",502.16
"South Africa","Vynnycky-high",5,66,"Enrolled",28.44
"South Africa","Vynnycky-high",5,66,"Tested",469.5
"South Africa","Vynnycky-high",5,67,"Enrolled",33.72
"South Africa","Vynnycky-high",5,67,"Tested",531.44
"South Africa","Vynnycky-high",5,68,"Enrolled",26.52
"South Africa","Vynnycky-high",5,68,"Tested",428.94
"South Africa","Vynnycky-high",5,69,"Enrolled",29.42
"South Africa","Vynnycky-high",5,69,"Tested",475.8
"South Africa","Vynnycky-high",5,70,"Enrolled",29.42
"South Africa","Vynnycky-high",5,70,"Tested",457.82
"South Africa","Vynnycky-high",5,71,"Enrolled",29.56
"South Africa","Vynnycky-high",5,71,"Tested",467.12
"South Africa","Vynnycky-high",5,72,"Enrolled",32.06
"South Africa","Vynnycky-high",5,72,"Tested",519.94
"South Africa","Vynnycky-high",5,73,"Enrolled",24.84
"South Africa","Vynnycky-high",5,73,"Tested",411.8
"South Africa","Vynnycky-high",5,74,"Enrolled",30.38
"South Africa","Vynnycky-high",5,74,"Tested",460.94
"South Africa","Vynnycky-high",5,75,"Enrolled",36
"South Africa","Vynnycky-high",5,75,"Tested",592.62
"South Africa","Vynnycky-high",5,76,"Enrolled",27
"South Africa","Vynnycky-high",5,76,"Tested",438.24
"South Africa","Vynnycky-high",5,77,"Enrolled",29.6
"South Africa","Vynnycky-high",5,77,"Tested",475.88
"South Africa","Vynnycky-high",5,78,"Enrolled",31.04
"South Africa","Vynnycky-high",5,78,"Tested",498.78
"South Africa","Vynnycky-high",5,79,"Enrolled",34.36
"South Africa","Vynnycky-high",5,79,"Tested",555.42
"South Africa","Vynnycky-high",5,80,"Enrolled",38.12
"South Africa","Vynnycky-high",5,80,"Tested",602.46
"South Africa","Vynnycky-high",5,81,"Enrolled",34.12
"South Africa","Vynnycky-high",5,81,"Tested",546.14
"South Africa","Vynnycky-high",5,82,"Enrolled",29.66
"South Africa","Vynnycky-high",5,82,"Tested",474.38
"South Africa","Vynnycky-high",5,83,"Enrolled",29.18
"South Africa","Vynnycky-high",5,83,"Tested",486.96
"South Africa","Vynnycky-high",5,84,"Enrolled",32.04
"South Africa","Vynnycky-high",5,84,"Tested",508.02
"South Africa","Vynnycky-high",5,85,"Enrolled",26.26
"South Africa","Vynnycky-high",5,85,"Tested",427.18
"South Africa","Vynnycky-high",5,86,"Enrolled",32.68
"South Africa","Vynnycky-high",5,86,"Tested",527.88
"South Africa","Vynnycky-high",5,87,"Enrolled",22.94
"South Africa","Vynnycky-high",5,87,"Tested",378.98
"South Africa","Vynnycky-high",5,88,"Enrolled",26.8
"South Africa","Vynnycky-high",5,88,"Tested",428.08
"South Africa","Vynnycky-high",5,89,"Enrolled",32.04
"South Africa","Vynnycky-high",5,89,"Tested",515.04
"South Africa","Vynnycky-high",5,90,"Enrolled",34.22
"South Africa","Vynnycky-high",5,90,"Tested",548
"South Africa","Vynnycky-high",5,91,"Enrolled",27.06
"South Africa","Vynnycky-high",5,91,"Tested",443.94
"South Africa","Vynnycky-high",5,92,"Enrolled",34.9
"South Africa","Vynnycky-high",5,92,"Tested",538.48
"South Africa","Vynnycky-high",5,93,"Enrolled",26.66
"South Africa","Vynnycky-high",5,93,"Tested",418.38
"South Africa","Vynnycky-high",5,94,"Enrolled",31.52
"South Africa","Vynnycky-high",5,94,"Tested",512.78
"South Africa","Vynnycky-high",5,95,"Enrolled",26.84
"South Africa","Vynnycky-high",5,95,"Tested",418.5
"South Africa","Vynnycky-high",5,96,"Enrolled",34.14
"South Africa","Vynnycky-high",5,96,"Tested",547.62
"South Africa","Vynnycky-high",5,97,"Enrolled",32.36
"South Africa","Vynnycky-high",5,97,"Tested",511.44
"South Africa","Vynnycky-high",5,98,"Enrolled",33.52
"South Africa","Vynnycky-high",5,98,"Tested",527.32
"South Africa","Vynnycky-high",5,99,"Enrolled",29.2
"South Africa","Vynnycky-high",5,99,"Tested",478.7
"South Africa","Vynnycky-high",5,100,"Enrolled",27.34
"South Africa","Vynnycky-high",5,100,"Tested",431.76
"South Africa","Vynnycky-high",6,1,"Enrolled",29.5
"South Africa","Vynnycky-high",6,1,"Tested",373.04
"South Africa","Vynnycky-high",6,2,"Enrolled",32.08
"South Africa","Vynnycky-high",6,2,"Tested",433.36
"South Africa","Vynnycky-high",6,3,"Enrolled",36.48
"South Africa","Vynnycky-high",6,3,"Tested",473.3
"South Africa","Vynnycky-high",6,4,"Enrolled",35
"South Africa","Vynnycky-high",6,4,"Tested",461.24
"South Africa","Vynnycky-high",6,5,"Enrolled",35.54
"South Africa","Vynnycky-high",6,5,"Tested",470.74
"South Africa","Vynnycky-high",6,6,"Enrolled",29.06
"South Africa","Vynnycky-high",6,6,"Tested",379.62
"South Africa","Vynnycky-high",6,7,"Enrolled",32.36
"South Africa","Vynnycky-high",6,7,"Tested",414.96
"South Africa","Vynnycky-high",6,8,"Enrolled",39.76
"South Africa","Vynnycky-high",6,8,"Tested",516.52
"South Africa","Vynnycky-high",6,9,"Enrolled",32.9
"South Africa","Vynnycky-high",6,9,"Tested",439.26
"South Africa","Vynnycky-high",6,10,"Enrolled",39.8
"South Africa","Vynnycky-high",6,10,"Tested",532.4
"South Africa","Vynnycky-high",6,11,"Enrolled",27.94
"South Africa","Vynnycky-high",6,11,"Tested",360.64
"South Africa","Vynnycky-high",6,12,"Enrolled",42.42
"South Africa","Vynnycky-high",6,12,"Tested",552.68
"South Africa","Vynnycky-high",6,13,"Enrolled",41.22
"South Africa","Vynnycky-high",6,13,"Tested",525.68
"South Africa","Vynnycky-high",6,14,"Enrolled",36.2
"South Africa","Vynnycky-high",6,14,"Tested",454.44
"South Africa","Vynnycky-high",6,15,"Enrolled",32.78
"South Africa","Vynnycky-high",6,15,"Tested",409.34
"South Africa","Vynnycky-high",6,16,"Enrolled",30.18
"South Africa","Vynnycky-high",6,16,"Tested",381.8
"South Africa","Vynnycky-high",6,17,"Enrolled",36.2
"South Africa","Vynnycky-high",6,17,"Tested",468.76
"South Africa","Vynnycky-high",6,18,"Enrolled",37.74
"South Africa","Vynnycky-high",6,18,"Tested",477.76
"South Africa","Vynnycky-high",6,19,"Enrolled",30.08
"South Africa","Vynnycky-high",6,19,"Tested",380.46
"South Africa","Vynnycky-high",6,20,"Enrolled",42.18
"South Africa","Vynnycky-high",6,20,"Tested",540.24
"South Africa","Vynnycky-high",6,21,"Enrolled",41.08
"South Africa","Vynnycky-high",6,21,"Tested",532.08
"South Africa","Vynnycky-high",6,22,"Enrolled",35.72
"South Africa","Vynnycky-high",6,22,"Tested",463.12
"South Africa","Vynnycky-high",6,23,"Enrolled",37.56
"South Africa","Vynnycky-high",6,23,"Tested",477.94
"South Africa","Vynnycky-high",6,24,"Enrolled",36
"South Africa","Vynnycky-high",6,24,"Tested",488.68
"South Africa","Vynnycky-high",6,25,"Enrolled",31.28
"South Africa","Vynnycky-high",6,25,"Tested",405.56
"South Africa","Vynnycky-high",6,26,"Enrolled",32.74
"South Africa","Vynnycky-high",6,26,"Tested",419
"South Africa","Vynnycky-high",6,27,"Enrolled",46.54
"South Africa","Vynnycky-high",6,27,"Tested",624.14
"South Africa","Vynnycky-high",6,28,"Enrolled",37.6
"South Africa","Vynnycky-high",6,28,"Tested",488.88
"South Africa","Vynnycky-high",6,29,"Enrolled",31.96
"South Africa","Vynnycky-high",6,29,"Tested",415.76
"South Africa","Vynnycky-high",6,30,"Enrolled",36.84
"South Africa","Vynnycky-high",6,30,"Tested",503.4
"South Africa","Vynnycky-high",6,31,"Enrolled",50.1
"South Africa","Vynnycky-high",6,31,"Tested",664.72
"South Africa","Vynnycky-high",6,32,"Enrolled",32.04
"South Africa","Vynnycky-high",6,32,"Tested",417.94
"South Africa","Vynnycky-high",6,33,"Enrolled",34.56
"South Africa","Vynnycky-high",6,33,"Tested",455.02
"South Africa","Vynnycky-high",6,34,"Enrolled",41.7
"South Africa","Vynnycky-high",6,34,"Tested",527.54
"South Africa","Vynnycky-high",6,35,"Enrolled",38.52
"South Africa","Vynnycky-high",6,35,"Tested",517.78
"South Africa","Vynnycky-high",6,36,"Enrolled",36.62
"South Africa","Vynnycky-high",6,36,"Tested",464.62
"South Africa","Vynnycky-high",6,37,"Enrolled",24.66
"South Africa","Vynnycky-high",6,37,"Tested",319.78
"South Africa","Vynnycky-high",6,38,"Enrolled",37.52
"South Africa","Vynnycky-high",6,38,"Tested",510.7
"South Africa","Vynnycky-high",6,39,"Enrolled",36.5
"South Africa","Vynnycky-high",6,39,"Tested",465.22
"South Africa","Vynnycky-high",6,40,"Enrolled",33.5
"South Africa","Vynnycky-high",6,40,"Tested",443.04
"South Africa","Vynnycky-high",6,41,"Enrolled",39.14
"South Africa","Vynnycky-high",6,41,"Tested",523.82
"South Africa","Vynnycky-high",6,42,"Enrolled",39.62
"South Africa","Vynnycky-high",6,42,"Tested",534.06
"South Africa","Vynnycky-high",6,43,"Enrolled",36.7
"South Africa","Vynnycky-high",6,43,"Tested",493.76
"South Africa","Vynnycky-high",6,44,"Enrolled",25.76
"South Africa","Vynnycky-high",6,44,"Tested",333.96
"South Africa","Vynnycky-high",6,45,"Enrolled",40.76
"South Africa","Vynnycky-high",6,45,"Tested",544.96
"South Africa","Vynnycky-high",6,46,"Enrolled",22.86
"South Africa","Vynnycky-high",6,46,"Tested",305.98
"South Africa","Vynnycky-high",6,47,"Enrolled",38.2
"South Africa","Vynnycky-high",6,47,"Tested",512.88
"South Africa","Vynnycky-high",6,48,"Enrolled",35.2
"South Africa","Vynnycky-high",6,48,"Tested",431.56
"South Africa","Vynnycky-high",6,49,"Enrolled",32.42
"South Africa","Vynnycky-high",6,49,"Tested",430.6
"South Africa","Vynnycky-high",6,50,"Enrolled",36.84
"South Africa","Vynnycky-high",6,50,"Tested",482.48
"South Africa","Vynnycky-high",6,51,"Enrolled",29.04
"South Africa","Vynnycky-high",6,51,"Tested",386.22
"South Africa","Vynnycky-high",6,52,"Enrolled",32.46
"South Africa","Vynnycky-high",6,52,"Tested",443.54
"South Africa","Vynnycky-high",6,53,"Enrolled",37.4
"South Africa","Vynnycky-high",6,53,"Tested",497.56
"South Africa","Vynnycky-high",6,54,"Enrolled",37.7
"South Africa","Vynnycky-high",6,54,"Tested",495.48
"South Africa","Vynnycky-high",6,55,"Enrolled",32.4
"South Africa","Vynnycky-high",6,55,"Tested",408.6
"South Africa","Vynnycky-high",6,56,"Enrolled",33.58
"South Africa","Vynnycky-high",6,56,"Tested",453.76
"South Africa","Vynnycky-high",6,57,"Enrolled",34.38
"South Africa","Vynnycky-high",6,57,"Tested",449.16
"South Africa","Vynnycky-high",6,58,"Enrolled",31.7
"South Africa","Vynnycky-high",6,58,"Tested",425.58
"South Africa","Vynnycky-high",6,59,"Enrolled",37.72
"South Africa","Vynnycky-high",6,59,"Tested",481.62
"South Africa","Vynnycky-high",6,60,"Enrolled",34.14
"South Africa","Vynnycky-high",6,60,"Tested",458.68
"South Africa","Vynnycky-high",6,61,"Enrolled",33.8
"South Africa","Vynnycky-high",6,61,"Tested",440.6
"South Africa","Vynnycky-high",6,62,"Enrolled",32.12
"South Africa","Vynnycky-high",6,62,"Tested",425.38
"South Africa","Vynnycky-high",6,63,"Enrolled",44.36
"South Africa","Vynnycky-high",6,63,"Tested",580.1
"South Africa","Vynnycky-high",6,64,"Enrolled",31.06
"South Africa","Vynnycky-high",6,64,"Tested",408.82
"South Africa","Vynnycky-high",6,65,"Enrolled",35.86
"South Africa","Vynnycky-high",6,65,"Tested",465.72
"South Africa","Vynnycky-high",6,66,"Enrolled",39.2
"South Africa","Vynnycky-high",6,66,"Tested",505.98
"South Africa","Vynnycky-high",6,67,"Enrolled",36.04
"South Africa","Vynnycky-high",6,67,"Tested",466.22
"South Africa","Vynnycky-high",6,68,"Enrolled",33.68
"South Africa","Vynnycky-high",6,68,"Tested",452.94
"South Africa","Vynnycky-high",6,69,"Enrolled",29.38
"South Africa","Vynnycky-high",6,69,"Tested",378.5
"South Africa","Vynnycky-high",6,70,"Enrolled",35.14
"South Africa","Vynnycky-high",6,70,"Tested",460.58
"South Africa","Vynnycky-high",6,71,"Enrolled",28.72
"South Africa","Vynnycky-high",6,71,"Tested",368.02
"South Africa","Vynnycky-high",6,72,"Enrolled",37.66
"South Africa","Vynnycky-high",6,72,"Tested",494.72
"South Africa","Vynnycky-high",6,73,"Enrolled",37.06
"South Africa","Vynnycky-high",6,73,"Tested",471.34
"South Africa","Vynnycky-high",6,74,"Enrolled",24.5
"South Africa","Vynnycky-high",6,74,"Tested",318.52
"South Africa","Vynnycky-high",6,75,"Enrolled",38.34
"South Africa","Vynnycky-high",6,75,"Tested",520.36
"South Africa","Vynnycky-high",6,76,"Enrolled",35.12
"South Africa","Vynnycky-high",6,76,"Tested",462.72
"South Africa","Vynnycky-high",6,77,"Enrolled",42.12
"South Africa","Vynnycky-high",6,77,"Tested",552.08
"South Africa","Vynnycky-high",6,78,"Enrolled",31.42
"South Africa","Vynnycky-high",6,78,"Tested",420.26
"South Africa","Vynnycky-high",6,79,"Enrolled",35.68
"South Africa","Vynnycky-high",6,79,"Tested",464.74
"South Africa","Vynnycky-high",6,80,"Enrolled",42.12
"South Africa","Vynnycky-high",6,80,"Tested",527.92
"South Africa","Vynnycky-high",6,81,"Enrolled",42.08
"South Africa","Vynnycky-high",6,81,"Tested",545.76
"South Africa","Vynnycky-high",6,82,"Enrolled",37.18
"South Africa","Vynnycky-high",6,82,"Tested",488.36
"South Africa","Vynnycky-high",6,83,"Enrolled",30
"South Africa","Vynnycky-high",6,83,"Tested",411.14
"South Africa","Vynnycky-high",6,84,"Enrolled",43.46
"South Africa","Vynnycky-high",6,84,"Tested",565.68
"South Africa","Vynnycky-high",6,85,"Enrolled",38.74
"South Africa","Vynnycky-high",6,85,"Tested",503.54
"South Africa","Vynnycky-high",6,86,"Enrolled",41.14
"South Africa","Vynnycky-high",6,86,"Tested",533.26
"South Africa","Vynnycky-high",6,87,"Enrolled",33.5
"South Africa","Vynnycky-high",6,87,"Tested",438.82
"South Africa","Vynnycky-high",6,88,"Enrolled",30.12
"South Africa","Vynnycky-high",6,88,"Tested",384.34
"South Africa","Vynnycky-high",6,89,"Enrolled",30.06
"South Africa","Vynnycky-high",6,89,"Tested",393.08
"South Africa","Vynnycky-high",6,90,"Enrolled",37.66
"South Africa","Vynnycky-high",6,90,"Tested",496.96
"South Africa","Vynnycky-high",6,91,"Enrolled",37.6
"South Africa","Vynnycky-high",6,91,"Tested",512.58
"South Africa","Vynnycky-high",6,92,"Enrolled",36.78
"South Africa","Vynnycky-high",6,92,"Tested",474.06
"South Africa","Vynnycky-high",6,93,"Enrolled",30.1
"South Africa","Vynnycky-high",6,93,"Tested",393.92
"South Africa","Vynnycky-high",6,94,"Enrolled",27.8
"South Africa","Vynnycky-high",6,94,"Tested",353.98
"South Africa","Vynnycky-high",6,95,"Enrolled",39.82
"South Africa","Vynnycky-high",6,95,"Tested",500.18
"South Africa","Vynnycky-high",6,96,"Enrolled",43.08
"South Africa","Vynnycky-high",6,96,"Tested",567.66
"South Africa","Vynnycky-high",6,97,"Enrolled",34.92
"South Africa","Vynnycky-high",6,97,"Tested",466
"South Africa","Vynnycky-high",6,98,"Enrolled",42.98
"South Africa","Vynnycky-high",6,98,"Tested",543.58
"South Africa","Vynnycky-high",6,99,"Enrolled",34.74
"South Africa","Vynnycky-high",6,99,"Tested",473.58
"South Africa","Vynnycky-high",6,100,"Enrolled",37.82
"South Africa","Vynnycky-high",6,100,"Tested",485.54
"South Africa","Vynnycky-high",7,1,"Enrolled",49.36
"South Africa","Vynnycky-high",7,1,"Tested",526.52
"South Africa","Vynnycky-high",7,2,"Enrolled",42.92
"South Africa","Vynnycky-high",7,2,"Tested",471.16
"South Africa","Vynnycky-high",7,3,"Enrolled",43.58
"South Africa","Vynnycky-high",7,3,"Tested",480.48
"South Africa","Vynnycky-high",7,4,"Enrolled",39.36
"South Africa","Vynnycky-high",7,4,"Tested",440.5
"South Africa","Vynnycky-high",7,5,"Enrolled",36.02
"South Africa","Vynnycky-high",7,5,"Tested",390.22
"South Africa","Vynnycky-high",7,6,"Enrolled",52.98
"South Africa","Vynnycky-high",7,6,"Tested",573.9
"South Africa","Vynnycky-high",7,7,"Enrolled",40.26
"South Africa","Vynnycky-high",7,7,"Tested",434.98
"South Africa","Vynnycky-high",7,8,"Enrolled",41.38
"South Africa","Vynnycky-high",7,8,"Tested",456.2
"South Africa","Vynnycky-high",7,9,"Enrolled",39.44
"South Africa","Vynnycky-high",7,9,"Tested",439.5
"South Africa","Vynnycky-high",7,10,"Enrolled",37.88
"South Africa","Vynnycky-high",7,10,"Tested",411.06
"South Africa","Vynnycky-high",7,11,"Enrolled",30.14
"South Africa","Vynnycky-high",7,11,"Tested",321.52
"South Africa","Vynnycky-high",7,12,"Enrolled",37.16
"South Africa","Vynnycky-high",7,12,"Tested",414.2
"South Africa","Vynnycky-high",7,13,"Enrolled",35.46
"South Africa","Vynnycky-high",7,13,"Tested",378.16
"South Africa","Vynnycky-high",7,14,"Enrolled",37.3
"South Africa","Vynnycky-high",7,14,"Tested",412.86
"South Africa","Vynnycky-high",7,15,"Enrolled",38.94
"South Africa","Vynnycky-high",7,15,"Tested",431.8
"South Africa","Vynnycky-high",7,16,"Enrolled",38.34
"South Africa","Vynnycky-high",7,16,"Tested",411.44
"South Africa","Vynnycky-high",7,17,"Enrolled",37.18
"South Africa","Vynnycky-high",7,17,"Tested",406.18
"South Africa","Vynnycky-high",7,18,"Enrolled",47.04
"South Africa","Vynnycky-high",7,18,"Tested",496.7
"South Africa","Vynnycky-high",7,19,"Enrolled",44.18
"South Africa","Vynnycky-high",7,19,"Tested",477.08
"South Africa","Vynnycky-high",7,20,"Enrolled",46.78
"South Africa","Vynnycky-high",7,20,"Tested",495.44
"South Africa","Vynnycky-high",7,21,"Enrolled",30.54
"South Africa","Vynnycky-high",7,21,"Tested",323.56
"South Africa","Vynnycky-high",7,22,"Enrolled",44.86
"South Africa","Vynnycky-high",7,22,"Tested",490.24
"South Africa","Vynnycky-high",7,23,"Enrolled",37.82
"South Africa","Vynnycky-high",7,23,"Tested",420.74
"South Africa","Vynnycky-high",7,24,"Enrolled",36.24
"South Africa","Vynnycky-high",7,24,"Tested",398.64
"South Africa","Vynnycky-high",7,25,"Enrolled",37.36
"South Africa","Vynnycky-high",7,25,"Tested",420.44
"South Africa","Vynnycky-high",7,26,"Enrolled",44.76
"South Africa","Vynnycky-high",7,26,"Tested",486.72
"South Africa","Vynnycky-high",7,27,"Enrolled",47.52
"South Africa","Vynnycky-high",7,27,"Tested",506.18
"South Africa","Vynnycky-high",7,28,"Enrolled",35.02
"South Africa","Vynnycky-high",7,28,"Tested",383.3
"South Africa","Vynnycky-high",7,29,"Enrolled",51.38
"South Africa","Vynnycky-high",7,29,"Tested",543.66
"South Africa","Vynnycky-high",7,30,"Enrolled",41.62
"South Africa","Vynnycky-high",7,30,"Tested",459.06
"South Africa","Vynnycky-high",7,31,"Enrolled",46.76
"South Africa","Vynnycky-high",7,31,"Tested",511.98
"South Africa","Vynnycky-high",7,32,"Enrolled",32.16
"South Africa","Vynnycky-high",7,32,"Tested",350.76
"South Africa","Vynnycky-high",7,33,"Enrolled",45.66
"South Africa","Vynnycky-high",7,33,"Tested",487.8
"South Africa","Vynnycky-high",7,34,"Enrolled",53.1
"South Africa","Vynnycky-high",7,34,"Tested",587.2
"South Africa","Vynnycky-high",7,35,"Enrolled",50.74
"South Africa","Vynnycky-high",7,35,"Tested",558.16
"South Africa","Vynnycky-high",7,36,"Enrolled",40.18
"South Africa","Vynnycky-high",7,36,"Tested",447.4
"South Africa","Vynnycky-high",7,37,"Enrolled",39.72
"South Africa","Vynnycky-high",7,37,"Tested",431.56
"South Africa","Vynnycky-high",7,38,"Enrolled",48.26
"South Africa","Vynnycky-high",7,38,"Tested",519.84
"South Africa","Vynnycky-high",7,39,"Enrolled",34.94
"South Africa","Vynnycky-high",7,39,"Tested",385.08
"South Africa","Vynnycky-high",7,40,"Enrolled",37.74
"South Africa","Vynnycky-high",7,40,"Tested",399.26
"South Africa","Vynnycky-high",7,41,"Enrolled",47.84
"South Africa","Vynnycky-high",7,41,"Tested",511.8
"South Africa","Vynnycky-high",7,42,"Enrolled",35.68
"South Africa","Vynnycky-high",7,42,"Tested",391.68
"South Africa","Vynnycky-high",7,43,"Enrolled",28.8
"South Africa","Vynnycky-high",7,43,"Tested",299.04
"South Africa","Vynnycky-high",7,44,"Enrolled",41.48
"South Africa","Vynnycky-high",7,44,"Tested",452.62
"South Africa","Vynnycky-high",7,45,"Enrolled",37.5
"South Africa","Vynnycky-high",7,45,"Tested",437
"South Africa","Vynnycky-high",7,46,"Enrolled",35.18
"South Africa","Vynnycky-high",7,46,"Tested",387.3
"South Africa","Vynnycky-high",7,47,"Enrolled",38.08
"South Africa","Vynnycky-high",7,47,"Tested",405.76
"South Africa","Vynnycky-high",7,48,"Enrolled",42.14
"South Africa","Vynnycky-high",7,48,"Tested",439.16
"South Africa","Vynnycky-high",7,49,"Enrolled",41.3
"South Africa","Vynnycky-high",7,49,"Tested",439.96
"South Africa","Vynnycky-high",7,50,"Enrolled",38.86
"South Africa","Vynnycky-high",7,50,"Tested",449.24
"South Africa","Vynnycky-high",7,51,"Enrolled",46.3
"South Africa","Vynnycky-high",7,51,"Tested",500.56
"South Africa","Vynnycky-high",7,52,"Enrolled",27.96
"South Africa","Vynnycky-high",7,52,"Tested",299.28
"South Africa","Vynnycky-high",7,53,"Enrolled",50.22
"South Africa","Vynnycky-high",7,53,"Tested",537.34
"South Africa","Vynnycky-high",7,54,"Enrolled",52.06
"South Africa","Vynnycky-high",7,54,"Tested",581.3
"South Africa","Vynnycky-high",7,55,"Enrolled",38.32
"South Africa","Vynnycky-high",7,55,"Tested",409.98
"South Africa","Vynnycky-high",7,56,"Enrolled",38.1
"South Africa","Vynnycky-high",7,56,"Tested",407.56
"South Africa","Vynnycky-high",7,57,"Enrolled",34.06
"South Africa","Vynnycky-high",7,57,"Tested",367.4
"South Africa","Vynnycky-high",7,58,"Enrolled",34.76
"South Africa","Vynnycky-high",7,58,"Tested",381
"South Africa","Vynnycky-high",7,59,"Enrolled",40.86
"South Africa","Vynnycky-high",7,59,"Tested",445.88
"South Africa","Vynnycky-high",7,60,"Enrolled",46.82
"South Africa","Vynnycky-high",7,60,"Tested",501
"South Africa","Vynnycky-high",7,61,"Enrolled",30.42
"South Africa","Vynnycky-high",7,61,"Tested",322.26
"South Africa","Vynnycky-high",7,62,"Enrolled",38.3
"South Africa","Vynnycky-high",7,62,"Tested",424
"South Africa","Vynnycky-high",7,63,"Enrolled",27.52
"South Africa","Vynnycky-high",7,63,"Tested",299.78
"South Africa","Vynnycky-high",7,64,"Enrolled",38.66
"South Africa","Vynnycky-high",7,64,"Tested",421.98
"South Africa","Vynnycky-high",7,65,"Enrolled",41.08
"South Africa","Vynnycky-high",7,65,"Tested",450.52
"South Africa","Vynnycky-high",7,66,"Enrolled",34
"South Africa","Vynnycky-high",7,66,"Tested",377.14
"South Africa","Vynnycky-high",7,67,"Enrolled",45.76
"South Africa","Vynnycky-high",7,67,"Tested",506.22
"South Africa","Vynnycky-high",7,68,"Enrolled",30.88
"South Africa","Vynnycky-high",7,68,"Tested",329.48
"South Africa","Vynnycky-high",7,69,"Enrolled",43.34
"South Africa","Vynnycky-high",7,69,"Tested",472.74
"South Africa","Vynnycky-high",7,70,"Enrolled",43.14
"South Africa","Vynnycky-high",7,70,"Tested",478.58
"South Africa","Vynnycky-high",7,71,"Enrolled",37.76
"South Africa","Vynnycky-high",7,71,"Tested",395.58
"South Africa","Vynnycky-high",7,72,"Enrolled",32.12
"South Africa","Vynnycky-high",7,72,"Tested",350.34
"South Africa","Vynnycky-high",7,73,"Enrolled",36.84
"South Africa","Vynnycky-high",7,73,"Tested",404.36
"South Africa","Vynnycky-high",7,74,"Enrolled",44.18
"South Africa","Vynnycky-high",7,74,"Tested",470.5
"South Africa","Vynnycky-high",7,75,"Enrolled",34.34
"South Africa","Vynnycky-high",7,75,"Tested",372.66
"South Africa","Vynnycky-high",7,76,"Enrolled",44.68
"South Africa","Vynnycky-high",7,76,"Tested",482.18
"South Africa","Vynnycky-high",7,77,"Enrolled",34.42
"South Africa","Vynnycky-high",7,77,"Tested",374.36
"South Africa","Vynnycky-high",7,78,"Enrolled",36.2
"South Africa","Vynnycky-high",7,78,"Tested",379.5
"South Africa","Vynnycky-high",7,79,"Enrolled",44.56
"South Africa","Vynnycky-high",7,79,"Tested",476.66
"South Africa","Vynnycky-high",7,80,"Enrolled",31.26
"South Africa","Vynnycky-high",7,80,"Tested",348.2
"South Africa","Vynnycky-high",7,81,"Enrolled",46.62
"South Africa","Vynnycky-high",7,81,"Tested",494.5
"South Africa","Vynnycky-high",7,82,"Enrolled",46.4
"South Africa","Vynnycky-high",7,82,"Tested",524.5
"South Africa","Vynnycky-high",7,83,"Enrolled",58.3
"South Africa","Vynnycky-high",7,83,"Tested",635.26
"South Africa","Vynnycky-high",7,84,"Enrolled",42.64
"South Africa","Vynnycky-high",7,84,"Tested",454.86
"South Africa","Vynnycky-high",7,85,"Enrolled",45.38
"South Africa","Vynnycky-high",7,85,"Tested",494.4
"South Africa","Vynnycky-high",7,86,"Enrolled",45.62
"South Africa","Vynnycky-high",7,86,"Tested",498.4
"South Africa","Vynnycky-high",7,87,"Enrolled",35.2
"South Africa","Vynnycky-high",7,87,"Tested",377.16
"South Africa","Vynnycky-high",7,88,"Enrolled",41.8
"South Africa","Vynnycky-high",7,88,"Tested",464.86
"South Africa","Vynnycky-high",7,89,"Enrolled",41.84
"South Africa","Vynnycky-high",7,89,"Tested",458.86
"South Africa","Vynnycky-high",7,90,"Enrolled",46.12
"South Africa","Vynnycky-high",7,90,"Tested",506.36
"South Africa","Vynnycky-high",7,91,"Enrolled",41.4
"South Africa","Vynnycky-high",7,91,"Tested",447.68
"South Africa","Vynnycky-high",7,92,"Enrolled",35.14
"South Africa","Vynnycky-high",7,92,"Tested",387.14
"South Africa","Vynnycky-high",7,93,"Enrolled",35.1
"South Africa","Vynnycky-high",7,93,"Tested",374.76
"South Africa","Vynnycky-high",7,94,"Enrolled",39.02
"South Africa","Vynnycky-high",7,94,"Tested",415.02
"South Africa","Vynnycky-high",7,95,"Enrolled",37
"South Africa","Vynnycky-high",7,95,"Tested",386.8
"South Africa","Vynnycky-high",7,96,"Enrolled",33.62
"South Africa","Vynnycky-high",7,96,"Tested",375.58
"South Africa","Vynnycky-high",7,97,"Enrolled",39.36
"South Africa","Vynnycky-high",7,97,"Tested",415.46
"South Africa","Vynnycky-high",7,98,"Enrolled",57.02
"South Africa","Vynnycky-high",7,98,"Tested",622.74
"South Africa","Vynnycky-high",7,99,"Enrolled",32.5
"South Africa","Vynnycky-high",7,99,"Tested",358.52
"South Africa","Vynnycky-high",7,100,"Enrolled",42.8
"South Africa","Vynnycky-high",7,100,"Tested",477.06
"South Africa","Vynnycky-high",8,1,"Enrolled",54.54
"South Africa","Vynnycky-high",8,1,"Tested",499.26
"South Africa","Vynnycky-high",8,2,"Enrolled",46.34
"South Africa","Vynnycky-high",8,2,"Tested",450.4
"South Africa","Vynnycky-high",8,3,"Enrolled",35.2
"South Africa","Vynnycky-high",8,3,"Tested",324.28
"South Africa","Vynnycky-high",8,4,"Enrolled",46.12
"South Africa","Vynnycky-high",8,4,"Tested",422.06
"South Africa","Vynnycky-high",8,5,"Enrolled",32.92
"South Africa","Vynnycky-high",8,5,"Tested",316.06
"South Africa","Vynnycky-high",8,6,"Enrolled",46.74
"South Africa","Vynnycky-high",8,6,"Tested",420.62
"South Africa","Vynnycky-high",8,7,"Enrolled",30.72
"South Africa","Vynnycky-high",8,7,"Tested",274.42
"South Africa","Vynnycky-high",8,8,"Enrolled",42.78
"South Africa","Vynnycky-high",8,8,"Tested",398.86
"South Africa","Vynnycky-high",8,9,"Enrolled",36.8
"South Africa","Vynnycky-high",8,9,"Tested",350.74
"South Africa","Vynnycky-high",8,10,"Enrolled",46.36
"South Africa","Vynnycky-high",8,10,"Tested",422.48
"South Africa","Vynnycky-high",8,11,"Enrolled",42.16
"South Africa","Vynnycky-high",8,11,"Tested",386.24
"South Africa","Vynnycky-high",8,12,"Enrolled",44.7
"South Africa","Vynnycky-high",8,12,"Tested",424.46
"South Africa","Vynnycky-high",8,13,"Enrolled",45.64
"South Africa","Vynnycky-high",8,13,"Tested",407.18
"South Africa","Vynnycky-high",8,14,"Enrolled",33.9
"South Africa","Vynnycky-high",8,14,"Tested",311.02
"South Africa","Vynnycky-high",8,15,"Enrolled",47.48
"South Africa","Vynnycky-high",8,15,"Tested",439.4
"South Africa","Vynnycky-high",8,16,"Enrolled",41.84
"South Africa","Vynnycky-high",8,16,"Tested",384.72
"South Africa","Vynnycky-high",8,17,"Enrolled",50.92
"South Africa","Vynnycky-high",8,17,"Tested",490.88
"South Africa","Vynnycky-high",8,18,"Enrolled",46.06
"South Africa","Vynnycky-high",8,18,"Tested",422.18
"South Africa","Vynnycky-high",8,19,"Enrolled",48.42
"South Africa","Vynnycky-high",8,19,"Tested",443.68
"South Africa","Vynnycky-high",8,20,"Enrolled",45.46
"South Africa","Vynnycky-high",8,20,"Tested",415.04
"South Africa","Vynnycky-high",8,21,"Enrolled",40.74
"South Africa","Vynnycky-high",8,21,"Tested",385.96
"South Africa","Vynnycky-high",8,22,"Enrolled",45.94
"South Africa","Vynnycky-high",8,22,"Tested",428.38
"South Africa","Vynnycky-high",8,23,"Enrolled",41.28
"South Africa","Vynnycky-high",8,23,"Tested",391.64
"South Africa","Vynnycky-high",8,24,"Enrolled",35.3
"South Africa","Vynnycky-high",8,24,"Tested",320.22
"South Africa","Vynnycky-high",8,25,"Enrolled",38.54
"South Africa","Vynnycky-high",8,25,"Tested",355.46
"South Africa","Vynnycky-high",8,26,"Enrolled",44.5
"South Africa","Vynnycky-high",8,26,"Tested",405.94
"South Africa","Vynnycky-high",8,27,"Enrolled",38.74
"South Africa","Vynnycky-high",8,27,"Tested",361.96
"South Africa","Vynnycky-high",8,28,"Enrolled",40.4
"South Africa","Vynnycky-high",8,28,"Tested",360.28
"South Africa","Vynnycky-high",8,29,"Enrolled",42.32
"South Africa","Vynnycky-high",8,29,"Tested",387.02
"South Africa","Vynnycky-high",8,30,"Enrolled",47.72
"South Africa","Vynnycky-high",8,30,"Tested",436.82
"South Africa","Vynnycky-high",8,31,"Enrolled",50.08
"South Africa","Vynnycky-high",8,31,"Tested",462.04
"South Africa","Vynnycky-high",8,32,"Enrolled",35.4
"South Africa","Vynnycky-high",8,32,"Tested",332.66
"South Africa","Vynnycky-high",8,33,"Enrolled",60.12
"South Africa","Vynnycky-high",8,33,"Tested",542.3
"South Africa","Vynnycky-high",8,34,"Enrolled",56.42
"South Africa","Vynnycky-high",8,34,"Tested",543.44
"South Africa","Vynnycky-high",8,35,"Enrolled",35.9
"South Africa","Vynnycky-high",8,35,"Tested",347.18
"South Africa","Vynnycky-high",8,36,"Enrolled",31.06
"South Africa","Vynnycky-high",8,36,"Tested",289.24
"South Africa","Vynnycky-high",8,37,"Enrolled",48.02
"South Africa","Vynnycky-high",8,37,"Tested",433.1
"South Africa","Vynnycky-high",8,38,"Enrolled",40
"South Africa","Vynnycky-high",8,38,"Tested",360.14
"South Africa","Vynnycky-high",8,39,"Enrolled",48.28
"South Africa","Vynnycky-high",8,39,"Tested",450.58
"South Africa","Vynnycky-high",8,40,"Enrolled",49.66
"South Africa","Vynnycky-high",8,40,"Tested",454.86
"South Africa","Vynnycky-high",8,41,"Enrolled",48.7
"South Africa","Vynnycky-high",8,41,"Tested",441.16
"South Africa","Vynnycky-high",8,42,"Enrolled",37.08
"South Africa","Vynnycky-high",8,42,"Tested",353.34
"South Africa","Vynnycky-high",8,43,"Enrolled",57.34
"South Africa","Vynnycky-high",8,43,"Tested",537.9
"South Africa","Vynnycky-high",8,44,"Enrolled",44.8
"South Africa","Vynnycky-high",8,44,"Tested",397.14
"South Africa","Vynnycky-high",8,45,"Enrolled",36.74
"South Africa","Vynnycky-high",8,45,"Tested",338.12
"South Africa","Vynnycky-high",8,46,"Enrolled",38.52
"South Africa","Vynnycky-high",8,46,"Tested",356.22
"South Africa","Vynnycky-high",8,47,"Enrolled",44.56
"South Africa","Vynnycky-high",8,47,"Tested",403.34
"South Africa","Vynnycky-high",8,48,"Enrolled",44.4
"South Africa","Vynnycky-high",8,48,"Tested",397.14
"South Africa","Vynnycky-high",8,49,"Enrolled",38.98
"South Africa","Vynnycky-high",8,49,"Tested",360.72
"South Africa","Vynnycky-high",8,50,"Enrolled",47.8
"South Africa","Vynnycky-high",8,50,"Tested",443.98
"South Africa","Vynnycky-high",8,51,"Enrolled",48.5
"South Africa","Vynnycky-high",8,51,"Tested",448.76
"South Africa","Vynnycky-high",8,52,"Enrolled",42.92
"South Africa","Vynnycky-high",8,52,"Tested",387.8
"South Africa","Vynnycky-high",8,53,"Enrolled",41.38
"South Africa","Vynnycky-high",8,53,"Tested",381.28
"South Africa","Vynnycky-high",8,54,"Enrolled",47.74
"South Africa","Vynnycky-high",8,54,"Tested",432.96
"South Africa","Vynnycky-high",8,55,"Enrolled",46.98
"South Africa","Vynnycky-high",8,55,"Tested",436.22
"South Africa","Vynnycky-high",8,56,"Enrolled",38.34
"South Africa","Vynnycky-high",8,56,"Tested",363.08
"South Africa","Vynnycky-high",8,57,"Enrolled",34.48
"South Africa","Vynnycky-high",8,57,"Tested",320.34
"South Africa","Vynnycky-high",8,58,"Enrolled",39.76
"South Africa","Vynnycky-high",8,58,"Tested",368.54
"South Africa","Vynnycky-high",8,59,"Enrolled",38.4
"South Africa","Vynnycky-high",8,59,"Tested",372.74
"South Africa","Vynnycky-high",8,60,"Enrolled",57.24
"South Africa","Vynnycky-high",8,60,"Tested",542.36
"South Africa","Vynnycky-high",8,61,"Enrolled",48.58
"South Africa","Vynnycky-high",8,61,"Tested",439
"South Africa","Vynnycky-high",8,62,"Enrolled",50.62
"South Africa","Vynnycky-high",8,62,"Tested",472.64
"South Africa","Vynnycky-high",8,63,"Enrolled",38.18
"South Africa","Vynnycky-high",8,63,"Tested",362.16
"South Africa","Vynnycky-high",8,64,"Enrolled",43.04
"South Africa","Vynnycky-high",8,64,"Tested",400.52
"South Africa","Vynnycky-high",8,65,"Enrolled",39.74
"South Africa","Vynnycky-high",8,65,"Tested",360.68
"South Africa","Vynnycky-high",8,66,"Enrolled",39.24
"South Africa","Vynnycky-high",8,66,"Tested",365.94
"South Africa","Vynnycky-high",8,67,"Enrolled",43.68
"South Africa","Vynnycky-high",8,67,"Tested",419.56
"South Africa","Vynnycky-high",8,68,"Enrolled",42.86
"South Africa","Vynnycky-high",8,68,"Tested",384.38
"South Africa","Vynnycky-high",8,69,"Enrolled",38.86
"South Africa","Vynnycky-high",8,69,"Tested",349.84
"South Africa","Vynnycky-high",8,70,"Enrolled",36.96
"South Africa","Vynnycky-high",8,70,"Tested",336.88
"South Africa","Vynnycky-high",8,71,"Enrolled",39.82
"South Africa","Vynnycky-high",8,71,"Tested",371.34
"South Africa","Vynnycky-high",8,72,"Enrolled",44.66
"South Africa","Vynnycky-high",8,72,"Tested",415.68
"South Africa","Vynnycky-high",8,73,"Enrolled",44.18
"South Africa","Vynnycky-high",8,73,"Tested",405.74
"South Africa","Vynnycky-high",8,74,"Enrolled",53.46
"South Africa","Vynnycky-high",8,74,"Tested",491.1
"South Africa","Vynnycky-high",8,75,"Enrolled",46.38
"South Africa","Vynnycky-high",8,75,"Tested",437.64
"South Africa","Vynnycky-high",8,76,"Enrolled",36.74
"South Africa","Vynnycky-high",8,76,"Tested",339.36
"South Africa","Vynnycky-high",8,77,"Enrolled",57.26
"South Africa","Vynnycky-high",8,77,"Tested",533.3
"South Africa","Vynnycky-high",8,78,"Enrolled",47.2
"South Africa","Vynnycky-high",8,78,"Tested",435.28
"South Africa","Vynnycky-high",8,79,"Enrolled",28.58
"South Africa","Vynnycky-high",8,79,"Tested",268.34
"South Africa","Vynnycky-high",8,80,"Enrolled",35.08
"South Africa","Vynnycky-high",8,80,"Tested",316.7
"South Africa","Vynnycky-high",8,81,"Enrolled",48.4
"South Africa","Vynnycky-high",8,81,"Tested",451.82
"South Africa","Vynnycky-high",8,82,"Enrolled",45.52
"South Africa","Vynnycky-high",8,82,"Tested",428.82
"South Africa","Vynnycky-high",8,83,"Enrolled",45.82
"South Africa","Vynnycky-high",8,83,"Tested",412.98
"South Africa","Vynnycky-high",8,84,"Enrolled",45.12
"South Africa","Vynnycky-high",8,84,"Tested",419.36
"South Africa","Vynnycky-high",8,85,"Enrolled",47.42
"South Africa","Vynnycky-high",8,85,"Tested",438.66
"South Africa","Vynnycky-high",8,86,"Enrolled",50
"South Africa","Vynnycky-high",8,86,"Tested",479.36
"South Africa","Vynnycky-high",8,87,"Enrolled",48.52
"South Africa","Vynnycky-high",8,87,"Tested",439.84
"South Africa","Vynnycky-high",8,88,"Enrolled",38.64
"South Africa","Vynnycky-high",8,88,"Tested",360.02
"South Africa","Vynnycky-high",8,89,"Enrolled",55.9
"South Africa","Vynnycky-high",8,89,"Tested",539.64
"South Africa","Vynnycky-high",8,90,"Enrolled",52.82
"South Africa","Vynnycky-high",8,90,"Tested",493.84
"South Africa","Vynnycky-high",8,91,"Enrolled",43.7
"South Africa","Vynnycky-high",8,91,"Tested",380.26
"South Africa","Vynnycky-high",8,92,"Enrolled",36.7
"South Africa","Vynnycky-high",8,92,"Tested",353.74
"South Africa","Vynnycky-high",8,93,"Enrolled",43.52
"South Africa","Vynnycky-high",8,93,"Tested",384.74
"South Africa","Vynnycky-high",8,94,"Enrolled",42.22
"South Africa","Vynnycky-high",8,94,"Tested",386
"South Africa","Vynnycky-high",8,95,"Enrolled",44.08
"South Africa","Vynnycky-high",8,95,"Tested",413.22
"South Africa","Vynnycky-high",8,96,"Enrolled",51.6
"South Africa","Vynnycky-high",8,96,"Tested",463.98
"South Africa","Vynnycky-high",8,97,"Enrolled",40.74
"South Africa","Vynnycky-high",8,97,"Tested",372.64
"South Africa","Vynnycky-high",8,98,"Enrolled",43.5
"South Africa","Vynnycky-high",8,98,"Tested",402.08
"South Africa","Vynnycky-high",8,99,"Enrolled",37
"South Africa","Vynnycky-high",8,99,"Tested",336.26
"South Africa","Vynnycky-high",8,100,"Enrolled",40.16
"South Africa","Vynnycky-high",8,100,"Tested",372.52
"South Africa","Vynnycky-high",9,1,"Enrolled",50.36
"South Africa","Vynnycky-high",9,1,"Tested",394.8
"South Africa","Vynnycky-high",9,2,"Enrolled",55.76
"South Africa","Vynnycky-high",9,2,"Tested",442.76
"South Africa","Vynnycky-high",9,3,"Enrolled",40.22
"South Africa","Vynnycky-high",9,3,"Tested",329
"South Africa","Vynnycky-high",9,4,"Enrolled",44.52
"South Africa","Vynnycky-high",9,4,"Tested",350.5
"South Africa","Vynnycky-high",9,5,"Enrolled",41.72
"South Africa","Vynnycky-high",9,5,"Tested",326.22
"South Africa","Vynnycky-high",9,6,"Enrolled",63.42
"South Africa","Vynnycky-high",9,6,"Tested",501.68
"South Africa","Vynnycky-high",9,7,"Enrolled",51.76
"South Africa","Vynnycky-high",9,7,"Tested",411.76
"South Africa","Vynnycky-high",9,8,"Enrolled",40.56
"South Africa","Vynnycky-high",9,8,"Tested",317.26
"South Africa","Vynnycky-high",9,9,"Enrolled",60.42
"South Africa","Vynnycky-high",9,9,"Tested",495.3
"South Africa","Vynnycky-high",9,10,"Enrolled",70.66
"South Africa","Vynnycky-high",9,10,"Tested",560.6
"South Africa","Vynnycky-high",9,11,"Enrolled",36.44
"South Africa","Vynnycky-high",9,11,"Tested",290.24
"South Africa","Vynnycky-high",9,12,"Enrolled",59.12
"South Africa","Vynnycky-high",9,12,"Tested",470.76
"South Africa","Vynnycky-high",9,13,"Enrolled",42.2
"South Africa","Vynnycky-high",9,13,"Tested",335.5
"South Africa","Vynnycky-high",9,14,"Enrolled",40.76
"South Africa","Vynnycky-high",9,14,"Tested",323.66
"South Africa","Vynnycky-high",9,15,"Enrolled",42.5
"South Africa","Vynnycky-high",9,15,"Tested",340.06
"South Africa","Vynnycky-high",9,16,"Enrolled",38.76
"South Africa","Vynnycky-high",9,16,"Tested",309.76
"South Africa","Vynnycky-high",9,17,"Enrolled",41.34
"South Africa","Vynnycky-high",9,17,"Tested",334.66
"South Africa","Vynnycky-high",9,18,"Enrolled",44.4
"South Africa","Vynnycky-high",9,18,"Tested",345.2
"South Africa","Vynnycky-high",9,19,"Enrolled",52.14
"South Africa","Vynnycky-high",9,19,"Tested",424.62
"South Africa","Vynnycky-high",9,20,"Enrolled",54.06
"South Africa","Vynnycky-high",9,20,"Tested",429.54
"South Africa","Vynnycky-high",9,21,"Enrolled",38.34
"South Africa","Vynnycky-high",9,21,"Tested",300.56
"South Africa","Vynnycky-high",9,22,"Enrolled",52.82
"South Africa","Vynnycky-high",9,22,"Tested",435.12
"South Africa","Vynnycky-high",9,23,"Enrolled",46.92
"South Africa","Vynnycky-high",9,23,"Tested",381.28
"South Africa","Vynnycky-high",9,24,"Enrolled",48.14
"South Africa","Vynnycky-high",9,24,"Tested",384.04
"South Africa","Vynnycky-high",9,25,"Enrolled",47.62
"South Africa","Vynnycky-high",9,25,"Tested",374
"South Africa","Vynnycky-high",9,26,"Enrolled",40.36
"South Africa","Vynnycky-high",9,26,"Tested",311.1
"South Africa","Vynnycky-high",9,27,"Enrolled",58.98
"South Africa","Vynnycky-high",9,27,"Tested",458.66
"South Africa","Vynnycky-high",9,28,"Enrolled",53.06
"South Africa","Vynnycky-high",9,28,"Tested",425.8
"South Africa","Vynnycky-high",9,29,"Enrolled",43.04
"South Africa","Vynnycky-high",9,29,"Tested",332.94
"South Africa","Vynnycky-high",9,30,"Enrolled",55.74
"South Africa","Vynnycky-high",9,30,"Tested",449.64
"South Africa","Vynnycky-high",9,31,"Enrolled",40.02
"South Africa","Vynnycky-high",9,31,"Tested",318.88
"South Africa","Vynnycky-high",9,32,"Enrolled",45.18
"South Africa","Vynnycky-high",9,32,"Tested",363.06
"South Africa","Vynnycky-high",9,33,"Enrolled",51.68
"South Africa","Vynnycky-high",9,33,"Tested",400.54
"South Africa","Vynnycky-high",9,34,"Enrolled",41.04
"South Africa","Vynnycky-high",9,34,"Tested",317.5
"South Africa","Vynnycky-high",9,35,"Enrolled",43.42
"South Africa","Vynnycky-high",9,35,"Tested",343.44
"South Africa","Vynnycky-high",9,36,"Enrolled",51.84
"South Africa","Vynnycky-high",9,36,"Tested",414.16
"South Africa","Vynnycky-high",9,37,"Enrolled",54.24
"South Africa","Vynnycky-high",9,37,"Tested",420.82
"South Africa","Vynnycky-high",9,38,"Enrolled",58.14
"South Africa","Vynnycky-high",9,38,"Tested",474
"South Africa","Vynnycky-high",9,39,"Enrolled",56.64
"South Africa","Vynnycky-high",9,39,"Tested",447.22
"South Africa","Vynnycky-high",9,40,"Enrolled",57.54
"South Africa","Vynnycky-high",9,40,"Tested",455.84
"South Africa","Vynnycky-high",9,41,"Enrolled",47.26
"South Africa","Vynnycky-high",9,41,"Tested",374.86
"South Africa","Vynnycky-high",9,42,"Enrolled",51.52
"South Africa","Vynnycky-high",9,42,"Tested",403.12
"South Africa","Vynnycky-high",9,43,"Enrolled",48.26
"South Africa","Vynnycky-high",9,43,"Tested",394.42
"South Africa","Vynnycky-high",9,44,"Enrolled",51.66
"South Africa","Vynnycky-high",9,44,"Tested",402.52
"South Africa","Vynnycky-high",9,45,"Enrolled",42.32
"South Africa","Vynnycky-high",9,45,"Tested",331.54
"South Africa","Vynnycky-high",9,46,"Enrolled",67.42
"South Africa","Vynnycky-high",9,46,"Tested",530.4
"South Africa","Vynnycky-high",9,47,"Enrolled",34.54
"South Africa","Vynnycky-high",9,47,"Tested",290.78
"South Africa","Vynnycky-high",9,48,"Enrolled",47.68
"South Africa","Vynnycky-high",9,48,"Tested",366.06
"South Africa","Vynnycky-high",9,49,"Enrolled",58.74
"South Africa","Vynnycky-high",9,49,"Tested",473.1
"South Africa","Vynnycky-high",9,50,"Enrolled",64.42
"South Africa","Vynnycky-high",9,50,"Tested",513.82
"South Africa","Vynnycky-high",9,51,"Enrolled",46.52
"South Africa","Vynnycky-high",9,51,"Tested",374.56
"South Africa","Vynnycky-high",9,52,"Enrolled",42.86
"South Africa","Vynnycky-high",9,52,"Tested",347.34
"South Africa","Vynnycky-high",9,53,"Enrolled",38.66
"South Africa","Vynnycky-high",9,53,"Tested",307.66
"South Africa","Vynnycky-high",9,54,"Enrolled",52.52
"South Africa","Vynnycky-high",9,54,"Tested",411.44
"South Africa","Vynnycky-high",9,55,"Enrolled",41.82
"South Africa","Vynnycky-high",9,55,"Tested",337.74
"South Africa","Vynnycky-high",9,56,"Enrolled",50.06
"South Africa","Vynnycky-high",9,56,"Tested",392.78
"South Africa","Vynnycky-high",9,57,"Enrolled",58.78
"South Africa","Vynnycky-high",9,57,"Tested",457.14
"South Africa","Vynnycky-high",9,58,"Enrolled",42.68
"South Africa","Vynnycky-high",9,58,"Tested",342.64
"South Africa","Vynnycky-high",9,59,"Enrolled",48.2
"South Africa","Vynnycky-high",9,59,"Tested",381.58
"South Africa","Vynnycky-high",9,60,"Enrolled",55.1
"South Africa","Vynnycky-high",9,60,"Tested",446.98
"South Africa","Vynnycky-high",9,61,"Enrolled",47.66
"South Africa","Vynnycky-high",9,61,"Tested",374.58
"South Africa","Vynnycky-high",9,62,"Enrolled",51.6
"South Africa","Vynnycky-high",9,62,"Tested",408.6
"South Africa","Vynnycky-high",9,63,"Enrolled",50.22
"South Africa","Vynnycky-high",9,63,"Tested",392.5
"South Africa","Vynnycky-high",9,64,"Enrolled",43.3
"South Africa","Vynnycky-high",9,64,"Tested",346.92
"South Africa","Vynnycky-high",9,65,"Enrolled",44.84
"South Africa","Vynnycky-high",9,65,"Tested",363.04
"South Africa","Vynnycky-high",9,66,"Enrolled",41.62
"South Africa","Vynnycky-high",9,66,"Tested",327.76
"South Africa","Vynnycky-high",9,67,"Enrolled",54.76
"South Africa","Vynnycky-high",9,67,"Tested",423.72
"South Africa","Vynnycky-high",9,68,"Enrolled",41.98
"South Africa","Vynnycky-high",9,68,"Tested",331.74
"South Africa","Vynnycky-high",9,69,"Enrolled",40.1
"South Africa","Vynnycky-high",9,69,"Tested",317.38
"South Africa","Vynnycky-high",9,70,"Enrolled",36.8
"South Africa","Vynnycky-high",9,70,"Tested",302.04
"South Africa","Vynnycky-high",9,71,"Enrolled",41.12
"South Africa","Vynnycky-high",9,71,"Tested",342.74
"South Africa","Vynnycky-high",9,72,"Enrolled",41.74
"South Africa","Vynnycky-high",9,72,"Tested",330.38
"South Africa","Vynnycky-high",9,73,"Enrolled",55.62
"South Africa","Vynnycky-high",9,73,"Tested",433.14
"South Africa","Vynnycky-high",9,74,"Enrolled",47.44
"South Africa","Vynnycky-high",9,74,"Tested",380.72
"South Africa","Vynnycky-high",9,75,"Enrolled",47.1
"South Africa","Vynnycky-high",9,75,"Tested",369.64
"South Africa","Vynnycky-high",9,76,"Enrolled",41.2
"South Africa","Vynnycky-high",9,76,"Tested",332.18
"South Africa","Vynnycky-high",9,77,"Enrolled",47.78
"South Africa","Vynnycky-high",9,77,"Tested",368.66
"South Africa","Vynnycky-high",9,78,"Enrolled",46.78
"South Africa","Vynnycky-high",9,78,"Tested",385.46
"South Africa","Vynnycky-high",9,79,"Enrolled",49.18
"South Africa","Vynnycky-high",9,79,"Tested",388.16
"South Africa","Vynnycky-high",9,80,"Enrolled",40.04
"South Africa","Vynnycky-high",9,80,"Tested",316.5
"South Africa","Vynnycky-high",9,81,"Enrolled",45.14
"South Africa","Vynnycky-high",9,81,"Tested",366.98
"South Africa","Vynnycky-high",9,82,"Enrolled",51.08
"South Africa","Vynnycky-high",9,82,"Tested",403.54
"South Africa","Vynnycky-high",9,83,"Enrolled",44.98
"South Africa","Vynnycky-high",9,83,"Tested",352.06
"South Africa","Vynnycky-high",9,84,"Enrolled",46.88
"South Africa","Vynnycky-high",9,84,"Tested",384.64
"South Africa","Vynnycky-high",9,85,"Enrolled",53.14
"South Africa","Vynnycky-high",9,85,"Tested",421.22
"South Africa","Vynnycky-high",9,86,"Enrolled",43.16
"South Africa","Vynnycky-high",9,86,"Tested",347.42
"South Africa","Vynnycky-high",9,87,"Enrolled",40.82
"South Africa","Vynnycky-high",9,87,"Tested",319.06
"South Africa","Vynnycky-high",9,88,"Enrolled",38.38
"South Africa","Vynnycky-high",9,88,"Tested",312.4
"South Africa","Vynnycky-high",9,89,"Enrolled",59.04
"South Africa","Vynnycky-high",9,89,"Tested",474.9
"South Africa","Vynnycky-high",9,90,"Enrolled",49.7
"South Africa","Vynnycky-high",9,90,"Tested",402.52
"South Africa","Vynnycky-high",9,91,"Enrolled",49.38
"South Africa","Vynnycky-high",9,91,"Tested",411.02
"South Africa","Vynnycky-high",9,92,"Enrolled",51.5
"South Africa","Vynnycky-high",9,92,"Tested",398.38
"South Africa","Vynnycky-high",9,93,"Enrolled",52.28
"South Africa","Vynnycky-high",9,93,"Tested",425.52
"South Africa","Vynnycky-high",9,94,"Enrolled",46.46
"South Africa","Vynnycky-high",9,94,"Tested",360.12
"South Africa","Vynnycky-high",9,95,"Enrolled",51.68
"South Africa","Vynnycky-high",9,95,"Tested",399.04
"South Africa","Vynnycky-high",9,96,"Enrolled",45.62
"South Africa","Vynnycky-high",9,96,"Tested",357.38
"South Africa","Vynnycky-high",9,97,"Enrolled",47.32
"South Africa","Vynnycky-high",9,97,"Tested",375.56
"South Africa","Vynnycky-high",9,98,"Enrolled",58.2
"South Africa","Vynnycky-high",9,98,"Tested",469.98
"South Africa","Vynnycky-high",9,99,"Enrolled",51.66
"South Africa","Vynnycky-high",9,99,"Tested",422.82
"South Africa","Vynnycky-high",9,100,"Enrolled",55.12
"South Africa","Vynnycky-high",9,100,"Tested",444.08
"South Africa","Vynnycky-high",10,1,"Enrolled",50
"South Africa","Vynnycky-high",10,1,"Tested",349.34
"South Africa","Vynnycky-high",10,2,"Enrolled",45.48
"South Africa","Vynnycky-high",10,2,"Tested",311.84
"South Africa","Vynnycky-high",10,3,"Enrolled",53.76
"South Africa","Vynnycky-high",10,3,"Tested",369.06
"South Africa","Vynnycky-high",10,4,"Enrolled",59.14
"South Africa","Vynnycky-high",10,4,"Tested",422.92
"South Africa","Vynnycky-high",10,5,"Enrolled",52.86
"South Africa","Vynnycky-high",10,5,"Tested",361.78
"South Africa","Vynnycky-high",10,6,"Enrolled",48.42
"South Africa","Vynnycky-high",10,6,"Tested",332.38
"South Africa","Vynnycky-high",10,7,"Enrolled",49
"South Africa","Vynnycky-high",10,7,"Tested",330.48
"South Africa","Vynnycky-high",10,8,"Enrolled",48.52
"South Africa","Vynnycky-high",10,8,"Tested",341.7
"South Africa","Vynnycky-high",10,9,"Enrolled",47.14
"South Africa","Vynnycky-high",10,9,"Tested",334.04
"South Africa","Vynnycky-high",10,10,"Enrolled",56.48
"South Africa","Vynnycky-high",10,10,"Tested",379.08
"South Africa","Vynnycky-high",10,11,"Enrolled",57.94
"South Africa","Vynnycky-high",10,11,"Tested",406.32
"South Africa","Vynnycky-high",10,12,"Enrolled",61.02
"South Africa","Vynnycky-high",10,12,"Tested",418.1
"South Africa","Vynnycky-high",10,13,"Enrolled",47.62
"South Africa","Vynnycky-high",10,13,"Tested",320.04
"South Africa","Vynnycky-high",10,14,"Enrolled",44.1
"South Africa","Vynnycky-high",10,14,"Tested",315.7
"South Africa","Vynnycky-high",10,15,"Enrolled",49.44
"South Africa","Vynnycky-high",10,15,"Tested",338.28
"South Africa","Vynnycky-high",10,16,"Enrolled",54.66
"South Africa","Vynnycky-high",10,16,"Tested",379.3
"South Africa","Vynnycky-high",10,17,"Enrolled",65.88
"South Africa","Vynnycky-high",10,17,"Tested",455.84
"South Africa","Vynnycky-high",10,18,"Enrolled",50.9
"South Africa","Vynnycky-high",10,18,"Tested",346.92
"South Africa","Vynnycky-high",10,19,"Enrolled",53.46
"South Africa","Vynnycky-high",10,19,"Tested",376.4
"South Africa","Vynnycky-high",10,20,"Enrolled",54.4
"South Africa","Vynnycky-high",10,20,"Tested",386.92
"South Africa","Vynnycky-high",10,21,"Enrolled",54.74
"South Africa","Vynnycky-high",10,21,"Tested",374.94
"South Africa","Vynnycky-high",10,22,"Enrolled",69.32
"South Africa","Vynnycky-high",10,22,"Tested",475.88
"South Africa","Vynnycky-high",10,23,"Enrolled",44.9
"South Africa","Vynnycky-high",10,23,"Tested",298.6
"South Africa","Vynnycky-high",10,24,"Enrolled",46.86
"South Africa","Vynnycky-high",10,24,"Tested",317
"South Africa","Vynnycky-high",10,25,"Enrolled",67.04
"South Africa","Vynnycky-high",10,25,"Tested",466.08
"South Africa","Vynnycky-high",10,26,"Enrolled",63.16
"South Africa","Vynnycky-high",10,26,"Tested",417.84
"South Africa","Vynnycky-high",10,27,"Enrolled",44.96
"South Africa","Vynnycky-high",10,27,"Tested",316.9
"South Africa","Vynnycky-high",10,28,"Enrolled",53.74
"South Africa","Vynnycky-high",10,28,"Tested",368.8
"South Africa","Vynnycky-high",10,29,"Enrolled",62.86
"South Africa","Vynnycky-high",10,29,"Tested",432.54
"South Africa","Vynnycky-high",10,30,"Enrolled",57.66
"South Africa","Vynnycky-high",10,30,"Tested",401.3
"South Africa","Vynnycky-high",10,31,"Enrolled",37.44
"South Africa","Vynnycky-high",10,31,"Tested",246.94
"South Africa","Vynnycky-high",10,32,"Enrolled",51.78
"South Africa","Vynnycky-high",10,32,"Tested",354.38
"South Africa","Vynnycky-high",10,33,"Enrolled",52.38
"South Africa","Vynnycky-high",10,33,"Tested",354.94
"South Africa","Vynnycky-high",10,34,"Enrolled",49.66
"South Africa","Vynnycky-high",10,34,"Tested",350.28
"South Africa","Vynnycky-high",10,35,"Enrolled",66.48
"South Africa","Vynnycky-high",10,35,"Tested",461.42
"South Africa","Vynnycky-high",10,36,"Enrolled",41.4
"South Africa","Vynnycky-high",10,36,"Tested",286.52
"South Africa","Vynnycky-high",10,37,"Enrolled",54.82
"South Africa","Vynnycky-high",10,37,"Tested",385.14
"South Africa","Vynnycky-high",10,38,"Enrolled",53.86
"South Africa","Vynnycky-high",10,38,"Tested",367.64
"South Africa","Vynnycky-high",10,39,"Enrolled",46.1
"South Africa","Vynnycky-high",10,39,"Tested",329.52
"South Africa","Vynnycky-high",10,40,"Enrolled",47.38
"South Africa","Vynnycky-high",10,40,"Tested",332.6
"South Africa","Vynnycky-high",10,41,"Enrolled",51.74
"South Africa","Vynnycky-high",10,41,"Tested",353
"South Africa","Vynnycky-high",10,42,"Enrolled",50.96
"South Africa","Vynnycky-high",10,42,"Tested",350.82
"South Africa","Vynnycky-high",10,43,"Enrolled",64.48
"South Africa","Vynnycky-high",10,43,"Tested",434.08
"South Africa","Vynnycky-high",10,44,"Enrolled",54.7
"South Africa","Vynnycky-high",10,44,"Tested",381.7
"South Africa","Vynnycky-high",10,45,"Enrolled",66.32
"South Africa","Vynnycky-high",10,45,"Tested",454.28
"South Africa","Vynnycky-high",10,46,"Enrolled",49.66
"South Africa","Vynnycky-high",10,46,"Tested",343.06
"South Africa","Vynnycky-high",10,47,"Enrolled",51.9
"South Africa","Vynnycky-high",10,47,"Tested",366.84
"South Africa","Vynnycky-high",10,48,"Enrolled",50.64
"South Africa","Vynnycky-high",10,48,"Tested",353.1
"South Africa","Vynnycky-high",10,49,"Enrolled",51.26
"South Africa","Vynnycky-high",10,49,"Tested",350.3
"South Africa","Vynnycky-high",10,50,"Enrolled",56.52
"South Africa","Vynnycky-high",10,50,"Tested",391.34
"South Africa","Vynnycky-high",10,51,"Enrolled",48.28
"South Africa","Vynnycky-high",10,51,"Tested",331.66
"South Africa","Vynnycky-high",10,52,"Enrolled",58.46
"South Africa","Vynnycky-high",10,52,"Tested",401.92
"South Africa","Vynnycky-high",10,53,"Enrolled",49.12
"South Africa","Vynnycky-high",10,53,"Tested",339.5
"South Africa","Vynnycky-high",10,54,"Enrolled",63.28
"South Africa","Vynnycky-high",10,54,"Tested",452.04
"South Africa","Vynnycky-high",10,55,"Enrolled",48.88
"South Africa","Vynnycky-high",10,55,"Tested",342.16
"South Africa","Vynnycky-high",10,56,"Enrolled",62.02
"South Africa","Vynnycky-high",10,56,"Tested",432.38
"South Africa","Vynnycky-high",10,57,"Enrolled",67.4
"South Africa","Vynnycky-high",10,57,"Tested",466.58
"South Africa","Vynnycky-high",10,58,"Enrolled",56.04
"South Africa","Vynnycky-high",10,58,"Tested",386.74
"South Africa","Vynnycky-high",10,59,"Enrolled",40.6
"South Africa","Vynnycky-high",10,59,"Tested",280.6
"South Africa","Vynnycky-high",10,60,"Enrolled",58.76
"South Africa","Vynnycky-high",10,60,"Tested",406.88
"South Africa","Vynnycky-high",10,61,"Enrolled",56.78
"South Africa","Vynnycky-high",10,61,"Tested",390.8
"South Africa","Vynnycky-high",10,62,"Enrolled",47.18
"South Africa","Vynnycky-high",10,62,"Tested",315.12
"South Africa","Vynnycky-high",10,63,"Enrolled",45.52
"South Africa","Vynnycky-high",10,63,"Tested",318.54
"South Africa","Vynnycky-high",10,64,"Enrolled",58.26
"South Africa","Vynnycky-high",10,64,"Tested",399.62
"South Africa","Vynnycky-high",10,65,"Enrolled",54.34
"South Africa","Vynnycky-high",10,65,"Tested",375.44
"South Africa","Vynnycky-high",10,66,"Enrolled",47.38
"South Africa","Vynnycky-high",10,66,"Tested",330.48
"South Africa","Vynnycky-high",10,67,"Enrolled",59.82
"South Africa","Vynnycky-high",10,67,"Tested",410.48
"South Africa","Vynnycky-high",10,68,"Enrolled",52.08
"South Africa","Vynnycky-high",10,68,"Tested",344.52
"South Africa","Vynnycky-high",10,69,"Enrolled",56.38
"South Africa","Vynnycky-high",10,69,"Tested",388.88
"South Africa","Vynnycky-high",10,70,"Enrolled",48.24
"South Africa","Vynnycky-high",10,70,"Tested",330.06
"South Africa","Vynnycky-high",10,71,"Enrolled",52.74
"South Africa","Vynnycky-high",10,71,"Tested",374.8
"South Africa","Vynnycky-high",10,72,"Enrolled",56.18
"South Africa","Vynnycky-high",10,72,"Tested",388.2
"South Africa","Vynnycky-high",10,73,"Enrolled",51.46
"South Africa","Vynnycky-high",10,73,"Tested",349.3
"South Africa","Vynnycky-high",10,74,"Enrolled",37.36
"South Africa","Vynnycky-high",10,74,"Tested",266.62
"South Africa","Vynnycky-high",10,75,"Enrolled",52.62
"South Africa","Vynnycky-high",10,75,"Tested",361.08
"South Africa","Vynnycky-high",10,76,"Enrolled",53.82
"South Africa","Vynnycky-high",10,76,"Tested",373.02
"South Africa","Vynnycky-high",10,77,"Enrolled",56.7
"South Africa","Vynnycky-high",10,77,"Tested",370.46
"South Africa","Vynnycky-high",10,78,"Enrolled",46.12
"South Africa","Vynnycky-high",10,78,"Tested",314.2
"South Africa","Vynnycky-high",10,79,"Enrolled",59.86
"South Africa","Vynnycky-high",10,79,"Tested",428.4
"South Africa","Vynnycky-high",10,80,"Enrolled",54.54
"South Africa","Vynnycky-high",10,80,"Tested",371.9
"South Africa","Vynnycky-high",10,81,"Enrolled",54.38
"South Africa","Vynnycky-high",10,81,"Tested",385.94
"South Africa","Vynnycky-high",10,82,"Enrolled",55.8
"South Africa","Vynnycky-high",10,82,"Tested",376.68
"South Africa","Vynnycky-high",10,83,"Enrolled",53.32
"South Africa","Vynnycky-high",10,83,"Tested",357.5
"South Africa","Vynnycky-high",10,84,"Enrolled",57.88
"South Africa","Vynnycky-high",10,84,"Tested",410
"South Africa","Vynnycky-high",10,85,"Enrolled",57.28
"South Africa","Vynnycky-high",10,85,"Tested",405.44
"South Africa","Vynnycky-high",10,86,"Enrolled",59.12
"South Africa","Vynnycky-high",10,86,"Tested",416.44
"South Africa","Vynnycky-high",10,87,"Enrolled",42.1
"South Africa","Vynnycky-high",10,87,"Tested",291.84
"South Africa","Vynnycky-high",10,88,"Enrolled",54.48
"South Africa","Vynnycky-high",10,88,"Tested",378.26
"South Africa","Vynnycky-high",10,89,"Enrolled",60.08
"South Africa","Vynnycky-high",10,89,"Tested",422.56
"South Africa","Vynnycky-high",10,90,"Enrolled",50.68
"South Africa","Vynnycky-high",10,90,"Tested",357.62
"South Africa","Vynnycky-high",10,91,"Enrolled",50.72
"South Africa","Vynnycky-high",10,91,"Tested",348.96
"South Africa","Vynnycky-high",10,92,"Enrolled",49.38
"South Africa","Vynnycky-high",10,92,"Tested",346.7
"South Africa","Vynnycky-high",10,93,"Enrolled",57.94
"South Africa","Vynnycky-high",10,93,"Tested",391.26
"South Africa","Vynnycky-high",10,94,"Enrolled",57.66
"South Africa","Vynnycky-high",10,94,"Tested",392.1
"South Africa","Vynnycky-high",10,95,"Enrolled",47.96
"South Africa","Vynnycky-high",10,95,"Tested",330.42
"South Africa","Vynnycky-high",10,96,"Enrolled",66.6
"South Africa","Vynnycky-high",10,96,"Tested",459.88
"South Africa","Vynnycky-high",10,97,"Enrolled",59.5
"South Africa","Vynnycky-high",10,97,"Tested",409.66
"South Africa","Vynnycky-high",10,98,"Enrolled",59.74
"South Africa","Vynnycky-high",10,98,"Tested",405.42
"South Africa","Vynnycky-high",10,99,"Enrolled",44.96
"South Africa","Vynnycky-high",10,99,"Tested",314.4
"South Africa","Vynnycky-high",10,100,"Enrolled",47.92
"South Africa","Vynnycky-high",10,100,"Tested",323.18
"South Africa","Vynnycky-high",15,1,"Enrolled",83.32
"South Africa","Vynnycky-high",15,1,"Tested",337.94
"South Africa","Vynnycky-high",15,2,"Enrolled",56.64
"South Africa","Vynnycky-high",15,2,"Tested",218.96
"South Africa","Vynnycky-high",15,3,"Enrolled",64.52
"South Africa","Vynnycky-high",15,3,"Tested",257.94
"South Africa","Vynnycky-high",15,4,"Enrolled",91.42
"South Africa","Vynnycky-high",15,4,"Tested",360.7
"South Africa","Vynnycky-high",15,5,"Enrolled",72.18
"South Africa","Vynnycky-high",15,5,"Tested",294.42
"South Africa","Vynnycky-high",15,6,"Enrolled",69.74
"South Africa","Vynnycky-high",15,6,"Tested",280.5
"South Africa","Vynnycky-high",15,7,"Enrolled",68.86
"South Africa","Vynnycky-high",15,7,"Tested",270.9
"South Africa","Vynnycky-high",15,8,"Enrolled",68.36
"South Africa","Vynnycky-high",15,8,"Tested",274.04
"South Africa","Vynnycky-high",15,9,"Enrolled",66.42
"South Africa","Vynnycky-high",15,9,"Tested",262.06
"South Africa","Vynnycky-high",15,10,"Enrolled",70.9
"South Africa","Vynnycky-high",15,10,"Tested",278.4
"South Africa","Vynnycky-high",15,11,"Enrolled",70.96
"South Africa","Vynnycky-high",15,11,"Tested",283.94
"South Africa","Vynnycky-high",15,12,"Enrolled",57.46
"South Africa","Vynnycky-high",15,12,"Tested",230.58
"South Africa","Vynnycky-high",15,13,"Enrolled",81.18
"South Africa","Vynnycky-high",15,13,"Tested",322.8
"South Africa","Vynnycky-high",15,14,"Enrolled",62.4
"South Africa","Vynnycky-high",15,14,"Tested",254.32
"South Africa","Vynnycky-high",15,15,"Enrolled",62.38
"South Africa","Vynnycky-high",15,15,"Tested",251.88
"South Africa","Vynnycky-high",15,16,"Enrolled",74.74
"South Africa","Vynnycky-high",15,16,"Tested",310.3
"South Africa","Vynnycky-high",15,17,"Enrolled",68.72
"South Africa","Vynnycky-high",15,17,"Tested",276.24
"South Africa","Vynnycky-high",15,18,"Enrolled",61.7
"South Africa","Vynnycky-high",15,18,"Tested",245.18
"South Africa","Vynnycky-high",15,19,"Enrolled",78.2
"South Africa","Vynnycky-high",15,19,"Tested",315.2
"South Africa","Vynnycky-high",15,20,"Enrolled",85.94
"South Africa","Vynnycky-high",15,20,"Tested",341.32
"South Africa","Vynnycky-high",15,21,"Enrolled",43.94
"South Africa","Vynnycky-high",15,21,"Tested",174.6
"South Africa","Vynnycky-high",15,22,"Enrolled",69.54
"South Africa","Vynnycky-high",15,22,"Tested",284.06
"South Africa","Vynnycky-high",15,23,"Enrolled",54.34
"South Africa","Vynnycky-high",15,23,"Tested",223.76
"South Africa","Vynnycky-high",15,24,"Enrolled",63.86
"South Africa","Vynnycky-high",15,24,"Tested",252.18
"South Africa","Vynnycky-high",15,25,"Enrolled",60.72
"South Africa","Vynnycky-high",15,25,"Tested",246.48
"South Africa","Vynnycky-high",15,26,"Enrolled",82.12
"South Africa","Vynnycky-high",15,26,"Tested",333.98
"South Africa","Vynnycky-high",15,27,"Enrolled",50.04
"South Africa","Vynnycky-high",15,27,"Tested",202.68
"South Africa","Vynnycky-high",15,28,"Enrolled",75.12
"South Africa","Vynnycky-high",15,28,"Tested",300.64
"South Africa","Vynnycky-high",15,29,"Enrolled",71.02
"South Africa","Vynnycky-high",15,29,"Tested",281.88
"South Africa","Vynnycky-high",15,30,"Enrolled",90.88
"South Africa","Vynnycky-high",15,30,"Tested",366.1
"South Africa","Vynnycky-high",15,31,"Enrolled",80.26
"South Africa","Vynnycky-high",15,31,"Tested",320.04
"South Africa","Vynnycky-high",15,32,"Enrolled",47
"South Africa","Vynnycky-high",15,32,"Tested",191.36
"South Africa","Vynnycky-high",15,33,"Enrolled",47.2
"South Africa","Vynnycky-high",15,33,"Tested",183.7
"South Africa","Vynnycky-high",15,34,"Enrolled",56.38
"South Africa","Vynnycky-high",15,34,"Tested",229.42
"South Africa","Vynnycky-high",15,35,"Enrolled",58.66
"South Africa","Vynnycky-high",15,35,"Tested",231.64
"South Africa","Vynnycky-high",15,36,"Enrolled",70.78
"South Africa","Vynnycky-high",15,36,"Tested",282.56
"South Africa","Vynnycky-high",15,37,"Enrolled",63.34
"South Africa","Vynnycky-high",15,37,"Tested",251.08
"South Africa","Vynnycky-high",15,38,"Enrolled",65.78
"South Africa","Vynnycky-high",15,38,"Tested",261.72
"South Africa","Vynnycky-high",15,39,"Enrolled",63.92
"South Africa","Vynnycky-high",15,39,"Tested",260.72
"South Africa","Vynnycky-high",15,40,"Enrolled",66.16
"South Africa","Vynnycky-high",15,40,"Tested",269.34
"South Africa","Vynnycky-high",15,41,"Enrolled",73.32
"South Africa","Vynnycky-high",15,41,"Tested",302.5
"South Africa","Vynnycky-high",15,42,"Enrolled",71.58
"South Africa","Vynnycky-high",15,42,"Tested",296.04
"South Africa","Vynnycky-high",15,43,"Enrolled",58.62
"South Africa","Vynnycky-high",15,43,"Tested",238.64
"South Africa","Vynnycky-high",15,44,"Enrolled",64.98
"South Africa","Vynnycky-high",15,44,"Tested",266.5
"South Africa","Vynnycky-high",15,45,"Enrolled",79.1
"South Africa","Vynnycky-high",15,45,"Tested",321
"South Africa","Vynnycky-high",15,46,"Enrolled",79.04
"South Africa","Vynnycky-high",15,46,"Tested",324.8
"South Africa","Vynnycky-high",15,47,"Enrolled",83.32
"South Africa","Vynnycky-high",15,47,"Tested",332.38
"South Africa","Vynnycky-high",15,48,"Enrolled",73.92
"South Africa","Vynnycky-high",15,48,"Tested",292.82
"South Africa","Vynnycky-high",15,49,"Enrolled",58.94
"South Africa","Vynnycky-high",15,49,"Tested",236.4
"South Africa","Vynnycky-high",15,50,"Enrolled",69.88
"South Africa","Vynnycky-high",15,50,"Tested",278.6
"South Africa","Vynnycky-high",15,51,"Enrolled",58.98
"South Africa","Vynnycky-high",15,51,"Tested",236.48
"South Africa","Vynnycky-high",15,52,"Enrolled",68.68
"South Africa","Vynnycky-high",15,52,"Tested",274.18
"South Africa","Vynnycky-high",15,53,"Enrolled",65.5
"South Africa","Vynnycky-high",15,53,"Tested",261.5
"South Africa","Vynnycky-high",15,54,"Enrolled",90.4
"South Africa","Vynnycky-high",15,54,"Tested",367.28
"South Africa","Vynnycky-high",15,55,"Enrolled",70.5
"South Africa","Vynnycky-high",15,55,"Tested",289.56
"South Africa","Vynnycky-high",15,56,"Enrolled",64.82
"South Africa","Vynnycky-high",15,56,"Tested",262.82
"South Africa","Vynnycky-high",15,57,"Enrolled",61.34
"South Africa","Vynnycky-high",15,57,"Tested",251.86
"South Africa","Vynnycky-high",15,58,"Enrolled",79.06
"South Africa","Vynnycky-high",15,58,"Tested",322.3
"South Africa","Vynnycky-high",15,59,"Enrolled",78.88
"South Africa","Vynnycky-high",15,59,"Tested",316.1
"South Africa","Vynnycky-high",15,60,"Enrolled",73.3
"South Africa","Vynnycky-high",15,60,"Tested",291.18
"South Africa","Vynnycky-high",15,61,"Enrolled",80.2
"South Africa","Vynnycky-high",15,61,"Tested",324.08
"South Africa","Vynnycky-high",15,62,"Enrolled",82.02
"South Africa","Vynnycky-high",15,62,"Tested",327.46
"South Africa","Vynnycky-high",15,63,"Enrolled",71.5
"South Africa","Vynnycky-high",15,63,"Tested",286.78
"South Africa","Vynnycky-high",15,64,"Enrolled",80.2
"South Africa","Vynnycky-high",15,64,"Tested",327.38
"South Africa","Vynnycky-high",15,65,"Enrolled",70.08
"South Africa","Vynnycky-high",15,65,"Tested",277.08
"South Africa","Vynnycky-high",15,66,"Enrolled",49.98
"South Africa","Vynnycky-high",15,66,"Tested",197.82
"South Africa","Vynnycky-high",15,67,"Enrolled",61.84
"South Africa","Vynnycky-high",15,67,"Tested",253.88
"South Africa","Vynnycky-high",15,68,"Enrolled",73.42
"South Africa","Vynnycky-high",15,68,"Tested",293.16
"South Africa","Vynnycky-high",15,69,"Enrolled",82.28
"South Africa","Vynnycky-high",15,69,"Tested",331.82
"South Africa","Vynnycky-high",15,70,"Enrolled",64.96
"South Africa","Vynnycky-high",15,70,"Tested",264.94
"South Africa","Vynnycky-high",15,71,"Enrolled",55.96
"South Africa","Vynnycky-high",15,71,"Tested",221.98
"South Africa","Vynnycky-high",15,72,"Enrolled",79.7
"South Africa","Vynnycky-high",15,72,"Tested",316.52
"South Africa","Vynnycky-high",15,73,"Enrolled",60.98
"South Africa","Vynnycky-high",15,73,"Tested",246.16
"South Africa","Vynnycky-high",15,74,"Enrolled",73.12
"South Africa","Vynnycky-high",15,74,"Tested",294.94
"South Africa","Vynnycky-high",15,75,"Enrolled",72.34
"South Africa","Vynnycky-high",15,75,"Tested",295.64
"South Africa","Vynnycky-high",15,76,"Enrolled",67.22
"South Africa","Vynnycky-high",15,76,"Tested",274.48
"South Africa","Vynnycky-high",15,77,"Enrolled",75.74
"South Africa","Vynnycky-high",15,77,"Tested",308.46
"South Africa","Vynnycky-high",15,78,"Enrolled",67.12
"South Africa","Vynnycky-high",15,78,"Tested",269.84
"South Africa","Vynnycky-high",15,79,"Enrolled",68.66
"South Africa","Vynnycky-high",15,79,"Tested",281.18
"South Africa","Vynnycky-high",15,80,"Enrolled",62.08
"South Africa","Vynnycky-high",15,80,"Tested",248.86
"South Africa","Vynnycky-high",15,81,"Enrolled",68.88
"South Africa","Vynnycky-high",15,81,"Tested",279.36
"South Africa","Vynnycky-high",15,82,"Enrolled",72.02
"South Africa","Vynnycky-high",15,82,"Tested",287.78
"South Africa","Vynnycky-high",15,83,"Enrolled",71.4
"South Africa","Vynnycky-high",15,83,"Tested",292.32
"South Africa","Vynnycky-high",15,84,"Enrolled",67.56
"South Africa","Vynnycky-high",15,84,"Tested",276.54
"South Africa","Vynnycky-high",15,85,"Enrolled",51.02
"South Africa","Vynnycky-high",15,85,"Tested",203.86
"South Africa","Vynnycky-high",15,86,"Enrolled",79.12
"South Africa","Vynnycky-high",15,86,"Tested",319.72
"South Africa","Vynnycky-high",15,87,"Enrolled",67.14
"South Africa","Vynnycky-high",15,87,"Tested",278.72
"South Africa","Vynnycky-high",15,88,"Enrolled",83.88
"South Africa","Vynnycky-high",15,88,"Tested",343.42
"South Africa","Vynnycky-high",15,89,"Enrolled",56.42
"South Africa","Vynnycky-high",15,89,"Tested",233.28
"South Africa","Vynnycky-high",15,90,"Enrolled",44.6
"South Africa","Vynnycky-high",15,90,"Tested",180.34
"South Africa","Vynnycky-high",15,91,"Enrolled",81.92
"South Africa","Vynnycky-high",15,91,"Tested",322.54
"South Africa","Vynnycky-high",15,92,"Enrolled",74.68
"South Africa","Vynnycky-high",15,92,"Tested",301.28
"South Africa","Vynnycky-high",15,93,"Enrolled",70.32
"South Africa","Vynnycky-high",15,93,"Tested",284.74
"South Africa","Vynnycky-high",15,94,"Enrolled",67.28
"South Africa","Vynnycky-high",15,94,"Tested",275.1
"South Africa","Vynnycky-high",15,95,"Enrolled",73.98
"South Africa","Vynnycky-high",15,95,"Tested",304.82
"South Africa","Vynnycky-high",15,96,"Enrolled",61.78
"South Africa","Vynnycky-high",15,96,"Tested",246.4
"South Africa","Vynnycky-high",15,97,"Enrolled",71.98
"South Africa","Vynnycky-high",15,97,"Tested",291.66
"South Africa","Vynnycky-high",15,98,"Enrolled",61.72
"South Africa","Vynnycky-high",15,98,"Tested",249.74
"South Africa","Vynnycky-high",15,99,"Enrolled",67.36
"South Africa","Vynnycky-high",15,99,"Tested",270.34
"South Africa","Vynnycky-high",15,100,"Enrolled",46.66
"South Africa","Vynnycky-high",15,100,"Tested",189.26
"South Africa","Vynnycky-high",20,1,"Enrolled",94.42
"South Africa","Vynnycky-high",20,1,"Tested",263.44
"South Africa","Vynnycky-high",20,2,"Enrolled",60.24
"South Africa","Vynnycky-high",20,2,"Tested",169.18
"South Africa","Vynnycky-high",20,3,"Enrolled",66.62
"South Africa","Vynnycky-high",20,3,"Tested",185.44
"South Africa","Vynnycky-high",20,4,"Enrolled",91.16
"South Africa","Vynnycky-high",20,4,"Tested",251.08
"South Africa","Vynnycky-high",20,5,"Enrolled",69.62
"South Africa","Vynnycky-high",20,5,"Tested",196.24
"South Africa","Vynnycky-high",20,6,"Enrolled",83.88
"South Africa","Vynnycky-high",20,6,"Tested",234.68
"South Africa","Vynnycky-high",20,7,"Enrolled",86.6
"South Africa","Vynnycky-high",20,7,"Tested",238.34
"South Africa","Vynnycky-high",20,8,"Enrolled",81.62
"South Africa","Vynnycky-high",20,8,"Tested",230.2
"South Africa","Vynnycky-high",20,9,"Enrolled",74.7
"South Africa","Vynnycky-high",20,9,"Tested",208.36
"South Africa","Vynnycky-high",20,10,"Enrolled",81.66
"South Africa","Vynnycky-high",20,10,"Tested",231.52
"South Africa","Vynnycky-high",20,11,"Enrolled",92.7
"South Africa","Vynnycky-high",20,11,"Tested",260.44
"South Africa","Vynnycky-high",20,12,"Enrolled",71.96
"South Africa","Vynnycky-high",20,12,"Tested",197.22
"South Africa","Vynnycky-high",20,13,"Enrolled",77.08
"South Africa","Vynnycky-high",20,13,"Tested",216.98
"South Africa","Vynnycky-high",20,14,"Enrolled",78.08
"South Africa","Vynnycky-high",20,14,"Tested",211.14
"South Africa","Vynnycky-high",20,15,"Enrolled",87.66
"South Africa","Vynnycky-high",20,15,"Tested",248.2
"South Africa","Vynnycky-high",20,16,"Enrolled",90.58
"South Africa","Vynnycky-high",20,16,"Tested",258.24
"South Africa","Vynnycky-high",20,17,"Enrolled",78.8
"South Africa","Vynnycky-high",20,17,"Tested",222.28
"South Africa","Vynnycky-high",20,18,"Enrolled",74.28
"South Africa","Vynnycky-high",20,18,"Tested",206.36
"South Africa","Vynnycky-high",20,19,"Enrolled",91.58
"South Africa","Vynnycky-high",20,19,"Tested",255.72
"South Africa","Vynnycky-high",20,20,"Enrolled",77.84
"South Africa","Vynnycky-high",20,20,"Tested",215.94
"South Africa","Vynnycky-high",20,21,"Enrolled",63.22
"South Africa","Vynnycky-high",20,21,"Tested",174.06
"South Africa","Vynnycky-high",20,22,"Enrolled",81.46
"South Africa","Vynnycky-high",20,22,"Tested",230.08
"South Africa","Vynnycky-high",20,23,"Enrolled",82.72
"South Africa","Vynnycky-high",20,23,"Tested",233.82
"South Africa","Vynnycky-high",20,24,"Enrolled",74.6
"South Africa","Vynnycky-high",20,24,"Tested",211.32
"South Africa","Vynnycky-high",20,25,"Enrolled",88.56
"South Africa","Vynnycky-high",20,25,"Tested",250.22
"South Africa","Vynnycky-high",20,26,"Enrolled",88.64
"South Africa","Vynnycky-high",20,26,"Tested",249.8
"South Africa","Vynnycky-high",20,27,"Enrolled",67.58
"South Africa","Vynnycky-high",20,27,"Tested",187.8
"South Africa","Vynnycky-high",20,28,"Enrolled",87.54
"South Africa","Vynnycky-high",20,28,"Tested",240.46
"South Africa","Vynnycky-high",20,29,"Enrolled",100.52
"South Africa","Vynnycky-high",20,29,"Tested",284.36
"South Africa","Vynnycky-high",20,30,"Enrolled",81.34
"South Africa","Vynnycky-high",20,30,"Tested",228.36
"South Africa","Vynnycky-high",20,31,"Enrolled",83.36
"South Africa","Vynnycky-high",20,31,"Tested",236.46
"South Africa","Vynnycky-high",20,32,"Enrolled",73.12
"South Africa","Vynnycky-high",20,32,"Tested",203.3
"South Africa","Vynnycky-high",20,33,"Enrolled",80.78
"South Africa","Vynnycky-high",20,33,"Tested",224.48
"South Africa","Vynnycky-high",20,34,"Enrolled",77.7
"South Africa","Vynnycky-high",20,34,"Tested",215.42
"South Africa","Vynnycky-high",20,35,"Enrolled",52.6
"South Africa","Vynnycky-high",20,35,"Tested",145.72
"South Africa","Vynnycky-high",20,36,"Enrolled",80.58
"South Africa","Vynnycky-high",20,36,"Tested",224.78
"South Africa","Vynnycky-high",20,37,"Enrolled",95.88
"South Africa","Vynnycky-high",20,37,"Tested",265.36
"South Africa","Vynnycky-high",20,38,"Enrolled",95.48
"South Africa","Vynnycky-high",20,38,"Tested",274.52
"South Africa","Vynnycky-high",20,39,"Enrolled",86.84
"South Africa","Vynnycky-high",20,39,"Tested",242.76
"South Africa","Vynnycky-high",20,40,"Enrolled",100.34
"South Africa","Vynnycky-high",20,40,"Tested",284.52
"South Africa","Vynnycky-high",20,41,"Enrolled",62.22
"South Africa","Vynnycky-high",20,41,"Tested",173.22
"South Africa","Vynnycky-high",20,42,"Enrolled",71.78
"South Africa","Vynnycky-high",20,42,"Tested",200.7
"South Africa","Vynnycky-high",20,43,"Enrolled",69.2
"South Africa","Vynnycky-high",20,43,"Tested",192.76
"South Africa","Vynnycky-high",20,44,"Enrolled",91.1
"South Africa","Vynnycky-high",20,44,"Tested",255.1
"South Africa","Vynnycky-high",20,45,"Enrolled",63.26
"South Africa","Vynnycky-high",20,45,"Tested",176.62
"South Africa","Vynnycky-high",20,46,"Enrolled",59.86
"South Africa","Vynnycky-high",20,46,"Tested",168.26
"South Africa","Vynnycky-high",20,47,"Enrolled",88.34
"South Africa","Vynnycky-high",20,47,"Tested",245.06
"South Africa","Vynnycky-high",20,48,"Enrolled",68.6
"South Africa","Vynnycky-high",20,48,"Tested",188.82
"South Africa","Vynnycky-high",20,49,"Enrolled",81.58
"South Africa","Vynnycky-high",20,49,"Tested",229.64
"South Africa","Vynnycky-high",20,50,"Enrolled",75.76
"South Africa","Vynnycky-high",20,50,"Tested",212.7
"South Africa","Vynnycky-high",20,51,"Enrolled",80.24
"South Africa","Vynnycky-high",20,51,"Tested",227.7
"South Africa","Vynnycky-high",20,52,"Enrolled",81.78
"South Africa","Vynnycky-high",20,52,"Tested",227.48
"South Africa","Vynnycky-high",20,53,"Enrolled",65.52
"South Africa","Vynnycky-high",20,53,"Tested",185.36
"South Africa","Vynnycky-high",20,54,"Enrolled",46.12
"South Africa","Vynnycky-high",20,54,"Tested",132.34
"South Africa","Vynnycky-high",20,55,"Enrolled",73.12
"South Africa","Vynnycky-high",20,55,"Tested",205.46
"South Africa","Vynnycky-high",20,56,"Enrolled",94.76
"South Africa","Vynnycky-high",20,56,"Tested",263.7
"South Africa","Vynnycky-high",20,57,"Enrolled",69.72
"South Africa","Vynnycky-high",20,57,"Tested",197.16
"South Africa","Vynnycky-high",20,58,"Enrolled",91.3
"South Africa","Vynnycky-high",20,58,"Tested",253.18
"South Africa","Vynnycky-high",20,59,"Enrolled",93.24
"South Africa","Vynnycky-high",20,59,"Tested",262.58
"South Africa","Vynnycky-high",20,60,"Enrolled",91.56
"South Africa","Vynnycky-high",20,60,"Tested",257.82
"South Africa","Vynnycky-high",20,61,"Enrolled",57.34
"South Africa","Vynnycky-high",20,61,"Tested",161.68
"South Africa","Vynnycky-high",20,62,"Enrolled",69.98
"South Africa","Vynnycky-high",20,62,"Tested",197.72
"South Africa","Vynnycky-high",20,63,"Enrolled",83.12
"South Africa","Vynnycky-high",20,63,"Tested",230.52
"South Africa","Vynnycky-high",20,64,"Enrolled",107.08
"South Africa","Vynnycky-high",20,64,"Tested",301.38
"South Africa","Vynnycky-high",20,65,"Enrolled",69.22
"South Africa","Vynnycky-high",20,65,"Tested",191.7
"South Africa","Vynnycky-high",20,66,"Enrolled",78.14
"South Africa","Vynnycky-high",20,66,"Tested",214.4
"South Africa","Vynnycky-high",20,67,"Enrolled",95.1
"South Africa","Vynnycky-high",20,67,"Tested",265
"South Africa","Vynnycky-high",20,68,"Enrolled",82.96
"South Africa","Vynnycky-high",20,68,"Tested",230.2
"South Africa","Vynnycky-high",20,69,"Enrolled",80.02
"South Africa","Vynnycky-high",20,69,"Tested",223.84
"South Africa","Vynnycky-high",20,70,"Enrolled",69.58
"South Africa","Vynnycky-high",20,70,"Tested",200.28
"South Africa","Vynnycky-high",20,71,"Enrolled",67.9
"South Africa","Vynnycky-high",20,71,"Tested",195.2
"South Africa","Vynnycky-high",20,72,"Enrolled",67.94
"South Africa","Vynnycky-high",20,72,"Tested",188.06
"South Africa","Vynnycky-high",20,73,"Enrolled",55.88
"South Africa","Vynnycky-high",20,73,"Tested",155.56
"South Africa","Vynnycky-high",20,74,"Enrolled",71.58
"South Africa","Vynnycky-high",20,74,"Tested",202.22
"South Africa","Vynnycky-high",20,75,"Enrolled",67.38
"South Africa","Vynnycky-high",20,75,"Tested",189.94
"South Africa","Vynnycky-high",20,76,"Enrolled",71.58
"South Africa","Vynnycky-high",20,76,"Tested",198.28
"South Africa","Vynnycky-high",20,77,"Enrolled",95.86
"South Africa","Vynnycky-high",20,77,"Tested",264.5
"South Africa","Vynnycky-high",20,78,"Enrolled",91.3
"South Africa","Vynnycky-high",20,78,"Tested",255.16
"South Africa","Vynnycky-high",20,79,"Enrolled",74.7
"South Africa","Vynnycky-high",20,79,"Tested",204.96
"South Africa","Vynnycky-high",20,80,"Enrolled",116.72
"South Africa","Vynnycky-high",20,80,"Tested",330.24
"South Africa","Vynnycky-high",20,81,"Enrolled",79.28
"South Africa","Vynnycky-high",20,81,"Tested",219.72
"South Africa","Vynnycky-high",20,82,"Enrolled",69.3
"South Africa","Vynnycky-high",20,82,"Tested",191.62
"South Africa","Vynnycky-high",20,83,"Enrolled",57.62
"South Africa","Vynnycky-high",20,83,"Tested",160.44
"South Africa","Vynnycky-high",20,84,"Enrolled",69.2
"South Africa","Vynnycky-high",20,84,"Tested",189.92
"South Africa","Vynnycky-high",20,85,"Enrolled",80.86
"South Africa","Vynnycky-high",20,85,"Tested",226.42
"South Africa","Vynnycky-high",20,86,"Enrolled",63.84
"South Africa","Vynnycky-high",20,86,"Tested",174.62
"South Africa","Vynnycky-high",20,87,"Enrolled",71.68
"South Africa","Vynnycky-high",20,87,"Tested",198.22
"South Africa","Vynnycky-high",20,88,"Enrolled",69.56
"South Africa","Vynnycky-high",20,88,"Tested",195.62
"South Africa","Vynnycky-high",20,89,"Enrolled",92.7
"South Africa","Vynnycky-high",20,89,"Tested",257.68
"South Africa","Vynnycky-high",20,90,"Enrolled",51.74
"South Africa","Vynnycky-high",20,90,"Tested",144.74
"South Africa","Vynnycky-high",20,91,"Enrolled",66.02
"South Africa","Vynnycky-high",20,91,"Tested",184.22
"South Africa","Vynnycky-high",20,92,"Enrolled",107.14
"South Africa","Vynnycky-high",20,92,"Tested",307.48
"South Africa","Vynnycky-high",20,93,"Enrolled",60.24
"South Africa","Vynnycky-high",20,93,"Tested",174.2
"South Africa","Vynnycky-high",20,94,"Enrolled",71.34
"South Africa","Vynnycky-high",20,94,"Tested",200.8
"South Africa","Vynnycky-high",20,95,"Enrolled",76.28
"South Africa","Vynnycky-high",20,95,"Tested",215.9
"South Africa","Vynnycky-high",20,96,"Enrolled",70.62
"South Africa","Vynnycky-high",20,96,"Tested",199.82
"South Africa","Vynnycky-high",20,97,"Enrolled",67.76
"South Africa","Vynnycky-high",20,97,"Tested",191.62
"South Africa","Vynnycky-high",20,98,"Enrolled",84.34
"South Africa","Vynnycky-high",20,98,"Tested",235.84
"South Africa","Vynnycky-high",20,99,"Enrolled",74.2
"South Africa","Vynnycky-high",20,99,"Tested",207.34
"South Africa","Vynnycky-high",20,100,"Enrolled",72.1
"South Africa","Vynnycky-high",20,100,"Tested",195.08
"South Africa","Vynnycky-high",25,1,"Enrolled",77.28
"South Africa","Vynnycky-high",25,1,"Tested",168.36
"South Africa","Vynnycky-high",25,2,"Enrolled",80.28
"South Africa","Vynnycky-high",25,2,"Tested",173.74
"South Africa","Vynnycky-high",25,3,"Enrolled",81.42
"South Africa","Vynnycky-high",25,3,"Tested",176.34
"South Africa","Vynnycky-high",25,4,"Enrolled",75.68
"South Africa","Vynnycky-high",25,4,"Tested",167.08
"South Africa","Vynnycky-high",25,5,"Enrolled",90.8
"South Africa","Vynnycky-high",25,5,"Tested",198.84
"South Africa","Vynnycky-high",25,6,"Enrolled",93.76
"South Africa","Vynnycky-high",25,6,"Tested",203.2
"South Africa","Vynnycky-high",25,7,"Enrolled",97.88
"South Africa","Vynnycky-high",25,7,"Tested",212.24
"South Africa","Vynnycky-high",25,8,"Enrolled",88.24
"South Africa","Vynnycky-high",25,8,"Tested",191.74
"South Africa","Vynnycky-high",25,9,"Enrolled",77.04
"South Africa","Vynnycky-high",25,9,"Tested",165.28
"South Africa","Vynnycky-high",25,10,"Enrolled",95.52
"South Africa","Vynnycky-high",25,10,"Tested",207.54
"South Africa","Vynnycky-high",25,11,"Enrolled",89
"South Africa","Vynnycky-high",25,11,"Tested",190.6
"South Africa","Vynnycky-high",25,12,"Enrolled",83.28
"South Africa","Vynnycky-high",25,12,"Tested",179.74
"South Africa","Vynnycky-high",25,13,"Enrolled",70.2
"South Africa","Vynnycky-high",25,13,"Tested",157
"South Africa","Vynnycky-high",25,14,"Enrolled",72.58
"South Africa","Vynnycky-high",25,14,"Tested",154.98
"South Africa","Vynnycky-high",25,15,"Enrolled",86.52
"South Africa","Vynnycky-high",25,15,"Tested",187.08
"South Africa","Vynnycky-high",25,16,"Enrolled",91.68
"South Africa","Vynnycky-high",25,16,"Tested",202.14
"South Africa","Vynnycky-high",25,17,"Enrolled",86.4
"South Africa","Vynnycky-high",25,17,"Tested",188.08
"South Africa","Vynnycky-high",25,18,"Enrolled",76.88
"South Africa","Vynnycky-high",25,18,"Tested",163.94
"South Africa","Vynnycky-high",25,19,"Enrolled",75.52
"South Africa","Vynnycky-high",25,19,"Tested",166.9
"South Africa","Vynnycky-high",25,20,"Enrolled",79.92
"South Africa","Vynnycky-high",25,20,"Tested",174.46
"South Africa","Vynnycky-high",25,21,"Enrolled",78.36
"South Africa","Vynnycky-high",25,21,"Tested",172.2
"South Africa","Vynnycky-high",25,22,"Enrolled",77.04
"South Africa","Vynnycky-high",25,22,"Tested",164.48
"South Africa","Vynnycky-high",25,23,"Enrolled",66.84
"South Africa","Vynnycky-high",25,23,"Tested",144.96
"South Africa","Vynnycky-high",25,24,"Enrolled",70.4
"South Africa","Vynnycky-high",25,24,"Tested",152.92
"South Africa","Vynnycky-high",25,25,"Enrolled",64
"South Africa","Vynnycky-high",25,25,"Tested",136.58
"South Africa","Vynnycky-high",25,26,"Enrolled",87.72
"South Africa","Vynnycky-high",25,26,"Tested",189.62
"South Africa","Vynnycky-high",25,27,"Enrolled",78.84
"South Africa","Vynnycky-high",25,27,"Tested",174.52
"South Africa","Vynnycky-high",25,28,"Enrolled",60.68
"South Africa","Vynnycky-high",25,28,"Tested",131.92
"South Africa","Vynnycky-high",25,29,"Enrolled",77.9
"South Africa","Vynnycky-high",25,29,"Tested",167.82
"South Africa","Vynnycky-high",25,30,"Enrolled",68.4
"South Africa","Vynnycky-high",25,30,"Tested",145.16
"South Africa","Vynnycky-high",25,31,"Enrolled",92
"South Africa","Vynnycky-high",25,31,"Tested",200.58
"South Africa","Vynnycky-high",25,32,"Enrolled",98.72
"South Africa","Vynnycky-high",25,32,"Tested",207.66
"South Africa","Vynnycky-high",25,33,"Enrolled",72.6
"South Africa","Vynnycky-high",25,33,"Tested",158.7
"South Africa","Vynnycky-high",25,34,"Enrolled",81.88
"South Africa","Vynnycky-high",25,34,"Tested",176.46
"South Africa","Vynnycky-high",25,35,"Enrolled",71.98
"South Africa","Vynnycky-high",25,35,"Tested",153.46
"South Africa","Vynnycky-high",25,36,"Enrolled",81
"South Africa","Vynnycky-high",25,36,"Tested",181.82
"South Africa","Vynnycky-high",25,37,"Enrolled",93.02
"South Africa","Vynnycky-high",25,37,"Tested",204.3
"South Africa","Vynnycky-high",25,38,"Enrolled",50.84
"South Africa","Vynnycky-high",25,38,"Tested",110.68
"South Africa","Vynnycky-high",25,39,"Enrolled",64.68
"South Africa","Vynnycky-high",25,39,"Tested",141.26
"South Africa","Vynnycky-high",25,40,"Enrolled",74.84
"South Africa","Vynnycky-high",25,40,"Tested",163.9
"South Africa","Vynnycky-high",25,41,"Enrolled",104.28
"South Africa","Vynnycky-high",25,41,"Tested",225.22
"South Africa","Vynnycky-high",25,42,"Enrolled",67.02
"South Africa","Vynnycky-high",25,42,"Tested",146.44
"South Africa","Vynnycky-high",25,43,"Enrolled",70.06
"South Africa","Vynnycky-high",25,43,"Tested",149.7
"South Africa","Vynnycky-high",25,44,"Enrolled",94.56
"South Africa","Vynnycky-high",25,44,"Tested",208.06
"South Africa","Vynnycky-high",25,45,"Enrolled",82.06
"South Africa","Vynnycky-high",25,45,"Tested",177.4
"South Africa","Vynnycky-high",25,46,"Enrolled",88.22
"South Africa","Vynnycky-high",25,46,"Tested",191.44
"South Africa","Vynnycky-high",25,47,"Enrolled",92.32
"South Africa","Vynnycky-high",25,47,"Tested",203.26
"South Africa","Vynnycky-high",25,48,"Enrolled",87.94
"South Africa","Vynnycky-high",25,48,"Tested",189.88
"South Africa","Vynnycky-high",25,49,"Enrolled",82.52
"South Africa","Vynnycky-high",25,49,"Tested",178.84
"South Africa","Vynnycky-high",25,50,"Enrolled",80.82
"South Africa","Vynnycky-high",25,50,"Tested",176.2
"South Africa","Vynnycky-high",25,51,"Enrolled",77.32
"South Africa","Vynnycky-high",25,51,"Tested",166.92
"South Africa","Vynnycky-high",25,52,"Enrolled",83.4
"South Africa","Vynnycky-high",25,52,"Tested",181.44
"South Africa","Vynnycky-high",25,53,"Enrolled",83.82
"South Africa","Vynnycky-high",25,53,"Tested",181.52
"South Africa","Vynnycky-high",25,54,"Enrolled",85.86
"South Africa","Vynnycky-high",25,54,"Tested",185.48
"South Africa","Vynnycky-high",25,55,"Enrolled",79.82
"South Africa","Vynnycky-high",25,55,"Tested",173.76
"South Africa","Vynnycky-high",25,56,"Enrolled",78.3
"South Africa","Vynnycky-high",25,56,"Tested",169.82
"South Africa","Vynnycky-high",25,57,"Enrolled",74.46
"South Africa","Vynnycky-high",25,57,"Tested",165.38
"South Africa","Vynnycky-high",25,58,"Enrolled",69.62
"South Africa","Vynnycky-high",25,58,"Tested",152.98
"South Africa","Vynnycky-high",25,59,"Enrolled",61.52
"South Africa","Vynnycky-high",25,59,"Tested",133.12
"South Africa","Vynnycky-high",25,60,"Enrolled",70.04
"South Africa","Vynnycky-high",25,60,"Tested",152.46
"South Africa","Vynnycky-high",25,61,"Enrolled",73.62
"South Africa","Vynnycky-high",25,61,"Tested",159.26
"South Africa","Vynnycky-high",25,62,"Enrolled",63.12
"South Africa","Vynnycky-high",25,62,"Tested",135.7
"South Africa","Vynnycky-high",25,63,"Enrolled",83.46
"South Africa","Vynnycky-high",25,63,"Tested",180.62
"South Africa","Vynnycky-high",25,64,"Enrolled",92.36
"South Africa","Vynnycky-high",25,64,"Tested",200.34
"South Africa","Vynnycky-high",25,65,"Enrolled",83.1
"South Africa","Vynnycky-high",25,65,"Tested",179.22
"South Africa","Vynnycky-high",25,66,"Enrolled",84.02
"South Africa","Vynnycky-high",25,66,"Tested",180.06
"South Africa","Vynnycky-high",25,67,"Enrolled",83.78
"South Africa","Vynnycky-high",25,67,"Tested",182.52
"South Africa","Vynnycky-high",25,68,"Enrolled",104.18
"South Africa","Vynnycky-high",25,68,"Tested",229.62
"South Africa","Vynnycky-high",25,69,"Enrolled",116.06
"South Africa","Vynnycky-high",25,69,"Tested",250.14
"South Africa","Vynnycky-high",25,70,"Enrolled",91.88
"South Africa","Vynnycky-high",25,70,"Tested",200.36
"South Africa","Vynnycky-high",25,71,"Enrolled",68.56
"South Africa","Vynnycky-high",25,71,"Tested",149.22
"South Africa","Vynnycky-high",25,72,"Enrolled",76.48
"South Africa","Vynnycky-high",25,72,"Tested",165.66
"South Africa","Vynnycky-high",25,73,"Enrolled",81.7
"South Africa","Vynnycky-high",25,73,"Tested",174.48
"South Africa","Vynnycky-high",25,74,"Enrolled",80.32
"South Africa","Vynnycky-high",25,74,"Tested",173.96
"South Africa","Vynnycky-high",25,75,"Enrolled",82.02
"South Africa","Vynnycky-high",25,75,"Tested",180.38
"South Africa","Vynnycky-high",25,76,"Enrolled",88.72
"South Africa","Vynnycky-high",25,76,"Tested",193.12
"South Africa","Vynnycky-high",25,77,"Enrolled",87.7
"South Africa","Vynnycky-high",25,77,"Tested",191.06
"South Africa","Vynnycky-high",25,78,"Enrolled",89.92
"South Africa","Vynnycky-high",25,78,"Tested",192.8
"South Africa","Vynnycky-high",25,79,"Enrolled",75.78
"South Africa","Vynnycky-high",25,79,"Tested",166.44
"South Africa","Vynnycky-high",25,80,"Enrolled",84.06
"South Africa","Vynnycky-high",25,80,"Tested",181.44
"South Africa","Vynnycky-high",25,81,"Enrolled",93.58
"South Africa","Vynnycky-high",25,81,"Tested",201.62
"South Africa","Vynnycky-high",25,82,"Enrolled",72.52
"South Africa","Vynnycky-high",25,82,"Tested",156.42
"South Africa","Vynnycky-high",25,83,"Enrolled",79.62
"South Africa","Vynnycky-high",25,83,"Tested",172.96
"South Africa","Vynnycky-high",25,84,"Enrolled",92.3
"South Africa","Vynnycky-high",25,84,"Tested",201.16
"South Africa","Vynnycky-high",25,85,"Enrolled",103.5
"South Africa","Vynnycky-high",25,85,"Tested",227.82
"South Africa","Vynnycky-high",25,86,"Enrolled",81.34
"South Africa","Vynnycky-high",25,86,"Tested",176.44
"South Africa","Vynnycky-high",25,87,"Enrolled",71.62
"South Africa","Vynnycky-high",25,87,"Tested",157
"South Africa","Vynnycky-high",25,88,"Enrolled",97.74
"South Africa","Vynnycky-high",25,88,"Tested",211.22
"South Africa","Vynnycky-high",25,89,"Enrolled",85.18
"South Africa","Vynnycky-high",25,89,"Tested",185.44
"South Africa","Vynnycky-high",25,90,"Enrolled",68.98
"South Africa","Vynnycky-high",25,90,"Tested",152.06
"South Africa","Vynnycky-high",25,91,"Enrolled",82.34
"South Africa","Vynnycky-high",25,91,"Tested",179.58
"South Africa","Vynnycky-high",25,92,"Enrolled",60.94
"South Africa","Vynnycky-high",25,92,"Tested",129.78
"South Africa","Vynnycky-high",25,93,"Enrolled",85.1
"South Africa","Vynnycky-high",25,93,"Tested",183.56
"South Africa","Vynnycky-high",25,94,"Enrolled",75.78
"South Africa","Vynnycky-high",25,94,"Tested",167.82
"South Africa","Vynnycky-high",25,95,"Enrolled",100.46
"South Africa","Vynnycky-high",25,95,"Tested",220.74
"South Africa","Vynnycky-high",25,96,"Enrolled",81.4
"South Africa","Vynnycky-high",25,96,"Tested",173.08
"South Africa","Vynnycky-high",25,97,"Enrolled",83.96
"South Africa","Vynnycky-high",25,97,"Tested",184.18
"South Africa","Vynnycky-high",25,98,"Enrolled",85.9
"South Africa","Vynnycky-high",25,98,"Tested",188.02
"South Africa","Vynnycky-high",25,99,"Enrolled",78.06
"South Africa","Vynnycky-high",25,99,"Tested",166.34
"South Africa","Vynnycky-high",25,100,"Enrolled",77.78
"South Africa","Vynnycky-high",25,100,"Tested",169.66
"South Africa","Vynnycky-high",30,1,"Enrolled",77.64
"South Africa","Vynnycky-high",30,1,"Tested",140.76
"South Africa","Vynnycky-high",30,2,"Enrolled",90.52
"South Africa","Vynnycky-high",30,2,"Tested",168.38
"South Africa","Vynnycky-high",30,3,"Enrolled",63.96
"South Africa","Vynnycky-high",30,3,"Tested",114.74
"South Africa","Vynnycky-high",30,4,"Enrolled",95.76
"South Africa","Vynnycky-high",30,4,"Tested",171.26
"South Africa","Vynnycky-high",30,5,"Enrolled",75.36
"South Africa","Vynnycky-high",30,5,"Tested",137.8
"South Africa","Vynnycky-high",30,6,"Enrolled",96.68
"South Africa","Vynnycky-high",30,6,"Tested",176.44
"South Africa","Vynnycky-high",30,7,"Enrolled",80.96
"South Africa","Vynnycky-high",30,7,"Tested",151.06
"South Africa","Vynnycky-high",30,8,"Enrolled",93.34
"South Africa","Vynnycky-high",30,8,"Tested",171.16
"South Africa","Vynnycky-high",30,9,"Enrolled",87.18
"South Africa","Vynnycky-high",30,9,"Tested",159.32
"South Africa","Vynnycky-high",30,10,"Enrolled",77.76
"South Africa","Vynnycky-high",30,10,"Tested",144.5
"South Africa","Vynnycky-high",30,11,"Enrolled",105.34
"South Africa","Vynnycky-high",30,11,"Tested",191.04
"South Africa","Vynnycky-high",30,12,"Enrolled",80.68
"South Africa","Vynnycky-high",30,12,"Tested",147.02
"South Africa","Vynnycky-high",30,13,"Enrolled",94.24
"South Africa","Vynnycky-high",30,13,"Tested",174.44
"South Africa","Vynnycky-high",30,14,"Enrolled",85.84
"South Africa","Vynnycky-high",30,14,"Tested",155.68
"South Africa","Vynnycky-high",30,15,"Enrolled",78.88
"South Africa","Vynnycky-high",30,15,"Tested",142.82
"South Africa","Vynnycky-high",30,16,"Enrolled",89.58
"South Africa","Vynnycky-high",30,16,"Tested",165.56
"South Africa","Vynnycky-high",30,17,"Enrolled",106.1
"South Africa","Vynnycky-high",30,17,"Tested",191.38
"South Africa","Vynnycky-high",30,18,"Enrolled",102.28
"South Africa","Vynnycky-high",30,18,"Tested",184.18
"South Africa","Vynnycky-high",30,19,"Enrolled",93.68
"South Africa","Vynnycky-high",30,19,"Tested",170.94
"South Africa","Vynnycky-high",30,20,"Enrolled",89.28
"South Africa","Vynnycky-high",30,20,"Tested",162.48
"South Africa","Vynnycky-high",30,21,"Enrolled",85.64
"South Africa","Vynnycky-high",30,21,"Tested",154.46
"South Africa","Vynnycky-high",30,22,"Enrolled",78.76
"South Africa","Vynnycky-high",30,22,"Tested",142.92
"South Africa","Vynnycky-high",30,23,"Enrolled",99.12
"South Africa","Vynnycky-high",30,23,"Tested",183.16
"South Africa","Vynnycky-high",30,24,"Enrolled",78.04
"South Africa","Vynnycky-high",30,24,"Tested",140.76
"South Africa","Vynnycky-high",30,25,"Enrolled",87.5
"South Africa","Vynnycky-high",30,25,"Tested",159.64
"South Africa","Vynnycky-high",30,26,"Enrolled",90.44
"South Africa","Vynnycky-high",30,26,"Tested",163.3
"South Africa","Vynnycky-high",30,27,"Enrolled",83.14
"South Africa","Vynnycky-high",30,27,"Tested",151.14
"South Africa","Vynnycky-high",30,28,"Enrolled",77.14
"South Africa","Vynnycky-high",30,28,"Tested",140.22
"South Africa","Vynnycky-high",30,29,"Enrolled",94.88
"South Africa","Vynnycky-high",30,29,"Tested",172.74
"South Africa","Vynnycky-high",30,30,"Enrolled",95.88
"South Africa","Vynnycky-high",30,30,"Tested",174.3
"South Africa","Vynnycky-high",30,31,"Enrolled",92.98
"South Africa","Vynnycky-high",30,31,"Tested",166.86
"South Africa","Vynnycky-high",30,32,"Enrolled",83.02
"South Africa","Vynnycky-high",30,32,"Tested",150.32
"South Africa","Vynnycky-high",30,33,"Enrolled",103.38
"South Africa","Vynnycky-high",30,33,"Tested",188.4
"South Africa","Vynnycky-high",30,34,"Enrolled",109.1
"South Africa","Vynnycky-high",30,34,"Tested",199
"South Africa","Vynnycky-high",30,35,"Enrolled",94.68
"South Africa","Vynnycky-high",30,35,"Tested",172.36
"South Africa","Vynnycky-high",30,36,"Enrolled",84.14
"South Africa","Vynnycky-high",30,36,"Tested",149.66
"South Africa","Vynnycky-high",30,37,"Enrolled",82.94
"South Africa","Vynnycky-high",30,37,"Tested",151.86
"South Africa","Vynnycky-high",30,38,"Enrolled",87.68
"South Africa","Vynnycky-high",30,38,"Tested",157.12
"South Africa","Vynnycky-high",30,39,"Enrolled",76.6
"South Africa","Vynnycky-high",30,39,"Tested",137.3
"South Africa","Vynnycky-high",30,40,"Enrolled",84.94
"South Africa","Vynnycky-high",30,40,"Tested",157.9
"South Africa","Vynnycky-high",30,41,"Enrolled",73.64
"South Africa","Vynnycky-high",30,41,"Tested",132.82
"South Africa","Vynnycky-high",30,42,"Enrolled",84.12
"South Africa","Vynnycky-high",30,42,"Tested",154.08
"South Africa","Vynnycky-high",30,43,"Enrolled",82.18
"South Africa","Vynnycky-high",30,43,"Tested",149.18
"South Africa","Vynnycky-high",30,44,"Enrolled",90.18
"South Africa","Vynnycky-high",30,44,"Tested",164.68
"South Africa","Vynnycky-high",30,45,"Enrolled",64.56
"South Africa","Vynnycky-high",30,45,"Tested",119.42
"South Africa","Vynnycky-high",30,46,"Enrolled",75.36
"South Africa","Vynnycky-high",30,46,"Tested",136.88
"South Africa","Vynnycky-high",30,47,"Enrolled",81.56
"South Africa","Vynnycky-high",30,47,"Tested",148.94
"South Africa","Vynnycky-high",30,48,"Enrolled",121.9
"South Africa","Vynnycky-high",30,48,"Tested",221.18
"South Africa","Vynnycky-high",30,49,"Enrolled",99.92
"South Africa","Vynnycky-high",30,49,"Tested",181.06
"South Africa","Vynnycky-high",30,50,"Enrolled",80.84
"South Africa","Vynnycky-high",30,50,"Tested",145.74
"South Africa","Vynnycky-high",30,51,"Enrolled",86.42
"South Africa","Vynnycky-high",30,51,"Tested",157.78
"South Africa","Vynnycky-high",30,52,"Enrolled",86.88
"South Africa","Vynnycky-high",30,52,"Tested",156.98
"South Africa","Vynnycky-high",30,53,"Enrolled",96.38
"South Africa","Vynnycky-high",30,53,"Tested",176.46
"South Africa","Vynnycky-high",30,54,"Enrolled",76.66
"South Africa","Vynnycky-high",30,54,"Tested",142.64
"South Africa","Vynnycky-high",30,55,"Enrolled",85.86
"South Africa","Vynnycky-high",30,55,"Tested",154.6
"South Africa","Vynnycky-high",30,56,"Enrolled",99.14
"South Africa","Vynnycky-high",30,56,"Tested",178.76
"South Africa","Vynnycky-high",30,57,"Enrolled",69.22
"South Africa","Vynnycky-high",30,57,"Tested",123.88
"South Africa","Vynnycky-high",30,58,"Enrolled",85.26
"South Africa","Vynnycky-high",30,58,"Tested",153.56
"South Africa","Vynnycky-high",30,59,"Enrolled",72.58
"South Africa","Vynnycky-high",30,59,"Tested",130.6
"South Africa","Vynnycky-high",30,60,"Enrolled",91.1
"South Africa","Vynnycky-high",30,60,"Tested",165.1
"South Africa","Vynnycky-high",30,61,"Enrolled",75.46
"South Africa","Vynnycky-high",30,61,"Tested",137.36
"South Africa","Vynnycky-high",30,62,"Enrolled",74.52
"South Africa","Vynnycky-high",30,62,"Tested",136.72
"South Africa","Vynnycky-high",30,63,"Enrolled",87.14
"South Africa","Vynnycky-high",30,63,"Tested",161.64
"South Africa","Vynnycky-high",30,64,"Enrolled",73.68
"South Africa","Vynnycky-high",30,64,"Tested",136.84
"South Africa","Vynnycky-high",30,65,"Enrolled",82.84
"South Africa","Vynnycky-high",30,65,"Tested",148.3
"South Africa","Vynnycky-high",30,66,"Enrolled",97.56
"South Africa","Vynnycky-high",30,66,"Tested",176.86
"South Africa","Vynnycky-high",30,67,"Enrolled",79.62
"South Africa","Vynnycky-high",30,67,"Tested",146.98
"South Africa","Vynnycky-high",30,68,"Enrolled",77.1
"South Africa","Vynnycky-high",30,68,"Tested",140.36
"South Africa","Vynnycky-high",30,69,"Enrolled",104.12
"South Africa","Vynnycky-high",30,69,"Tested",188.56
"South Africa","Vynnycky-high",30,70,"Enrolled",74.28
"South Africa","Vynnycky-high",30,70,"Tested",135.52
"South Africa","Vynnycky-high",30,71,"Enrolled",69.16
"South Africa","Vynnycky-high",30,71,"Tested",124.76
"South Africa","Vynnycky-high",30,72,"Enrolled",83.88
"South Africa","Vynnycky-high",30,72,"Tested",153.46
"South Africa","Vynnycky-high",30,73,"Enrolled",93.96
"South Africa","Vynnycky-high",30,73,"Tested",170.58
"South Africa","Vynnycky-high",30,74,"Enrolled",75.96
"South Africa","Vynnycky-high",30,74,"Tested",137
"South Africa","Vynnycky-high",30,75,"Enrolled",97.86
"South Africa","Vynnycky-high",30,75,"Tested",178.22
"South Africa","Vynnycky-high",30,76,"Enrolled",76.54
"South Africa","Vynnycky-high",30,76,"Tested",140.42
"South Africa","Vynnycky-high",30,77,"Enrolled",86.94
"South Africa","Vynnycky-high",30,77,"Tested",157.92
"South Africa","Vynnycky-high",30,78,"Enrolled",79.96
"South Africa","Vynnycky-high",30,78,"Tested",146.68
"South Africa","Vynnycky-high",30,79,"Enrolled",86.72
"South Africa","Vynnycky-high",30,79,"Tested",157.94
"South Africa","Vynnycky-high",30,80,"Enrolled",87.96
"South Africa","Vynnycky-high",30,80,"Tested",160.34
"South Africa","Vynnycky-high",30,81,"Enrolled",83.44
"South Africa","Vynnycky-high",30,81,"Tested",150.28
"South Africa","Vynnycky-high",30,82,"Enrolled",74.26
"South Africa","Vynnycky-high",30,82,"Tested",136.06
"South Africa","Vynnycky-high",30,83,"Enrolled",96.48
"South Africa","Vynnycky-high",30,83,"Tested",176.14
"South Africa","Vynnycky-high",30,84,"Enrolled",96.76
"South Africa","Vynnycky-high",30,84,"Tested",177.04
"South Africa","Vynnycky-high",30,85,"Enrolled",102.32
"South Africa","Vynnycky-high",30,85,"Tested",184.28
"South Africa","Vynnycky-high",30,86,"Enrolled",95.22
"South Africa","Vynnycky-high",30,86,"Tested",173.12
"South Africa","Vynnycky-high",30,87,"Enrolled",98.96
"South Africa","Vynnycky-high",30,87,"Tested",180.8
"South Africa","Vynnycky-high",30,88,"Enrolled",67.76
"South Africa","Vynnycky-high",30,88,"Tested",122.18
"South Africa","Vynnycky-high",30,89,"Enrolled",86.08
"South Africa","Vynnycky-high",30,89,"Tested",154.48
"South Africa","Vynnycky-high",30,90,"Enrolled",82.22
"South Africa","Vynnycky-high",30,90,"Tested",147.7
"South Africa","Vynnycky-high",30,91,"Enrolled",90.4
"South Africa","Vynnycky-high",30,91,"Tested",162.32
"South Africa","Vynnycky-high",30,92,"Enrolled",89.06
"South Africa","Vynnycky-high",30,92,"Tested",160.02
"South Africa","Vynnycky-high",30,93,"Enrolled",119.22
"South Africa","Vynnycky-high",30,93,"Tested",219.24
"South Africa","Vynnycky-high",30,94,"Enrolled",79.9
"South Africa","Vynnycky-high",30,94,"Tested",145.52
"South Africa","Vynnycky-high",30,95,"Enrolled",90.6
"South Africa","Vynnycky-high",30,95,"Tested",163.52
"South Africa","Vynnycky-high",30,96,"Enrolled",96.48
"South Africa","Vynnycky-high",30,96,"Tested",173.98
"South Africa","Vynnycky-high",30,97,"Enrolled",88.84
"South Africa","Vynnycky-high",30,97,"Tested",162.06
"South Africa","Vynnycky-high",30,98,"Enrolled",79.58
"South Africa","Vynnycky-high",30,98,"Tested",146.7
"South Africa","Vynnycky-high",30,99,"Enrolled",81.88
"South Africa","Vynnycky-high",30,99,"Tested",149.74
"South Africa","Vynnycky-high",30,100,"Enrolled",80.56
"South Africa","Vynnycky-high",30,100,"Tested",146.44
"South Africa","Vynnycky-high",35,1,"Enrolled",70.5
"South Africa","Vynnycky-high",35,1,"Tested",113.56
"South Africa","Vynnycky-high",35,2,"Enrolled",100.58
"South Africa","Vynnycky-high",35,2,"Tested",161.66
"South Africa","Vynnycky-high",35,3,"Enrolled",82.54
"South Africa","Vynnycky-high",35,3,"Tested",130.52
"South Africa","Vynnycky-high",35,4,"Enrolled",97.42
"South Africa","Vynnycky-high",35,4,"Tested",153.04
"South Africa","Vynnycky-high",35,5,"Enrolled",82.8
"South Africa","Vynnycky-high",35,5,"Tested",133.54
"South Africa","Vynnycky-high",35,6,"Enrolled",106.84
"South Africa","Vynnycky-high",35,6,"Tested",172.52
"South Africa","Vynnycky-high",35,7,"Enrolled",67
"South Africa","Vynnycky-high",35,7,"Tested",106.94
"South Africa","Vynnycky-high",35,8,"Enrolled",80.02
"South Africa","Vynnycky-high",35,8,"Tested",127.94
"South Africa","Vynnycky-high",35,9,"Enrolled",93.56
"South Africa","Vynnycky-high",35,9,"Tested",149.7
"South Africa","Vynnycky-high",35,10,"Enrolled",113.72
"South Africa","Vynnycky-high",35,10,"Tested",182.52
"South Africa","Vynnycky-high",35,11,"Enrolled",95.72
"South Africa","Vynnycky-high",35,11,"Tested",155.36
"South Africa","Vynnycky-high",35,12,"Enrolled",98.44
"South Africa","Vynnycky-high",35,12,"Tested",156.44
"South Africa","Vynnycky-high",35,13,"Enrolled",107.1
"South Africa","Vynnycky-high",35,13,"Tested",174.02
"South Africa","Vynnycky-high",35,14,"Enrolled",62.56
"South Africa","Vynnycky-high",35,14,"Tested",100.06
"South Africa","Vynnycky-high",35,15,"Enrolled",78.52
"South Africa","Vynnycky-high",35,15,"Tested",126.28
"South Africa","Vynnycky-high",35,16,"Enrolled",65.18
"South Africa","Vynnycky-high",35,16,"Tested",104.46
"South Africa","Vynnycky-high",35,17,"Enrolled",89.28
"South Africa","Vynnycky-high",35,17,"Tested",143.78
"South Africa","Vynnycky-high",35,18,"Enrolled",97.34
"South Africa","Vynnycky-high",35,18,"Tested",158.12
"South Africa","Vynnycky-high",35,19,"Enrolled",109.16
"South Africa","Vynnycky-high",35,19,"Tested",176.28
"South Africa","Vynnycky-high",35,20,"Enrolled",105.4
"South Africa","Vynnycky-high",35,20,"Tested",169.48
"South Africa","Vynnycky-high",35,21,"Enrolled",103.92
"South Africa","Vynnycky-high",35,21,"Tested",167.66
"South Africa","Vynnycky-high",35,22,"Enrolled",74.82
"South Africa","Vynnycky-high",35,22,"Tested",121.66
"South Africa","Vynnycky-high",35,23,"Enrolled",136.7
"South Africa","Vynnycky-high",35,23,"Tested",217.84
"South Africa","Vynnycky-high",35,24,"Enrolled",91.4
"South Africa","Vynnycky-high",35,24,"Tested",144.06
"South Africa","Vynnycky-high",35,25,"Enrolled",83.02
"South Africa","Vynnycky-high",35,25,"Tested",133.82
"South Africa","Vynnycky-high",35,26,"Enrolled",97.7
"South Africa","Vynnycky-high",35,26,"Tested",156.74
"South Africa","Vynnycky-high",35,27,"Enrolled",87.14
"South Africa","Vynnycky-high",35,27,"Tested",141.32
"South Africa","Vynnycky-high",35,28,"Enrolled",91.92
"South Africa","Vynnycky-high",35,28,"Tested",146.44
"South Africa","Vynnycky-high",35,29,"Enrolled",67.94
"South Africa","Vynnycky-high",35,29,"Tested",109.72
"South Africa","Vynnycky-high",35,30,"Enrolled",83.28
"South Africa","Vynnycky-high",35,30,"Tested",134.86
"South Africa","Vynnycky-high",35,31,"Enrolled",103.92
"South Africa","Vynnycky-high",35,31,"Tested",166.12
"South Africa","Vynnycky-high",35,32,"Enrolled",62.94
"South Africa","Vynnycky-high",35,32,"Tested",102.38
"South Africa","Vynnycky-high",35,33,"Enrolled",92.18
"South Africa","Vynnycky-high",35,33,"Tested",149.96
"South Africa","Vynnycky-high",35,34,"Enrolled",88
"South Africa","Vynnycky-high",35,34,"Tested",141.2
"South Africa","Vynnycky-high",35,35,"Enrolled",103.38
"South Africa","Vynnycky-high",35,35,"Tested",165.3
"South Africa","Vynnycky-high",35,36,"Enrolled",75.28
"South Africa","Vynnycky-high",35,36,"Tested",120.06
"South Africa","Vynnycky-high",35,37,"Enrolled",95.62
"South Africa","Vynnycky-high",35,37,"Tested",153.16
"South Africa","Vynnycky-high",35,38,"Enrolled",87.34
"South Africa","Vynnycky-high",35,38,"Tested",141.24
"South Africa","Vynnycky-high",35,39,"Enrolled",90
"South Africa","Vynnycky-high",35,39,"Tested",143.72
"South Africa","Vynnycky-high",35,40,"Enrolled",80.68
"South Africa","Vynnycky-high",35,40,"Tested",129.62
"South Africa","Vynnycky-high",35,41,"Enrolled",80.94
"South Africa","Vynnycky-high",35,41,"Tested",130.3
"South Africa","Vynnycky-high",35,42,"Enrolled",108.76
"South Africa","Vynnycky-high",35,42,"Tested",172.86
"South Africa","Vynnycky-high",35,43,"Enrolled",85.9
"South Africa","Vynnycky-high",35,43,"Tested",138.18
"South Africa","Vynnycky-high",35,44,"Enrolled",64.88
"South Africa","Vynnycky-high",35,44,"Tested",104.16
"South Africa","Vynnycky-high",35,45,"Enrolled",98.06
"South Africa","Vynnycky-high",35,45,"Tested",157.72
"South Africa","Vynnycky-high",35,46,"Enrolled",83.12
"South Africa","Vynnycky-high",35,46,"Tested",133.68
"South Africa","Vynnycky-high",35,47,"Enrolled",79.16
"South Africa","Vynnycky-high",35,47,"Tested",128.16
"South Africa","Vynnycky-high",35,48,"Enrolled",81.32
"South Africa","Vynnycky-high",35,48,"Tested",130.68
"South Africa","Vynnycky-high",35,49,"Enrolled",98.8
"South Africa","Vynnycky-high",35,49,"Tested",156.94
"South Africa","Vynnycky-high",35,50,"Enrolled",80.5
"South Africa","Vynnycky-high",35,50,"Tested",128.04
"South Africa","Vynnycky-high",35,51,"Enrolled",77.8
"South Africa","Vynnycky-high",35,51,"Tested",124.16
"South Africa","Vynnycky-high",35,52,"Enrolled",79.6
"South Africa","Vynnycky-high",35,52,"Tested",128.32
"South Africa","Vynnycky-high",35,53,"Enrolled",92.08
"South Africa","Vynnycky-high",35,53,"Tested",148.5
"South Africa","Vynnycky-high",35,54,"Enrolled",96.42
"South Africa","Vynnycky-high",35,54,"Tested",158.64
"South Africa","Vynnycky-high",35,55,"Enrolled",90.24
"South Africa","Vynnycky-high",35,55,"Tested",145.9
"South Africa","Vynnycky-high",35,56,"Enrolled",86.3
"South Africa","Vynnycky-high",35,56,"Tested",138.06
"South Africa","Vynnycky-high",35,57,"Enrolled",95.58
"South Africa","Vynnycky-high",35,57,"Tested",154.88
"South Africa","Vynnycky-high",35,58,"Enrolled",80.02
"South Africa","Vynnycky-high",35,58,"Tested",128.02
"South Africa","Vynnycky-high",35,59,"Enrolled",94.32
"South Africa","Vynnycky-high",35,59,"Tested",153.32
"South Africa","Vynnycky-high",35,60,"Enrolled",82.46
"South Africa","Vynnycky-high",35,60,"Tested",132.98
"South Africa","Vynnycky-high",35,61,"Enrolled",62.04
"South Africa","Vynnycky-high",35,61,"Tested",97.52
"South Africa","Vynnycky-high",35,62,"Enrolled",99.44
"South Africa","Vynnycky-high",35,62,"Tested",160.82
"South Africa","Vynnycky-high",35,63,"Enrolled",108.98
"South Africa","Vynnycky-high",35,63,"Tested",176.76
"South Africa","Vynnycky-high",35,64,"Enrolled",76.16
"South Africa","Vynnycky-high",35,64,"Tested",122.12
"South Africa","Vynnycky-high",35,65,"Enrolled",95.8
"South Africa","Vynnycky-high",35,65,"Tested",153.08
"South Africa","Vynnycky-high",35,66,"Enrolled",94.64
"South Africa","Vynnycky-high",35,66,"Tested",153.3
"South Africa","Vynnycky-high",35,67,"Enrolled",99.56
"South Africa","Vynnycky-high",35,67,"Tested",160.22
"South Africa","Vynnycky-high",35,68,"Enrolled",81.62
"South Africa","Vynnycky-high",35,68,"Tested",131.62
"South Africa","Vynnycky-high",35,69,"Enrolled",88.02
"South Africa","Vynnycky-high",35,69,"Tested",141.16
"South Africa","Vynnycky-high",35,70,"Enrolled",84.72
"South Africa","Vynnycky-high",35,70,"Tested",136.48
"South Africa","Vynnycky-high",35,71,"Enrolled",78.14
"South Africa","Vynnycky-high",35,71,"Tested",127.48
"South Africa","Vynnycky-high",35,72,"Enrolled",93.36
"South Africa","Vynnycky-high",35,72,"Tested",150.96
"South Africa","Vynnycky-high",35,73,"Enrolled",94.32
"South Africa","Vynnycky-high",35,73,"Tested",151.46
"South Africa","Vynnycky-high",35,74,"Enrolled",77.8
"South Africa","Vynnycky-high",35,74,"Tested",124.62
"South Africa","Vynnycky-high",35,75,"Enrolled",122.2
"South Africa","Vynnycky-high",35,75,"Tested",195.08
"South Africa","Vynnycky-high",35,76,"Enrolled",71.1
"South Africa","Vynnycky-high",35,76,"Tested",116.3
"South Africa","Vynnycky-high",35,77,"Enrolled",74.84
"South Africa","Vynnycky-high",35,77,"Tested",123.22
"South Africa","Vynnycky-high",35,78,"Enrolled",81.8
"South Africa","Vynnycky-high",35,78,"Tested",133.68
"South Africa","Vynnycky-high",35,79,"Enrolled",84.74
"South Africa","Vynnycky-high",35,79,"Tested",136.82
"South Africa","Vynnycky-high",35,80,"Enrolled",78.66
"South Africa","Vynnycky-high",35,80,"Tested",127.14
"South Africa","Vynnycky-high",35,81,"Enrolled",74.18
"South Africa","Vynnycky-high",35,81,"Tested",120.9
"South Africa","Vynnycky-high",35,82,"Enrolled",78.22
"South Africa","Vynnycky-high",35,82,"Tested",124.62
"South Africa","Vynnycky-high",35,83,"Enrolled",67.48
"South Africa","Vynnycky-high",35,83,"Tested",110.42
"South Africa","Vynnycky-high",35,84,"Enrolled",78.86
"South Africa","Vynnycky-high",35,84,"Tested",128.74
"South Africa","Vynnycky-high",35,85,"Enrolled",85.3
"South Africa","Vynnycky-high",35,85,"Tested",136
"South Africa","Vynnycky-high",35,86,"Enrolled",85.48
"South Africa","Vynnycky-high",35,86,"Tested",138.52
"South Africa","Vynnycky-high",35,87,"Enrolled",105
"South Africa","Vynnycky-high",35,87,"Tested",168.82
"South Africa","Vynnycky-high",35,88,"Enrolled",80.38
"South Africa","Vynnycky-high",35,88,"Tested",128.28
"South Africa","Vynnycky-high",35,89,"Enrolled",79.04
"South Africa","Vynnycky-high",35,89,"Tested",128.14
"South Africa","Vynnycky-high",35,90,"Enrolled",92.04
"South Africa","Vynnycky-high",35,90,"Tested",150.02
"South Africa","Vynnycky-high",35,91,"Enrolled",90.06
"South Africa","Vynnycky-high",35,91,"Tested",142.12
"South Africa","Vynnycky-high",35,92,"Enrolled",65.86
"South Africa","Vynnycky-high",35,92,"Tested",106.52
"South Africa","Vynnycky-high",35,93,"Enrolled",92
"South Africa","Vynnycky-high",35,93,"Tested",148
"South Africa","Vynnycky-high",35,94,"Enrolled",81.68
"South Africa","Vynnycky-high",35,94,"Tested",129.96
"South Africa","Vynnycky-high",35,95,"Enrolled",85.22
"South Africa","Vynnycky-high",35,95,"Tested",136.68
"South Africa","Vynnycky-high",35,96,"Enrolled",102.24
"South Africa","Vynnycky-high",35,96,"Tested",163.66
"South Africa","Vynnycky-high",35,97,"Enrolled",91.2
"South Africa","Vynnycky-high",35,97,"Tested",144.62
"South Africa","Vynnycky-high",35,98,"Enrolled",84.48
"South Africa","Vynnycky-high",35,98,"Tested",138
"South Africa","Vynnycky-high",35,99,"Enrolled",97.78
"South Africa","Vynnycky-high",35,99,"Tested",158.58
"South Africa","Vynnycky-high",35,100,"Enrolled",85.9
"South Africa","Vynnycky-high",35,100,"Tested",137.8
"South Africa","Vynnycky-high",40,1,"Enrolled",87.16
"South Africa","Vynnycky-high",40,1,"Tested",131.82
"South Africa","Vynnycky-high",40,2,"Enrolled",73.78
"South Africa","Vynnycky-high",40,2,"Tested",109.32
"South Africa","Vynnycky-high",40,3,"Enrolled",90.76
"South Africa","Vynnycky-high",40,3,"Tested",134.6
"South Africa","Vynnycky-high",40,4,"Enrolled",86.6
"South Africa","Vynnycky-high",40,4,"Tested",129.34
"South Africa","Vynnycky-high",40,5,"Enrolled",69.06
"South Africa","Vynnycky-high",40,5,"Tested",102.04
"South Africa","Vynnycky-high",40,6,"Enrolled",85.52
"South Africa","Vynnycky-high",40,6,"Tested",124.94
"South Africa","Vynnycky-high",40,7,"Enrolled",106.38
"South Africa","Vynnycky-high",40,7,"Tested",158.54
"South Africa","Vynnycky-high",40,8,"Enrolled",103.92
"South Africa","Vynnycky-high",40,8,"Tested",155.2
"South Africa","Vynnycky-high",40,9,"Enrolled",73.06
"South Africa","Vynnycky-high",40,9,"Tested",107.66
"South Africa","Vynnycky-high",40,10,"Enrolled",94.4
"South Africa","Vynnycky-high",40,10,"Tested",141.48
"South Africa","Vynnycky-high",40,11,"Enrolled",79.98
"South Africa","Vynnycky-high",40,11,"Tested",118.22
"South Africa","Vynnycky-high",40,12,"Enrolled",84.22
"South Africa","Vynnycky-high",40,12,"Tested",125.8
"South Africa","Vynnycky-high",40,13,"Enrolled",84.56
"South Africa","Vynnycky-high",40,13,"Tested",127.28
"South Africa","Vynnycky-high",40,14,"Enrolled",99.08
"South Africa","Vynnycky-high",40,14,"Tested",147.32
"South Africa","Vynnycky-high",40,15,"Enrolled",97.74
"South Africa","Vynnycky-high",40,15,"Tested",147.02
"South Africa","Vynnycky-high",40,16,"Enrolled",92.98
"South Africa","Vynnycky-high",40,16,"Tested",137.38
"South Africa","Vynnycky-high",40,17,"Enrolled",88.52
"South Africa","Vynnycky-high",40,17,"Tested",131.14
"South Africa","Vynnycky-high",40,18,"Enrolled",104.26
"South Africa","Vynnycky-high",40,18,"Tested",156.08
"South Africa","Vynnycky-high",40,19,"Enrolled",86.72
"South Africa","Vynnycky-high",40,19,"Tested",128.94
"South Africa","Vynnycky-high",40,20,"Enrolled",98.4
"South Africa","Vynnycky-high",40,20,"Tested",147.52
"South Africa","Vynnycky-high",40,21,"Enrolled",86.36
"South Africa","Vynnycky-high",40,21,"Tested",129.12
"South Africa","Vynnycky-high",40,22,"Enrolled",85.5
"South Africa","Vynnycky-high",40,22,"Tested",127.16
"South Africa","Vynnycky-high",40,23,"Enrolled",86.62
"South Africa","Vynnycky-high",40,23,"Tested",130.5
"South Africa","Vynnycky-high",40,24,"Enrolled",95.92
"South Africa","Vynnycky-high",40,24,"Tested",145.04
"South Africa","Vynnycky-high",40,25,"Enrolled",94
"South Africa","Vynnycky-high",40,25,"Tested",141.14
"South Africa","Vynnycky-high",40,26,"Enrolled",102.06
"South Africa","Vynnycky-high",40,26,"Tested",151.66
"South Africa","Vynnycky-high",40,27,"Enrolled",116.98
"South Africa","Vynnycky-high",40,27,"Tested",175
"South Africa","Vynnycky-high",40,28,"Enrolled",107.64
"South Africa","Vynnycky-high",40,28,"Tested",161.12
"South Africa","Vynnycky-high",40,29,"Enrolled",101.04
"South Africa","Vynnycky-high",40,29,"Tested",151.7
"South Africa","Vynnycky-high",40,30,"Enrolled",80.58
"South Africa","Vynnycky-high",40,30,"Tested",120.44
"South Africa","Vynnycky-high",40,31,"Enrolled",80.92
"South Africa","Vynnycky-high",40,31,"Tested",119.8
"South Africa","Vynnycky-high",40,32,"Enrolled",77.32
"South Africa","Vynnycky-high",40,32,"Tested",115.42
"South Africa","Vynnycky-high",40,33,"Enrolled",102.9
"South Africa","Vynnycky-high",40,33,"Tested",152.74
"South Africa","Vynnycky-high",40,34,"Enrolled",77.56
"South Africa","Vynnycky-high",40,34,"Tested",118.62
"South Africa","Vynnycky-high",40,35,"Enrolled",80.2
"South Africa","Vynnycky-high",40,35,"Tested",119.62
"South Africa","Vynnycky-high",40,36,"Enrolled",102.74
"South Africa","Vynnycky-high",40,36,"Tested",151.9
"South Africa","Vynnycky-high",40,37,"Enrolled",84.02
"South Africa","Vynnycky-high",40,37,"Tested",123.28
"South Africa","Vynnycky-high",40,38,"Enrolled",84.18
"South Africa","Vynnycky-high",40,38,"Tested",125.66
"South Africa","Vynnycky-high",40,39,"Enrolled",91.12
"South Africa","Vynnycky-high",40,39,"Tested",134.9
"South Africa","Vynnycky-high",40,40,"Enrolled",96.5
"South Africa","Vynnycky-high",40,40,"Tested",142.76
"South Africa","Vynnycky-high",40,41,"Enrolled",103.76
"South Africa","Vynnycky-high",40,41,"Tested",155.12
"South Africa","Vynnycky-high",40,42,"Enrolled",87.1
"South Africa","Vynnycky-high",40,42,"Tested",129.24
"South Africa","Vynnycky-high",40,43,"Enrolled",81.7
"South Africa","Vynnycky-high",40,43,"Tested",120.62
"South Africa","Vynnycky-high",40,44,"Enrolled",77.46
"South Africa","Vynnycky-high",40,44,"Tested",115.5
"South Africa","Vynnycky-high",40,45,"Enrolled",68.1
"South Africa","Vynnycky-high",40,45,"Tested",102.46
"South Africa","Vynnycky-high",40,46,"Enrolled",100.96
"South Africa","Vynnycky-high",40,46,"Tested",149.3
"South Africa","Vynnycky-high",40,47,"Enrolled",84.66
"South Africa","Vynnycky-high",40,47,"Tested",127
"South Africa","Vynnycky-high",40,48,"Enrolled",102.46
"South Africa","Vynnycky-high",40,48,"Tested",152.92
"South Africa","Vynnycky-high",40,49,"Enrolled",77.48
"South Africa","Vynnycky-high",40,49,"Tested",117.04
"South Africa","Vynnycky-high",40,50,"Enrolled",73.34
"South Africa","Vynnycky-high",40,50,"Tested",110.46
"South Africa","Vynnycky-high",40,51,"Enrolled",96.5
"South Africa","Vynnycky-high",40,51,"Tested",143.78
"South Africa","Vynnycky-high",40,52,"Enrolled",100.18
"South Africa","Vynnycky-high",40,52,"Tested",148.38
"South Africa","Vynnycky-high",40,53,"Enrolled",98.1
"South Africa","Vynnycky-high",40,53,"Tested",145.08
"South Africa","Vynnycky-high",40,54,"Enrolled",74.68
"South Africa","Vynnycky-high",40,54,"Tested",111.5
"South Africa","Vynnycky-high",40,55,"Enrolled",81.26
"South Africa","Vynnycky-high",40,55,"Tested",119.94
"South Africa","Vynnycky-high",40,56,"Enrolled",97.08
"South Africa","Vynnycky-high",40,56,"Tested",145.84
"South Africa","Vynnycky-high",40,57,"Enrolled",91.22
"South Africa","Vynnycky-high",40,57,"Tested",135.42
"South Africa","Vynnycky-high",40,58,"Enrolled",84.86
"South Africa","Vynnycky-high",40,58,"Tested",126.7
"South Africa","Vynnycky-high",40,59,"Enrolled",104.06
"South Africa","Vynnycky-high",40,59,"Tested",154.2
"South Africa","Vynnycky-high",40,60,"Enrolled",92.18
"South Africa","Vynnycky-high",40,60,"Tested",137.68
"South Africa","Vynnycky-high",40,61,"Enrolled",87.7
"South Africa","Vynnycky-high",40,61,"Tested",129.64
"South Africa","Vynnycky-high",40,62,"Enrolled",70.14
"South Africa","Vynnycky-high",40,62,"Tested",104.94
"South Africa","Vynnycky-high",40,63,"Enrolled",100.82
"South Africa","Vynnycky-high",40,63,"Tested",151.02
"South Africa","Vynnycky-high",40,64,"Enrolled",99.48
"South Africa","Vynnycky-high",40,64,"Tested",150.72
"South Africa","Vynnycky-high",40,65,"Enrolled",109.12
"South Africa","Vynnycky-high",40,65,"Tested",160.86
"South Africa","Vynnycky-high",40,66,"Enrolled",93.44
"South Africa","Vynnycky-high",40,66,"Tested",137.66
"South Africa","Vynnycky-high",40,67,"Enrolled",84.98
"South Africa","Vynnycky-high",40,67,"Tested",128.14
"South Africa","Vynnycky-high",40,68,"Enrolled",75.06
"South Africa","Vynnycky-high",40,68,"Tested",111.24
"South Africa","Vynnycky-high",40,69,"Enrolled",83.22
"South Africa","Vynnycky-high",40,69,"Tested",123.64
"South Africa","Vynnycky-high",40,70,"Enrolled",89.4
"South Africa","Vynnycky-high",40,70,"Tested",133.66
"South Africa","Vynnycky-high",40,71,"Enrolled",89.98
"South Africa","Vynnycky-high",40,71,"Tested",132.86
"South Africa","Vynnycky-high",40,72,"Enrolled",88.72
"South Africa","Vynnycky-high",40,72,"Tested",131.48
"South Africa","Vynnycky-high",40,73,"Enrolled",101.02
"South Africa","Vynnycky-high",40,73,"Tested",151.34
"South Africa","Vynnycky-high",40,74,"Enrolled",103.4
"South Africa","Vynnycky-high",40,74,"Tested",151.72
"South Africa","Vynnycky-high",40,75,"Enrolled",84.2
"South Africa","Vynnycky-high",40,75,"Tested",124.34
"South Africa","Vynnycky-high",40,76,"Enrolled",104.24
"South Africa","Vynnycky-high",40,76,"Tested",156.22
"South Africa","Vynnycky-high",40,77,"Enrolled",95.04
"South Africa","Vynnycky-high",40,77,"Tested",140.92
"South Africa","Vynnycky-high",40,78,"Enrolled",88
"South Africa","Vynnycky-high",40,78,"Tested",131.4
"South Africa","Vynnycky-high",40,79,"Enrolled",104.66
"South Africa","Vynnycky-high",40,79,"Tested",158.3
"South Africa","Vynnycky-high",40,80,"Enrolled",102.62
"South Africa","Vynnycky-high",40,80,"Tested",150.76
"South Africa","Vynnycky-high",40,81,"Enrolled",86.74
"South Africa","Vynnycky-high",40,81,"Tested",130.88
"South Africa","Vynnycky-high",40,82,"Enrolled",102.02
"South Africa","Vynnycky-high",40,82,"Tested",152.54
"South Africa","Vynnycky-high",40,83,"Enrolled",94.4
"South Africa","Vynnycky-high",40,83,"Tested",142.06
"South Africa","Vynnycky-high",40,84,"Enrolled",94.68
"South Africa","Vynnycky-high",40,84,"Tested",141.56
"South Africa","Vynnycky-high",40,85,"Enrolled",90.68
"South Africa","Vynnycky-high",40,85,"Tested",136.14
"South Africa","Vynnycky-high",40,86,"Enrolled",110
"South Africa","Vynnycky-high",40,86,"Tested",163.36
"South Africa","Vynnycky-high",40,87,"Enrolled",74.5
"South Africa","Vynnycky-high",40,87,"Tested",110.82
"South Africa","Vynnycky-high",40,88,"Enrolled",98.4
"South Africa","Vynnycky-high",40,88,"Tested",146.84
"South Africa","Vynnycky-high",40,89,"Enrolled",89.34
"South Africa","Vynnycky-high",40,89,"Tested",133
"South Africa","Vynnycky-high",40,90,"Enrolled",96.88
"South Africa","Vynnycky-high",40,90,"Tested",143.84
"South Africa","Vynnycky-high",40,91,"Enrolled",69.6
"South Africa","Vynnycky-high",40,91,"Tested",104.3
"South Africa","Vynnycky-high",40,92,"Enrolled",116.48
"South Africa","Vynnycky-high",40,92,"Tested",175.5
"South Africa","Vynnycky-high",40,93,"Enrolled",94.74
"South Africa","Vynnycky-high",40,93,"Tested",142.3
"South Africa","Vynnycky-high",40,94,"Enrolled",113.48
"South Africa","Vynnycky-high",40,94,"Tested",173.36
"South Africa","Vynnycky-high",40,95,"Enrolled",89.62
"South Africa","Vynnycky-high",40,95,"Tested",132.78
"South Africa","Vynnycky-high",40,96,"Enrolled",89.78
"South Africa","Vynnycky-high",40,96,"Tested",131.84
"South Africa","Vynnycky-high",40,97,"Enrolled",102.74
"South Africa","Vynnycky-high",40,97,"Tested",153.14
"South Africa","Vynnycky-high",40,98,"Enrolled",88.48
"South Africa","Vynnycky-high",40,98,"Tested",130.2
"South Africa","Vynnycky-high",40,99,"Enrolled",123
"South Africa","Vynnycky-high",40,99,"Tested",181.52
"South Africa","Vynnycky-high",40,100,"Enrolled",101.98
"South Africa","Vynnycky-high",40,100,"Tested",152.18
"South Africa","Vynnycky-high",45,1,"Enrolled",83.46
"South Africa","Vynnycky-high",45,1,"Tested",119.52
"South Africa","Vynnycky-high",45,2,"Enrolled",80.22
"South Africa","Vynnycky-high",45,2,"Tested",115.56
"South Africa","Vynnycky-high",45,3,"Enrolled",88.24
"South Africa","Vynnycky-high",45,3,"Tested",128.64
"South Africa","Vynnycky-high",45,4,"Enrolled",73.44
"South Africa","Vynnycky-high",45,4,"Tested",105.76
"South Africa","Vynnycky-high",45,5,"Enrolled",87.66
"South Africa","Vynnycky-high",45,5,"Tested",124.56
"South Africa","Vynnycky-high",45,6,"Enrolled",72.28
"South Africa","Vynnycky-high",45,6,"Tested",103.04
"South Africa","Vynnycky-high",45,7,"Enrolled",98.72
"South Africa","Vynnycky-high",45,7,"Tested",141.32
"South Africa","Vynnycky-high",45,8,"Enrolled",85.96
"South Africa","Vynnycky-high",45,8,"Tested",123.22
"South Africa","Vynnycky-high",45,9,"Enrolled",91.08
"South Africa","Vynnycky-high",45,9,"Tested",132.06
"South Africa","Vynnycky-high",45,10,"Enrolled",66.16
"South Africa","Vynnycky-high",45,10,"Tested",96.04
"South Africa","Vynnycky-high",45,11,"Enrolled",75.06
"South Africa","Vynnycky-high",45,11,"Tested",108.84
"South Africa","Vynnycky-high",45,12,"Enrolled",81.44
"South Africa","Vynnycky-high",45,12,"Tested",117.34
"South Africa","Vynnycky-high",45,13,"Enrolled",78.44
"South Africa","Vynnycky-high",45,13,"Tested",113.62
"South Africa","Vynnycky-high",45,14,"Enrolled",79.7
"South Africa","Vynnycky-high",45,14,"Tested",116.34
"South Africa","Vynnycky-high",45,15,"Enrolled",103.62
"South Africa","Vynnycky-high",45,15,"Tested",147.62
"South Africa","Vynnycky-high",45,16,"Enrolled",100.46
"South Africa","Vynnycky-high",45,16,"Tested",145
"South Africa","Vynnycky-high",45,17,"Enrolled",121.96
"South Africa","Vynnycky-high",45,17,"Tested",176.58
"South Africa","Vynnycky-high",45,18,"Enrolled",70.52
"South Africa","Vynnycky-high",45,18,"Tested",101.54
"South Africa","Vynnycky-high",45,19,"Enrolled",69.22
"South Africa","Vynnycky-high",45,19,"Tested",98.08
"South Africa","Vynnycky-high",45,20,"Enrolled",112.3
"South Africa","Vynnycky-high",45,20,"Tested",160.7
"South Africa","Vynnycky-high",45,21,"Enrolled",86.02
"South Africa","Vynnycky-high",45,21,"Tested",124.82
"South Africa","Vynnycky-high",45,22,"Enrolled",93.78
"South Africa","Vynnycky-high",45,22,"Tested",135.52
"South Africa","Vynnycky-high",45,23,"Enrolled",90.8
"South Africa","Vynnycky-high",45,23,"Tested",130.16
"South Africa","Vynnycky-high",45,24,"Enrolled",86.14
"South Africa","Vynnycky-high",45,24,"Tested",122.72
"South Africa","Vynnycky-high",45,25,"Enrolled",121.42
"South Africa","Vynnycky-high",45,25,"Tested",174.64
"South Africa","Vynnycky-high",45,26,"Enrolled",76.04
"South Africa","Vynnycky-high",45,26,"Tested",110.7
"South Africa","Vynnycky-high",45,27,"Enrolled",90.86
"South Africa","Vynnycky-high",45,27,"Tested",128.9
"South Africa","Vynnycky-high",45,28,"Enrolled",82.86
"South Africa","Vynnycky-high",45,28,"Tested",117.84
"South Africa","Vynnycky-high",45,29,"Enrolled",68.72
"South Africa","Vynnycky-high",45,29,"Tested",98.92
"South Africa","Vynnycky-high",45,30,"Enrolled",95.72
"South Africa","Vynnycky-high",45,30,"Tested",140.48
"South Africa","Vynnycky-high",45,31,"Enrolled",107.7
"South Africa","Vynnycky-high",45,31,"Tested",153.02
"South Africa","Vynnycky-high",45,32,"Enrolled",93.48
"South Africa","Vynnycky-high",45,32,"Tested",134.02
"South Africa","Vynnycky-high",45,33,"Enrolled",68.84
"South Africa","Vynnycky-high",45,33,"Tested",96.6
"South Africa","Vynnycky-high",45,34,"Enrolled",69.42
"South Africa","Vynnycky-high",45,34,"Tested",99.78
"South Africa","Vynnycky-high",45,35,"Enrolled",83.46
"South Africa","Vynnycky-high",45,35,"Tested",119.24
"South Africa","Vynnycky-high",45,36,"Enrolled",116.56
"South Africa","Vynnycky-high",45,36,"Tested",169.8
"South Africa","Vynnycky-high",45,37,"Enrolled",80.5
"South Africa","Vynnycky-high",45,37,"Tested",116.56
"South Africa","Vynnycky-high",45,38,"Enrolled",85.44
"South Africa","Vynnycky-high",45,38,"Tested",122.56
"South Africa","Vynnycky-high",45,39,"Enrolled",72.38
"South Africa","Vynnycky-high",45,39,"Tested",105.72
"South Africa","Vynnycky-high",45,40,"Enrolled",101.46
"South Africa","Vynnycky-high",45,40,"Tested",148.28
"South Africa","Vynnycky-high",45,41,"Enrolled",58.72
"South Africa","Vynnycky-high",45,41,"Tested",86.58
"South Africa","Vynnycky-high",45,42,"Enrolled",94.44
"South Africa","Vynnycky-high",45,42,"Tested",135.6
"South Africa","Vynnycky-high",45,43,"Enrolled",89.7
"South Africa","Vynnycky-high",45,43,"Tested",130.68
"South Africa","Vynnycky-high",45,44,"Enrolled",78.1
"South Africa","Vynnycky-high",45,44,"Tested",113.48
"South Africa","Vynnycky-high",45,45,"Enrolled",82.94
"South Africa","Vynnycky-high",45,45,"Tested",117.64
"South Africa","Vynnycky-high",45,46,"Enrolled",72.5
"South Africa","Vynnycky-high",45,46,"Tested",105.76
"South Africa","Vynnycky-high",45,47,"Enrolled",91.02
"South Africa","Vynnycky-high",45,47,"Tested",129.88
"South Africa","Vynnycky-high",45,48,"Enrolled",91.74
"South Africa","Vynnycky-high",45,48,"Tested",132.38
"South Africa","Vynnycky-high",45,49,"Enrolled",103.34
"South Africa","Vynnycky-high",45,49,"Tested",146.44
"South Africa","Vynnycky-high",45,50,"Enrolled",70.88
"South Africa","Vynnycky-high",45,50,"Tested",102.04
"South Africa","Vynnycky-high",45,51,"Enrolled",73.6
"South Africa","Vynnycky-high",45,51,"Tested",106
"South Africa","Vynnycky-high",45,52,"Enrolled",88.58
"South Africa","Vynnycky-high",45,52,"Tested",127.32
"South Africa","Vynnycky-high",45,53,"Enrolled",97.66
"South Africa","Vynnycky-high",45,53,"Tested",139.82
"South Africa","Vynnycky-high",45,54,"Enrolled",70.14
"South Africa","Vynnycky-high",45,54,"Tested",99.84
"South Africa","Vynnycky-high",45,55,"Enrolled",94.9
"South Africa","Vynnycky-high",45,55,"Tested",136.76
"South Africa","Vynnycky-high",45,56,"Enrolled",96.38
"South Africa","Vynnycky-high",45,56,"Tested",137.94
"South Africa","Vynnycky-high",45,57,"Enrolled",83.76
"South Africa","Vynnycky-high",45,57,"Tested",121.72
"South Africa","Vynnycky-high",45,58,"Enrolled",82.6
"South Africa","Vynnycky-high",45,58,"Tested",116.06
"South Africa","Vynnycky-high",45,59,"Enrolled",125.96
"South Africa","Vynnycky-high",45,59,"Tested",182.56
"South Africa","Vynnycky-high",45,60,"Enrolled",93.54
"South Africa","Vynnycky-high",45,60,"Tested",135.66
"South Africa","Vynnycky-high",45,61,"Enrolled",74.32
"South Africa","Vynnycky-high",45,61,"Tested",107.36
"South Africa","Vynnycky-high",45,62,"Enrolled",87.14
"South Africa","Vynnycky-high",45,62,"Tested",125.62
"South Africa","Vynnycky-high",45,63,"Enrolled",97.7
"South Africa","Vynnycky-high",45,63,"Tested",141.26
"South Africa","Vynnycky-high",45,64,"Enrolled",76.28
"South Africa","Vynnycky-high",45,64,"Tested",110.92
"South Africa","Vynnycky-high",45,65,"Enrolled",90.84
"South Africa","Vynnycky-high",45,65,"Tested",130.62
"South Africa","Vynnycky-high",45,66,"Enrolled",87.28
"South Africa","Vynnycky-high",45,66,"Tested",125.02
"South Africa","Vynnycky-high",45,67,"Enrolled",97.3
"South Africa","Vynnycky-high",45,67,"Tested",139.54
"South Africa","Vynnycky-high",45,68,"Enrolled",108.82
"South Africa","Vynnycky-high",45,68,"Tested",156.38
"South Africa","Vynnycky-high",45,69,"Enrolled",112.2
"South Africa","Vynnycky-high",45,69,"Tested",159.04
"South Africa","Vynnycky-high",45,70,"Enrolled",98.74
"South Africa","Vynnycky-high",45,70,"Tested",141.2
"South Africa","Vynnycky-high",45,71,"Enrolled",105.94
"South Africa","Vynnycky-high",45,71,"Tested",152.86
"South Africa","Vynnycky-high",45,72,"Enrolled",91.36
"South Africa","Vynnycky-high",45,72,"Tested",131.5
"South Africa","Vynnycky-high",45,73,"Enrolled",82.42
"South Africa","Vynnycky-high",45,73,"Tested",117.94
"South Africa","Vynnycky-high",45,74,"Enrolled",93.9
"South Africa","Vynnycky-high",45,74,"Tested",133.22
"South Africa","Vynnycky-high",45,75,"Enrolled",96.24
"South Africa","Vynnycky-high",45,75,"Tested",139.1
"South Africa","Vynnycky-high",45,76,"Enrolled",117.8
"South Africa","Vynnycky-high",45,76,"Tested",168.46
"South Africa","Vynnycky-high",45,77,"Enrolled",76.24
"South Africa","Vynnycky-high",45,77,"Tested",110.06
"South Africa","Vynnycky-high",45,78,"Enrolled",93.4
"South Africa","Vynnycky-high",45,78,"Tested",133.66
"South Africa","Vynnycky-high",45,79,"Enrolled",95.28
"South Africa","Vynnycky-high",45,79,"Tested",135.7
"South Africa","Vynnycky-high",45,80,"Enrolled",87.52
"South Africa","Vynnycky-high",45,80,"Tested",125.88
"South Africa","Vynnycky-high",45,81,"Enrolled",85.26
"South Africa","Vynnycky-high",45,81,"Tested",124.36
"South Africa","Vynnycky-high",45,82,"Enrolled",90.12
"South Africa","Vynnycky-high",45,82,"Tested",128.82
"South Africa","Vynnycky-high",45,83,"Enrolled",97.74
"South Africa","Vynnycky-high",45,83,"Tested",140.06
"South Africa","Vynnycky-high",45,84,"Enrolled",62.56
"South Africa","Vynnycky-high",45,84,"Tested",89.68
"South Africa","Vynnycky-high",45,85,"Enrolled",86.14
"South Africa","Vynnycky-high",45,85,"Tested",123.38
"South Africa","Vynnycky-high",45,86,"Enrolled",66.42
"South Africa","Vynnycky-high",45,86,"Tested",95.56
"South Africa","Vynnycky-high",45,87,"Enrolled",81.74
"South Africa","Vynnycky-high",45,87,"Tested",118.44
"South Africa","Vynnycky-high",45,88,"Enrolled",101.9
"South Africa","Vynnycky-high",45,88,"Tested",145.72
"South Africa","Vynnycky-high",45,89,"Enrolled",88.8
"South Africa","Vynnycky-high",45,89,"Tested",125.68
"South Africa","Vynnycky-high",45,90,"Enrolled",104.74
"South Africa","Vynnycky-high",45,90,"Tested",149.98
"South Africa","Vynnycky-high",45,91,"Enrolled",98.44
"South Africa","Vynnycky-high",45,91,"Tested",142.36
"South Africa","Vynnycky-high",45,92,"Enrolled",101.3
"South Africa","Vynnycky-high",45,92,"Tested",145.74
"South Africa","Vynnycky-high",45,93,"Enrolled",81.92
"South Africa","Vynnycky-high",45,93,"Tested",117.68
"South Africa","Vynnycky-high",45,94,"Enrolled",75.76
"South Africa","Vynnycky-high",45,94,"Tested",110.42
"South Africa","Vynnycky-high",45,95,"Enrolled",92.58
"South Africa","Vynnycky-high",45,95,"Tested",132.28
"South Africa","Vynnycky-high",45,96,"Enrolled",89.84
"South Africa","Vynnycky-high",45,96,"Tested",128.82
"South Africa","Vynnycky-high",45,97,"Enrolled",79.28
"South Africa","Vynnycky-high",45,97,"Tested",111.58
"South Africa","Vynnycky-high",45,98,"Enrolled",86.2
"South Africa","Vynnycky-high",45,98,"Tested",123.44
"South Africa","Vynnycky-high",45,99,"Enrolled",93.64
"South Africa","Vynnycky-high",45,99,"Tested",132.96
"South Africa","Vynnycky-high",45,100,"Enrolled",88.22
"South Africa","Vynnycky-high",45,100,"Tested",127.24
"South Africa","Vynnycky-high",50,1,"Enrolled",87.84
"South Africa","Vynnycky-high",50,1,"Tested",126.06
"South Africa","Vynnycky-high",50,2,"Enrolled",88.84
"South Africa","Vynnycky-high",50,2,"Tested",127.8
"South Africa","Vynnycky-high",50,3,"Enrolled",97.5
"South Africa","Vynnycky-high",50,3,"Tested",139.96
"South Africa","Vynnycky-high",50,4,"Enrolled",104.54
"South Africa","Vynnycky-high",50,4,"Tested",149.88
"South Africa","Vynnycky-high",50,5,"Enrolled",76.54
"South Africa","Vynnycky-high",50,5,"Tested",108.36
"South Africa","Vynnycky-high",50,6,"Enrolled",99.14
"South Africa","Vynnycky-high",50,6,"Tested",144.18
"South Africa","Vynnycky-high",50,7,"Enrolled",85.6
"South Africa","Vynnycky-high",50,7,"Tested",121.86
"South Africa","Vynnycky-high",50,8,"Enrolled",78.86
"South Africa","Vynnycky-high",50,8,"Tested",112.72
"South Africa","Vynnycky-high",50,9,"Enrolled",74.66
"South Africa","Vynnycky-high",50,9,"Tested",105.98
"South Africa","Vynnycky-high",50,10,"Enrolled",100.14
"South Africa","Vynnycky-high",50,10,"Tested",141.3
"South Africa","Vynnycky-high",50,11,"Enrolled",82.54
"South Africa","Vynnycky-high",50,11,"Tested",117.06
"South Africa","Vynnycky-high",50,12,"Enrolled",76.72
"South Africa","Vynnycky-high",50,12,"Tested",109.28
"South Africa","Vynnycky-high",50,13,"Enrolled",102.96
"South Africa","Vynnycky-high",50,13,"Tested",145.76
"South Africa","Vynnycky-high",50,14,"Enrolled",91.56
"South Africa","Vynnycky-high",50,14,"Tested",128.56
"South Africa","Vynnycky-high",50,15,"Enrolled",66.56
"South Africa","Vynnycky-high",50,15,"Tested",95.02
"South Africa","Vynnycky-high",50,16,"Enrolled",68.16
"South Africa","Vynnycky-high",50,16,"Tested",98.66
"South Africa","Vynnycky-high",50,17,"Enrolled",86.46
"South Africa","Vynnycky-high",50,17,"Tested",121.74
"South Africa","Vynnycky-high",50,18,"Enrolled",96.2
"South Africa","Vynnycky-high",50,18,"Tested",135.64
"South Africa","Vynnycky-high",50,19,"Enrolled",99.46
"South Africa","Vynnycky-high",50,19,"Tested",140.54
"South Africa","Vynnycky-high",50,20,"Enrolled",107.32
"South Africa","Vynnycky-high",50,20,"Tested",152.9
"South Africa","Vynnycky-high",50,21,"Enrolled",92.3
"South Africa","Vynnycky-high",50,21,"Tested",130.74
"South Africa","Vynnycky-high",50,22,"Enrolled",83.92
"South Africa","Vynnycky-high",50,22,"Tested",119.64
"South Africa","Vynnycky-high",50,23,"Enrolled",93.92
"South Africa","Vynnycky-high",50,23,"Tested",133.48
"South Africa","Vynnycky-high",50,24,"Enrolled",75.22
"South Africa","Vynnycky-high",50,24,"Tested",105.3
"South Africa","Vynnycky-high",50,25,"Enrolled",84.68
"South Africa","Vynnycky-high",50,25,"Tested",119.34
"South Africa","Vynnycky-high",50,26,"Enrolled",85.28
"South Africa","Vynnycky-high",50,26,"Tested",121.02
"South Africa","Vynnycky-high",50,27,"Enrolled",93.08
"South Africa","Vynnycky-high",50,27,"Tested",131.94
"South Africa","Vynnycky-high",50,28,"Enrolled",81.06
"South Africa","Vynnycky-high",50,28,"Tested",115.94
"South Africa","Vynnycky-high",50,29,"Enrolled",79.44
"South Africa","Vynnycky-high",50,29,"Tested",113.58
"South Africa","Vynnycky-high",50,30,"Enrolled",114.68
"South Africa","Vynnycky-high",50,30,"Tested",163.82
"South Africa","Vynnycky-high",50,31,"Enrolled",76.58
"South Africa","Vynnycky-high",50,31,"Tested",108.34
"South Africa","Vynnycky-high",50,32,"Enrolled",97.36
"South Africa","Vynnycky-high",50,32,"Tested",140.14
"South Africa","Vynnycky-high",50,33,"Enrolled",82.38
"South Africa","Vynnycky-high",50,33,"Tested",117.78
"South Africa","Vynnycky-high",50,34,"Enrolled",85.24
"South Africa","Vynnycky-high",50,34,"Tested",120.34
"South Africa","Vynnycky-high",50,35,"Enrolled",99.76
"South Africa","Vynnycky-high",50,35,"Tested",142.72
"South Africa","Vynnycky-high",50,36,"Enrolled",89.3
"South Africa","Vynnycky-high",50,36,"Tested",126.28
"South Africa","Vynnycky-high",50,37,"Enrolled",92.28
"South Africa","Vynnycky-high",50,37,"Tested",131.04
"South Africa","Vynnycky-high",50,38,"Enrolled",100.4
"South Africa","Vynnycky-high",50,38,"Tested",144.84
"South Africa","Vynnycky-high",50,39,"Enrolled",104.78
"South Africa","Vynnycky-high",50,39,"Tested",149.14
"South Africa","Vynnycky-high",50,40,"Enrolled",87.38
"South Africa","Vynnycky-high",50,40,"Tested",125.62
"South Africa","Vynnycky-high",50,41,"Enrolled",93.8
"South Africa","Vynnycky-high",50,41,"Tested",131.76
"South Africa","Vynnycky-high",50,42,"Enrolled",104.02
"South Africa","Vynnycky-high",50,42,"Tested",146.92
"South Africa","Vynnycky-high",50,43,"Enrolled",102.42
"South Africa","Vynnycky-high",50,43,"Tested",146.78
"South Africa","Vynnycky-high",50,44,"Enrolled",104.84
"South Africa","Vynnycky-high",50,44,"Tested",148.94
"South Africa","Vynnycky-high",50,45,"Enrolled",76
"South Africa","Vynnycky-high",50,45,"Tested",108.18
"South Africa","Vynnycky-high",50,46,"Enrolled",80.32
"South Africa","Vynnycky-high",50,46,"Tested",114.08
"South Africa","Vynnycky-high",50,47,"Enrolled",93.86
"South Africa","Vynnycky-high",50,47,"Tested",133.1
"South Africa","Vynnycky-high",50,48,"Enrolled",99.72
"South Africa","Vynnycky-high",50,48,"Tested",140.28
"South Africa","Vynnycky-high",50,49,"Enrolled",92.34
"South Africa","Vynnycky-high",50,49,"Tested",130.98
"South Africa","Vynnycky-high",50,50,"Enrolled",83.5
"South Africa","Vynnycky-high",50,50,"Tested",120.32
"South Africa","Vynnycky-high",50,51,"Enrolled",102.9
"South Africa","Vynnycky-high",50,51,"Tested",148.46
"South Africa","Vynnycky-high",50,52,"Enrolled",89.3
"South Africa","Vynnycky-high",50,52,"Tested",127.74
"South Africa","Vynnycky-high",50,53,"Enrolled",89.08
"South Africa","Vynnycky-high",50,53,"Tested",127.2
"South Africa","Vynnycky-high",50,54,"Enrolled",93.52
"South Africa","Vynnycky-high",50,54,"Tested",132.38
"South Africa","Vynnycky-high",50,55,"Enrolled",87.4
"South Africa","Vynnycky-high",50,55,"Tested",124.72
"South Africa","Vynnycky-high",50,56,"Enrolled",98.74
"South Africa","Vynnycky-high",50,56,"Tested",139.88
"South Africa","Vynnycky-high",50,57,"Enrolled",76.68
"South Africa","Vynnycky-high",50,57,"Tested",109.68
"South Africa","Vynnycky-high",50,58,"Enrolled",92.98
"South Africa","Vynnycky-high",50,58,"Tested",132.36
"South Africa","Vynnycky-high",50,59,"Enrolled",81.14
"South Africa","Vynnycky-high",50,59,"Tested",115.68
"South Africa","Vynnycky-high",50,60,"Enrolled",88.58
"South Africa","Vynnycky-high",50,60,"Tested",126.64
"South Africa","Vynnycky-high",50,61,"Enrolled",82.02
"South Africa","Vynnycky-high",50,61,"Tested",115.64
"South Africa","Vynnycky-high",50,62,"Enrolled",102.62
"South Africa","Vynnycky-high",50,62,"Tested",147.38
"South Africa","Vynnycky-high",50,63,"Enrolled",83.5
"South Africa","Vynnycky-high",50,63,"Tested",120.3
"South Africa","Vynnycky-high",50,64,"Enrolled",84.14
"South Africa","Vynnycky-high",50,64,"Tested",121.74
"South Africa","Vynnycky-high",50,65,"Enrolled",112.8
"South Africa","Vynnycky-high",50,65,"Tested",162.34
"South Africa","Vynnycky-high",50,66,"Enrolled",99.76
"South Africa","Vynnycky-high",50,66,"Tested",143.16
"South Africa","Vynnycky-high",50,67,"Enrolled",102.8
"South Africa","Vynnycky-high",50,67,"Tested",145.94
"South Africa","Vynnycky-high",50,68,"Enrolled",95.08
"South Africa","Vynnycky-high",50,68,"Tested",136.66
"South Africa","Vynnycky-high",50,69,"Enrolled",90.62
"South Africa","Vynnycky-high",50,69,"Tested",128.76
"South Africa","Vynnycky-high",50,70,"Enrolled",66.06
"South Africa","Vynnycky-high",50,70,"Tested",94.4
"South Africa","Vynnycky-high",50,71,"Enrolled",73.06
"South Africa","Vynnycky-high",50,71,"Tested",105.88
"South Africa","Vynnycky-high",50,72,"Enrolled",93.9
"South Africa","Vynnycky-high",50,72,"Tested",134.88
"South Africa","Vynnycky-high",50,73,"Enrolled",94.62
"South Africa","Vynnycky-high",50,73,"Tested",134.68
"South Africa","Vynnycky-high",50,74,"Enrolled",101.18
"South Africa","Vynnycky-high",50,74,"Tested",142.74
"South Africa","Vynnycky-high",50,75,"Enrolled",91.7
"South Africa","Vynnycky-high",50,75,"Tested",132.66
"South Africa","Vynnycky-high",50,76,"Enrolled",98.74
"South Africa","Vynnycky-high",50,76,"Tested",139.36
"South Africa","Vynnycky-high",50,77,"Enrolled",85.64
"South Africa","Vynnycky-high",50,77,"Tested",121.88
"South Africa","Vynnycky-high",50,78,"Enrolled",95.66
"South Africa","Vynnycky-high",50,78,"Tested",135.28
"South Africa","Vynnycky-high",50,79,"Enrolled",96.02
"South Africa","Vynnycky-high",50,79,"Tested",136.68
"South Africa","Vynnycky-high",50,80,"Enrolled",89.52
"South Africa","Vynnycky-high",50,80,"Tested",128
"South Africa","Vynnycky-high",50,81,"Enrolled",69.64
"South Africa","Vynnycky-high",50,81,"Tested",98.86
"South Africa","Vynnycky-high",50,82,"Enrolled",103.12
"South Africa","Vynnycky-high",50,82,"Tested",147.62
"South Africa","Vynnycky-high",50,83,"Enrolled",81.96
"South Africa","Vynnycky-high",50,83,"Tested",116.68
"South Africa","Vynnycky-high",50,84,"Enrolled",94.5
"South Africa","Vynnycky-high",50,84,"Tested",133.7
"South Africa","Vynnycky-high",50,85,"Enrolled",99.62
"South Africa","Vynnycky-high",50,85,"Tested",141.62
"South Africa","Vynnycky-high",50,86,"Enrolled",127.9
"South Africa","Vynnycky-high",50,86,"Tested",182.94
"South Africa","Vynnycky-high",50,87,"Enrolled",77.26
"South Africa","Vynnycky-high",50,87,"Tested",111.8
"South Africa","Vynnycky-high",50,88,"Enrolled",86.08
"South Africa","Vynnycky-high",50,88,"Tested",121.54
"South Africa","Vynnycky-high",50,89,"Enrolled",87.24
"South Africa","Vynnycky-high",50,89,"Tested",122.34
"South Africa","Vynnycky-high",50,90,"Enrolled",84.38
"South Africa","Vynnycky-high",50,90,"Tested",119.7
"South Africa","Vynnycky-high",50,91,"Enrolled",80.36
"South Africa","Vynnycky-high",50,91,"Tested",114.04
"South Africa","Vynnycky-high",50,92,"Enrolled",88.42
"South Africa","Vynnycky-high",50,92,"Tested",126.76
"South Africa","Vynnycky-high",50,93,"Enrolled",94.04
"South Africa","Vynnycky-high",50,93,"Tested",133.06
"South Africa","Vynnycky-high",50,94,"Enrolled",85.42
"South Africa","Vynnycky-high",50,94,"Tested",121.56
"South Africa","Vynnycky-high",50,95,"Enrolled",89.68
"South Africa","Vynnycky-high",50,95,"Tested",128.74
"South Africa","Vynnycky-high",50,96,"Enrolled",110.08
"South Africa","Vynnycky-high",50,96,"Tested",156.3
"South Africa","Vynnycky-high",50,97,"Enrolled",98.7
"South Africa","Vynnycky-high",50,97,"Tested",139.84
"South Africa","Vynnycky-high",50,98,"Enrolled",99.94
"South Africa","Vynnycky-high",50,98,"Tested",142.02
"South Africa","Vynnycky-high",50,99,"Enrolled",99.56
"South Africa","Vynnycky-high",50,99,"Tested",141.38
"South Africa","Vynnycky-high",50,100,"Enrolled",91.38
"South Africa","Vynnycky-high",50,100,"Tested",131.56
