"country","foi_structure","inf_prev_15to24","inf_prev_25to34","ARTI","cases","progression_structure","slow_structure","conditions_met"
"South Africa","6_6_6_6_6",0.643825301204819,0.770243581303489,0.0439808374031062,373.440884308014,"Vynnycky-high","max",FALSE
"South Africa","7_7_7_7_7",0.69314381270903,0.813084112149533,0.0493199820840472,398.438122559566,"Vynnycky-high","max",FALSE
"South Africa","6_6_3_3_3",0.64031382015691,0.746268656716418,0.0409436395196229,360.984766442856,"Vynnycky-high","max",TRUE
"South Africa","7_6_3_3_3",0.6524064171123,0.75515947467167,0.0420692986673217,359.815774323546,"Vynnycky-high","max",FALSE
"South Africa","3_7_3_3_3",0.642020948860135,0.756027554535017,0.0414575663696332,354.760891159359,"Vynnycky-high","max",FALSE
"South Africa","4_7_3_3_3",0.654666666666667,0.764739229024943,0.042614249383756,365.256775513186,"Vynnycky-high","max",FALSE
"South Africa","5_7_3_3_3",0.673130193905817,0.772841051314143,0.043755155342092,350.581966063666,"Vynnycky-high","max",FALSE
"South Africa","6_7_3_3_3",0.682577565632458,0.77991452991453,0.0448097251605316,371.443429165738,"Vynnycky-high","max",FALSE
"South Africa","7_7_3_3_3",0.691382765531062,0.791174642635177,0.0457784461958657,375.037503750375,"Vynnycky-high","max",FALSE
"South Africa","5_6_4_3_3",0.623642943305187,0.745860331173506,0.0407950440536328,362.871035633936,"Vynnycky-high","max",TRUE
"South Africa","6_6_4_3_3",0.640479360852197,0.757972665148064,0.0418369334591863,374.111485222596,"Vynnycky-high","max",FALSE
"South Africa","7_6_4_3_3",0.654752851711027,0.764964788732394,0.0427177330900345,352.509870276368,"Vynnycky-high","max",FALSE
"South Africa","3_7_4_3_3",0.639308855291577,0.766623207301173,0.0422853980005298,351.840123847724,"Vynnycky-high","max",FALSE
"South Africa","4_7_4_3_3",0.649110320284698,0.771326164874552,0.0431156832599241,354.760891159359,"Vynnycky-high","max",FALSE
"South Africa","5_7_4_3_3",0.668665667166417,0.780752532561505,0.0445451225956415,388.772257211725,"Vynnycky-high","max",FALSE
"South Africa","6_7_4_3_3",0.681782020684169,0.784958871915394,0.0453069117807443,383.141762452107,"Vynnycky-high","max",FALSE
"South Africa","7_7_4_3_3",0.6925,0.792249730893434,0.0465135681374368,378.272053260705,"Vynnycky-high","max",FALSE
"South Africa","5_6_5_3_3",0.627287853577371,0.752650176678445,0.0411994546700147,387.416705408337,"Vynnycky-high","max",FALSE
"South Africa","6_6_5_3_3",0.639041095890411,0.761245674740484,0.0423317972197377,362.871035633936,"Vynnycky-high","max",FALSE
"South Africa","7_6_5_3_3",0.650546021840874,0.770952927669346,0.043373896895459,369.467228256854,"Vynnycky-high","max",FALSE
"South Africa","3_7_5_3_3",0.636429085673146,0.76875,0.0428580045336333,354.459095420389,"Vynnycky-high","max",FALSE
"South Africa","4_7_5_3_3",0.647590361445783,0.78375350140056,0.0440284351240057,365.737692926633,"Vynnycky-high","max",FALSE
"South Africa","5_7_5_3_3",0.6656,0.785596481583288,0.0449379938879667,395.507040025312,"Vynnycky-high","max",FALSE
"South Africa","6_7_5_3_3",0.677123182861515,0.794270833333333,0.0459353101748369,379.046319460238,"Vynnycky-high","max",FALSE
"South Africa","7_7_5_3_3",0.687857142857143,0.803991446899501,0.0471632112698828,364.61751622548,"Vynnycky-high","max",FALSE
"South Africa","7_5_6_3_3",0.612442922374429,0.746825989544436,0.0405124227142777,354.233085370174,"Vynnycky-high","max",TRUE
"South Africa","3_6_6_3_3",0.590051457975986,0.748930971288943,0.0398334942271662,363.26649229875,"Vynnycky-high","max",FALSE
"South Africa","4_6_6_3_3",0.607640994542147,0.756741250717154,0.0410846201244308,383.759306163174,"Vynnycky-high","max",FALSE
"South Africa","5_6_6_3_3",0.622950819672131,0.768145161290323,0.0423040342579233,377.33001282922,"Vynnycky-high","max",FALSE
"South Africa","6_6_6_3_3",0.636499626028422,0.769985974754558,0.0431158019549822,375.037503750375,"Vynnycky-high","max",FALSE
"South Africa","7_6_6_3_3",0.653100775193798,0.776564774381368,0.0443054730438834,393.824826717076,"Vynnycky-high","max",FALSE
"South Africa","3_7_6_3_3",0.63236337828247,0.776061776061776,0.0438279920160162,358.80875493362,"Vynnycky-high","max",FALSE
"South Africa","4_7_6_3_3",0.645498953244941,0.787616511318242,0.0444916494139733,371.691941718704,"Vynnycky-high","max",FALSE
"South Africa","5_7_6_3_3",0.663139329805996,0.796805111821086,0.0459406290167745,386.966953022212,"Vynnycky-high","max",FALSE
"South Africa","6_7_6_3_3",0.6751269035533,0.800295857988166,0.0466574700674469,380.430647492962,"Vynnycky-high","max",FALSE
"South Africa","7_7_6_3_3",0.687387387387387,0.806321452589106,0.0478218237110821,392.341494036409,"Vynnycky-high","max",FALSE
"South Africa","6_5_7_3_3",0.59520725388601,0.744560838033844,0.0402159822056991,354.157812721349,"Vynnycky-high","max",TRUE
"South Africa","7_5_7_3_3",0.610738255033557,0.754562617998741,0.0414905130165276,369.549150036955,"Vynnycky-high","max",FALSE
"South Africa","3_6_7_3_3",0.589375448671931,0.754277891854894,0.0406923016226657,349.47927587894,"Vynnycky-high","max",FALSE
"South Africa","4_6_7_3_3",0.606353591160221,0.763358778625954,0.0419428104369463,366.54204237226,"Vynnycky-high","max",FALSE
"South Africa","5_6_7_3_3",0.6265664160401,0.77027027027027,0.0428657645449307,368.405540819334,"Vynnycky-high","max",FALSE
"South Africa","6_6_7_3_3",0.635258358662614,0.778580024067389,0.0437341937707014,372.856077554064,"Vynnycky-high","max",FALSE
"South Africa","7_6_7_3_3",0.654867256637168,0.784789644012945,0.045031992843382,387.416705408337,"Vynnycky-high","max",FALSE
"South Africa","3_7_7_3_3",0.636456211812627,0.784606547960942,0.0440593697498951,370.864856846165,"Vynnycky-high","max",FALSE
"South Africa","4_7_7_3_3",0.653543307086614,0.790769230769231,0.0454099960169918,361.846866406137,"Vynnycky-high","max",FALSE
"South Africa","5_7_7_3_3",0.661266568483063,0.796753246753247,0.0462537702777914,377.672029609487,"Vynnycky-high","max",FALSE
"South Africa","6_7_7_3_3",0.679799426934097,0.803672316384181,0.0471575914709739,381.213784690454,"Vynnycky-high","max",FALSE
"South Africa","7_7_7_3_3",0.69281045751634,0.807884856070088,0.0482181131978112,369.549150036955,"Vynnycky-high","max",FALSE
"South Africa","5_6_3_4_3",0.625228519195612,0.741721854304636,0.0399507261947536,359.971202303816,"Vynnycky-high","max",FALSE
"South Africa","6_6_3_4_3",0.639827462257369,0.75018698578908,0.0409296133661674,363.980490645701,"Vynnycky-high","max",TRUE
"South Africa","7_6_3_4_3",0.650069156293223,0.755852842809365,0.0421821774894257,366.622671946033,"Vynnycky-high","max",FALSE
"South Africa","3_7_3_4_3",0.635234330886505,0.758156028368794,0.0415118833106896,346.716593856182,"Vynnycky-high","max",FALSE
"South Africa","4_7_3_4_3",0.649798734905118,0.766059957173448,0.0422979514040415,342.371952889619,"Vynnycky-high","max",FALSE
"South Africa","5_7_3_4_3",0.663551401869159,0.770159078442128,0.0434885729434671,356.049277219967,"Vynnycky-high","max",FALSE
"South Africa","6_7_3_4_3",0.675951086956522,0.780555555555556,0.0447288959973865,359.11800617683,"Vynnycky-high","max",FALSE
"South Africa","7_7_3_4_3",0.690923317683881,0.783690987124464,0.0456691585291338,358.963313949314,"Vynnycky-high","max",FALSE
"South Africa","4_6_4_4_3",0.604197901049475,0.739572192513369,0.0395382780691846,365.256775513186,"Vynnycky-high","max",FALSE
"South Africa","5_6_4_4_3",0.618170266836086,0.748104008667389,0.0406206360740091,345.137019396701,"Vynnycky-high","max",TRUE
"South Africa","6_6_4_4_3",0.636890951276102,0.752610966057441,0.0416069811307406,370.123621289511,"Vynnycky-high","max",FALSE
"South Africa","7_6_4_4_3",0.64954257565095,0.765275257108288,0.0427900100927829,356.42999714856,"Vynnycky-high","max",FALSE
"South Africa","3_7_4_4_3",0.628225806451613,0.763137254901961,0.0422219104727178,380.517503805175,"Vynnycky-high","max",FALSE
"South Africa","4_7_4_4_3",0.646616541353383,0.772203389830509,0.0431814696803627,343.076711952793,"Vynnycky-high","max",FALSE
"South Africa","5_7_4_4_3",0.656538969616909,0.77765843179377,0.0440633890947931,363.662811840861,"Vynnycky-high","max",FALSE
"South Africa","6_7_4_4_3",0.672470978441128,0.785969935576235,0.0451129663877368,349.993000139997,"Vynnycky-high","max",FALSE
"South Africa","7_7_4_4_3",0.688005886681383,0.793450881612091,0.046160490581957,365.898280278083,"Vynnycky-high","max",FALSE
"South Africa","7_5_5_4_3",0.605082417582418,0.735570469798658,0.039702715288032,347.584289190129,"Vynnycky-high","max",FALSE
"South Africa","5_6_5_4_3",0.618894256575416,0.75286968264686,0.0414491305124122,363.029114935018,"Vynnycky-high","max",FALSE
"South Africa","6_6_5_4_3",0.635220125786163,0.761203585147247,0.042518606223512,362.871035633936,"Vynnycky-high","max",FALSE
"South Africa","7_6_5_4_3",0.649884259259259,0.765998707175178,0.0434734834119396,359.971202303816,"Vynnycky-high","max",FALSE
"South Africa","3_7_5_4_3",0.635075287865368,0.771767810026385,0.0428453588907564,362.950058072009,"Vynnycky-high","max",FALSE
"South Africa","4_7_5_4_3",0.642120765832106,0.779989241527703,0.0439782787216685,378.272053260705,"Vynnycky-high","max",FALSE
"South Africa","5_7_5_4_3",0.659986178299931,0.786677240285488,0.0447768284332007,380.083618396047,"Vynnycky-high","max",FALSE
"South Africa","6_7_5_4_3",0.672623883021933,0.789876397881107,0.0456786118733987,359.660480506402,"Vynnycky-high","max",FALSE
"South Africa","7_7_5_4_3",0.682343870470316,0.798032786885246,0.0467506700096555,371.774853148933,"Vynnycky-high","max",FALSE
"South Africa","7_5_6_4_3",0.605300859598854,0.744318181818182,0.0405438353643685,369.058163566578,"Vynnycky-high","max",TRUE
"South Africa","4_6_6_4_3",0.600751879699248,0.74781919111816,0.0408704825270851,374.953130858643,"Vynnycky-high","max",TRUE
"South Africa","5_6_6_4_3",0.615750169721657,0.755844155844156,0.0418761281620056,362.476439031463,"Vynnycky-high","max",FALSE
"South Africa","6_6_6_4_3",0.631656804733728,0.763732627399073,0.0429110654683631,377.159236629705,"Vynnycky-high","max",FALSE
"South Africa","7_6_6_4_3",0.645335389360062,0.777777777777778,0.0441395792792686,365.978626848192,"Vynnycky-high","max",FALSE
"South Africa","3_7_6_4_3",0.627237354085603,0.778100072516316,0.0432855464001147,365.256775513186,"Vynnycky-high","max",FALSE
"South Africa","4_7_6_4_3",0.645137342242019,0.784262295081967,0.04440725728426,382.350692054753,"Vynnycky-high","max",FALSE
"South Africa","5_7_6_4_3",0.656638325703074,0.78898426323319,0.0453854413259719,397.772474144789,"Vynnycky-high","max",FALSE
"South Africa","6_7_6_4_3",0.673734610123119,0.797679477882524,0.0465616996256094,368.405540819334,"Vynnycky-high","max",FALSE
"South Africa","7_7_6_4_3",0.683482506102522,0.804186360567184,0.0474249276332853,386.607902265522,"Vynnycky-high","max",FALSE
"South Africa","6_5_7_4_3",0.586805555555556,0.737054472091459,0.0399334325656415,342.5126729689,"Vynnycky-high","max",FALSE
"South Africa","7_5_7_4_3",0.608020698576973,0.75310254735467,0.0412428591934609,355.214549587951,"Vynnycky-high","max",FALSE
"South Africa","3_6_7_4_3",0.587935429056924,0.750144927536232,0.0405375332997383,364.05999708752,"Vynnycky-high","max",TRUE
"South Africa","4_6_7_4_3",0.60459587955626,0.757925072046109,0.0415685473428591,367.026352492109,"Vynnycky-high","max",FALSE
"South Africa","5_6_7_4_3",0.614769230769231,0.767102229054573,0.0426072888703135,345.208505937586,"Vynnycky-high","max",FALSE
"South Africa","6_6_7_4_3",0.628971962616822,0.775670372792675,0.0435101633452482,352.584443974332,"Vynnycky-high","max",FALSE
"South Africa","7_6_7_4_3",0.644757433489828,0.783031088082902,0.0446099580523642,357.730557344208,"Vynnycky-high","max",FALSE
"South Africa","3_7_7_4_3",0.629711751662971,0.785298398835517,0.044046394998453,355.593485527345,"Vynnycky-high","max",FALSE
"South Africa","4_7_7_4_3",0.643916913946588,0.791919191919192,0.0450309389875219,369.058163566578,"Vynnycky-high","max",FALSE
"South Africa","5_7_7_4_3",0.657789613848202,0.796111111111111,0.0458185824863544,371.112595561493,"Vynnycky-high","max",FALSE
"South Africa","6_7_7_4_3",0.670916334661355,0.805811481218994,0.0470597030097746,372.02380952381,"Vynnycky-high","max",FALSE
"South Africa","7_7_7_4_3",0.681000781860829,0.810497614178596,0.0481448159350654,378.014666969078,"Vynnycky-high","max",FALSE
"South Africa","6_6_3_5_3",0.631013016411998,0.749692496924969,0.0408619323189915,360.126764621147,"Vynnycky-high","max",TRUE
"South Africa","7_6_3_5_3",0.64778156996587,0.757715036112935,0.0420778485559498,366.059008712204,"Vynnycky-high","max",FALSE
"South Africa","3_7_3_5_3",0.62532981530343,0.75492341356674,0.0414876320325397,347.149899326529,"Vynnycky-high","max",FALSE
"South Africa","4_7_3_5_3",0.643251775848461,0.766888677450048,0.0426977655368607,345.853219893477,"Vynnycky-high","max",FALSE
"South Africa","5_7_3_5_3",0.659047619047619,0.775,0.0436520487047649,360.594259339391,"Vynnycky-high","max",FALSE
"South Africa","6_7_3_5_3",0.672388059701493,0.786553524804178,0.044867836096099,379.650721336371,"Vynnycky-high","max",FALSE
"South Africa","7_7_3_5_3",0.687232219365896,0.792038027332145,0.0460264938875464,389.135341271694,"Vynnycky-high","max",FALSE
"South Africa","5_6_4_5_3",0.618238021638331,0.745028409090909,0.0407506559312304,385.534736679775,"Vynnycky-high","max",TRUE
"South Africa","6_6_4_5_3",0.634269258459323,0.753808653260207,0.0417567727036842,368.405540819334,"Vynnycky-high","max",FALSE
"South Africa","7_6_4_5_3",0.653517422748192,0.761755485893417,0.0430283567344415,366.54204237226,"Vynnycky-high","max",FALSE
"South Africa","3_7_4_5_3",0.633211678832117,0.765752032520325,0.0425144503238681,376.222723852521,"Vynnycky-high","max",FALSE
"South Africa","4_7_4_5_3",0.644038790644609,0.775597792765175,0.0434263299863379,345.423143350604,"Vynnycky-high","max",FALSE
"South Africa","5_7_4_5_3",0.660452729693742,0.781467181467181,0.0447342243870978,353.257029814893,"Vynnycky-high","max",FALSE
"South Africa","6_7_4_5_3",0.675694444444444,0.787878787878788,0.0456433479042428,372.939509211606,"Vynnycky-high","max",FALSE
"South Africa","7_7_4_5_3",0.68625678119349,0.792895845875978,0.0465544581330747,379.99696002432,"Vynnycky-high","max",FALSE
"South Africa","7_5_5_5_3",0.606478290833908,0.734519572953737,0.0399521016135195,357.270453733476,"Vynnycky-high","max",FALSE
"South Africa","4_6_5_5_3",0.605442176870748,0.747038327526132,0.0406603857837413,357.653791130186,"Vynnycky-high","max",TRUE
"South Africa","5_6_5_5_3",0.622272385252069,0.755988023952096,0.0416472856798911,363.980490645701,"Vynnycky-high","max",FALSE
"South Africa","6_6_5_5_3",0.640371229698376,0.76507713884993,0.0427666252883043,372.356270479595,"Vynnycky-high","max",FALSE
"South Africa","7_6_5_5_3",0.652421652421652,0.773049645390071,0.0439824379718345,372.356270479595,"Vynnycky-high","max",FALSE
"South Africa","3_7_5_5_3",0.635555555555556,0.770949720670391,0.0432242380931098,376.137816896111,"Vynnycky-high","max",FALSE
"South Africa","4_7_5_5_3",0.650632911392405,0.778663396689148,0.0442488578466229,371.691941718704,"Vynnycky-high","max",FALSE
"South Africa","5_7_5_5_3",0.667641895845524,0.787019533711405,0.0454107374447918,357.577057855968,"Vynnycky-high","max",FALSE
"South Africa","6_7_5_5_3",0.677541729893778,0.793159609120521,0.0466463074858088,364.05999708752,"Vynnycky-high","max",FALSE
"South Africa","7_7_5_5_3",0.688266199649737,0.799390243902439,0.0474285895848935,393.545848091303,"Vynnycky-high","max",FALSE
"South Africa","7_5_6_5_3",0.613117870722434,0.740193291642979,0.0407155056384898,390.502967822555,"Vynnycky-high","max",TRUE
"South Africa","4_6_6_5_3",0.607290803645402,0.750910415149308,0.0412533224527395,372.606006408823,"Vynnycky-high","max",TRUE
"South Africa","5_6_6_5_3",0.625094482237339,0.759645793801392,0.0424354565201027,357.193884840692,"Vynnycky-high","max",FALSE
"South Africa","6_6_6_5_3",0.639393939393939,0.766497461928934,0.0435785086158142,371.774853148933,"Vynnycky-high","max",FALSE
"South Africa","7_6_6_5_3",0.656626506024096,0.774515560775103,0.0445104568861411,373.273609555804,"Vynnycky-high","max",FALSE
"South Africa","3_7_6_5_3",0.635362694300518,0.775486827033219,0.0440757240686327,385.534736679775,"Vynnycky-high","max",FALSE
"South Africa","4_7_6_5_3",0.652725914861837,0.782004830917874,0.0448683389492237,360.438292964245,"Vynnycky-high","max",FALSE
"South Africa","5_7_6_5_3",0.671007539410555,0.789639924194567,0.0461825914023399,354.760891159359,"Vynnycky-high","max",FALSE
"South Africa","6_7_6_5_3",0.679372197309417,0.797297297297297,0.0471905852463452,367.430922986479,"Vynnycky-high","max",FALSE
"South Africa","7_7_6_5_3",0.690526315789474,0.801054018445323,0.0480970331219795,384.113082891603,"Vynnycky-high","max",FALSE
"South Africa","6_5_7_5_3",0.601662049861496,0.739325842696629,0.0408721285335433,358.19184755355,"Vynnycky-high","max",TRUE
"South Africa","7_5_7_5_3",0.615733736762481,0.748717948717949,0.0415452479149261,378.100423472474,"Vynnycky-high","max",TRUE
"South Africa","3_6_7_5_3",0.595788043478261,0.75030303030303,0.04121948693739,362.00405444541,"Vynnycky-high","max",TRUE
"South Africa","4_6_7_5_3",0.613178294573643,0.759310344827586,0.0419904873484755,381.3882532418,"Vynnycky-high","max",FALSE
"South Africa","5_6_7_5_3",0.628667225481978,0.767427513880321,0.0429955532033218,363.108206245461,"Vynnycky-high","max",FALSE
"South Africa","6_6_7_5_3",0.642483171278983,0.772700296735905,0.0443484074161592,371.857801576677,"Vynnycky-high","max",FALSE
"South Africa","7_6_7_5_3",0.657471264367816,0.783962889330683,0.0454483741000921,362.634174644618,"Vynnycky-high","max",FALSE
"South Africa","3_7_7_5_3",0.639275766016713,0.77998717126363,0.0445768187951063,369.30349361105,"Vynnycky-high","max",FALSE
"South Africa","4_7_7_5_3",0.656779661016949,0.790613718411552,0.0460182499548358,389.408099688473,"Vynnycky-high","max",FALSE
"South Africa","5_7_7_5_3",0.666947014297729,0.797573919636088,0.0467930448106775,393.824826717076,"Vynnycky-high","max",FALSE
"South Africa","6_7_7_5_3",0.678521617852162,0.806591500433651,0.0480280038177698,375.798571965427,"Vynnycky-high","max",FALSE
"South Africa","7_7_7_5_3",0.689852700490998,0.813069094804499,0.0490015651829194,386.607902265522,"Vynnycky-high","max",FALSE
"South Africa","5_6_3_6_3",0.627906976744186,0.740805604203152,0.0407214346628758,373.440884308014,"Vynnycky-high","max",TRUE
"South Africa","6_6_3_6_3",0.641721854304636,0.751561415683553,0.0416512745219875,345.996816829285,"Vynnycky-high","max",FALSE
"South Africa","7_6_3_6_3",0.65528781793842,0.760083449235049,0.0429375444892021,349.25956971221,"Vynnycky-high","max",FALSE
"South Africa","3_7_3_6_3",0.637518684603886,0.756232686980609,0.0423364857145132,374.953130858643,"Vynnycky-high","max",FALSE
"South Africa","4_7_3_6_3",0.654008438818565,0.76885043263288,0.0433476432923555,365.898280278083,"Vynnycky-high","max",FALSE
"South Africa","5_7_3_6_3",0.667736757624398,0.773694390715667,0.044604179086607,374.111485222596,"Vynnycky-high","max",FALSE
"South Africa","6_7_3_6_3",0.679272727272727,0.78237650200267,0.045341453085002,362.634174644618,"Vynnycky-high","max",FALSE
"South Africa","7_7_3_6_3",0.68887262079063,0.791736460078169,0.0462674891446273,359.971202303816,"Vynnycky-high","max",FALSE
"South Africa","4_6_4_6_3",0.61275476660092,0.739188290086494,0.0403293890528088,369.385342789598,"Vynnycky-high","max",TRUE
"South Africa","5_6_4_6_3",0.627770534550196,0.749876176324913,0.0414489439902932,350.803339647793,"Vynnycky-high","max",TRUE
"South Africa","6_6_4_6_3",0.639773531493277,0.757470465601112,0.0426790945170152,358.654328957751,"Vynnycky-high","max",FALSE
"South Africa","7_6_4_6_3",0.65304755525787,0.763880771478667,0.0438657110858918,337.723741979061,"Vynnycky-high","max",FALSE
"South Africa","3_7_4_6_3",0.634416543574594,0.763239875389408,0.0430643705339881,378.186218894183,"Vynnycky-high","max",FALSE
"South Africa","4_7_4_6_3",0.652999240698557,0.775577557755776,0.0442363367975658,376.647834274953,"Vynnycky-high","max",FALSE
"South Africa","5_7_4_6_3",0.669312169312169,0.781524926686217,0.0452608801071864,375.798571965427,"Vynnycky-high","max",FALSE
"South Africa","6_7_4_6_3",0.679588607594937,0.786369593709043,0.0462894625270494,371.774853148933,"Vynnycky-high","max",FALSE
"South Africa","7_7_4_6_3",0.695059625212947,0.796498905908096,0.0471591646584744,375.037503750375,"Vynnycky-high","max",FALSE
"South Africa","7_5_5_6_3",0.614449696151249,0.735718099305926,0.0404396812206766,341.180484476288,"Vynnycky-high","max",TRUE
"South Africa","4_6_5_6_3",0.611632270168856,0.7455525606469,0.0409146765032457,353.556781219064,"Vynnycky-high","max",TRUE
"South Africa","5_6_5_6_3",0.628116343490305,0.752752752752753,0.041949331687899,339.167005833672,"Vynnycky-high","max",FALSE
"South Africa","6_6_5_6_3",0.642066420664207,0.764183185235817,0.0430652884966988,377.33001282922,"Vynnycky-high","max",FALSE
"South Africa","7_6_5_6_3",0.657467532467532,0.773952095808383,0.0442492220521998,388.138487812452,"Vynnycky-high","max",FALSE
"South Africa","3_7_5_6_3",0.638255033557047,0.771315640880858,0.0435997827470219,387.146728610143,"Vynnycky-high","max",FALSE
"South Africa","4_7_5_6_3",0.651237031125299,0.774647887323944,0.0445451225956415,356.42999714856,"Vynnycky-high","max",FALSE
"South Africa","5_7_5_6_3",0.667749796913079,0.789237668161435,0.0458220715029335,376.307669150297,"Vynnycky-high","max",FALSE
"South Africa","6_7_5_6_3",0.678267045454545,0.792523364485981,0.0465508681073789,360.516259283294,"Vynnycky-high","max",FALSE
"South Africa","7_7_5_6_3",0.696969696969697,0.799561082662765,0.0478219809453625,367.107195301028,"Vynnycky-high","max",FALSE
"South Africa","6_5_6_6_3",0.597968936678614,0.729963008631319,0.0401162268234155,354.609929078014,"Vynnycky-high","max",TRUE
"South Africa","7_5_6_6_3",0.61612426035503,0.746533555185801,0.0410106154444841,352.733686067019,"Vynnycky-high","max",TRUE
"South Africa","3_6_6_6_3",0.594191522762951,0.745056497175141,0.0405296587264397,351.469141009419,"Vynnycky-high","max",TRUE
"South Africa","4_6_6_6_3",0.609611586570112,0.753046824887749,0.0416501869580479,343.359428649911,"Vynnycky-high","max",FALSE
"South Africa","5_6_6_6_3",0.625250501002004,0.762948207171315,0.0423669928988684,357.193884840692,"Vynnycky-high","max",FALSE
"South Africa","6_6_6_6_3",0.640031031807603,0.769516728624535,0.0435243460671227,381.562881562882,"Vynnycky-high","max",FALSE
"South Africa","7_6_6_6_3",0.654141759180188,0.778818443804035,0.0447191778416296,382.526203044909,"Vynnycky-high","max",FALSE
"South Africa","3_7_6_6_3",0.635055591890124,0.777437155119559,0.0437924594489542,378.529790294496,"Vynnycky-high","max",FALSE
"South Africa","4_7_6_6_3",0.652410047522064,0.78414720452937,0.0448445353756377,364.856976065382,"Vynnycky-high","max",FALSE
"South Africa","5_7_6_6_3",0.668196721311475,0.790284360189573,0.0461509846918503,383.318000613309,"Vynnycky-high","max",FALSE
"South Africa","6_7_6_6_3",0.675043327556326,0.796412556053812,0.046909564693682,360.828462149094,"Vynnycky-high","max",FALSE
"South Africa","7_7_6_6_3",0.691452991452991,0.800490596892886,0.0480676852627111,396.825396825397,"Vynnycky-high","max",FALSE
"South Africa","6_5_7_6_3",0.593984962406015,0.737756714060032,0.0403725529247749,359.040643400833,"Vynnycky-high","max",TRUE
"South Africa","7_5_7_6_3",0.609841827768014,0.751596877217885,0.0414787564344102,364.936865922195,"Vynnycky-high","max",FALSE
"South Africa","3_6_7_6_3",0.590076335877863,0.75,0.0409132437858222,359.971202303816,"Vynnycky-high","max",TRUE
"South Africa","4_6_7_6_3",0.609406952965235,0.761380323054332,0.0423967193014263,349.113252339059,"Vynnycky-high","max",FALSE
"South Africa","5_6_7_6_3",0.623948220064725,0.766832034018427,0.0431628016802721,375.968117903602,"Vynnycky-high","max",FALSE
"South Africa","6_6_7_6_3",0.639853747714808,0.773735076748152,0.0442736697813156,375.798571965427,"Vynnycky-high","max",FALSE
"South Africa","7_6_7_6_3",0.652987760979122,0.783266932270916,0.0454232096694224,368.568480023588,"Vynnycky-high","max",FALSE
"South Africa","3_7_7_6_3",0.635124905374716,0.786061588330632,0.0449024233444834,371.112595561493,"Vynnycky-high","max",FALSE
"South Africa","4_7_7_6_3",0.649539877300613,0.789312977099237,0.0457873537039812,364.219114219114,"Vynnycky-high","max",FALSE
"South Africa","5_7_7_6_3",0.663323782234957,0.799301919720768,0.0469444025542599,399.297236863121,"Vynnycky-high","max",FALSE
"South Africa","6_7_7_6_3",0.67761452031115,0.805589307411908,0.0477866962148957,389.954765247231,"Vynnycky-high","max",FALSE
"South Africa","7_7_7_6_3",0.691315563198624,0.81447963800905,0.0488903980507477,412.643393579269,"Vynnycky-high","max",FALSE
"South Africa","5_6_3_7_3",0.625,0.734883720930233,0.0405373927667529,351.098939681202,"Vynnycky-high","max",TRUE
"South Africa","6_6_3_7_3",0.636830520909758,0.747916666666667,0.0414338475906375,368.405540819334,"Vynnycky-high","max",TRUE
"South Africa","7_6_3_7_3",0.653666146645866,0.752923976608187,0.042761217215934,380.778310867413,"Vynnycky-high","max",FALSE
"South Africa","3_7_3_7_3",0.635135135135135,0.75599520383693,0.0423738492507413,369.30349361105,"Vynnycky-high","max",FALSE
"South Africa","4_7_3_7_3",0.652694610778443,0.762915782024062,0.0432048092719903,366.219878415,"Vynnycky-high","max",FALSE
"South Africa","5_7_3_7_3",0.66015625,0.771247021445592,0.0443377909736531,369.795133496043,"Vynnycky-high","max",FALSE
"South Africa","6_7_3_7_3",0.672268907563025,0.780906593406593,0.0452362895146828,376.903361977989,"Vynnycky-high","max",FALSE
"South Africa","7_7_3_7_3",0.686511627906977,0.788397790055249,0.0460937226989727,388.953714507974,"Vynnycky-high","max",FALSE
"South Africa","4_6_4_7_3",0.606128550074738,0.736225895316804,0.0404410417804868,355.063201249822,"Vynnycky-high","max",TRUE
"South Africa","5_6_4_7_3",0.620891161431702,0.747916666666667,0.0413802274993886,363.029114935018,"Vynnycky-high","max",TRUE
"South Africa","6_6_4_7_3",0.637789395070948,0.756526371870005,0.0423602379211436,353.631798571328,"Vynnycky-high","max",FALSE
"South Africa","7_6_4_7_3",0.651282051282051,0.764570552147239,0.0434990915014239,372.02380952381,"Vynnycky-high","max",FALSE
"South Africa","3_7_4_7_3",0.632200886262925,0.769281914893617,0.0430349329326206,379.823761774537,"Vynnycky-high","max",FALSE
"South Africa","4_7_4_7_3",0.648423557406306,0.774550484094053,0.0439354818896144,375.375375375375,"Vynnycky-high","max",FALSE
"South Africa","5_7_4_7_3",0.661730319563523,0.781052631578947,0.0449406665032583,384.911470361817,"Vynnycky-high","max",FALSE
"South Africa","6_7_4_7_3",0.672354948805461,0.790985915492958,0.0458265122565901,360.438292964245,"Vynnycky-high","max",FALSE
"South Africa","7_7_4_7_3",0.684922680412371,0.79413817166783,0.0467921934399756,358.19184755355,"Vynnycky-high","max",FALSE
"South Africa","7_5_5_7_3",0.606770833333333,0.733766233766234,0.0404339676315648,346.572398974146,"Vynnycky-high","max",TRUE
"South Africa","3_6_5_7_3",0.589359933499584,0.737467018469657,0.0398080810267116,361.846866406137,"Vynnycky-high","max",FALSE
"South Africa","4_6_5_7_3",0.60016694490818,0.746071653048397,0.0406870768291059,353.631798571328,"Vynnycky-high","max",TRUE
"South Africa","5_6_5_7_3",0.621129326047359,0.756198347107438,0.0420333357653203,386.877127824203,"Vynnycky-high","max",FALSE
"South Africa","6_6_5_7_3",0.633911368015414,0.764841498559078,0.0429143276135627,348.165169556438,"Vynnycky-high","max",FALSE
"South Africa","7_6_5_7_3",0.647921760391198,0.769010043041607,0.0441295295880401,360.204596210648,"Vynnycky-high","max",FALSE
"South Africa","3_7_5_7_3",0.631128404669261,0.769230769230769,0.0434176084506197,375.798571965427,"Vynnycky-high","max",FALSE
"South Africa","4_7_5_7_3",0.644137931034483,0.782198246797033,0.044462387974777,370.617448669483,"Vynnycky-high","max",FALSE
"South Africa","5_7_5_7_3",0.658498023715415,0.786186627479794,0.0454166868768191,373.775883979966,"Vynnycky-high","max",FALSE
"South Africa","6_7_5_7_3",0.672107877927608,0.794285714285714,0.0463799411630396,368.486992409168,"Vynnycky-high","max",FALSE
"South Africa","7_7_5_7_3",0.686837180286962,0.800436205016358,0.0472888510188521,369.877200769345,"Vynnycky-high","max",FALSE
"South Africa","6_5_6_7_3",0.590070019096117,0.728937728937729,0.0397523818648908,355.366027007818,"Vynnycky-high","max",FALSE
"South Africa","7_5_6_7_3",0.610361958836054,0.743451981195433,0.0409803930616109,354.98757543486,"Vynnycky-high","max",TRUE
"South Africa","3_6_6_7_3",0.589641434262948,0.744216787838731,0.0404970398139115,365.817968978636,"Vynnycky-high","max",TRUE
"South Africa","4_6_6_7_3",0.603448275862069,0.750649350649351,0.0414178971113005,360.048966659466,"Vynnycky-high","max",TRUE
"South Africa","5_6_6_7_3",0.623518687329079,0.759572072072072,0.0425986030897663,366.622671946033,"Vynnycky-high","max",FALSE
"South Africa","6_6_6_7_3",0.636417556346382,0.767332549941246,0.0438006460308082,365.57724647218,"Vynnycky-high","max",FALSE
"South Africa","7_6_6_7_3",0.65196471531676,0.778325123152709,0.0448340469268083,349.919518510743,"Vynnycky-high","max",FALSE
"South Africa","3_7_6_7_3",0.634076204169662,0.777851021753461,0.0440903080276834,381.650255705671,"Vynnycky-high","max",FALSE
"South Africa","4_7_6_7_3",0.646564885496183,0.783988957902001,0.0452323671231546,371.857801576677,"Vynnycky-high","max",FALSE
"South Africa","5_7_6_7_3",0.660714285714286,0.792437650844731,0.0461501668948116,350.729517396184,"Vynnycky-high","max",FALSE
"South Africa","6_7_6_7_3",0.675775480059084,0.797549280767182,0.0469963759599389,365.898280278083,"Vynnycky-high","max",FALSE
"South Africa","7_7_6_7_3",0.687755102040816,0.805309734513274,0.04803539383141,365.657452098874,"Vynnycky-high","max",FALSE
"South Africa","6_5_7_7_3",0.594339622641509,0.738348868175766,0.0406969230844002,354.836420410191,"Vynnycky-high","max",TRUE
"South Africa","7_5_7_7_3",0.613146551724138,0.749251944943148,0.0418123939993746,358.80875493362,"Vynnycky-high","max",TRUE
"South Africa","3_6_7_7_3",0.5895865237366,0.75131926121372,0.0410433602082535,358.886017800746,"Vynnycky-high","max",FALSE
"South Africa","4_6_7_7_3",0.608227848101266,0.753998476770754,0.042085282638808,354.308390022676,"Vynnycky-high","max",FALSE
"South Africa","5_6_7_7_3",0.626431718061674,0.763217097862767,0.0434270418326014,353.40684195646,"Vynnycky-high","max",FALSE
"South Africa","6_6_7_7_3",0.641262509622787,0.770359501100514,0.0444361992399031,353.932186593049,"Vynnycky-high","max",FALSE
"South Africa","7_6_7_7_3",0.656362329259526,0.783013019218847,0.0454851925904327,346.140533056421,"Vynnycky-high","max",FALSE
"South Africa","3_7_7_7_3",0.635399673735726,0.783323546682325,0.0448304299755842,400.833734167068,"Vynnycky-high","max",FALSE
"South Africa","4_7_7_7_3",0.653564290473018,0.788381742738589,0.0458854479327071,381.825124093165,"Vynnycky-high","max",FALSE
"South Africa","5_7_7_7_3",0.663120567375887,0.796019900497512,0.0468425288704936,385.981164119191,"Vynnycky-high","max",FALSE
"South Africa","6_7_7_7_3",0.681506849315068,0.801369863013699,0.0476757338845413,387.056819941167,"Vynnycky-high","max",FALSE
"South Africa","7_7_7_7_3",0.690866510538642,0.808045977011494,0.0486676483445063,382.96568627451,"Vynnycky-high","max",FALSE
"South Africa","6_6_3_3_4",0.640776699029126,0.747093023255814,0.0408345164333997,339.097999321804,"Vynnycky-high","max",TRUE
"South Africa","7_6_3_3_4",0.652173913043478,0.757751937984496,0.0419279384139404,342.935528120713,"Vynnycky-high","max",FALSE
"South Africa","3_7_3_3_4",0.633487654320988,0.755522827687776,0.0413464987751905,376.56273535171,"Vynnycky-high","max",FALSE
"South Africa","4_7_3_3_4",0.646744930629669,0.765846383296048,0.04259098201932,366.703337000367,"Vynnycky-high","max",FALSE
"South Africa","5_7_3_3_4",0.659326424870466,0.773427471116816,0.043339138081563,361.925443358668,"Vynnycky-high","max",FALSE
"South Africa","6_7_3_3_4",0.670797831138652,0.779829545454545,0.0442980758159051,345.853219893477,"Vynnycky-high","max",FALSE
"South Africa","7_7_3_3_4",0.68678459937565,0.790775401069519,0.0454567369029413,355.366027007818,"Vynnycky-high","max",FALSE
"South Africa","5_6_4_3_4",0.622641509433962,0.748423707440101,0.0406534698688368,332.13763783712,"Vynnycky-high","max",TRUE
"South Africa","6_6_4_3_4",0.635416666666667,0.755997258396162,0.0414733713078339,364.378370499927,"Vynnycky-high","max",FALSE
"South Africa","7_6_4_3_4",0.651226158038147,0.764357608052102,0.0425784841783952,358.19184755355,"Vynnycky-high","max",FALSE
"South Africa","3_7_4_3_4",0.636980491942324,0.76425855513308,0.042167105856712,374.447689657755,"Vynnycky-high","max",FALSE
"South Africa","4_7_4_3_4",0.651315789473684,0.774925373134328,0.0431517537105562,370.123621289511,"Vynnycky-high","max",FALSE
"South Africa","5_7_4_3_4",0.65642151481888,0.777278562259307,0.0440860736412088,369.139904023625,"Vynnycky-high","max",FALSE
"South Africa","6_7_4_3_4",0.670015455950541,0.7856093979442,0.0449508333490872,346.500346500346,"Vynnycky-high","max",FALSE
"South Africa","7_7_4_3_4",0.684382665576451,0.790777701307639,0.0461238239315778,367.511944138185,"Vynnycky-high","max",FALSE
"South Africa","4_6_5_3_4",0.607734806629834,0.74402332361516,0.0401919133332548,376.307669150297,"Vynnycky-high","max",TRUE
"South Africa","5_6_5_3_4",0.624496373892023,0.756402248594628,0.0413128307213324,338.89114816321,"Vynnycky-high","max",FALSE
"South Africa","6_6_5_3_4",0.636937647987372,0.758389261744966,0.0422775256981497,370.699881376038,"Vynnycky-high","max",FALSE
"South Africa","7_6_5_3_4",0.648071625344353,0.768051118210863,0.0430972801403569,359.971202303816,"Vynnycky-high","max",FALSE
"South Africa","3_7_5_3_4",0.631578947368421,0.764638346727899,0.0424455298397923,376.052948255114,"Vynnycky-high","max",FALSE
"South Africa","4_7_5_3_4",0.64762560220234,0.77979797979798,0.0437426965092048,359.738110655443,"Vynnycky-high","max",FALSE
"South Africa","5_7_5_3_4",0.65642151481888,0.783543365455893,0.0447058986505909,355.593485527345,"Vynnycky-high","max",FALSE
"South Africa","6_7_5_3_4",0.667981591058514,0.789222373806276,0.0454937377597452,367.511944138185,"Vynnycky-high","max",FALSE
"South Africa","7_7_5_3_4",0.685330347144457,0.79728370221328,0.0467527851156624,358.963313949314,"Vynnycky-high","max",FALSE
"South Africa","7_5_6_3_4",0.611855670103093,0.739102564102564,0.0402958229875248,351.172917544599,"Vynnycky-high","max",TRUE
"South Africa","4_6_6_3_4",0.609393579072533,0.749667994687915,0.0411441881726413,358.654328957751,"Vynnycky-high","max",TRUE
"South Africa","5_6_6_3_4",0.620376378974692,0.758389261744966,0.0417523451044688,337.792190244562,"Vynnycky-high","max",FALSE
"South Africa","6_6_6_3_4",0.641935483870968,0.769172361427487,0.043126287887445,378.529790294496,"Vynnycky-high","max",FALSE
"South Africa","7_6_6_3_4",0.659640905542545,0.77612863327149,0.0442223086300636,370.45269319108,"Vynnycky-high","max",FALSE
"South Africa","3_7_6_3_4",0.63969896519285,0.773526370217167,0.0435180160313482,348.092453355611,"Vynnycky-high","max",FALSE
"South Africa","4_7_6_3_4",0.652109548482605,0.782861292665214,0.0447285782685533,351.395038302059,"Vynnycky-high","max",FALSE
"South Africa","5_7_6_3_4",0.661509900990099,0.78956228956229,0.0455431065944195,359.738110655443,"Vynnycky-high","max",FALSE
"South Africa","6_7_6_3_4",0.669657422512235,0.795408507765024,0.0463734295824465,360.438292964245,"Vynnycky-high","max",FALSE
"South Africa","7_7_6_3_4",0.68599348534202,0.801435406698565,0.0474582172116378,377.159236629705,"Vynnycky-high","max",FALSE
"South Africa","6_5_7_3_4",0.59406779661017,0.741828254847645,0.0398629846765324,369.795133496043,"Vynnycky-high","max",FALSE
"South Africa","7_5_7_3_4",0.61022120518688,0.74703557312253,0.0411401125759943,363.424916412269,"Vynnycky-high","max",TRUE
"South Africa","3_6_7_3_4",0.589547856723429,0.749124854142357,0.0403414321402332,344.068263143408,"Vynnycky-high","max",TRUE
"South Africa","4_6_7_3_4",0.605992085924251,0.761170212765957,0.041640605483352,346.716593856182,"Vynnycky-high","max",FALSE
"South Africa","5_6_7_3_4",0.622085048010974,0.766276041666667,0.042389222064843,346.284368723596,"Vynnycky-high","max",FALSE
"South Africa","6_6_7_3_4",0.634049323786794,0.775636613902271,0.0438601455547023,375.290850409067,"Vynnycky-high","max",FALSE
"South Africa","7_6_7_3_4",0.650427913100724,0.782839787395596,0.0448289878479328,358.345875438974,"Vynnycky-high","max",FALSE
"South Africa","3_7_7_3_4",0.632161458333333,0.785986290936786,0.0441770913550988,341.390140652738,"Vynnycky-high","max",FALSE
"South Africa","4_7_7_3_4",0.646792452830189,0.789716926632005,0.0453598032293474,347.656793213739,"Vynnycky-high","max",FALSE
"South Africa","5_7_7_3_4",0.659327217125382,0.796306355241716,0.0462577843145465,365.176745544844,"Vynnycky-high","max",FALSE
"South Africa","6_7_7_3_4",0.669983416252073,0.804258804258804,0.0470610992524263,380.691335465205,"Vynnycky-high","max",FALSE
"South Africa","6_6_3_4_4",0.635725429017161,0.747347480106101,0.0409382327569112,352.584443974332,"Vynnycky-high","max",TRUE
"South Africa","7_6_3_4_4",0.650763358778626,0.758041286605857,0.0422239645389241,353.631798571328,"Vynnycky-high","max",FALSE
"South Africa","3_7_3_4_4",0.634011090573013,0.761024182076814,0.0417344347567841,343.288705801579,"Vynnycky-high","max",FALSE
"South Africa","4_7_3_4_4",0.648913805185704,0.762023735165522,0.0424755541467471,337.381916329285,"Vynnycky-high","max",FALSE
"South Africa","5_7_3_4_4",0.660559305689489,0.773826458036984,0.0437161944719289,364.378370499927,"Vynnycky-high","max",FALSE
"South Africa","6_7_3_4_4",0.671394799054373,0.779732582688248,0.0447509194744898,363.424916412269,"Vynnycky-high","max",FALSE
"South Africa","7_7_3_4_4",0.683916083916084,0.781619654231119,0.0454614877637952,374.700239808153,"Vynnycky-high","max",FALSE
"South Africa","5_6_4_4_4",0.620144832126399,0.743341404358353,0.0408663305189054,345.494748479823,"Vynnycky-high","max",TRUE
"South Africa","6_6_4_4_4",0.631192660550459,0.75354490209318,0.0419078776252113,363.504180298073,"Vynnycky-high","max",FALSE
"South Africa","7_6_4_4_4",0.650731158605174,0.765741728922092,0.0430507266496378,364.139538271065,"Vynnycky-high","max",FALSE
"South Africa","3_7_4_4_4",0.635344827586207,0.764567392583873,0.0426876832408503,362.00405444541,"Vynnycky-high","max",FALSE
"South Africa","4_7_4_4_4",0.646044021415824,0.77153024911032,0.0435143996616882,358.037952022914,"Vynnycky-high","max",FALSE
"South Africa","5_7_4_4_4",0.660084626234133,0.779469825155104,0.0445868889972021,364.378370499927,"Vynnycky-high","max",FALSE
"South Africa","6_7_4_4_4",0.668817204301075,0.784348864994026,0.04547115953231,362.555289681676,"Vynnycky-high","max",FALSE
"South Africa","7_7_4_4_4",0.686524822695035,0.790062111801242,0.0463044682784829,389.590151160979,"Vynnycky-high","max",FALSE
"South Africa","7_5_5_4_4",0.607498535442296,0.733182589033352,0.0399237057544862,324.88628979857,"Vynnycky-high","max",FALSE
"South Africa","4_6_5_4_4",0.604129263913824,0.745433789954338,0.0406072057035337,336.83643222851,"Vynnycky-high","max",TRUE
"South Africa","5_6_5_4_4",0.62076124567474,0.751854349291976,0.0415729898428747,348.019767522795,"Vynnycky-high","max",FALSE
"South Africa","6_6_5_4_4",0.638515674984005,0.76125848241826,0.042627396634917,353.556781219064,"Vynnycky-high","max",FALSE
"South Africa","7_6_5_4_4",0.650498338870432,0.770750988142292,0.0435764108808954,352.137474470033,"Vynnycky-high","max",FALSE
"South Africa","3_7_5_4_4",0.629852744310576,0.771091811414392,0.04299386030938,365.978626848192,"Vynnycky-high","max",FALSE
"South Africa","4_7_5_4_4",0.648163962425278,0.777453271028037,0.0441254136620093,347.801892042293,"Vynnycky-high","max",FALSE
"South Africa","5_7_5_4_4",0.660390516039052,0.783132530120482,0.0450236739886934,360.36036036036,"Vynnycky-high","max",FALSE
"South Africa","6_7_5_4_4",0.673737373737374,0.790395846852693,0.0461858147452919,378.014666969078,"Vynnycky-high","max",FALSE
"South Africa","7_7_5_4_4",0.685082872928177,0.800375469336671,0.0471906166404609,387.867504460476,"Vynnycky-high","max",FALSE
"South Africa","6_5_6_4_4",0.589795918367347,0.735420503376304,0.0396878926554739,346.212435950699,"Vynnycky-high","max",FALSE
"South Africa","7_5_6_4_4",0.608618654073199,0.744864148442677,0.0408467995817962,326.60526487687,"Vynnycky-high","max",TRUE
"South Africa","3_6_6_4_4",0.589622641509434,0.742581090407177,0.0402349926457153,356.42999714856,"Vynnycky-high","max",TRUE
"South Africa","4_6_6_4_4",0.605125218404193,0.754227733934611,0.0411731640088753,333.867521367521,"Vynnycky-high","max",FALSE
"South Africa","5_6_6_4_4",0.617196702002356,0.76071995764955,0.042280698377389,359.660480506402,"Vynnycky-high","max",FALSE
"South Africa","6_6_6_4_4",0.638539042821159,0.770745428973277,0.0433039380921405,352.211890673429,"Vynnycky-high","max",FALSE
"South Africa","7_6_6_4_4",0.654469106178764,0.776588151320485,0.0443522925721056,359.040643400833,"Vynnycky-high","max",FALSE
"South Africa","3_7_6_4_4",0.634990560100692,0.776029962546816,0.0437592235988375,347.005343882296,"Vynnycky-high","max",FALSE
"South Africa","4_7_6_4_4",0.647267565649397,0.782989368355222,0.0446664441006036,348.019767522795,"Vynnycky-high","max",FALSE
"South Africa","5_7_6_4_4",0.656528189910979,0.788920056100982,0.0456386458045323,378.357926598562,"Vynnycky-high","max",FALSE
"South Africa","6_7_6_4_4",0.673890608875129,0.795991778006166,0.0465212178961165,390.686044694484,"Vynnycky-high","max",FALSE
"South Africa","7_7_6_4_4",0.688700999231361,0.802097902097902,0.0477763256062856,379.650721336371,"Vynnycky-high","max",FALSE
"South Africa","7_5_7_4_4",0.606774668630339,0.747141896435777,0.0412760539661373,354.534496206481,"Vynnycky-high","max",TRUE
"South Africa","3_6_7_4_4",0.592012951969779,0.749287749287749,0.0406107566712176,364.77712117896,"Vynnycky-high","max",TRUE
"South Africa","4_6_7_4_4",0.606405693950178,0.759153783563873,0.0418279440389467,351.246926589392,"Vynnycky-high","max",FALSE
"South Africa","5_6_7_4_4",0.623318385650224,0.767766497461929,0.0429325556429929,376.392652815417,"Vynnycky-high","max",FALSE
"South Africa","6_6_7_4_4",0.638783269961977,0.77325312355391,0.0437505701186427,376.392652815417,"Vynnycky-high","max",FALSE
"South Africa","7_6_7_4_4",0.651982378854626,0.779291553133515,0.0449172454003922,362.792047598317,"Vynnycky-high","max",FALSE
"South Africa","3_7_7_4_4",0.631968145620023,0.782665791201576,0.0443537692889869,355.214549587951,"Vynnycky-high","max",FALSE
"South Africa","4_7_7_4_4",0.650670430486944,0.789420654911839,0.045344516871997,361.532899493854,"Vynnycky-high","max",FALSE
"South Africa","5_7_7_4_4",0.665198237885463,0.795863909272849,0.0463205787973112,375.037503750375,"Vynnycky-high","max",FALSE
"South Africa","6_7_7_4_4",0.677494199535963,0.802345058626466,0.0474463434169567,393.360081818897,"Vynnycky-high","max",FALSE
"South Africa","7_7_7_4_4",0.689393939393939,0.807379612257661,0.0483888973744191,379.650721336371,"Vynnycky-high","max",FALSE
"South Africa","5_6_3_5_4",0.624164810690423,0.739049969154843,0.040418881473905,349.625900286693,"Vynnycky-high","max",TRUE
"South Africa","6_6_3_5_4",0.639168343393696,0.748,0.0413265362756886,356.887937187723,"Vynnycky-high","max",TRUE
"South Africa","7_6_3_5_4",0.651757188498403,0.755382501145213,0.0422936078459754,357.270453733476,"Vynnycky-high","max",FALSE
"South Africa","3_7_3_5_4",0.636514522821577,0.758936755270394,0.0418015314785682,365.497076023392,"Vynnycky-high","max",FALSE
"South Africa","4_7_3_5_4",0.645238095238095,0.766688269604666,0.0427654219268486,366.13942589338,"Vynnycky-high","max",FALSE
"South Africa","5_7_3_5_4",0.665934065934066,0.773297491039427,0.0438667240753233,358.577165806081,"Vynnycky-high","max",FALSE
"South Africa","6_7_3_5_4",0.675224646983312,0.778720996038483,0.0449954267624946,359.040643400833,"Vynnycky-high","max",FALSE
"South Africa","7_7_3_5_4",0.688434303697876,0.78803777544596,0.0460791994580587,387.596899224806,"Vynnycky-high","max",FALSE
"South Africa","5_6_4_5_4",0.619387027797577,0.741275571600481,0.0409166790787792,357.423690042176,"Vynnycky-high","max",TRUE
"South Africa","6_6_4_5_4",0.634579439252336,0.7505,0.0420271976212162,357.347055460263,"Vynnycky-high","max",TRUE
"South Africa","7_6_4_5_4",0.649629018961253,0.763245033112583,0.0431898696985994,362.00405444541,"Vynnycky-high","max",FALSE
"South Africa","3_7_4_5_4",0.635505193578848,0.763485477178423,0.0424638204598243,382.087727342198,"Vynnycky-high","max",FALSE
"South Africa","4_7_4_5_4",0.646404744255004,0.772083614295347,0.0435287993541043,381.912618392912,"Vynnycky-high","max",FALSE
"South Africa","5_7_4_5_4",0.663584637268848,0.779257849666984,0.0447455736934983,358.577165806081,"Vynnycky-high","max",FALSE
"South Africa","6_7_4_5_4",0.673603504928806,0.787990196078431,0.045933515232281,359.582883854728,"Vynnycky-high","max",FALSE
"South Africa","7_7_4_5_4",0.687326549491212,0.800498753117207,0.0471501482100458,377.500943752359,"Vynnycky-high","max",FALSE
"South Africa","7_5_5_5_4",0.606757728253055,0.736063708759955,0.040218772442545,350.287235533137,"Vynnycky-high","max",TRUE
"South Africa","3_6_5_5_4",0.588628762541806,0.735982580293958,0.0395692217145485,376.56273535171,"Vynnycky-high","max",FALSE
"South Africa","4_6_5_5_4",0.605510752688172,0.748076923076923,0.0408846058324226,361.925443358668,"Vynnycky-high","max",TRUE
"South Africa","5_6_5_5_4",0.623045267489712,0.753521126760563,0.0419439108015377,349.47927587894,"Vynnycky-high","max",FALSE
"South Africa","6_6_5_5_4",0.640350877192982,0.763191763191763,0.0430084541930849,363.504180298073,"Vynnycky-high","max",FALSE
"South Africa","7_6_5_5_4",0.648116438356164,0.773849232821881,0.0438638335197898,379.823761774537,"Vynnycky-high","max",FALSE
"South Africa","3_7_5_5_4",0.632999228989977,0.770716510903427,0.0433342100878875,388.048117966628,"Vynnycky-high","max",FALSE
"South Africa","4_7_5_5_4",0.646616541353383,0.781412639405204,0.0444490070740199,369.549150036955,"Vynnycky-high","max",FALSE
"South Africa","5_7_5_5_4",0.658983050847458,0.786303630363036,0.0452866182234397,378.186218894183,"Vynnycky-high","max",FALSE
"South Africa","6_7_5_5_4",0.674802584350323,0.791993720565149,0.0466064573292427,389.317137740403,"Vynnycky-high","max",FALSE
"South Africa","7_7_5_5_4",0.686682520808561,0.802252816020025,0.0476321861595882,370.699881376038,"Vynnycky-high","max",FALSE
"South Africa","7_5_6_5_4",0.607302533532042,0.743859649122807,0.04095693274552,347.584289190129,"Vynnycky-high","max",TRUE
"South Africa","3_6_6_5_4",0.587101556708673,0.747150997150997,0.0404062771183231,370.123621289511,"Vynnycky-high","max",TRUE
"South Africa","4_6_6_5_4",0.604041916167665,0.757744733581165,0.0414635360801051,360.282461449777,"Vynnycky-high","max",FALSE
"South Africa","5_6_6_5_4",0.62085308056872,0.763591433278418,0.042606146788735,373.440884308014,"Vynnycky-high","max",FALSE
"South Africa","6_6_6_5_4",0.638928067700987,0.770577933450088,0.0435866194419453,370.37037037037,"Vynnycky-high","max",FALSE
"South Africa","7_6_6_5_4",0.650254668930391,0.776536312849162,0.0445742298655351,385.534736679775,"Vynnycky-high","max",FALSE
"South Africa","3_7_6_5_4",0.632311977715877,0.778397212543554,0.0440681894070162,386.249517188103,"Vynnycky-high","max",FALSE
"South Africa","4_7_6_5_4",0.650879566982409,0.784090909090909,0.0450935617481567,372.189965758523,"Vynnycky-high","max",FALSE
"South Africa","5_7_6_5_4",0.660852713178295,0.791612057667104,0.0461013203750139,370.864856846165,"Vynnycky-high","max",FALSE
"South Africa","6_7_6_5_4",0.677182685253118,0.799365582870738,0.0472464108644155,394.944707740916,"Vynnycky-high","max",FALSE
"South Africa","7_7_6_5_4",0.687350835322196,0.805761316872428,0.0479833911078644,385.445575084798,"Vynnycky-high","max",FALSE
"South Africa","6_5_7_5_4",0.596385542168675,0.741901776384535,0.0407060497158254,358.886017800746,"Vynnycky-high","max",TRUE
"South Africa","7_5_7_5_4",0.605485232067511,0.750728862973761,0.0416501678848752,369.795133496043,"Vynnycky-high","max",TRUE
"South Africa","3_6_7_5_4",0.588342440801457,0.749279538904899,0.0408244923007425,377.159236629705,"Vynnycky-high","max",TRUE
"South Africa","4_6_7_5_4",0.605945604048071,0.760695187165775,0.0422406024018576,358.19184755355,"Vynnycky-high","max",FALSE
"South Africa","5_6_7_5_4",0.618368962787015,0.76875,0.0430284369409634,376.56273535171,"Vynnycky-high","max",FALSE
"South Africa","6_6_7_5_4",0.638103919781221,0.775497512437811,0.0441245787491766,368.242745617911,"Vynnycky-high","max",FALSE
"South Africa","7_6_7_5_4",0.646594982078853,0.783333333333333,0.0449382526927262,378.186218894183,"Vynnycky-high","max",FALSE
"South Africa","3_7_7_5_4",0.631140716069942,0.784386617100372,0.0445911301024771,399.488654522212,"Vynnycky-high","max",FALSE
"South Africa","4_7_7_5_4",0.648208469055375,0.789731051344743,0.0455950017054307,368.731563421829,"Vynnycky-high","max",FALSE
"South Africa","5_7_7_5_4",0.66015132408575,0.795836669335468,0.0463009301275434,380.083618396047,"Vynnycky-high","max",FALSE
"South Africa","6_7_7_5_4",0.677852348993289,0.801980198019802,0.047466020358058,358.19184755355,"Vynnycky-high","max",FALSE
"South Africa","7_7_7_5_4",0.688494492044064,0.806073153899241,0.0484810244008568,374.027528426092,"Vynnycky-high","max",FALSE
"South Africa","5_6_3_6_4",0.622272385252069,0.733375959079284,0.0402285556799478,361.532899493854,"Vynnycky-high","max",TRUE
"South Africa","6_6_3_6_4",0.634692246203038,0.741758241758242,0.0414087918107713,370.123621289511,"Vynnycky-high","max",TRUE
"South Africa","7_6_3_6_4",0.646904969485615,0.756653992395437,0.0424119521164708,376.732971669681,"Vynnycky-high","max",FALSE
"South Africa","3_7_3_6_4",0.634246575342466,0.757509157509157,0.0419358909882468,344.566191165323,"Vynnycky-high","max",FALSE
"South Africa","4_7_3_6_4",0.649184975194897,0.765047135605511,0.0432261086903704,347.801892042293,"Vynnycky-high","max",FALSE
"South Africa","5_7_3_6_4",0.661007025761124,0.771428571428571,0.0443357146958624,365.978626848192,"Vynnycky-high","max",FALSE
"South Africa","6_7_3_6_4",0.674790555978675,0.778097982708934,0.0450224948325741,365.016790772376,"Vynnycky-high","max",FALSE
"South Africa","7_7_3_6_4",0.688342585249802,0.784907597535934,0.0458886358230892,367.026352492109,"Vynnycky-high","max",FALSE
"South Africa","4_6_4_6_4",0.611469534050179,0.736344537815126,0.0403234972028553,337.450226091651,"Vynnycky-high","max",TRUE
"South Africa","5_6_4_6_4",0.622670807453416,0.747549019607843,0.0413224557470199,369.713102632357,"Vynnycky-high","max",TRUE
"South Africa","6_6_4_6_4",0.636436597110754,0.754411764705882,0.0423790694169275,342.72397011447,"Vynnycky-high","max",FALSE
"South Africa","7_6_4_6_4",0.652724968314322,0.759743237047226,0.0434023233635603,333.533453405377,"Vynnycky-high","max",FALSE
"South Africa","3_7_4_6_4",0.634415584415584,0.758100979653353,0.0426946796717007,350.213630314492,"Vynnycky-high","max",FALSE
"South Africa","4_7_4_6_4",0.651011089367254,0.77047913446677,0.0440457886475513,343.784378437844,"Vynnycky-high","max",FALSE
"South Africa","5_7_4_6_4",0.667687595712098,0.77405338299193,0.0449626832333027,352.435328117291,"Vynnycky-high","max",FALSE
"South Africa","6_7_4_6_4",0.677954847277556,0.785714285714286,0.0458466160793171,360.984766442856,"Vynnycky-high","max",FALSE
"South Africa","7_7_4_6_4",0.691252144082333,0.794957983193277,0.0469961446909231,361.454492879347,"Vynnycky-high","max",FALSE
"South Africa","7_5_5_6_4",0.614022662889518,0.734831460674157,0.0405626414520038,360.750360750361,"Vynnycky-high","max",TRUE
"South Africa","4_6_5_6_4",0.610253242742434,0.742987606001305,0.0409754180052959,355.366027007818,"Vynnycky-high","max",TRUE
"South Africa","5_6_5_6_4",0.6259765625,0.75204806116876,0.0421018429287257,362.634174644618,"Vynnycky-high","max",FALSE
"South Africa","6_6_5_6_4",0.640397857689365,0.759822560202788,0.0432458168658523,359.195402298851,"Vynnycky-high","max",FALSE
"South Africa","7_6_5_6_4",0.655555555555556,0.768627450980392,0.0441870023506715,351.914414414414,"Vynnycky-high","max",FALSE
"South Africa","3_7_5_6_4",0.637037037037037,0.769139465875371,0.0435068252254073,374.616018580955,"Vynnycky-high","max",FALSE
"South Africa","4_7_5_6_4",0.654195617316943,0.777920410783055,0.0447018539994377,352.659049231203,"Vynnycky-high","max",FALSE
"South Africa","5_7_5_6_4",0.667865707434053,0.783491204330176,0.0455500228535046,353.481795687522,"Vynnycky-high","max",FALSE
"South Africa","6_7_5_6_4",0.675524475524475,0.7879767291532,0.0466199109672762,358.654328957751,"Vynnycky-high","max",FALSE
"South Africa","7_7_5_6_4",0.689956331877729,0.797475013150973,0.047727393342753,385.089340727049,"Vynnycky-high","max",FALSE
"South Africa","6_5_6_6_4",0.599445983379501,0.73423147581139,0.0400792884367668,366.13942589338,"Vynnycky-high","max",TRUE
"South Africa","7_5_6_6_4",0.610619469026549,0.742718446601942,0.0414134413565963,368.976459301897,"Vynnycky-high","max",TRUE
"South Africa","4_6_6_6_4",0.611332801276935,0.754601226993865,0.0418792200619723,376.647834274953,"Vynnycky-high","max",FALSE
"South Africa","5_6_6_6_4",0.623571428571429,0.760897435897436,0.0426284453901403,365.898280278083,"Vynnycky-high","max",FALSE
"South Africa","6_6_6_6_4",0.637450199203187,0.768115942028985,0.0438811108716401,371.443429165738,"Vynnycky-high","max",FALSE
"South Africa","7_6_6_6_4",0.654545454545455,0.777082028804008,0.044778544706349,362.713093942691,"Vynnycky-high","max",FALSE
"South Africa","3_7_6_6_4",0.634546752319772,0.778416347381865,0.0440126133523574,387.23667905824,"Vynnycky-high","max",FALSE
"South Africa","4_7_6_6_4",0.64967695620962,0.782853127196065,0.0452970314847893,373.692077727952,"Vynnycky-high","max",FALSE
"South Africa","5_7_6_6_4",0.666001330671989,0.791782729805014,0.0463604034538784,373.357228195938,"Vynnycky-high","max",FALSE
"South Africa","6_7_6_6_4",0.675150703281983,0.796519410977242,0.0473286646668885,363.74217954314,"Vynnycky-high","max",FALSE
"South Africa","7_7_6_6_4",0.687544996400288,0.804363124560169,0.0482765369003021,375.206363499925,"Vynnycky-high","max",FALSE
"South Africa","6_5_7_6_4",0.595698924731183,0.741469816272966,0.0406498561745432,367.674093683359,"Vynnycky-high","max",TRUE
"South Africa","7_5_7_6_4",0.611416781292985,0.749096167751265,0.0417091166600136,372.356270479595,"Vynnycky-high","max",TRUE
"South Africa","3_6_7_6_4",0.591740013540961,0.749331550802139,0.0410680231203496,376.392652815417,"Vynnycky-high","max",TRUE
"South Africa","4_6_7_6_4",0.606927710843373,0.758976881455976,0.0421652110759684,397.962432346387,"Vynnycky-high","max",FALSE
"South Africa","5_6_7_6_4",0.624715693707354,0.767055931161647,0.0431205304420988,375.375375375375,"Vynnycky-high","max",FALSE
"South Africa","6_6_7_6_4",0.637042569081404,0.777170944838886,0.0443174989971109,372.189965758523,"Vynnycky-high","max",FALSE
"South Africa","7_6_7_6_4",0.649645390070922,0.783636363636364,0.0452225227171542,379.391456104409,"Vynnycky-high","max",FALSE
"South Africa","3_7_7_6_4",0.633500357909807,0.7847533632287,0.0445454900099335,395.600917794129,"Vynnycky-high","max",FALSE
"South Africa","4_7_7_6_4",0.647570703408267,0.793203181489516,0.045805640564871,382.438427413187,"Vynnycky-high","max",FALSE
"South Africa","5_7_7_6_4",0.662817551963048,0.799873337555415,0.0469372324191233,385.267375558638,"Vynnycky-high","max",FALSE
"South Africa","6_7_7_6_4",0.675289312457454,0.806569343065693,0.0477668137238865,366.94554528108,"Vynnycky-high","max",FALSE
"South Africa","7_7_7_6_4",0.686868686868687,0.812841530054645,0.0485947122850299,371.857801576677,"Vynnycky-high","max",FALSE
"South Africa","5_6_3_7_4",0.622583139984532,0.73731884057971,0.0406560645831601,379.564260229257,"Vynnycky-high","max",TRUE
"South Africa","6_6_3_7_4",0.635390946502058,0.748076923076923,0.0414861002863424,363.108206245461,"Vynnycky-high","max",TRUE
"South Africa","7_6_3_7_4",0.648562300319489,0.758028379387603,0.0427602147511906,359.660480506402,"Vynnycky-high","max",FALSE
"South Africa","3_7_3_7_4",0.632516703786192,0.758441558441558,0.0421586027653242,378.960133393967,"Vynnycky-high","max",FALSE
"South Africa","4_7_3_7_4",0.650046168051708,0.766666666666667,0.0433463311983155,379.305113032924,"Vynnycky-high","max",FALSE
"South Africa","5_7_3_7_4",0.662118780096308,0.777427490542245,0.0445115057226165,372.689326177698,"Vynnycky-high","max",FALSE
"South Africa","6_7_3_7_4",0.677440633245383,0.78089552238806,0.0457294572601701,355.973230813043,"Vynnycky-high","max",FALSE
"South Africa","7_7_3_7_4",0.693283582089552,0.788423153692615,0.0465577532466883,350.140056022409,"Vynnycky-high","max",FALSE
"South Africa","7_5_4_7_4",0.612480739599384,0.7271714922049,0.0398755489092953,345.996816829285,"Vynnycky-high","max",FALSE
"South Africa","5_6_4_7_4",0.626193724420191,0.746599856836077,0.0413451732683697,372.689326177698,"Vynnycky-high","max",TRUE
"South Africa","6_6_4_7_4",0.639590443686007,0.757839721254355,0.0424093431806574,362.792047598317,"Vynnycky-high","max",FALSE
"South Africa","7_6_4_7_4",0.654144305307096,0.765271105010295,0.0433949914320535,371.360665478313,"Vynnycky-high","max",FALSE
"South Africa","3_7_4_7_4",0.63609022556391,0.768331562167906,0.0430268322371783,374.195479718605,"Vynnycky-high","max",FALSE
"South Africa","4_7_4_7_4",0.649431230610134,0.768770764119601,0.0439417617498585,373.190028362442,"Vynnycky-high","max",FALSE
"South Africa","5_7_4_7_4",0.665432098765432,0.78328173374613,0.0452129593745442,380.170316301703,"Vynnycky-high","max",FALSE
"South Africa","6_7_4_7_4",0.675305975521958,0.788929440389294,0.0460414228057392,364.61751622548,"Vynnycky-high","max",FALSE
"South Africa","7_7_4_7_4",0.687849162011173,0.793213828425096,0.0471848879065819,377.244605402143,"Vynnycky-high","max",FALSE
"South Africa","7_5_5_7_4",0.613668061366806,0.737116764514025,0.0405535128085394,346.356331393738,"Vynnycky-high","max",TRUE
"South Africa","3_6_5_7_4",0.589529590288316,0.736958119030125,0.0399246418091153,368.976459301897,"Vynnycky-high","max",FALSE
"South Africa","4_6_5_7_4",0.612443292287751,0.745070422535211,0.0410266352027693,355.973230813043,"Vynnycky-high","max",TRUE
"South Africa","5_6_5_7_4",0.626733921815889,0.753735188047398,0.0423164779568194,344.780030340643,"Vynnycky-high","max",FALSE
"South Africa","6_6_5_7_4",0.639803784162579,0.764667106130521,0.0431353632429381,390.502967822555,"Vynnycky-high","max",FALSE
"South Africa","7_6_5_7_4",0.655195681511471,0.771714066102998,0.0440587657834358,387.68705900597,"Vynnycky-high","max",FALSE
"South Africa","3_7_5_7_4",0.638001638001638,0.772327044025157,0.0437711912278955,368.242745617911,"Vynnycky-high","max",FALSE
"South Africa","4_7_5_7_4",0.64902102973169,0.782383419689119,0.0446044363238792,390.502967822555,"Vynnycky-high","max",FALSE
"South Africa","5_7_5_7_4",0.661643835616438,0.786450662739323,0.0456493951187834,382.438427413187,"Vynnycky-high","max",FALSE
"South Africa","6_7_5_7_4",0.675229357798165,0.791371158392435,0.0465930101526726,373.357228195938,"Vynnycky-high","max",FALSE
"South Africa","7_7_5_7_4",0.689727463312369,0.801601423487544,0.0479537079409575,364.298724954463,"Vynnycky-high","max",FALSE
"South Africa","6_5_6_7_4",0.594011142061281,0.73812351543943,0.0402188623043697,365.416940729372,"Vynnycky-high","max",TRUE
"South Africa","7_5_6_7_4",0.610576923076923,0.745283018867924,0.0411521370715373,365.016790772376,"Vynnycky-high","max",TRUE
"South Africa","3_6_6_7_4",0.589984350547731,0.747542997542998,0.0406269419420068,364.856976065382,"Vynnycky-high","max",TRUE
"South Africa","4_6_6_7_4",0.610957004160888,0.755715218811234,0.041744618880305,356.658820172623,"Vynnycky-high","max",FALSE
"South Africa","5_6_6_7_4",0.624219725343321,0.762320648783531,0.0429075191454817,351.691636772878,"Vynnycky-high","max",FALSE
"South Africa","6_6_6_7_4",0.64029975020816,0.770676691729323,0.0438055069565241,380.604399786862,"Vynnycky-high","max",FALSE
"South Africa","7_6_6_7_4",0.654186521443159,0.778593272171254,0.0450035577056249,389.226218278063,"Vynnycky-high","max",FALSE
"South Africa","3_7_6_7_4",0.63831308077198,0.77924944812362,0.0441029814139839,369.058163566578,"Vynnycky-high","max",FALSE
"South Africa","4_7_6_7_4",0.652859960552268,0.78699070764832,0.0451671278554933,385.802469135802,"Vynnycky-high","max",FALSE
"South Africa","5_7_6_7_4",0.665369649805447,0.790484140233723,0.0461410970954619,402.965828497743,"Vynnycky-high","max",FALSE
"South Africa","6_7_6_7_4",0.675491033304868,0.798040693293142,0.0473670430047251,380.170316301703,"Vynnycky-high","max",FALSE
"South Africa","7_7_6_7_4",0.68755846585594,0.804147465437788,0.0483418743292973,373.943609303717,"Vynnycky-high","max",FALSE
"South Africa","5_5_7_7_4",0.578725961538462,0.734317343173432,0.0398793897818034,350.140056022409,"Vynnycky-high","max",FALSE
"South Africa","6_5_7_7_4",0.594795539033457,0.742960288808664,0.0408876784706054,359.11800617683,"Vynnycky-high","max",TRUE
"South Africa","7_5_7_7_4",0.61,0.752584933530281,0.0418746996068644,373.190028362442,"Vynnycky-high","max",FALSE
"South Africa","3_6_7_7_4",0.594613259668508,0.752091254752852,0.0413412356533066,374.953130858643,"Vynnycky-high","max",FALSE
"South Africa","4_6_7_7_4",0.610200364298725,0.762557077625571,0.0427512427461184,356.964374955379,"Vynnycky-high","max",FALSE
"South Africa","5_6_7_7_4",0.623217922606925,0.774287801314828,0.0437741753812351,379.477838494232,"Vynnycky-high","max",FALSE
"South Africa","6_6_7_7_4",0.638629283489097,0.781474820143885,0.0447071639389726,374.784498913125,"Vynnycky-high","max",FALSE
"South Africa","7_6_7_7_4",0.653618906942393,0.78629792583281,0.0457343332664299,376.647834274953,"Vynnycky-high","max",FALSE
"South Africa","3_7_7_7_4",0.635021097046414,0.787781350482315,0.0450874716088252,384.556222119674,"Vynnycky-high","max",FALSE
"South Africa","4_7_7_7_4",0.652205882352941,0.795253863134658,0.0464109820794353,402.965828497743,"Vynnycky-high","max",FALSE
"South Africa","5_7_7_7_4",0.663643235071806,0.798953662182362,0.0470432096387295,395.694840139285,"Vynnycky-high","max",FALSE
"South Africa","6_7_7_7_4",0.676603432700994,0.803874092009685,0.0481964964479432,384.911470361817,"Vynnycky-high","max",FALSE
"South Africa","7_7_7_7_4",0.687377370830608,0.814159292035398,0.0493793977482133,399.392922757409,"Vynnycky-high","max",FALSE
"South Africa","6_6_3_3_5",0.641841570751523,0.750788643533123,0.0409515682232051,357.730557344208,"Vynnycky-high","max",TRUE
"South Africa","7_6_3_3_5",0.653846153846154,0.757975797579758,0.0419043819845921,358.963313949314,"Vynnycky-high","max",FALSE
"South Africa","3_7_3_3_5",0.638194444444444,0.756533700137552,0.0413086606709995,361.454492879347,"Vynnycky-high","max",FALSE
"South Africa","4_7_3_3_5",0.65266106442577,0.766312594840668,0.0424765943941131,352.659049231203,"Vynnycky-high","max",FALSE
"South Africa","5_7_3_3_5",0.663265306122449,0.77394900068918,0.0434444839417248,376.222723852521,"Vynnycky-high","max",FALSE
"South Africa","6_7_3_3_5",0.677299703264095,0.779477374123646,0.0446648254764102,366.54204237226,"Vynnycky-high","max",FALSE
"South Africa","7_7_3_3_5",0.68984375,0.786637931034483,0.0456352009890755,367.026352492109,"Vynnycky-high","max",FALSE
"South Africa","5_6_4_3_5",0.627595445411922,0.748785565579459,0.0406787155304799,374.868795921427,"Vynnycky-high","max",TRUE
"South Africa","6_6_4_3_5",0.641180923542771,0.756289308176101,0.0415974662393971,355.897216883764,"Vynnycky-high","max",FALSE
"South Africa","7_6_4_3_5",0.653818700927909,0.766528925619835,0.0425209335172901,362.634174644618,"Vynnycky-high","max",FALSE
"South Africa","3_7_4_3_5",0.638283828382838,0.765486725663717,0.042103767406359,363.583478766725,"Vynnycky-high","max",FALSE
"South Africa","4_7_4_3_5",0.647478070175439,0.775280898876405,0.0431984443123352,353.857041755131,"Vynnycky-high","max",FALSE
"South Africa","5_7_4_3_5",0.664454976303318,0.780355761794277,0.0440323267692962,390.411493714375,"Vynnycky-high","max",FALSE
"South Africa","6_7_4_3_5",0.675468483816014,0.785762256548019,0.0452004940434134,398.05747950004,"Vynnycky-high","max",FALSE
"South Africa","7_7_4_3_5",0.688853247794707,0.79297365119197,0.0462605524809107,381.650255705671,"Vynnycky-high","max",FALSE
"South Africa","4_6_5_3_5",0.609128630705394,0.745762711864407,0.0403477013184436,351.765864640495,"Vynnycky-high","max",TRUE
"South Africa","5_6_5_3_5",0.627527216174183,0.752569750367107,0.0411540299724461,372.606006408823,"Vynnycky-high","max",FALSE
"South Africa","6_6_5_3_5",0.643525741029641,0.759744861800142,0.0423569685004205,356.735159817352,"Vynnycky-high","max",FALSE
"South Africa","7_6_5_3_5",0.655927835051546,0.76983606557377,0.0432299422403415,352.584443974332,"Vynnycky-high","max",FALSE
"South Africa","3_7_5_3_5",0.640261627906977,0.771428571428571,0.0427310231002355,373.859727830118,"Vynnycky-high","max",FALSE
"South Africa","4_7_5_3_5",0.648401826484018,0.779620853080569,0.0434729561838195,366.3808895728,"Vynnycky-high","max",FALSE
"South Africa","5_7_5_3_5",0.663507109004739,0.784900284900285,0.0446607039410581,384.733764235149,"Vynnycky-high","max",FALSE
"South Africa","6_7_5_3_5",0.675438596491228,0.794903666873835,0.0457990363965637,381.737669873263,"Vynnycky-high","max",FALSE
"South Africa","7_7_5_3_5",0.685579196217494,0.799452054794521,0.0463282639390036,396.070975918885,"Vynnycky-high","max",FALSE
"South Africa","7_5_6_3_5",0.610985703536494,0.744496330887258,0.0404024255788644,355.593485527345,"Vynnycky-high","max",TRUE
"South Africa","3_6_6_3_5",0.587390263367917,0.745454545454545,0.0398580403972127,376.56273535171,"Vynnycky-high","max",FALSE
"South Africa","4_6_6_3_5",0.607290803645402,0.753408417308832,0.0408580298676411,353.932186593049,"Vynnycky-high","max",FALSE
"South Africa","5_6_6_3_5",0.621028744326778,0.765605095541401,0.0421685112622404,369.795133496043,"Vynnycky-high","max",FALSE
"South Africa","6_6_6_3_5",0.638914027149321,0.771984924623116,0.0433348139570137,355.669369753877,"Vynnycky-high","max",FALSE
"South Africa","7_6_6_3_5",0.649417852522639,0.779038718291055,0.0441613615981331,355.44181417502,"Vynnycky-high","max",FALSE
"South Africa","3_7_6_3_5",0.635402906208719,0.780578206078577,0.0436210077591777,377.84327061135,"Vynnycky-high","max",FALSE
"South Africa","4_7_6_3_5",0.646779661016949,0.788402220851326,0.0443965198097179,358.886017800746,"Vynnycky-high","max",FALSE
"South Africa","5_7_6_3_5",0.657838983050847,0.794336810730253,0.0454126972729663,362.871035633936,"Vynnycky-high","max",FALSE
"South Africa","6_7_6_3_5",0.669565217391304,0.802825552825553,0.046457389283301,385.534736679775,"Vynnycky-high","max",FALSE
"South Africa","7_7_6_3_5",0.67962962962963,0.80617035546613,0.047024531435685,382.175342046931,"Vynnycky-high","max",FALSE
"South Africa","6_5_7_3_5",0.592746113989637,0.739130434782609,0.0398481021502349,353.932186593049,"Vynnycky-high","max",FALSE
"South Africa","7_5_7_3_5",0.606243705941591,0.751291989664083,0.0410968953914097,354.609929078014,"Vynnycky-high","max",FALSE
"South Africa","4_6_7_3_5",0.605633802816901,0.756740563211504,0.0414501409882291,339.720070661775,"Vynnycky-high","max",FALSE
"South Africa","5_6_7_3_5",0.62057044079516,0.767785234899329,0.0426440036720382,352.360817477097,"Vynnycky-high","max",FALSE
"South Africa","6_6_7_3_5",0.633129516397999,0.772237196765499,0.0435278474393123,356.201467550046,"Vynnycky-high","max",FALSE
"South Africa","7_6_7_3_5",0.645750595710882,0.783868935097669,0.0448838844045111,364.697301239971,"Vynnycky-high","max",FALSE
"South Africa","3_7_7_3_5",0.629945694336695,0.781914893617021,0.0440940293649429,377.586467301012,"Vynnycky-high","max",FALSE
"South Africa","4_7_7_3_5",0.643175074183976,0.787610619469027,0.0448376782445604,378.873986512086,"Vynnycky-high","max",FALSE
"South Africa","5_7_7_3_5",0.658692185007974,0.792443324937028,0.0457571331527422,353.556781219064,"Vynnycky-high","max",FALSE
"South Africa","6_7_7_3_5",0.675430643699003,0.801559177888023,0.0470977569204231,367.188073731365,"Vynnycky-high","max",FALSE
"South Africa","7_7_7_3_5",0.683284457478006,0.808304498269896,0.048067136872707,378.873986512086,"Vynnycky-high","max",FALSE
"South Africa","6_6_3_4_5",0.633549316054716,0.741811175337187,0.0409926181170222,343.713480442703,"Vynnycky-high","max",TRUE
"South Africa","7_6_3_4_5",0.650717703349282,0.754107981220657,0.0416372217148632,351.469141009419,"Vynnycky-high","max",FALSE
"South Africa","3_7_3_4_5",0.632382216323822,0.754641909814324,0.0413077951632533,366.461448255644,"Vynnycky-high","max",FALSE
"South Africa","4_7_3_4_5",0.645868465430017,0.763508222396241,0.042503303339724,373.608309048793,"Vynnycky-high","max",FALSE
"South Africa","5_7_3_4_5",0.659447348767737,0.772045590881824,0.0435898762036836,367.349937550511,"Vynnycky-high","max",FALSE
"South Africa","6_7_3_4_5",0.67208904109589,0.778231292517007,0.0445881658685089,362.792047598317,"Vynnycky-high","max",FALSE
"South Africa","7_7_3_4_5",0.685733976567884,0.784537389100127,0.0457067196804903,364.458050878344,"Vynnycky-high","max",FALSE
"South Africa","5_6_4_4_5",0.620081411126187,0.74014598540146,0.0403875845224796,351.840123847724,"Vynnycky-high","max",TRUE
"South Africa","6_6_4_4_5",0.633875106928999,0.751700680272109,0.0416924545119232,360.984766442856,"Vynnycky-high","max",FALSE
"South Africa","7_6_4_4_5",0.650943396226415,0.758515815085158,0.0427654018825494,352.063089705675,"Vynnycky-high","max",FALSE
"South Africa","3_7_4_4_5",0.631067961165049,0.762213066509712,0.0424397327204064,373.190028362442,"Vynnycky-high","max",FALSE
"South Africa","4_7_4_4_5",0.646061814556331,0.766787003610108,0.0433338448445868,388.953714507974,"Vynnycky-high","max",FALSE
"South Africa","5_7_4_4_5",0.660165041260315,0.776699029126214,0.0443133074830776,395.600917794129,"Vynnycky-high","max",FALSE
"South Africa","6_7_4_4_5",0.676975945017182,0.784076433121019,0.0451995835361463,374.027528426092,"Vynnycky-high","max",FALSE
"South Africa","7_7_4_4_5",0.686126373626374,0.79126213592233,0.0461774196390647,382.175342046931,"Vynnycky-high","max",FALSE
"South Africa","4_6_5_4_5",0.603560830860534,0.745740498034076,0.0403885219374401,376.052948255114,"Vynnycky-high","max",TRUE
"South Africa","5_6_5_4_5",0.621621621621622,0.756013745704467,0.0415684374674063,365.176745544844,"Vynnycky-high","max",FALSE
"South Africa","6_6_5_4_5",0.638935108153078,0.763823064770932,0.0424809478345979,378.701810194653,"Vynnycky-high","max",FALSE
"South Africa","7_6_5_4_5",0.654205607476635,0.770941438102298,0.0437490560118985,378.272053260705,"Vynnycky-high","max",FALSE
"South Africa","3_7_5_4_5",0.635593220338983,0.771617161716172,0.0430461160654536,381.126610259928,"Vynnycky-high","max",FALSE
"South Africa","4_7_5_4_5",0.652572233967583,0.779260157671316,0.044236365004177,382.262996941896,"Vynnycky-high","max",FALSE
"South Africa","5_7_5_4_5",0.662009314703925,0.788033099936346,0.0452309408103321,391.880241398229,"Vynnycky-high","max",FALSE
"South Africa","6_7_5_4_5",0.676494676494677,0.795566502463054,0.0460711342168428,389.954765247231,"Vynnycky-high","max",FALSE
"South Africa","7_7_5_4_5",0.686221009549795,0.799742433998712,0.0471942587863196,371.609067261241,"Vynnycky-high","max",FALSE
"South Africa","7_5_6_4_5",0.60990099009901,0.746498599439776,0.0408498069764508,364.697301239971,"Vynnycky-high","max",TRUE
"South Africa","4_6_6_4_5",0.610501567398119,0.752801120448179,0.0413948771924585,382.526203044909,"Vynnycky-high","max",FALSE
"South Africa","5_6_6_4_5",0.626112759643917,0.766349583828775,0.0424919525263161,376.47767487388,"Vynnycky-high","max",FALSE
"South Africa","6_6_6_4_5",0.641284403669725,0.769402985074627,0.0433319464266314,395.976874950503,"Vynnycky-high","max",FALSE
"South Africa","7_6_6_4_5",0.650566037735849,0.778720626631854,0.0444449136602993,380.517503805175,"Vynnycky-high","max",FALSE
"South Africa","3_7_6_4_5",0.63544106167057,0.780797101449275,0.0438723205901156,379.305113032924,"Vynnycky-high","max",FALSE
"South Africa","4_7_6_4_5",0.651094890510949,0.788598574821853,0.0449093865263498,377.928949357521,"Vynnycky-high","max",FALSE
"South Africa","5_7_6_4_5",0.664948453608247,0.79124175164967,0.0458417645465812,370.288084129453,"Vynnycky-high","max",FALSE
"South Africa","6_7_6_4_5",0.675428571428571,0.80089485458613,0.046869266465702,384.822596782883,"Vynnycky-high","max",FALSE
"South Africa","7_7_6_4_5",0.688723835246455,0.808170515097691,0.0477731444798544,359.427790956797,"Vynnycky-high","max",FALSE
"South Africa","7_5_7_4_5",0.612488521579431,0.751789976133652,0.0415774275439726,381.912618392912,"Vynnycky-high","max",FALSE
"South Africa","3_6_7_4_5",0.592835820895522,0.752737226277372,0.0409777950073293,381.912618392912,"Vynnycky-high","max",FALSE
"South Africa","4_6_7_4_5",0.611861861861862,0.760021668472373,0.0417994707109317,378.357926598562,"Vynnycky-high","max",FALSE
"South Africa","5_6_7_4_5",0.622972972972973,0.770466717674063,0.0429871833821248,381.650255705671,"Vynnycky-high","max",FALSE
"South Africa","6_6_7_4_5",0.637096774193548,0.77771047849788,0.0440207171022428,392.249156664313,"Vynnycky-high","max",FALSE
"South Africa","7_6_7_4_5",0.647887323943662,0.781447645818693,0.0448862783821029,387.867504460476,"Vynnycky-high","max",FALSE
"South Africa","3_7_7_4_5",0.633002705139766,0.783384615384615,0.0445606971055383,382.526203044909,"Vynnycky-high","max",FALSE
"South Africa","4_7_7_4_5",0.646573080099092,0.792639773531493,0.0454519271514775,380.865326020719,"Vynnycky-high","max",FALSE
"South Africa","5_7_7_4_5",0.663643858202803,0.797087378640777,0.0466656232694262,388.953714507974,"Vynnycky-high","max",FALSE
"South Africa","6_7_7_4_5",0.672603901611535,0.803407601572739,0.0474968130188317,379.737221842485,"Vynnycky-high","max",FALSE
"South Africa","7_7_7_4_5",0.683544303797468,0.809169764560099,0.0482211671076234,395.131974079343,"Vynnycky-high","max",FALSE
"South Africa","5_6_3_5_5",0.628605769230769,0.739528795811518,0.040384697471925,368.894791205548,"Vynnycky-high","max",TRUE
"South Africa","6_6_3_5_5",0.640965732087227,0.746610169491525,0.0416151650369124,394.290671082722,"Vynnycky-high","max",TRUE
"South Africa","7_6_3_5_5",0.650190114068441,0.757598784194529,0.0423503585998197,387.957790192427,"Vynnycky-high","max",FALSE
"South Africa","3_7_3_5_5",0.636437246963563,0.758477508650519,0.0419852056934024,379.218809252939,"Vynnycky-high","max",FALSE
"South Africa","4_7_3_5_5",0.651060070671378,0.763692307692308,0.0428788391687039,370.0414446418,"Vynnycky-high","max",FALSE
"South Africa","5_7_3_5_5",0.66079295154185,0.770517928286853,0.0437419225196211,382.789771857296,"Vynnycky-high","max",FALSE
"South Africa","6_7_3_5_5",0.671140939597315,0.778592375366569,0.0448409972857827,384.911470361817,"Vynnycky-high","max",FALSE
"South Africa","7_7_3_5_5",0.687053216838761,0.787341772151899,0.0458301224462382,401.80006428801,"Vynnycky-high","max",FALSE
"South Africa","5_6_4_5_5",0.621320604614161,0.748073959938367,0.0407274900117207,356.42999714856,"Vynnycky-high","max",TRUE
"South Africa","6_6_4_5_5",0.63598615916955,0.754299754299754,0.0421644123226257,398.628717212788,"Vynnycky-high","max",FALSE
"South Africa","7_6_4_5_5",0.651769087523277,0.760510510510511,0.0431653006528301,393.174490839034,"Vynnycky-high","max",FALSE
"South Africa","3_7_4_5_5",0.635514018691589,0.762645914396887,0.0426124601301817,386.249517188103,"Vynnycky-high","max",FALSE
"South Africa","4_7_4_5_5",0.649358974358974,0.771771771771772,0.0435850444755123,371.691941718704,"Vynnycky-high","max",FALSE
"South Africa","5_7_4_5_5",0.659525631216526,0.780085959885387,0.044287430313802,377.500943752359,"Vynnycky-high","max",FALSE
"South Africa","6_7_4_5_5",0.668297455968689,0.785557986870897,0.0453901282971939,400.256163944925,"Vynnycky-high","max",FALSE
"South Africa","7_7_4_5_5",0.68815592203898,0.794982078853047,0.0465216823581445,408.096637283709,"Vynnycky-high","max",FALSE
"South Africa","7_5_5_5_5",0.610651974288338,0.736373165618449,0.0400470737562096,359.195402298851,"Vynnycky-high","max",TRUE
"South Africa","4_6_5_5_5",0.609203296703297,0.746,0.0406894197300636,361.454492879347,"Vynnycky-high","max",TRUE
"South Africa","5_6_5_5_5",0.625835189309577,0.754339821146765,0.0418034882701599,361.376120265973,"Vynnycky-high","max",FALSE
"South Africa","6_6_5_5_5",0.638927097661623,0.763288447909284,0.0429314916603677,398.05747950004,"Vynnycky-high","max",FALSE
"South Africa","7_6_5_5_5",0.652887537993921,0.770114942528736,0.0436747345886689,397.867430572133,"Vynnycky-high","max",FALSE
"South Africa","3_7_5_5_5",0.63249348392702,0.769573520050923,0.0432109755889488,380.430647492962,"Vynnycky-high","max",FALSE
"South Africa","4_7_5_5_5",0.643352236925016,0.775850995504175,0.0439590770748778,383.053704129319,"Vynnycky-high","max",FALSE
"South Africa","5_7_5_5_5",0.66016713091922,0.787635947338294,0.0452221014348418,368.161401958619,"Vynnycky-high","max",FALSE
"South Africa","6_7_5_5_5",0.675838926174497,0.794,0.0461144749560987,392.156862745098,"Vynnycky-high","max",FALSE
"South Africa","7_7_5_5_5",0.686346863468635,0.801734104046243,0.0470703088386288,402.868423172992,"Vynnycky-high","max",FALSE
"South Africa","7_5_6_5_5",0.606674612634088,0.743933054393305,0.0407022528920916,376.818147561987,"Vynnycky-high","max",TRUE
"South Africa","3_6_6_5_5",0.584485407066052,0.744365743721829,0.0401569010146435,361.06296938186,"Vynnycky-high","max",TRUE
"South Africa","4_6_6_5_5",0.603448275862069,0.754406580493537,0.0411291428165438,375.037503750375,"Vynnycky-high","max",FALSE
"South Africa","5_6_6_5_5",0.619162640901771,0.76271186440678,0.0421641187169296,371.940787026705,"Vynnycky-high","max",FALSE
"South Africa","6_6_6_5_5",0.635483870967742,0.770437654830718,0.0432513987651315,395.413206801107,"Vynnycky-high","max",FALSE
"South Africa","7_6_6_5_5",0.648424543946932,0.777369581190301,0.044329038835434,372.522723886157,"Vynnycky-high","max",FALSE
"South Africa","3_7_6_5_5",0.634017207147584,0.77985285795133,0.0436731636575292,372.689326177698,"Vynnycky-high","max",FALSE
"South Africa","4_7_6_5_5",0.642563198118754,0.78494623655914,0.0449734239058006,383.053704129319,"Vynnycky-high","max",FALSE
"South Africa","5_7_6_5_5",0.659832953682612,0.793486306439674,0.0461571643793034,380.604399786862,"Vynnycky-high","max",FALSE
"South Africa","6_7_6_5_5",0.675134719014627,0.799732977303071,0.0472890667434922,376.903361977989,"Vynnycky-high","max",FALSE
"South Africa","7_7_6_5_5",0.6864,0.808025177025964,0.0482498852165512,400.16006402561,"Vynnycky-high","max",FALSE
"South Africa","6_5_7_5_5",0.591881918819188,0.744465528146743,0.0407490234258457,363.504180298073,"Vynnycky-high","max",TRUE
"South Africa","7_5_7_5_5",0.614422369389257,0.753653444676409,0.0416652493619287,369.631108154062,"Vynnycky-high","max",FALSE
"South Africa","3_6_7_5_5",0.587674247982392,0.75202492211838,0.0410608721415432,358.4229390681,"Vynnycky-high","max",FALSE
"South Africa","4_6_7_5_5",0.601256983240223,0.758164852255054,0.0421259804382523,362.161379110532,"Vynnycky-high","max",FALSE
"South Africa","5_6_7_5_5",0.615323224261772,0.766157461809636,0.0428620899450886,372.43947858473,"Vynnycky-high","max",FALSE
"South Africa","6_6_7_5_5",0.634011090573013,0.774542429284526,0.0442020277051985,384.644972690207,"Vynnycky-high","max",FALSE
"South Africa","7_6_7_5_5",0.644425675675676,0.782028985507246,0.0449674410500502,397.203686050207,"Vynnycky-high","max",FALSE
"South Africa","3_7_7_5_5",0.631346578366446,0.782774390243902,0.0444059061828481,356.658820172623,"Vynnycky-high","max",FALSE
"South Africa","4_7_7_5_5",0.646023926812104,0.790625,0.0456441007371986,372.772683217774,"Vynnycky-high","max",FALSE
"South Africa","5_7_7_5_5",0.661042944785276,0.79618320610687,0.0463376703285433,365.016790772376,"Vynnycky-high","max",FALSE
"South Africa","6_7_7_5_5",0.673627223511214,0.803165863730213,0.047589529562142,387.867504460476,"Vynnycky-high","max",FALSE
"South Africa","7_7_7_5_5",0.686932849364791,0.808360128617363,0.0483160444848918,391.972405142678,"Vynnycky-high","max",FALSE
"South Africa","5_6_3_6_5",0.625480153649168,0.738999397227245,0.0403747485887029,346.356331393738,"Vynnycky-high","max",TRUE
"South Africa","6_6_3_6_5",0.638627187079408,0.752040175768989,0.0416720582454594,350.066512637401,"Vynnycky-high","max",FALSE
"South Africa","7_6_3_6_5",0.656434474616293,0.759835584263065,0.0427067765591466,356.658820172623,"Vynnycky-high","max",FALSE
"South Africa","3_7_3_6_5",0.634986225895317,0.760696156635243,0.0422898651177139,361.219476954197,"Vynnycky-high","max",FALSE
"South Africa","4_7_3_6_5",0.650976909413854,0.767302452316076,0.0432289487891354,350.434538828147,"Vynnycky-high","max",FALSE
"South Africa","5_7_3_6_5",0.66565579984837,0.776359973136333,0.0443848308094195,358.268844941244,"Vynnycky-high","max",FALSE
"South Africa","6_7_3_6_5",0.680594900849858,0.785442694187941,0.0453695592939203,341.32022663663,"Vynnycky-high","max",FALSE
"South Africa","7_7_3_6_5",0.688216039279869,0.791617473435655,0.0463325509282347,350.434538828147,"Vynnycky-high","max",FALSE
"South Africa","4_6_4_6_5",0.599043715846995,0.740863787375415,0.0401513910835986,347.005343882296,"Vynnycky-high","max",TRUE
"South Africa","5_6_4_6_5",0.624743677375256,0.747120131651125,0.0413047382601167,345.494748479823,"Vynnycky-high","max",TRUE
"South Africa","6_6_4_6_5",0.640909090909091,0.757343550446999,0.042497722060587,345.494748479823,"Vynnycky-high","max",FALSE
"South Africa","7_6_4_6_5",0.649961449498843,0.764996907854051,0.0432881356510076,340.066653064001,"Vynnycky-high","max",FALSE
"South Africa","3_7_4_6_5",0.633132126089873,0.766256590509666,0.0427914112919535,370.123621289511,"Vynnycky-high","max",FALSE
"South Africa","4_7_4_6_5",0.65097755249819,0.772189349112426,0.043818908236213,362.397622671595,"Vynnycky-high","max",FALSE
"South Africa","5_7_4_6_5",0.662819455894477,0.78253223915592,0.0448696323666249,344.851369059935,"Vynnycky-high","max",FALSE
"South Africa","6_7_4_6_5",0.675604970568999,0.79014598540146,0.045818326548452,350.581966063666,"Vynnycky-high","max",FALSE
"South Africa","7_7_4_6_5",0.687552921253175,0.796929518492673,0.0470249765992269,343.500961802693,"Vynnycky-high","max",FALSE
"South Africa","7_5_5_6_5",0.610506085842409,0.735990756787984,0.0403932222614727,325.648039598802,"Vynnycky-high","max",TRUE
"South Africa","4_6_5_6_5",0.603720405862458,0.74617903930131,0.0407501791283492,346.068660022148,"Vynnycky-high","max",TRUE
"South Africa","5_6_5_6_5",0.625383200490497,0.753424657534247,0.0421049189055184,370.37037037037,"Vynnycky-high","max",FALSE
"South Africa","6_6_5_6_5",0.637841352405722,0.764436821040595,0.0430225287831378,335.886067445922,"Vynnycky-high","max",FALSE
"South Africa","7_6_5_6_5",0.652447552447552,0.773272415762421,0.0439978707853077,344.210381385103,"Vynnycky-high","max",FALSE
"South Africa","3_7_5_6_5",0.634826711749789,0.773010380622837,0.043339138081563,380.430647492962,"Vynnycky-high","max",FALSE
"South Africa","4_7_5_6_5",0.650511945392491,0.780941949616648,0.0444011606358872,375.45993842457,"Vynnycky-high","max",FALSE
"South Africa","5_7_5_6_5",0.656880733944954,0.788440567066521,0.0454773063277993,360.282461449777,"Vynnycky-high","max",FALSE
"South Africa","6_7_5_6_5",0.673404927353127,0.798107255520505,0.0465993881910478,349.25956971221,"Vynnycky-high","max",FALSE
"South Africa","7_7_5_6_5",0.687652811735941,0.802416918429003,0.0473420323937579,344.637441411635,"Vynnycky-high","max",FALSE
"South Africa","6_5_6_6_5",0.585137085137085,0.735182849936948,0.0397079909439512,350.655726208009,"Vynnycky-high","max",FALSE
"South Africa","7_5_6_6_5",0.601258581235698,0.746120422098076,0.0408792118195082,343.288705801579,"Vynnycky-high","max",TRUE
"South Africa","3_6_6_6_5",0.583906829010058,0.744884038199181,0.0402188623043697,360.204596210648,"Vynnycky-high","max",TRUE
"South Africa","4_6_6_6_5",0.602049530315969,0.753834355828221,0.0412970684493644,361.532899493854,"Vynnycky-high","max",FALSE
"South Africa","5_6_6_6_5",0.618618618618619,0.763464337700146,0.042610508989828,369.467228256854,"Vynnycky-high","max",FALSE
"South Africa","6_6_6_6_5",0.633663366336634,0.772225827384815,0.0434506039873437,352.957786248765,"Vynnycky-high","max",FALSE
"South Africa","7_6_6_6_5",0.64930991217064,0.778434268833087,0.0445412580865509,363.74217954314,"Vynnycky-high","max",FALSE
"South Africa","3_7_6_6_5",0.631340579710145,0.78125,0.0440518551846761,392.526299262051,"Vynnycky-high","max",FALSE
"South Africa","4_7_6_6_5",0.64392523364486,0.786199095022624,0.0450310017175194,376.222723852521,"Vynnycky-high","max",FALSE
"South Africa","5_7_6_6_5",0.657692307692308,0.793677204658902,0.045905416200459,378.186218894183,"Vynnycky-high","max",FALSE
"South Africa","6_7_6_6_5",0.673103448275862,0.801016702977487,0.0470787628537828,365.817968978636,"Vynnycky-high","max",FALSE
"South Africa","7_7_6_6_5",0.687601957585644,0.805284319356692,0.0481187708310108,356.201467550046,"Vynnycky-high","max",FALSE
"South Africa","6_5_7_6_5",0.589473684210526,0.741081081081081,0.0404474518817255,355.745286374956,"Vynnycky-high","max",TRUE
"South Africa","7_5_7_6_5",0.609246830723341,0.752083333333333,0.0417701093081577,375.629178874615,"Vynnycky-high","max",FALSE
"South Africa","3_6_7_6_5",0.590659340659341,0.754088050314465,0.0412323407419527,382.087727342198,"Vynnycky-high","max",FALSE
"South Africa","4_6_7_6_5",0.602953953084275,0.760790051207023,0.0423333090741325,385.445575084798,"Vynnycky-high","max",FALSE
"South Africa","5_6_7_6_5",0.619533527696793,0.770411723656664,0.0432169821239815,369.467228256854,"Vynnycky-high","max",FALSE
"South Africa","6_6_7_6_5",0.633093525179856,0.780966767371601,0.044341526637657,394.104201150784,"Vynnycky-high","max",FALSE
"South Africa","7_6_7_6_5",0.649038461538462,0.786885245901639,0.0452595674462576,359.505320678746,"Vynnycky-high","max",FALSE
"South Africa","3_7_7_6_5",0.631275720164609,0.787792355961209,0.0447030935895094,377.159236629705,"Vynnycky-high","max",FALSE
"South Africa","4_7_7_6_5",0.644754316069057,0.795252225519288,0.0458490638074545,371.443429165738,"Vynnycky-high","max",FALSE
"South Africa","5_7_7_6_5",0.659303313508921,0.799495586380832,0.0468985667823738,375.629178874615,"Vynnycky-high","max",FALSE
"South Africa","6_7_7_6_5",0.675018982536067,0.809672386895476,0.0480005410640501,383.053704129319,"Vynnycky-high","max",FALSE
"South Africa","7_7_7_6_5",0.684563758389262,0.811836115326252,0.0487860429684132,381.300999008617,"Vynnycky-high","max",FALSE
"South Africa","4_6_3_7_5",0.608355091383812,0.727272727272727,0.0394246691931743,356.353788040767,"Vynnycky-high","max",FALSE
"South Africa","5_6_3_7_5",0.620473537604457,0.736842105263158,0.0405241665700404,354.609929078014,"Vynnycky-high","max",TRUE
"South Africa","6_6_3_7_5",0.638187221396731,0.748721227621483,0.0418039402529512,361.611340131626,"Vynnycky-high","max",TRUE
"South Africa","7_6_3_7_5",0.650171821305842,0.759633027522936,0.0430576470039378,372.606006408823,"Vynnycky-high","max",FALSE
"South Africa","3_7_3_7_5",0.63489623366641,0.755956678700361,0.0423158471167351,378.357926598562,"Vynnycky-high","max",FALSE
"South Africa","4_7_3_7_5",0.644230769230769,0.764441110277569,0.0433027380132223,375.037503750375,"Vynnycky-high","max",FALSE
"South Africa","5_7_3_7_5",0.657451112609575,0.774580335731415,0.0443701216224373,372.273099545827,"Vynnycky-high","max",FALSE
"South Africa","6_7_3_7_5",0.672033392963626,0.780107849011384,0.045277791518229,357.423690042176,"Vynnycky-high","max",FALSE
"South Africa","7_7_3_7_5",0.683524904214559,0.787131689717378,0.0461336783513829,377.928949357521,"Vynnycky-high","max",FALSE
"South Africa","7_5_4_7_5",0.608254887762491,0.727165586328816,0.0397933163359497,353.481795687522,"Vynnycky-high","max",FALSE
"South Africa","4_6_4_7_5",0.605728727885425,0.73661670235546,0.0403573569309464,361.925443358668,"Vynnycky-high","max",TRUE
"South Africa","5_6_4_7_5",0.623983739837398,0.74496644295302,0.04150142138197,356.42999714856,"Vynnycky-high","max",TRUE
"South Africa","6_6_4_7_5",0.637490317583269,0.750184774575019,0.0425309464000814,376.988614943829,"Vynnycky-high","max",TRUE
"South Africa","7_6_4_7_5",0.649162861491629,0.762180974477958,0.0436528500098012,359.893471532426,"Vynnycky-high","max",FALSE
"South Africa","3_7_4_7_5",0.635856079404467,0.762528912875867,0.0430343538386849,360.9065973726,"Vynnycky-high","max",FALSE
"South Africa","4_7_4_7_5",0.648105181747873,0.773216031280547,0.0442207457400479,378.272053260705,"Vynnycky-high","max",FALSE
"South Africa","5_7_4_7_5",0.661207778915046,0.779116465863454,0.0448455530585095,359.427790956797,"Vynnycky-high","max",FALSE
"South Africa","6_7_4_7_5",0.671641791044776,0.785145888594164,0.0458275073419164,373.692077727952,"Vynnycky-high","max",FALSE
"South Africa","7_7_4_7_5",0.684893419833179,0.789954337899543,0.0469622929095422,389.863547758285,"Vynnycky-high","max",FALSE
"South Africa","7_5_5_7_5",0.610135135135135,0.731501057082452,0.0401864644883103,344.637441411635,"Vynnycky-high","max",TRUE
"South Africa","4_6_5_7_5",0.606315789473684,0.743679775280899,0.0411329773258188,374.111485222596,"Vynnycky-high","max",TRUE
"South Africa","5_6_5_7_5",0.623456790123457,0.752413793103448,0.04186376583146,365.978626848192,"Vynnycky-high","max",FALSE
"South Africa","6_6_5_7_5",0.635748138117806,0.760036496350365,0.0429112673897918,372.43947858473,"Vynnycky-high","max",FALSE
"South Africa","7_6_5_7_5",0.649044585987261,0.766360856269113,0.0439622063913742,372.689326177698,"Vynnycky-high","max",FALSE
"South Africa","3_7_5_7_5",0.634640522875817,0.771265189421015,0.0434565372119317,374.195479718605,"Vynnycky-high","max",FALSE
"South Africa","4_7_5_7_5",0.64914502849905,0.775777414075286,0.0444829212465737,388.228899759298,"Vynnycky-high","max",FALSE
"South Africa","5_7_5_7_5",0.662068965517241,0.77793199167245,0.0455568520654697,375.375375375375,"Vynnycky-high","max",FALSE
"South Africa","6_7_5_7_5",0.672754946727549,0.789398280802292,0.0465804722382572,374.784498913125,"Vynnycky-high","max",FALSE
"South Africa","7_7_5_7_5",0.683116883116883,0.794697903822441,0.0473322670199379,378.443838934302,"Vynnycky-high","max",FALSE
"South Africa","5_5_6_7_5",0.572706935123042,0.723419540229885,0.0388517167890678,373.859727830118,"Vynnycky-high","max",FALSE
"South Africa","7_5_6_7_5",0.610294117647059,0.739440809042237,0.0412439456837601,365.817968978636,"Vynnycky-high","max",TRUE
"South Africa","3_6_6_7_5",0.588235294117647,0.73943661971831,0.0406636178521379,361.297781631621,"Vynnycky-high","max",TRUE
"South Africa","4_6_6_7_5",0.605348460291734,0.754231052244297,0.0416660119358337,395.694840139285,"Vynnycky-high","max",FALSE
"South Africa","5_6_6_7_5",0.616302186878728,0.760828625235405,0.0422237641798218,374.616018580955,"Vynnycky-high","max",FALSE
"South Africa","6_6_6_7_5",0.63544106167057,0.766685052399338,0.0431551325738606,369.959304476508,"Vynnycky-high","max",FALSE
"South Africa","7_6_6_7_5",0.647877984084881,0.77020202020202,0.0441028254074961,351.0249929795,"Vynnycky-high","max",FALSE
"South Africa","3_7_6_7_5",0.635294117647059,0.773299748110831,0.0437857017813401,367.349937550511,"Vynnycky-high","max",FALSE
"South Africa","4_7_6_7_5",0.641942009440324,0.780887372013652,0.0450772229702936,373.608309048793,"Vynnycky-high","max",FALSE
"South Africa","5_7_6_7_5",0.657393850658858,0.787377911344853,0.0459576994220349,375.968117903602,"Vynnycky-high","max",FALSE
"South Africa","6_7_6_7_5",0.669803250641574,0.798353909465021,0.0469184687286871,393.360081818897,"Vynnycky-high","max",FALSE
"South Africa","7_7_6_7_5",0.683641975308642,0.799716914366596,0.0477288449633615,386.877127824203,"Vynnycky-high","max",FALSE
"South Africa","6_5_7_7_5",0.589418777943368,0.738965952080706,0.0407489622919482,358.577165806081,"Vynnycky-high","max",TRUE
"South Africa","7_5_7_7_5",0.608548168249661,0.745255894192064,0.0415236462046312,355.51763367463,"Vynnycky-high","max",TRUE
"South Africa","3_6_7_7_5",0.588164251207729,0.747491638795987,0.0411311446252254,341.530054644809,"Vynnycky-high","max",TRUE
"South Africa","4_6_7_7_5",0.604565083281925,0.759158751696065,0.0424907554875807,373.608309048793,"Vynnycky-high","max",FALSE
"South Africa","5_6_7_7_5",0.623629719853837,0.765849535080304,0.0435244117117357,375.883325815667,"Vynnycky-high","max",FALSE
"South Africa","6_6_7_7_5",0.638728323699422,0.771634615384615,0.0440432899975365,370.699881376038,"Vynnycky-high","max",FALSE
"South Africa","7_6_7_7_5",0.652471482889734,0.778890600924499,0.0451961670861057,387.146728610143,"Vynnycky-high","max",FALSE
"South Africa","3_7_7_7_5",0.632506004803843,0.781434599156118,0.0448063648564773,370.123621289511,"Vynnycky-high","max",FALSE
"South Africa","4_7_7_7_5",0.64924838940587,0.788688138256088,0.0460466618445646,375.375375375375,"Vynnycky-high","max",FALSE
"South Africa","5_7_7_7_5",0.66369710467706,0.797211660329531,0.0467882024833611,369.631108154062,"Vynnycky-high","max",FALSE
"South Africa","6_7_7_7_5",0.674005681818182,0.802076124567474,0.0478191299797143,378.186218894183,"Vynnycky-high","max",FALSE
"South Africa","6_6_3_3_6",0.632899628252788,0.744734202607824,0.0404256312838164,339.374193986289,"Vynnycky-high","max",TRUE
"South Africa","7_6_3_3_6",0.650650650650651,0.757257566399012,0.0415977096307044,349.919518510743,"Vynnycky-high","max",FALSE
"South Africa","3_7_3_3_6",0.632237871674491,0.757026858213616,0.0410191232632833,357.80735651925,"Vynnycky-high","max",FALSE
"South Africa","4_7_3_3_6",0.646511627906977,0.76555023923445,0.0423299198400943,351.765864640495,"Vynnycky-high","max",FALSE
"South Africa","5_7_3_3_6",0.658830620855937,0.771819137749737,0.0431561355225721,359.427790956797,"Vynnycky-high","max",FALSE
"South Africa","6_7_3_3_6",0.674375578168363,0.781267526640494,0.0440436746125676,360.516259283294,"Vynnycky-high","max",FALSE
"South Africa","7_7_3_3_6",0.685267857142857,0.787384833451453,0.0451914101799011,362.950058072009,"Vynnycky-high","max",FALSE
"South Africa","5_6_4_3_6",0.621640248104755,0.747915330339961,0.0405703789169869,341.46008331626,"Vynnycky-high","max",TRUE
"South Africa","6_6_4_3_6",0.634634634634635,0.755385684503127,0.0415223503690549,337.108953613808,"Vynnycky-high","max",FALSE
"South Africa","7_6_4_3_6",0.648943421949557,0.764444444444444,0.0425004403129052,365.176745544844,"Vynnycky-high","max",FALSE
"South Africa","3_7_4_3_6",0.627946127946128,0.765567765567766,0.0417237241474804,363.424916412269,"Vynnycky-high","max",FALSE
"South Africa","4_7_4_3_6",0.64801297648013,0.772543741588156,0.0428944424149317,359.660480506402,"Vynnycky-high","max",FALSE
"South Africa","5_7_4_3_6",0.656039239730227,0.77958672510958,0.0439026551592209,350.140056022409,"Vynnycky-high","max",FALSE
"South Africa","6_7_4_3_6",0.673197492163009,0.78664402942841,0.0449241709006455,360.516259283294,"Vynnycky-high","max",FALSE
"South Africa","7_7_4_3_6",0.683284457478006,0.796234028244788,0.0458191639823518,358.037952022914,"Vynnycky-high","max",FALSE
"South Africa","5_6_5_3_6",0.619333333333333,0.754147812971342,0.0410420436777208,375.375375375375,"Vynnycky-high","max",FALSE
"South Africa","6_6_5_3_6",0.635146443514644,0.764426340801086,0.0422013363154874,352.137474470033,"Vynnycky-high","max",FALSE
"South Africa","7_6_5_3_6",0.647390691114245,0.773259820813232,0.0430806634650237,369.795133496043,"Vynnycky-high","max",FALSE
"South Africa","3_7_5_3_6",0.62876254180602,0.773678963110668,0.0424981247222199,354.082572055803,"Vynnycky-high","max",FALSE
"South Africa","4_7_5_3_6",0.644867549668874,0.780226325193568,0.043645857840055,370.205834443951,"Vynnycky-high","max",FALSE
"South Africa","5_7_5_3_6",0.656652360515021,0.788948069241012,0.044746794513615,354.007363353158,"Vynnycky-high","max",FALSE
"South Africa","6_7_5_3_6",0.666184971098266,0.796116504854369,0.0458268856587576,364.458050878344,"Vynnycky-high","max",FALSE
"South Africa","7_7_5_3_6",0.679558011049724,0.803139306736429,0.0467671710433022,370.0414446418,"Vynnycky-high","max",FALSE
"South Africa","6_5_6_3_6",0.588626292466765,0.736389684813754,0.0389635551343689,348.820985070462,"Vynnycky-high","max",FALSE
"South Africa","7_5_6_3_6",0.605941704035874,0.74619960343688,0.0401030156056511,345.351567896118,"Vynnycky-high","max",TRUE
"South Africa","4_6_6_3_6",0.601866251944012,0.754455445544554,0.0406184367077296,353.40684195646,"Vynnycky-high","max",FALSE
"South Africa","5_6_6_3_6",0.618060200668896,0.765432098765432,0.041630220654996,353.257029814893,"Vynnycky-high","max",FALSE
"South Africa","6_6_6_3_6",0.635664335664336,0.77233782129743,0.0430542145151749,342.794460441519,"Vynnycky-high","max",FALSE
"South Africa","7_6_6_3_6",0.646408839779006,0.779379956741168,0.0440691590801977,371.691941718704,"Vynnycky-high","max",FALSE
"South Africa","3_7_6_3_6",0.630340557275542,0.77924944812362,0.0433029976678336,388.228899759298,"Vynnycky-high","max",FALSE
"South Africa","4_7_6_3_6",0.65007215007215,0.785714285714286,0.0445156973185914,397.772474144789,"Vynnycky-high","max",FALSE
"South Africa","5_7_6_3_6",0.664346481051817,0.796545105566219,0.045622352497934,375.798571965427,"Vynnycky-high","max",FALSE
"South Africa","6_7_6_3_6",0.677655677655678,0.801729873586161,0.0466623718429614,368.568480023588,"Vynnycky-high","max",FALSE
"South Africa","7_7_6_3_6",0.683441558441558,0.807397069085834,0.0473972499689742,389.863547758285,"Vynnycky-high","max",FALSE
"South Africa","6_5_7_3_6",0.588870431893688,0.741753821399839,0.0396385091760723,352.509870276368,"Vynnycky-high","max",FALSE
"South Africa","7_5_7_3_6",0.612807148175726,0.753256704980843,0.0410401990412772,344.494970373433,"Vynnycky-high","max",FALSE
"South Africa","3_6_7_3_6",0.594641313742437,0.750181554103123,0.0404736982092004,364.298724954463,"Vynnycky-high","max",TRUE
"South Africa","4_6_7_3_6",0.606020942408377,0.759333716255026,0.0413447220403949,351.320966835301,"Vynnycky-high","max",FALSE
"South Africa","5_6_7_3_6",0.625305623471883,0.768802228412256,0.0427411678174682,365.497076023392,"Vynnycky-high","max",FALSE
"South Africa","6_6_7_3_6",0.636587366694012,0.777382645803698,0.0438421677510142,390.869293308318,"Vynnycky-high","max",FALSE
"South Africa","7_6_7_3_6",0.654025282767798,0.782646801051709,0.0448032178745729,376.47767487388,"Vynnycky-high","max",FALSE
"South Africa","3_7_7_3_6",0.637150466045273,0.786281588447653,0.0442766968882866,369.795133496043,"Vynnycky-high","max",FALSE
"South Africa","4_7_7_3_6",0.650076569678407,0.791802212101496,0.0453620328534116,379.391456104409,"Vynnycky-high","max",FALSE
"South Africa","5_7_7_3_6",0.663507109004739,0.798804780876494,0.0465416973424795,375.713856327021,"Vynnycky-high","max",FALSE
"South Africa","6_7_7_3_6",0.679012345679012,0.805236270753512,0.0471958086114967,380.778310867413,"Vynnycky-high","max",FALSE
"South Africa","7_7_7_3_6",0.689285714285714,0.811320754716981,0.0482214198115063,395.882818685669,"Vynnycky-high","max",FALSE
"South Africa","5_6_3_4_6",0.623180291153415,0.737755734655921,0.0399481039108355,345.996816829285,"Vynnycky-high","max",FALSE
"South Africa","6_6_3_4_6",0.638095238095238,0.747058823529412,0.0409846241988199,344.35261707989,"Vynnycky-high","max",TRUE
"South Africa","7_6_3_4_6",0.65625,0.755570117955439,0.0421756983555478,359.582883854728,"Vynnycky-high","max",FALSE
"South Africa","3_7_3_4_6",0.635467980295567,0.754817275747508,0.0415851905570497,356.353788040767,"Vynnycky-high","max",FALSE
"South Africa","4_7_3_4_6",0.654233274126702,0.765634870499052,0.0428127972009146,356.50623885918,"Vynnycky-high","max",FALSE
"South Africa","5_7_3_4_6",0.665617128463476,0.773236651285432,0.0437197302556657,365.336840567003,"Vynnycky-high","max",FALSE
"South Africa","6_7_3_4_6",0.676691729323308,0.779035139964264,0.0444784756524306,372.273099545827,"Vynnycky-high","max",FALSE
"South Africa","7_7_3_4_6",0.689490445859873,0.788171394085697,0.0456919913637452,361.141206211629,"Vynnycky-high","max",FALSE
"South Africa","5_6_4_4_6",0.621791215059897,0.747118644067797,0.0406951151998977,362.161379110532,"Vynnycky-high","max",TRUE
"South Africa","6_6_4_4_6",0.636734693877551,0.757455268389662,0.0415706583375297,356.049277219967,"Vynnycky-high","max",FALSE
"South Africa","7_6_4_4_6",0.649484536082474,0.764346764346764,0.0428855902973618,357.730557344208,"Vynnycky-high","max",FALSE
"South Africa","3_7_4_4_6",0.633161512027491,0.763333333333333,0.0422830488092943,352.063089705675,"Vynnycky-high","max",FALSE
"South Africa","4_7_4_4_6",0.645219482862297,0.771672771672772,0.0433010985506723,362.161379110532,"Vynnycky-high","max",FALSE
"South Africa","5_7_4_4_6",0.659037095501184,0.778982485404504,0.044389286757429,369.058163566578,"Vynnycky-high","max",FALSE
"South Africa","6_7_4_4_6",0.672623302358828,0.785714285714286,0.0451645086062769,352.957786248765,"Vynnycky-high","max",FALSE
"South Africa","7_7_4_4_6",0.686398872445384,0.792892156862745,0.046328440346042,351.320966835301,"Vynnycky-high","max",FALSE
"South Africa","7_5_5_4_6",0.606443461781428,0.737560192616372,0.0397608996596658,363.74217954314,"Vynnycky-high","max",FALSE
"South Africa","4_6_5_4_6",0.60531561461794,0.744081893793986,0.0400662013748034,366.54204237226,"Vynnycky-high","max",TRUE
"South Africa","5_6_5_4_6",0.616600790513834,0.753900709219858,0.04135032662868,349.625900286693,"Vynnycky-high","max",FALSE
"South Africa","6_6_5_4_6",0.63354474982382,0.762949421084704,0.0423086446737739,358.577165806081,"Vynnycky-high","max",FALSE
"South Africa","7_6_5_4_6",0.646174863387978,0.770046388336647,0.0432785754247318,356.811532148719,"Vynnycky-high","max",FALSE
"South Africa","3_7_5_4_6",0.630091438071488,0.769143505388542,0.042886606578575,377.159236629705,"Vynnycky-high","max",FALSE
"South Africa","4_7_5_4_6",0.645302897278314,0.777272727272727,0.0437399317050925,379.477838494232,"Vynnycky-high","max",FALSE
"South Africa","5_7_5_4_6",0.65796178343949,0.787804878048781,0.0451459808822412,387.146728610143,"Vynnycky-high","max",FALSE
"South Africa","6_7_5_4_6",0.678362573099415,0.791523482245132,0.0461272741559476,358.886017800746,"Vynnycky-high","max",FALSE
"South Africa","7_7_5_4_6",0.687543983110486,0.799794661190965,0.0469352346019671,345.709742100532,"Vynnycky-high","max",FALSE
"South Africa","4_6_6_4_6",0.603918824352694,0.74972497249725,0.0407339143111126,376.137816896111,"Vynnycky-high","max",TRUE
"South Africa","5_6_6_4_6",0.619795221843003,0.761654629021668,0.042005950456052,356.42999714856,"Vynnycky-high","max",FALSE
"South Africa","6_6_6_4_6",0.63312101910828,0.768384879725086,0.0428313755251073,350.877192982456,"Vynnycky-high","max",FALSE
"South Africa","7_6_6_4_6",0.649814126394052,0.778095919828203,0.0443931698465747,367.59300102926,"Vynnycky-high","max",FALSE
"South Africa","3_7_6_4_6",0.630691399662732,0.778346744696416,0.0435965230887146,391.052713905835,"Vynnycky-high","max",FALSE
"South Africa","4_7_6_4_6",0.64297520661157,0.78448275862069,0.0448426984983551,396.636522290973,"Vynnycky-high","max",FALSE
"South Africa","5_7_6_4_6",0.656222023276634,0.795271049596309,0.0456499513562337,377.672029609487,"Vynnycky-high","max",FALSE
"South Africa","6_7_6_4_6",0.677147239263804,0.796787709497207,0.0469059642815514,384.733764235149,"Vynnycky-high","max",FALSE
"South Africa","6_5_7_4_6",0.588872832369942,0.737996443390634,0.0402890253834842,364.298724954463,"Vynnycky-high","max",TRUE
"South Africa","7_5_7_4_6",0.608016304347826,0.750320924261874,0.0412067471408284,358.577165806081,"Vynnycky-high","max",TRUE
"South Africa","3_6_7_4_6",0.588489208633094,0.750886524822695,0.040624782445389,360.048966659466,"Vynnycky-high","max",TRUE
"South Africa","4_6_7_4_6",0.602112676056338,0.759042553191489,0.0416682025823869,370.37037037037,"Vynnycky-high","max",FALSE
"South Africa","5_6_7_4_6",0.620619946091644,0.76857490864799,0.0428583410155639,353.331920005653,"Vynnycky-high","max",FALSE
"South Africa","6_6_7_4_6",0.638258736971183,0.774083129584352,0.0437260193628355,369.795133496043,"Vynnycky-high","max",FALSE
"South Africa","7_6_7_4_6",0.651006711409396,0.785828449653703,0.0447132906672324,351.098939681202,"Vynnycky-high","max",FALSE
"South Africa","3_7_7_4_6",0.63236337828247,0.785559566787004,0.0441433019621781,353.631798571328,"Vynnycky-high","max",FALSE
"South Africa","4_7_7_4_6",0.646571213262999,0.790450928381963,0.0452825077258538,376.732971669681,"Vynnycky-high","max",FALSE
"South Africa","5_7_7_4_6",0.659340659340659,0.800125313283208,0.0461456789394586,342.301636201821,"Vynnycky-high","max",FALSE
"South Africa","6_7_7_4_6",0.675513698630137,0.806092124814265,0.0474790024170966,377.75763070414,"Vynnycky-high","max",FALSE
"South Africa","7_7_7_4_6",0.685834502103787,0.810738968633705,0.0479372091118252,377.75763070414,"Vynnycky-high","max",FALSE
"South Africa","5_6_3_5_6",0.61786941580756,0.738058551617874,0.0400889162249756,342.090859332239,"Vynnycky-high","max",TRUE
"South Africa","6_6_3_5_6",0.633571036752606,0.747275557861962,0.0411391131313906,349.47927587894,"Vynnycky-high","max",TRUE
"South Africa","7_6_3_5_6",0.645161290322581,0.757446808510638,0.0421091972216612,367.917586460633,"Vynnycky-high","max",FALSE
"South Africa","3_7_3_5_6",0.633067440174039,0.759520451339915,0.0416394918766356,352.063089705675,"Vynnycky-high","max",FALSE
"South Africa","4_7_3_5_6",0.642815590459569,0.766105629715612,0.0426901481228008,335.075727114328,"Vynnycky-high","max",FALSE
"South Africa","5_7_3_5_6",0.655913978494624,0.773420479302832,0.0437533429250111,350.951077419808,"Vynnycky-high","max",FALSE
"South Africa","6_7_3_5_6",0.671428571428571,0.782440284054228,0.0448647572358185,355.669369753877,"Vynnycky-high","max",FALSE
"South Africa","7_7_3_5_6",0.682267633487146,0.785336356764928,0.0456233334401267,363.662811840861,"Vynnycky-high","max",FALSE
"South Africa","4_6_4_5_6",0.60180681028492,0.733833718244804,0.0396664213397651,349.406009783368,"Vynnycky-high","max",FALSE
"South Africa","5_6_4_5_6",0.620294599018003,0.744444444444444,0.0406562627547347,350.951077419808,"Vynnycky-high","max",TRUE
"South Africa","6_6_4_5_6",0.633454106280193,0.754364089775561,0.0417874587972066,372.606006408823,"Vynnycky-high","max",FALSE
"South Africa","7_6_4_5_6",0.644238205723125,0.76268115942029,0.0427196007501196,372.939509211606,"Vynnycky-high","max",FALSE
"South Africa","3_7_4_5_6",0.632120796156486,0.760678391959799,0.042269258104368,356.887937187723,"Vynnycky-high","max",FALSE
"South Africa","4_7_4_5_6",0.643548387096774,0.768301350390903,0.0432896557070372,362.082699688609,"Vynnycky-high","max",FALSE
"South Africa","5_7_4_5_6",0.656953642384106,0.780104712041885,0.0445485260308635,349.846067730199,"Vynnycky-high","max",FALSE
"South Africa","6_7_4_5_6",0.671441360787825,0.786259541984733,0.0455115331521241,383.582662063675,"Vynnycky-high","max",FALSE
"South Africa","7_7_4_5_6",0.685075608152531,0.792424242424242,0.0464541169381004,386.428626632661,"Vynnycky-high","max",FALSE
"South Africa","7_5_5_5_6",0.607260726072607,0.732946298984035,0.0399542092719484,383.40618050763,"Vynnycky-high","max",FALSE
"South Africa","4_6_5_5_6",0.603512014787431,0.744152046783626,0.0404074216493802,358.500035850004,"Vynnycky-high","max",TRUE
"South Africa","5_6_5_5_6",0.615,0.753156565656566,0.041459987497841,337.860666261234,"Vynnycky-high","max",FALSE
"South Africa","6_6_5_5_6",0.637447405329593,0.761938202247191,0.0424561280448834,372.689326177698,"Vynnycky-high","max",FALSE
"South Africa","7_6_5_5_6",0.650510204081633,0.769568397951719,0.0437116304356576,375.968117903602,"Vynnycky-high","max",FALSE
"South Africa","3_7_5_5_6",0.632780082987552,0.771250863856254,0.0430995289457765,358.886017800746,"Vynnycky-high","max",FALSE
"South Africa","4_7_5_5_6",0.646076794657763,0.779206260480716,0.0441200430822145,359.040643400833,"Vynnycky-high","max",FALSE
"South Africa","5_7_5_5_6",0.658839779005525,0.788461538461538,0.0452783082944412,357.347055460263,"Vynnycky-high","max",FALSE
"South Africa","6_7_5_5_6",0.673025967143614,0.794438386041439,0.0460836833299999,375.121914622252,"Vynnycky-high","max",FALSE
"South Africa","7_7_5_5_6",0.685831622176591,0.800171526586621,0.0470085677673477,359.738110655443,"Vynnycky-high","max",FALSE
"South Africa","6_5_6_5_6",0.59009009009009,0.735487731897068,0.0396407924432655,343.571772143201,"Vynnycky-high","max",FALSE
"South Africa","7_5_6_5_6",0.607924305144885,0.744845360824742,0.0406147240779398,343.430180644275,"Vynnycky-high","max",TRUE
"South Africa","3_6_6_5_6",0.593548387096774,0.7438958220293,0.0401175781025089,353.481795687522,"Vynnycky-high","max",TRUE
"South Africa","4_6_6_5_6",0.607303370786517,0.753846153846154,0.0412125881522046,370.0414446418,"Vynnycky-high","max",FALSE
"South Africa","5_6_6_5_6",0.621978021978022,0.761261261261261,0.0422799731095905,375.290850409067,"Vynnycky-high","max",FALSE
"South Africa","6_6_6_5_6",0.639855072463768,0.769408147578786,0.0434393709931499,356.42999714856,"Vynnycky-high","max",FALSE
"South Africa","7_6_6_5_6",0.650943396226415,0.779366065879428,0.044562933555703,362.792047598317,"Vynnycky-high","max",FALSE
"South Africa","3_7_6_5_6",0.636363636363636,0.778630838131798,0.043804485060047,381.300999008617,"Vynnycky-high","max",FALSE
"South Africa","4_7_6_5_6",0.651473040578099,0.787273861509669,0.0451614917055873,388.048117966628,"Vynnycky-high","max",FALSE
"South Africa","5_7_6_5_6",0.662508207485227,0.793991416309013,0.046032384557553,377.33001282922,"Vynnycky-high","max",FALSE
"South Africa","6_7_6_5_6",0.674726989079563,0.799902629016553,0.0469048758665055,385.267375558638,"Vynnycky-high","max",FALSE
"South Africa","7_7_6_5_6",0.688995215311005,0.806326662362815,0.0480167783239039,386.428626632661,"Vynnycky-high","max",FALSE
"South Africa","6_5_7_5_6",0.58991825613079,0.744012772751463,0.0403406628002018,358.654328957751,"Vynnycky-high","max",TRUE
"South Africa","7_5_7_5_6",0.604586518415566,0.754545454545455,0.0414800649567876,361.925443358668,"Vynnycky-high","max",FALSE
"South Africa","3_6_7_5_6",0.591054313099042,0.753299492385787,0.0408633942409273,358.037952022914,"Vynnycky-high","max",FALSE
"South Africa","4_6_7_5_6",0.604403948367502,0.757261410788382,0.0418451255724663,353.631798571328,"Vynnycky-high","max",FALSE
"South Africa","5_6_7_5_6",0.615987460815047,0.765263781861292,0.0427468838893241,352.584443974332,"Vynnycky-high","max",FALSE
"South Africa","6_6_7_5_6",0.629890453834116,0.775570272259014,0.0439672806355204,360.516259283294,"Vynnycky-high","max",FALSE
"South Africa","7_6_7_5_6",0.642806520198441,0.781048097631012,0.0449330182695594,378.873986512086,"Vynnycky-high","max",FALSE
"South Africa","3_7_7_5_6",0.629571984435798,0.782014388489209,0.0443006238293114,381.3882532418,"Vynnycky-high","max",FALSE
"South Africa","4_7_7_5_6",0.645448323066393,0.790697674418605,0.0453422213448802,379.823761774537,"Vynnycky-high","max",FALSE
"South Africa","5_7_7_5_6",0.659332321699545,0.796610169491525,0.046256563490045,391.604010025063,"Vynnycky-high","max",FALSE
"South Africa","6_7_7_5_6",0.672131147540984,0.802047781569966,0.0473904974929092,386.160024714242,"Vynnycky-high","max",FALSE
"South Africa","7_7_7_5_6",0.683158896289248,0.807831762146483,0.0484818375155895,396.070975918885,"Vynnycky-high","max",FALSE
"South Africa","4_6_3_6_6",0.608731466227348,0.728940217391304,0.0393945131115013,339.512460107286,"Vynnycky-high","max",FALSE
"South Africa","5_6_3_6_6",0.619935170178282,0.736397253037507,0.0403386738966082,362.792047598317,"Vynnycky-high","max",TRUE
"South Africa","6_6_3_6_6",0.632011967090501,0.74972191323693,0.0415252606074176,357.884188676544,"Vynnycky-high","max",TRUE
"South Africa","7_6_3_6_6",0.642095914742451,0.753765553372626,0.0423967193014263,354.685394055473,"Vynnycky-high","max",FALSE
"South Africa","3_7_3_6_6",0.627361563517915,0.751890034364261,0.0418147798874021,368.242745617911,"Vynnycky-high","max",FALSE
"South Africa","4_7_3_6_6",0.64797507788162,0.765027322404372,0.0429864880694338,373.357228195938,"Vynnycky-high","max",FALSE
"South Africa","5_7_3_6_6",0.660353535353535,0.772255192878338,0.0440169231211257,370.205834443951,"Vynnycky-high","max",FALSE
"South Africa","6_7_3_6_6",0.674666666666667,0.779033270558694,0.0451810017202205,345.494748479823,"Vynnycky-high","max",FALSE
"South Africa","7_7_3_6_6",0.684444444444444,0.788709677419355,0.0462059456485236,371.691941718704,"Vynnycky-high","max",FALSE
"South Africa","5_6_4_6_6",0.623342175066313,0.745548961424332,0.0411045466204947,349.625900286693,"Vynnycky-high","max",TRUE
"South Africa","6_6_4_6_6",0.636215334420881,0.754823151125402,0.0421739886255903,355.214549587951,"Vynnycky-high","max",FALSE
"South Africa","7_6_4_6_6",0.64746835443038,0.762307692307692,0.0432295571118709,357.423690042176,"Vynnycky-high","max",FALSE
"South Africa","3_7_4_6_6",0.638526477359939,0.766506602641056,0.0426569577438954,356.50623885918,"Vynnycky-high","max",FALSE
"South Africa","4_7_4_6_6",0.653874004344678,0.772363150867824,0.0437193212418721,367.430922986479,"Vynnycky-high","max",FALSE
"South Africa","5_7_4_6_6",0.667366211962225,0.781183178902352,0.0449071836518964,372.43947858473,"Vynnycky-high","max",FALSE
"South Africa","6_7_4_6_6",0.676249144421629,0.788798920377868,0.0458925175872764,356.049277219967,"Vynnycky-high","max",FALSE
"South Africa","7_7_4_6_6",0.692086330935252,0.797215496368039,0.0470399574603185,351.691636772878,"Vynnycky-high","max",FALSE
"South Africa","7_5_5_6_6",0.613387189844201,0.736240913811007,0.0403738971188367,344.494970373433,"Vynnycky-high","max",TRUE
"South Africa","4_6_5_6_6",0.609353507565337,0.749837977965003,0.0409243289695103,362.397622671595,"Vynnycky-high","max",TRUE
"South Africa","5_6_5_6_6",0.624780316344464,0.756024096385542,0.0419351629137655,350.140056022409,"Vynnycky-high","max",FALSE
"South Africa","6_6_5_6_6",0.634615384615385,0.76271186440678,0.0430299819529171,357.653791130186,"Vynnycky-high","max",FALSE
"South Africa","7_6_5_6_6",0.649511978704525,0.769837099316868,0.0440783560686693,333.06687982947,"Vynnycky-high","max",FALSE
"South Africa","3_7_5_6_6",0.636160714285714,0.77172582619339,0.0432784817465069,362.713093942691,"Vynnycky-high","max",FALSE
"South Africa","4_7_5_6_6",0.646533973919012,0.782236842105263,0.0444037635927909,361.532899493854,"Vynnycky-high","max",FALSE
"South Africa","5_7_5_6_6",0.661169415292354,0.78693967902601,0.0457311680514907,372.689326177698,"Vynnycky-high","max",FALSE
"South Africa","6_7_5_6_6",0.676935886761032,0.793882978723404,0.0465210325166434,351.098939681202,"Vynnycky-high","max",FALSE
"South Africa","7_7_5_6_6",0.689702833448514,0.802639472105579,0.0477758361197865,378.443838934302,"Vynnycky-high","max",FALSE
"South Africa","7_5_6_6_6",0.609814482345901,0.744360902255639,0.0412040210537901,363.583478766725,"Vynnycky-high","max",TRUE
"South Africa","3_6_6_6_6",0.589712186160441,0.746951219512195,0.0404953459738323,348.383500557414,"Vynnycky-high","max",TRUE
"South Africa","4_6_6_6_6",0.607385079125848,0.753541076487252,0.0415067025174397,356.811532148719,"Vynnycky-high","max",FALSE
"South Africa","5_6_6_6_6",0.623904881101377,0.761670761670762,0.0426172188776455,366.13942589338,"Vynnycky-high","max",FALSE
"South Africa","7_6_6_6_6",0.653193209377526,0.775387263339071,0.0446822320754064,382.789771857296,"Vynnycky-high","max",FALSE
"South Africa","3_7_6_6_6",0.637114951164538,0.776029962546816,0.0440065640468206,374.279511939516,"Vynnycky-high","max",FALSE
"South Africa","4_7_6_6_6",0.647414372061786,0.782178217821782,0.0449468615071612,371.857801576677,"Vynnycky-high","max",FALSE
"South Africa","5_7_6_6_6",0.66140350877193,0.791636096845194,0.0463054132810562,361.689814814815,"Vynnycky-high","max",FALSE
"South Africa","6_7_6_6_6",0.67237687366167,0.798279158699809,0.0473809033779852,362.00405444541,"Vynnycky-high","max",FALSE
"South Africa","7_7_6_6_6",0.688009313154831,0.80557707203718,0.0481300340231132,383.494400981746,"Vynnycky-high","max",FALSE
"South Africa","5_5_7_6_6",0.57540173053152,0.728296885354539,0.0395546974220349,348.967057509771,"Vynnycky-high","max",FALSE
"South Africa","6_5_7_6_6",0.591645353793691,0.742304309586632,0.0407309915409532,382.526203044909,"Vynnycky-high","max",TRUE
"South Africa","7_5_7_6_6",0.605795148247978,0.75083426028921,0.0417211580846973,367.188073731365,"Vynnycky-high","max",TRUE
"South Africa","3_6_7_6_6",0.58908507223114,0.751437699680511,0.0411488472313549,354.98757543486,"Vynnycky-high","max",FALSE
"South Africa","4_6_7_6_6",0.604871447902571,0.757772020725389,0.0421798976076366,348.383500557414,"Vynnycky-high","max",FALSE
"South Africa","5_6_7_6_6",0.624713958810069,0.766203703703704,0.0434931555974543,381.213784690454,"Vynnycky-high","max",FALSE
"South Africa","6_6_7_6_6",0.637908496732026,0.773797338792221,0.0443840370541805,408.897612037946,"Vynnycky-high","max",FALSE
"South Africa","7_6_7_6_6",0.654163540885221,0.78108711839166,0.0454264813047623,391.144488774153,"Vynnycky-high","max",FALSE
"South Africa","3_7_7_6_6",0.634471273938385,0.782126168224299,0.0447249973319426,374.700239808153,"Vynnycky-high","max",FALSE
"South Africa","4_7_7_6_6",0.64841108857336,0.787492022973835,0.045675591724603,375.713856327021,"Vynnycky-high","max",FALSE
"South Africa","5_7_7_6_6",0.664688427299703,0.795470144131778,0.0467350883583464,368.324125230203,"Vynnycky-high","max",FALSE
"South Africa","6_7_7_6_6",0.672342924251321,0.804267844002943,0.047724700775031,397.582697201018,"Vynnycky-high","max",FALSE
"South Africa","7_7_7_6_6",0.685413005272408,0.80835734870317,0.0486433720714878,385.534736679775,"Vynnycky-high","max",FALSE
"South Africa","4_6_3_7_6",0.605138607167005,0.732243517474634,0.0397737596650714,331.873091729723,"Vynnycky-high","max",FALSE
"South Africa","5_6_3_7_6",0.624227441285538,0.7390263367917,0.0408746040701551,379.910341159486,"Vynnycky-high","max",TRUE
"South Africa","6_6_3_7_6",0.640909090909091,0.746880570409982,0.0417215840335622,366.300366300366,"Vynnycky-high","max",TRUE
"South Africa","7_6_3_7_6",0.653364632237872,0.755603759942155,0.0431088304688181,364.219114219114,"Vynnycky-high","max",FALSE
"South Africa","3_7_3_7_6",0.638195004029009,0.757183908045977,0.0424106735495161,374.784498913125,"Vynnycky-high","max",FALSE
"South Africa","4_7_3_7_6",0.65006468305304,0.766177739430544,0.0432742893360587,366.461448255644,"Vynnycky-high","max",FALSE
"South Africa","5_7_3_7_6",0.667269439421338,0.775367389783065,0.0445224934796118,373.775883979966,"Vynnycky-high","max",FALSE
"South Africa","6_7_3_7_6",0.68014440433213,0.781567923399162,0.0455967757065465,350.581966063666,"Vynnycky-high","max",FALSE
"South Africa","7_7_3_7_6",0.692648922686945,0.789346246973366,0.0465249746638082,350.360871697849,"Vynnycky-high","max",FALSE
"South Africa","7_5_4_7_6",0.611625947767481,0.728971962616822,0.0398859533597468,337.518563520994,"Vynnycky-high","max",FALSE
"South Africa","4_6_4_7_6",0.609360936093609,0.739641311069883,0.0403430390561521,342.864979770966,"Vynnycky-high","max",TRUE
"South Africa","5_6_4_7_6",0.622571692876966,0.745188606620477,0.0414359252490663,348.529206747525,"Vynnycky-high","max",TRUE
"South Africa","6_6_4_7_6",0.637751561415684,0.753508771929825,0.0424208035894091,358.037952022914,"Vynnycky-high","max",FALSE
"South Africa","7_6_4_7_6",0.651020408163265,0.761990407673861,0.0435299967734181,363.74217954314,"Vynnycky-high","max",FALSE
"South Africa","3_7_4_7_6",0.635818337617823,0.765014577259475,0.0429731790275901,371.52622975182,"Vynnycky-high","max",FALSE
"South Africa","4_7_4_7_6",0.650035137034434,0.774128686327078,0.0440578521718188,365.016790772376,"Vynnycky-high","max",FALSE
"South Africa","5_7_4_7_6",0.663265306122449,0.780737704918033,0.045228699007138,373.022978215458,"Vynnycky-high","max",FALSE
"South Africa","6_7_4_7_6",0.674118658641444,0.787798408488064,0.0460593868993703,372.939509211606,"Vynnycky-high","max",FALSE
"South Africa","7_7_4_7_6",0.689597315436242,0.79374624173181,0.0470560368776164,375.121914622252,"Vynnycky-high","max",FALSE
"South Africa","7_5_5_7_6",0.611278195488722,0.733668341708543,0.0404723317976492,346.572398974146,"Vynnycky-high","max",TRUE
"South Africa","4_6_5_7_6",0.609420289855072,0.745147150907952,0.0411197013799364,373.692077727952,"Vynnycky-high","max",TRUE
"South Africa","5_6_5_7_6",0.624548736462094,0.753300903405142,0.0421914711124791,360.828462149094,"Vynnycky-high","max",FALSE
"South Africa","6_6_5_7_6",0.64025974025974,0.760775862068966,0.0435702521527825,350.581966063666,"Vynnycky-high","max",FALSE
"South Africa","7_6_5_7_6",0.652582159624413,0.768941429339065,0.0443953314272286,361.611340131626,"Vynnycky-high","max",FALSE
"South Africa","3_7_5_7_6",0.637755102040816,0.769804822043628,0.0439476734587078,356.658820172623,"Vynnycky-high","max",FALSE
"South Africa","4_7_5_7_6",0.648801128349788,0.777549623545517,0.0448667800512799,356.125356125356,"Vynnycky-high","max",FALSE
"South Africa","5_7_5_7_6",0.660606060606061,0.780887372013652,0.04565078706234,378.701810194653,"Vynnycky-high","max",FALSE
"South Africa","6_7_5_7_6",0.670571010248902,0.788575180564675,0.0464932356140102,368.242745617911,"Vynnycky-high","max",FALSE
"South Africa","7_7_5_7_6",0.684987694831829,0.798706548100243,0.0476743014467303,365.016790772376,"Vynnycky-high","max",FALSE
"South Africa","6_5_6_7_6",0.589298626174982,0.734732824427481,0.040268143185607,351.840123847724,"Vynnycky-high","max",TRUE
"South Africa","7_5_6_7_6",0.601873536299766,0.74278038952317,0.0413573860572499,355.669369753877,"Vynnycky-high","max",TRUE
"South Africa","3_6_6_7_6",0.581422692533804,0.74326553051127,0.0407569998247469,371.774853148933,"Vynnycky-high","max",TRUE
"South Africa","4_6_6_7_6",0.600266489007328,0.753711201079622,0.0417955689774057,379.737221842485,"Vynnycky-high","max",FALSE
"South Africa","5_6_6_7_6",0.614414414414414,0.761528326745718,0.0427691038952935,384.113082891603,"Vynnycky-high","max",FALSE
"South Africa","6_6_6_7_6",0.628332063975628,0.767282683093771,0.0436760518009184,376.732971669681,"Vynnycky-high","max",FALSE
"South Africa","7_6_6_7_6",0.643846153846154,0.774193548387097,0.0447632589405044,388.953714507974,"Vynnycky-high","max",FALSE
"South Africa","3_7_6_7_6",0.624620060790274,0.776741293532338,0.0441110354972409,381.039475689681,"Vynnycky-high","max",FALSE
"South Africa","4_7_6_7_6",0.640207075064711,0.784751037344398,0.0452480587943146,386.249517188103,"Vynnycky-high","max",FALSE
"South Africa","5_7_6_7_6",0.657467532467532,0.791561712846348,0.0461004915913718,382.96568627451,"Vynnycky-high","max",FALSE
"South Africa","6_7_6_7_6",0.669888475836431,0.797805642633229,0.0474313342798393,363.662811840861,"Vynnycky-high","max",FALSE
"South Africa","7_7_6_7_6",0.682926829268293,0.807457212713936,0.0484890039705621,344.210381385103,"Vynnycky-high","max",FALSE
"South Africa","6_5_7_7_6",0.582700175336061,0.745363408521303,0.0407782634691169,350.877192982456,"Vynnycky-high","max",TRUE
"South Africa","7_5_7_7_6",0.601978691019787,0.752246469833119,0.0420466501409541,362.161379110532,"Vynnycky-high","max",FALSE
"South Africa","3_6_7_7_6",0.583654587509638,0.753303964757709,0.0414461647825788,387.146728610143,"Vynnycky-high","max",FALSE
"South Africa","4_6_7_7_6",0.595020746887967,0.765179677819083,0.0424308992805352,374.447689657755,"Vynnycky-high","max",FALSE
"South Africa","5_6_7_7_6",0.613472333600642,0.771725032425422,0.043386726544709,393.731789904717,"Vynnycky-high","max",FALSE
"South Africa","6_6_7_7_6",0.630695443645084,0.780733944954128,0.0444619905714265,375.45993842457,"Vynnycky-high","max",FALSE
"South Africa","7_6_7_7_6",0.642097802976612,0.783083219645293,0.045476652205707,367.674093683359,"Vynnycky-high","max",FALSE
"South Africa","3_7_7_7_6",0.623582766439909,0.785106382978723,0.0447341443819462,374.027528426092,"Vynnycky-high","max",FALSE
"South Africa","4_7_7_7_6",0.64066852367688,0.791278784909358,0.0458885011755604,397.014451326028,"Vynnycky-high","max",FALSE
"South Africa","5_7_7_7_6",0.655817737998373,0.797288971041282,0.0469452499147681,391.052713905835,"Vynnycky-high","max",FALSE
"South Africa","6_7_7_7_6",0.674230145867099,0.802083333333333,0.0479057144113767,381.475547417411,"Vynnycky-high","max",FALSE
"South Africa","7_7_7_7_6",0.688700999231361,0.809993830968538,0.0489349624901625,393.824826717076,"Vynnycky-high","max",FALSE
"South Africa","5_6_3_3_7",0.616966580976864,0.737106017191977,0.0395420713760046,348.529206747525,"Vynnycky-high","max",FALSE
"South Africa","6_6_3_3_7",0.633617350890782,0.751441753171857,0.0407878941015213,355.593485527345,"Vynnycky-high","max",FALSE
"South Africa","7_6_3_3_7",0.651011089367254,0.754660252555622,0.0416719981201502,337.313634217095,"Vynnycky-high","max",FALSE
"South Africa","3_7_3_3_7",0.631037212984956,0.755413385826772,0.0412233063401028,358.500035850004,"Vynnycky-high","max",FALSE
"South Africa","4_7_3_3_7",0.647498132935026,0.764320785597381,0.042039713119289,352.957786248765,"Vynnycky-high","max",FALSE
"South Africa","5_7_3_3_7",0.662068965517241,0.771614192903548,0.0434648872081415,369.549150036955,"Vynnycky-high","max",FALSE
"South Africa","6_7_3_3_7",0.675508399646331,0.777470628887353,0.0444292975690517,370.205834443951,"Vynnycky-high","max",FALSE
"South Africa","7_7_3_3_7",0.689557855126999,0.786201022146508,0.0456185401785447,392.526299262051,"Vynnycky-high","max",FALSE
"South Africa","5_6_4_3_7",0.621076233183857,0.746683512318383,0.0406108627659382,360.984766442856,"Vynnycky-high","max",TRUE
"South Africa","6_6_4_3_7",0.637314734088928,0.755852842809365,0.0413029704258586,362.713093942691,"Vynnycky-high","max",FALSE
"South Africa","7_6_4_3_7",0.650984682713348,0.763913298183948,0.0426626850225617,365.817968978636,"Vynnycky-high","max",FALSE
"South Africa","3_7_4_3_7",0.634238787113076,0.759856630824373,0.0420781808610273,342.935528120713,"Vynnycky-high","max",FALSE
"South Africa","4_7_4_3_7",0.648927038626609,0.771739130434783,0.042940531295498,363.504180298073,"Vynnycky-high","max",FALSE
"South Africa","5_7_4_3_7",0.665170556552962,0.776407093292213,0.0442785679862534,371.360665478313,"Vynnycky-high","max",FALSE
"South Africa","6_7_4_3_7",0.677179962894249,0.784601283226398,0.04523208289976,392.249156664313,"Vynnycky-high","max",FALSE
"South Africa","7_7_4_3_7",0.686151079136691,0.790916880891174,0.0462209863007239,382.526203044909,"Vynnycky-high","max",FALSE
"South Africa","4_6_5_3_7",0.605210420841683,0.743623283191629,0.0400381050598724,332.933812758024,"Vynnycky-high","max",TRUE
"South Africa","5_6_5_3_7",0.621969696969697,0.751412429378531,0.0411572346260831,363.504180298073,"Vynnycky-high","max",FALSE
"South Africa","6_6_5_3_7",0.64066852367688,0.758193736343773,0.0420885471212543,375.713856327021,"Vynnycky-high","max",FALSE
"South Africa","7_6_5_3_7",0.649884259259259,0.764705882352941,0.0433594249524747,383.759306163174,"Vynnycky-high","max",FALSE
"South Africa","3_7_5_3_7",0.631417624521073,0.767757875231624,0.0425605407489911,369.631108154062,"Vynnycky-high","max",FALSE
"South Africa","4_7_5_3_7",0.647391577624136,0.780097425191371,0.0435643839996593,354.685394055473,"Vynnycky-high","max",FALSE
"South Africa","5_7_5_3_7",0.660112359550562,0.787808641975309,0.0447969291049168,376.392652815417,"Vynnycky-high","max",FALSE
"South Africa","6_7_5_3_7",0.673143650242887,0.788638262322473,0.0458166421990007,391.328167801518,"Vynnycky-high","max",FALSE
"South Africa","7_7_5_3_7",0.683364254792826,0.798333333333333,0.0467943082213105,396.636522290973,"Vynnycky-high","max",FALSE
"South Africa","7_5_6_3_7",0.605141727092947,0.743517869656622,0.0403084805863365,378.014666969078,"Vynnycky-high","max",TRUE
"South Africa","4_6_6_3_7",0.602607709750567,0.752156862745098,0.0407011443662597,332.933812758024,"Vynnycky-high","max",FALSE
"South Africa","5_6_6_3_7",0.618016759776536,0.762989972652689,0.0415857142407831,374.027528426092,"Vynnycky-high","max",FALSE
"South Africa","6_6_6_3_7",0.634241245136187,0.770967741935484,0.0430756824027825,365.096750638919,"Vynnycky-high","max",FALSE
"South Africa","7_6_6_3_7",0.649286157666046,0.779859484777518,0.0441433882688914,367.755222124154,"Vynnycky-high","max",FALSE
"South Africa","3_7_6_3_7",0.630118890356671,0.780251694094869,0.0434291133655356,360.282461449777,"Vynnycky-high","max",FALSE
"South Africa","4_7_6_3_7",0.645498392282958,0.787767133382461,0.0446438851019669,373.859727830118,"Vynnycky-high","max",FALSE
"South Africa","5_7_6_3_7",0.658236500341764,0.794409377817854,0.0455439055275105,354.157812721349,"Vynnycky-high","max",FALSE
"South Africa","6_7_6_3_7",0.669902912621359,0.803571428571429,0.0465160954683415,367.59300102926,"Vynnycky-high","max",FALSE
"South Africa","7_7_6_3_7",0.682692307692308,0.80952380952381,0.0474362339234816,366.784037558685,"Vynnycky-high","max",FALSE
"South Africa","6_5_7_3_7",0.591481703659268,0.745471014492754,0.0403794406800601,362.161379110532,"Vynnycky-high","max",TRUE
"South Africa","7_5_7_3_7",0.605737704918033,0.753986332574032,0.0410771317296654,368.731563421829,"Vynnycky-high","max",FALSE
"South Africa","3_6_7_3_7",0.589051094890511,0.752317880794702,0.0406951257165564,362.555289681676,"Vynnycky-high","max",FALSE
"South Africa","4_6_7_3_7",0.60609243697479,0.765227021040975,0.0416983644318042,334.47053314603,"Vynnycky-high","max",FALSE
"South Africa","5_6_7_3_7",0.621323529411765,0.773431132844336,0.0428696265133186,377.928949357521,"Vynnycky-high","max",FALSE
"South Africa","6_6_7_3_7",0.635446685878963,0.780581039755352,0.0439272516323427,364.697301239971,"Vynnycky-high","max",FALSE
"South Africa","7_6_7_3_7",0.652204836415363,0.787675820495646,0.0450590552291418,361.689814814815,"Vynnycky-high","max",FALSE
"South Africa","3_7_7_3_7",0.634387351778656,0.78852798894264,0.0445537902907225,366.13942589338,"Vynnycky-high","max",FALSE
"South Africa","4_7_7_3_7",0.646331409727947,0.795484727755644,0.045397448016912,379.910341159486,"Vynnycky-high","max",FALSE
"South Africa","5_7_7_3_7",0.660690571049137,0.801047120418848,0.0462413057810129,370.535052615977,"Vynnycky-high","max",FALSE
"South Africa","6_7_7_3_7",0.676341248900616,0.806318681318681,0.0474258765096552,374.363581910752,"Vynnycky-high","max",FALSE
"South Africa","7_7_7_3_7",0.689127105666156,0.813056379821958,0.0483587940808512,375.629178874615,"Vynnycky-high","max",FALSE
"South Africa","6_6_3_4_7",0.63709032773781,0.75126171593367,0.0413168067411811,359.505320678746,"Vynnycky-high","max",FALSE
"South Africa","7_6_3_4_7",0.653239929947461,0.759609120521173,0.0422404393414427,348.165169556438,"Vynnycky-high","max",FALSE
"South Africa","3_7_3_4_7",0.636645962732919,0.758199356913183,0.0416393717540668,349.040139616056,"Vynnycky-high","max",FALSE
"South Africa","4_7_3_4_7",0.64776357827476,0.767032967032967,0.0427271969293932,365.096750638919,"Vynnycky-high","max",FALSE
"South Africa","5_7_3_4_7",0.661257606490872,0.775652173913044,0.0439118934212334,341.180484476288,"Vynnycky-high","max",FALSE
"South Africa","6_7_3_4_7",0.673220338983051,0.782870022539444,0.0450953341435387,374.447689657755,"Vynnycky-high","max",FALSE
"South Africa","7_7_3_4_7",0.689336691855584,0.789225589225589,0.0460523426411231,364.936865922195,"Vynnycky-high","max",FALSE
"South Africa","4_6_4_4_7",0.605896043444531,0.74422268907563,0.040004689413132,351.765864640495,"Vynnycky-high","max",TRUE
"South Africa","5_6_4_4_7",0.624220837043633,0.748806682577566,0.0410509612837493,374.700239808153,"Vynnycky-high","max",TRUE
"South Africa","6_6_4_4_7",0.639235855988244,0.757455268389662,0.0421811471518048,366.059008712204,"Vynnycky-high","max",FALSE
"South Africa","7_6_4_4_7",0.65633608815427,0.766688269604666,0.0431265140194109,352.360817477097,"Vynnycky-high","max",FALSE
"South Africa","3_7_4_4_7",0.636827195467422,0.766451612903226,0.0426676072067116,360.048966659466,"Vynnycky-high","max",FALSE
"South Africa","4_7_4_4_7",0.650804758572428,0.773985833869929,0.0436110094090569,364.378370499927,"Vynnycky-high","max",FALSE
"South Africa","5_7_4_4_7",0.666980244590781,0.781954887218045,0.0446832807414712,359.11800617683,"Vynnycky-high","max",FALSE
"South Africa","6_7_4_4_7",0.679518072289157,0.786692759295499,0.0455792303757044,372.356270479595,"Vynnycky-high","max",FALSE
"South Africa","7_7_4_4_7",0.692794932699921,0.793827971109652,0.0467779724679387,373.775883979966,"Vynnycky-high","max",FALSE
"South Africa","4_6_5_4_7",0.604938271604938,0.746249184605349,0.0405507952353505,359.11800617683,"Vynnycky-high","max",TRUE
"South Africa","5_6_5_4_7",0.629117259552042,0.756756756756757,0.0419147694117588,361.925443358668,"Vynnycky-high","max",FALSE
"South Africa","6_6_5_4_7",0.640984908657665,0.763426240652617,0.0426988815896445,357.653791130186,"Vynnycky-high","max",FALSE
"South Africa","7_6_5_4_7",0.653913043478261,0.770481144343303,0.04375571341111,363.821581896238,"Vynnycky-high","max",FALSE
"South Africa","3_7_5_4_7",0.639330543933054,0.771713615023474,0.0431200121500158,366.300366300366,"Vynnycky-high","max",FALSE
"South Africa","4_7_5_4_7",0.650477016478751,0.779446640316206,0.0443020668194155,376.137816896111,"Vynnycky-high","max",FALSE
"South Africa","5_7_5_4_7",0.665827564505979,0.785843920145191,0.0452381220462329,351.0249929795,"Vynnycky-high","max",FALSE
"South Africa","6_7_5_4_7",0.676724137931034,0.791044776119403,0.0462434385098116,385.981164119191,"Vynnycky-high","max",FALSE
"South Africa","7_7_5_4_7",0.686804451510334,0.800130208333333,0.0474484243165908,371.52622975182,"Vynnycky-high","max",FALSE
"South Africa","7_5_6_4_7",0.611072179397337,0.741672834937084,0.0410280416097469,365.57724647218,"Vynnycky-high","max",TRUE
"South Africa","4_6_6_4_7",0.603613777526821,0.753285543608124,0.0413565559587558,342.090859332239,"Vynnycky-high","max",FALSE
"South Africa","5_6_6_4_7",0.624450951683748,0.763358778625954,0.0424141664867862,354.308390022676,"Vynnycky-high","max",FALSE
"South Africa","6_6_6_4_7",0.63941018766756,0.769230769230769,0.0433733690911181,374.279511939516,"Vynnycky-high","max",FALSE
"South Africa","7_6_6_4_7",0.653753026634383,0.775798069784707,0.0445038834939966,368.894791205548,"Vynnycky-high","max",FALSE
"South Africa","3_7_6_4_7",0.639525691699605,0.777858703568827,0.0438933641861441,353.857041755131,"Vynnycky-high","max",FALSE
"South Africa","4_7_6_4_7",0.651243093922652,0.785385500575374,0.0447597094841923,384.556222119674,"Vynnycky-high","max",FALSE
"South Africa","5_7_6_4_7",0.665798611111111,0.788384128809661,0.0458368566178423,345.065562456867,"Vynnycky-high","max",FALSE
"South Africa","6_7_6_4_7",0.68141592920354,0.797796500324044,0.0469242665191554,372.856077554064,"Vynnycky-high","max",FALSE
"South Africa","7_7_6_4_7",0.69022869022869,0.802228412256267,0.0478475639653171,354.007363353158,"Vynnycky-high","max",FALSE
"South Africa","6_5_7_4_7",0.59593837535014,0.744360902255639,0.0405096783464599,343.288705801579,"Vynnycky-high","max",TRUE
"South Africa","7_5_7_4_7",0.613995485327314,0.751607247223846,0.0414638979172823,354.685394055473,"Vynnycky-high","max",FALSE
"South Africa","3_6_7_4_7",0.596556886227545,0.75177304964539,0.0410571872022966,352.286338335799,"Vynnycky-high","max",FALSE
"South Africa","4_6_7_4_7",0.613737734165923,0.761937716262976,0.0422324315909128,371.691941718704,"Vynnycky-high","max",FALSE
"South Africa","5_6_7_4_7",0.626132930513595,0.768361581920904,0.0430197966472595,354.98757543486,"Vynnycky-high","max",FALSE
"South Africa","6_6_7_4_7",0.640232108317215,0.775310254735467,0.0438203389602869,368.242745617911,"Vynnycky-high","max",FALSE
"South Africa","7_6_7_4_7",0.651505016722408,0.784156976744186,0.0451795945402037,380.952380952381,"Vynnycky-high","max",FALSE
"South Africa","3_7_7_4_7",0.635618479880775,0.784341637010676,0.0445990144710648,367.349937550511,"Vynnycky-high","max",FALSE
"South Africa","4_7_7_4_7",0.649305555555556,0.790175864160097,0.0454806322937699,374.953130858643,"Vynnycky-high","max",FALSE
"South Africa","5_7_7_4_7",0.662865288667142,0.796269727403156,0.0464162841418644,357.653791130186,"Vynnycky-high","max",FALSE
"South Africa","6_7_7_4_7",0.676145339652449,0.803310613437196,0.0475477525896641,369.631108154062,"Vynnycky-high","max",FALSE
"South Africa","7_7_7_4_7",0.687348912167607,0.807951482479784,0.0485240382256031,378.272053260705,"Vynnycky-high","max",FALSE
"South Africa","5_6_3_5_7",0.627551020408163,0.738518518518518,0.0404244295184892,354.157812721349,"Vynnycky-high","max",TRUE
"South Africa","6_6_3_5_7",0.639103013314646,0.74620253164557,0.0414671633668573,344.851369059935,"Vynnycky-high","max",TRUE
"South Africa","7_6_3_5_7",0.653061224489796,0.756867329047341,0.0423907527585397,339.443312966735,"Vynnycky-high","max",FALSE
"South Africa","3_7_3_5_7",0.635881907645723,0.756660746003552,0.0418446245627003,359.427790956797,"Vynnycky-high","max",FALSE
"South Africa","4_7_3_5_7",0.649967040210943,0.763440860215054,0.0428346017484824,375.037503750375,"Vynnycky-high","max",FALSE
"South Africa","5_7_3_5_7",0.662819455894477,0.774580335731415,0.0440008782295543,356.887937187723,"Vynnycky-high","max",FALSE
"South Africa","6_7_3_5_7",0.673009161381254,0.78174123337364,0.0449241452210523,354.082572055803,"Vynnycky-high","max",FALSE
"South Africa","7_7_3_5_7",0.689494680851064,0.786420566908372,0.0458883008379884,365.096750638919,"Vynnycky-high","max",FALSE
"South Africa","5_6_4_5_7",0.625103220478943,0.74764803541782,0.0408783898983244,366.703337000367,"Vynnycky-high","max",TRUE
"South Africa","6_6_4_5_7",0.6375,0.757920389926889,0.0421342853907907,366.703337000367,"Vynnycky-high","max",FALSE
"South Africa","7_6_4_5_7",0.649064171122995,0.764376996805112,0.0430539198178301,369.549150036955,"Vynnycky-high","max",FALSE
"South Africa","3_7_4_5_7",0.632352941176471,0.765422696115765,0.0424564482019912,364.139538271065,"Vynnycky-high","max",FALSE
"South Africa","4_7_4_5_7",0.647364513734224,0.771034482758621,0.0435680442699684,370.288084129453,"Vynnycky-high","max",FALSE
"South Africa","5_7_4_5_7",0.66256157635468,0.778197857592943,0.0445932644473042,374.363581910752,"Vynnycky-high","max",FALSE
"South Africa","6_7_4_5_7",0.671455938697318,0.787992495309568,0.0457629455495575,370.535052615977,"Vynnycky-high","max",FALSE
"South Africa","7_7_4_5_7",0.685897435897436,0.792307692307692,0.0467244017912547,395.694840139285,"Vynnycky-high","max",FALSE
"South Africa","7_5_5_5_7",0.608996539792388,0.73241288625904,0.0400648615348688,362.871035633936,"Vynnycky-high","max",TRUE
"South Africa","4_6_5_5_7",0.604197901049475,0.745199792423456,0.0403799417545563,378.529790294496,"Vynnycky-high","max",TRUE
"South Africa","5_6_5_5_7",0.616654702081838,0.752681388012618,0.0416450333105109,375.290850409067,"Vynnycky-high","max",FALSE
"South Africa","6_6_5_5_7",0.629336579427876,0.761297798377752,0.0425340094402564,365.978626848192,"Vynnycky-high","max",FALSE
"South Africa","7_6_5_5_7",0.642857142857143,0.769169329073482,0.043657055023,375.206363499925,"Vynnycky-high","max",FALSE
"South Africa","3_7_5_5_7",0.624853458382181,0.766957689724647,0.0427288586516453,370.864856846165,"Vynnycky-high","max",FALSE
"South Africa","4_7_5_5_7",0.640937284631289,0.776359600443951,0.0438719448792902,360.126764621147,"Vynnycky-high","max",FALSE
"South Africa","5_7_5_5_7",0.654560810810811,0.77955758962624,0.0450072311395396,367.755222124154,"Vynnycky-high","max",FALSE
"South Africa","6_7_5_5_7",0.670520231213873,0.790299572039943,0.0459369574960659,389.590151160979,"Vynnycky-high","max",FALSE
"South Africa","7_7_5_5_7",0.680997420464316,0.794642857142857,0.0470131391745385,386.070573700873,"Vynnycky-high","max",FALSE
"South Africa","7_5_6_5_7",0.600730371272063,0.737895416397676,0.0404930488109085,358.4229390681,"Vynnycky-high","max",TRUE
"South Africa","3_6_6_5_7",0.5816,0.741156653565413,0.0397847395259801,356.582513193553,"Vynnycky-high","max",FALSE
"South Africa","4_6_6_5_7",0.597044996642042,0.748211731044349,0.0407725390666366,355.290272152348,"Vynnycky-high","max",TRUE
"South Africa","5_6_6_5_7",0.611491108071135,0.758557457212714,0.0418254938188207,381.126610259928,"Vynnycky-high","max",FALSE
"South Africa","6_6_6_5_7",0.628571428571429,0.76156862745098,0.0431808673843602,367.59300102926,"Vynnycky-high","max",FALSE
"South Africa","7_6_6_5_7",0.644895370957514,0.771408351026185,0.0441869078147826,363.424916412269,"Vynnycky-high","max",FALSE
"South Africa","3_7_6_5_7",0.626392961876833,0.770909090909091,0.0432729836577316,371.774853148933,"Vynnycky-high","max",FALSE
"South Africa","4_7_6_5_7",0.642255892255892,0.779967159277504,0.0447773837600485,365.737692926633,"Vynnycky-high","max",FALSE
"South Africa","5_7_6_5_7",0.657487091222031,0.787575150300601,0.0456051637045205,358.19184755355,"Vynnycky-high","max",FALSE
"South Africa","6_7_6_5_7",0.67145318782309,0.793754538852578,0.0466803141209184,372.273099545827,"Vynnycky-high","max",FALSE
"South Africa","7_7_6_5_7",0.687237026647966,0.798040693293142,0.0476918123213164,375.206363499925,"Vynnycky-high","max",FALSE
"South Africa","6_5_7_5_7",0.58503937007874,0.734798534798535,0.0399653610394799,375.968117903602,"Vynnycky-high","max",FALSE
"South Africa","7_5_7_5_7",0.603110209601082,0.744543249797898,0.0412525693516784,357.500357500357,"Vynnycky-high","max",TRUE
"South Africa","3_6_7_5_7",0.58525921299188,0.747224594363792,0.0406332455931966,342.090859332239,"Vynnycky-high","max",TRUE
"South Africa","4_6_7_5_7",0.599706744868035,0.755845568243611,0.0417984606893296,352.88305455572,"Vynnycky-high","max",FALSE
"South Africa","5_6_7_5_7",0.614441416893733,0.763690476190476,0.0425146778100046,378.443838934302,"Vynnycky-high","max",FALSE
"South Africa","6_6_7_5_7",0.636617749825297,0.773234200743494,0.0439262174102469,375.713856327021,"Vynnycky-high","max",FALSE
"South Africa","7_6_7_5_7",0.6513470681458,0.781549815498155,0.0451089549667647,357.500357500357,"Vynnycky-high","max",FALSE
"South Africa","3_7_7_5_7",0.63391442155309,0.782520325203252,0.0446118420031063,371.52622975182,"Vynnycky-high","max",FALSE
"South Africa","4_7_7_5_7",0.644052044609665,0.788624135280553,0.0453281068161764,374.111485222596,"Vynnycky-high","max",FALSE
"South Africa","5_7_7_5_7",0.661290322580645,0.793313069908815,0.0464286462320153,373.022978215458,"Vynnycky-high","max",FALSE
"South Africa","6_7_7_5_7",0.673835125448029,0.799856527977044,0.0473538699037691,394.104201150784,"Vynnycky-high","max",FALSE
"South Africa","7_7_7_5_7",0.686086360520905,0.809016393442623,0.0482457740260559,373.943609303717,"Vynnycky-high","max",FALSE
"South Africa","5_6_3_6_7",0.619109947643979,0.738114423851732,0.0402947013696922,365.176745544844,"Vynnycky-high","max",TRUE
"South Africa","6_6_3_6_7",0.636010362694301,0.742744063324538,0.0412788661727962,361.768323565589,"Vynnycky-high","max",TRUE
"South Africa","7_6_3_6_7",0.651094890510949,0.753237900477164,0.0427341369943245,362.161379110532,"Vynnycky-high","max",FALSE
"South Africa","3_7_3_6_7",0.636363636363636,0.753795379537954,0.0420155063868918,350.213630314492,"Vynnycky-high","max",FALSE
"South Africa","4_7_3_6_7",0.648442906574395,0.763469119579501,0.0431434914394143,354.609929078014,"Vynnycky-high","max",FALSE
"South Africa","5_7_3_6_7",0.662805662805663,0.768796992481203,0.0441440537809107,370.782350760104,"Vynnycky-high","max",FALSE
"South Africa","6_7_3_6_7",0.675345809601302,0.777862016679303,0.0450435670939111,376.903361977989,"Vynnycky-high","max",FALSE
"South Africa","7_7_3_6_7",0.687725631768953,0.786272321428571,0.046295209391793,366.300366300366,"Vynnycky-high","max",FALSE
"South Africa","4_6_4_6_7",0.605059732958538,0.736070381231672,0.0400633283910968,370.45269319108,"Vynnycky-high","max",TRUE
"South Africa","5_6_4_6_7",0.620689655172414,0.742959856201318,0.0411191164578236,372.02380952381,"Vynnycky-high","max",TRUE
"South Africa","6_6_4_6_7",0.635847526358475,0.751803751803752,0.042261799865136,363.583478766725,"Vynnycky-high","max",FALSE
"South Africa","7_6_4_6_7",0.651576394502829,0.762733720180529,0.0432907228346794,357.653791130186,"Vynnycky-high","max",FALSE
"South Africa","3_7_4_6_7",0.636543535620053,0.763790664780764,0.0427053231470449,370.864856846165,"Vynnycky-high","max",FALSE
"South Africa","4_7_4_6_7",0.649134948096886,0.771197846567968,0.0438926645341509,354.38372669927,"Vynnycky-high","max",FALSE
"South Africa","5_7_4_6_7",0.661596958174905,0.777391304347826,0.0446151183629169,380.257053768347,"Vynnycky-high","max",FALSE
"South Africa","6_7_4_6_7",0.677465802735781,0.786965662228451,0.0459075798869978,377.500943752359,"Vynnycky-high","max",FALSE
"South Africa","7_7_4_6_7",0.6875,0.795188155459593,0.0468194833447028,385.089340727049,"Vynnycky-high","max",FALSE
"South Africa","7_5_5_6_7",0.609786700125471,0.733181299885975,0.0403200698916094,377.928949357521,"Vynnycky-high","max",TRUE
"South Africa","4_6_5_6_7",0.606456571867794,0.744391570360299,0.0407697743854356,367.349937550511,"Vynnycky-high","max",TRUE
"South Africa","5_6_5_6_7",0.622250157133878,0.754041570438799,0.0417737257100065,379.218809252939,"Vynnycky-high","max",FALSE
"South Africa","6_6_5_6_7",0.638362395754359,0.759376803231391,0.0429885308029703,379.564260229257,"Vynnycky-high","max",FALSE
"South Africa","7_6_5_6_7",0.653346653346653,0.770419426048565,0.0439604309480469,379.305113032924,"Vynnycky-high","max",FALSE
"South Africa","3_7_5_6_7",0.63622754491018,0.769135802469136,0.0434138567960815,379.305113032924,"Vynnycky-high","max",FALSE
"South Africa","4_7_5_6_7",0.649548924358085,0.777037037037037,0.0444017948804488,376.392652815417,"Vynnycky-high","max",FALSE
"South Africa","5_7_5_6_7",0.662207357859532,0.784406070120356,0.0453905959553474,380.083618396047,"Vynnycky-high","max",FALSE
"South Africa","6_7_5_6_7",0.678122934567085,0.791341376863023,0.0464618356761931,374.616018580955,"Vynnycky-high","max",FALSE
"South Africa","7_7_5_6_7",0.687397708674304,0.80050718512257,0.0473765973293309,382.614018977655,"Vynnycky-high","max",FALSE
"South Africa","7_5_6_6_7",0.615196078431373,0.740652818991098,0.0410290630474198,390.046025431001,"Vynnycky-high","max",TRUE
"South Africa","3_6_6_6_7",0.593272171253823,0.744939271255061,0.0404268131344606,392.341494036409,"Vynnycky-high","max",TRUE
"South Africa","4_6_6_6_7",0.611842105263158,0.749086479902558,0.0414540546724725,375.968117903602,"Vynnycky-high","max",TRUE
"South Africa","5_6_6_6_7",0.623813002191381,0.759574468085106,0.042246569871762,378.61578070574,"Vynnycky-high","max",FALSE
"South Africa","6_6_6_6_7",0.638592080452546,0.767015706806283,0.0434596603553781,373.022978215458,"Vynnycky-high","max",FALSE
"South Africa","7_6_6_6_7",0.653061224489796,0.776351351351351,0.0444485043301249,396.259312093834,"Vynnycky-high","max",FALSE
"South Africa","3_7_6_6_7",0.634676903390915,0.779331779331779,0.0440035249176177,364.697301239971,"Vynnycky-high","max",FALSE
"South Africa","4_7_6_6_7",0.652173913043478,0.784639746634996,0.0450105840758492,396.070975918885,"Vynnycky-high","max",FALSE
"South Africa","5_7_6_6_7",0.664179104477612,0.793494704992436,0.0459934351552754,393.452943028014,"Vynnycky-high","max",FALSE
"South Africa","6_7_6_6_7",0.675205855443733,0.799253731343284,0.0471509233280518,398.724082934609,"Vynnycky-high","max",FALSE
"South Africa","7_7_6_6_7",0.688097306689835,0.805766312594841,0.0478703599736841,393.545848091303,"Vynnycky-high","max",FALSE
"South Africa","5_5_7_6_7",0.583648750946253,0.7313769751693,0.0396149954364452,385.178337570295,"Vynnycky-high","max",FALSE
"South Africa","6_5_7_6_7",0.595107033639144,0.73933281613654,0.0405378159743448,375.121914622252,"Vynnycky-high","max",TRUE
"South Africa","7_5_7_6_7",0.614035087719298,0.750873108265425,0.0416387815082256,379.477838494232,"Vynnycky-high","max",TRUE
"South Africa","3_6_7_6_7",0.593543046357616,0.747126436781609,0.0410434859779902,365.657452098874,"Vynnycky-high","max",TRUE
"South Africa","4_6_7_6_7",0.608923884514436,0.756207674943567,0.0420809987010106,372.689326177698,"Vynnycky-high","max",FALSE
"South Africa","5_6_7_6_7",0.623055809698079,0.767241379310345,0.0429671119710465,382.789771857296,"Vynnycky-high","max",FALSE
"South Africa","6_6_7_6_7",0.634858044164038,0.775162337662338,0.0437357035773621,395.319418089817,"Vynnycky-high","max",FALSE
"South Africa","7_6_7_6_7",0.651203758073987,0.787542662116041,0.0449059820762437,408.296586640536,"Vynnycky-high","max",FALSE
"South Africa","3_7_7_6_7",0.629133154602324,0.78448275862069,0.0443614089490343,389.863547758285,"Vynnycky-high","max",FALSE
"South Africa","4_7_7_6_7",0.647668393782383,0.790030211480363,0.0455436899587464,386.607902265522,"Vynnycky-high","max",FALSE
"South Africa","5_7_7_6_7",0.661454261141517,0.797017398508699,0.0467910426001765,377.415458937198,"Vynnycky-high","max",FALSE
"South Africa","6_7_7_6_7",0.66884328358209,0.804802478698683,0.0476828311101755,384.556222119674,"Vynnycky-high","max",FALSE
"South Africa","7_7_7_6_7",0.677897574123989,0.812647754137116,0.0483258621712066,386.518243661101,"Vynnycky-high","max",FALSE
"South Africa","5_6_3_7_7",0.621359223300971,0.738360655737705,0.0406492847907876,374.700239808153,"Vynnycky-high","max",TRUE
"South Africa","6_6_3_7_7",0.635392829900839,0.750846310088016,0.0413979373725047,376.903361977989,"Vynnycky-high","max",TRUE
"South Africa","7_6_3_7_7",0.64622641509434,0.759842519685039,0.0426745370950458,378.272053260705,"Vynnycky-high","max",FALSE
"South Africa","3_7_3_7_7",0.630452674897119,0.762560220233999,0.0421043779449198,362.082699688609,"Vynnycky-high","max",FALSE
"South Africa","4_7_3_7_7",0.644305772230889,0.770049680624556,0.0431309248653853,374.700239808153,"Vynnycky-high","max",FALSE
"South Africa","5_7_3_7_7",0.658901830282862,0.776528460997892,0.0443055120493007,378.61578070574,"Vynnycky-high","max",FALSE
"South Africa","6_7_3_7_7",0.671134941912422,0.78516228748068,0.0453403093276419,384.378843788438,"Vynnycky-high","max",FALSE
"South Africa","7_7_3_7_7",0.683417085427136,0.791803278688525,0.0461862902956157,378.186218894183,"Vynnycky-high","max",FALSE
"South Africa","4_6_4_7_7",0.606643356643357,0.738317757009346,0.0402469458803635,365.336840567003,"Vynnycky-high","max",TRUE
"South Africa","5_6_4_7_7",0.620941558441558,0.750193948797517,0.041355794088181,381.3882532418,"Vynnycky-high","max",TRUE
"South Africa","6_6_4_7_7",0.637017070979335,0.756473058082575,0.0424203845717388,389.49910415206,"Vynnycky-high","max",FALSE
"South Africa","7_6_4_7_7",0.649781659388646,0.768389662027833,0.043603135881914,381.039475689681,"Vynnycky-high","max",FALSE
"South Africa","3_7_4_7_7",0.631082062454612,0.768284789644013,0.0429649803985542,355.745286374956,"Vynnycky-high","max",FALSE
"South Africa","4_7_4_7_7",0.646039603960396,0.774054054054054,0.0441258678264076,357.347055460263,"Vynnycky-high","max",FALSE
"South Africa","5_7_4_7_7",0.660330578512397,0.785659213569776,0.0450133879230948,374.868795921427,"Vynnycky-high","max",FALSE
"South Africa","6_7_4_7_7",0.672645739910314,0.794221282593376,0.0459357814371001,384.467512495194,"Vynnycky-high","max",FALSE
"South Africa","7_7_4_7_7",0.686846038863976,0.794823232323232,0.0470538706575496,374.531835205993,"Vynnycky-high","max",FALSE
"South Africa","6_5_5_7_7",0.596314907872697,0.732326698695951,0.0396968025372776,376.56273535171,"Vynnycky-high","max",FALSE
"South Africa","7_5_5_7_7",0.610743801652893,0.739867354458364,0.0411640876229934,357.80735651925,"Vynnycky-high","max",TRUE
"South Africa","4_6_5_7_7",0.60667251975417,0.751445086705202,0.0415496108242742,349.552572706935,"Vynnycky-high","max",FALSE
"South Africa","5_6_5_7_7",0.624778761061947,0.75686591276252,0.0425697678559583,370.535052615977,"Vynnycky-high","max",FALSE
"South Africa","6_6_5_7_7",0.639181649101054,0.769459298871064,0.0435395303519467,368.976459301897,"Vynnycky-high","max",FALSE
"South Africa","7_6_5_7_7",0.650674662668666,0.779228486646884,0.0446180603679508,378.873986512086,"Vynnycky-high","max",FALSE
"South Africa","3_7_5_7_7",0.637439109255393,0.780505415162455,0.0439037327144194,366.13942589338,"Vynnycky-high","max",FALSE
"South Africa","4_7_5_7_7",0.650804289544236,0.783529411764706,0.0447739514874951,359.893471532426,"Vynnycky-high","max",FALSE
"South Africa","5_7_5_7_7",0.66168371361133,0.794567062818336,0.0459087172053919,367.917586460633,"Vynnycky-high","max",FALSE
"South Africa","6_7_5_7_7",0.679695982627579,0.795630725863284,0.0472905322711206,378.272053260705,"Vynnycky-high","max",FALSE
"South Africa","7_7_5_7_7",0.691188358932902,0.803700724054706,0.0481378255108172,378.272053260705,"Vynnycky-high","max",FALSE
"South Africa","6_5_6_7_7",0.598070739549839,0.734972677595628,0.0408318801061288,346.500346500346,"Vynnycky-high","max",TRUE
"South Africa","7_5_6_7_7",0.612436115843271,0.740377358490566,0.0417423351216514,357.040845472722,"Vynnycky-high","max",TRUE
"South Africa","3_6_6_7_7",0.596715328467153,0.747528015820699,0.0411130485065627,368.486992409168,"Vynnycky-high","max",TRUE
"South Africa","4_6_6_7_7",0.609159347553325,0.75,0.0420395599261275,384.733764235149,"Vynnycky-high","max",TRUE
"South Africa","5_6_6_7_7",0.623467600700525,0.765645805592543,0.0430542145151749,355.897216883764,"Vynnycky-high","max",FALSE
"South Africa","6_6_6_7_7",0.638065522620905,0.774373259052925,0.0440843362613929,375.290850409067,"Vynnycky-high","max",FALSE
"South Africa","7_6_6_7_7",0.650651465798046,0.778384279475983,0.0455183247548556,391.788120984172,"Vynnycky-high","max",FALSE
"South Africa","3_7_6_7_7",0.63791874554526,0.776147959183674,0.0447066686273052,372.522723886157,"Vynnycky-high","max",FALSE
"South Africa","4_7_6_7_7",0.650657894736842,0.784375,0.0455854004983417,385.089340727049,"Vynnycky-high","max",FALSE
"South Africa","5_7_6_7_7",0.663507109004739,0.789886660854403,0.0466618741695507,381.300999008617,"Vynnycky-high","max",FALSE
"South Africa","6_7_6_7_7",0.680743243243243,0.797791580400276,0.0475845970550111,367.430922986479,"Vynnycky-high","max",FALSE
"South Africa","7_7_6_7_7",0.690922730682671,0.802955665024631,0.0485428534985701,378.443838934302,"Vynnycky-high","max",FALSE
"South Africa","6_5_7_7_7",0.595940959409594,0.742404227212682,0.0409621298206005,372.356270479595,"Vynnycky-high","max",TRUE
"South Africa","7_5_7_7_7",0.613003095975232,0.747875354107649,0.042114504940491,375.375375375375,"Vynnycky-high","max",TRUE
"South Africa","3_6_7_7_7",0.59435261707989,0.746905940594059,0.0412701431290022,381.300999008617,"Vynnycky-high","max",TRUE
"South Africa","4_6_7_7_7",0.607482561826252,0.751416430594901,0.0422587887006723,385.089340727049,"Vynnycky-high","max",FALSE
"South Africa","5_6_7_7_7",0.619709412507896,0.764973958333333,0.043585990250151,374.363581910752,"Vynnycky-high","max",FALSE
"South Africa","6_6_7_7_7",0.637312459230267,0.769593956562795,0.0445447935477515,376.818147561987,"Vynnycky-high","max",FALSE
"South Africa","7_6_7_7_7",0.649630541871921,0.780350877192982,0.0456921248671959,369.467228256854,"Vynnycky-high","max",FALSE
"South Africa","3_7_7_7_7",0.633033419023136,0.778235779060181,0.045026385918029,376.903361977989,"Vynnycky-high","max",FALSE
"South Africa","4_7_7_7_7",0.646017699115044,0.788075560802833,0.0460054798097694,387.416705408337,"Vynnycky-high","max",FALSE
"South Africa","5_7_7_7_7",0.661558109833972,0.793444650587508,0.0470866535091125,371.360665478313,"Vynnycky-high","max",FALSE
"South Africa","6_7_7_7_7",0.672572643515237,0.8,0.0480917950124108,371.774853148933,"Vynnycky-high","max",FALSE
