"country","foi_structure","inf_prev_15to24","inf_prev_25to34","ARTI","cases","progression_structure","slow_structure","conditions_met"
"South Africa","6_6_6_6_6",0.639186829369253,0.771954225224666,0.0438124925362678,370.823603803135,"Vynnycky-high","max",FALSE
"South Africa","7_7_7_7_7",0.688368912646261,0.811359731358122,0.0489512505552308,383.498380588523,"Vynnycky-high","max",FALSE
"South Africa","6_6_3_3_3",0.639250566670531,0.751155804861517,0.0406853589555555,353.032945593832,"Vynnycky-high","max",FALSE
"South Africa","7_6_3_3_3",0.653597068266218,0.760538714772003,0.0418203214753659,355.898255505764,"Vynnycky-high","max",FALSE
"South Africa","3_7_3_3_3",0.635803794808378,0.760198621828267,0.0413413206610052,351.766632462596,"Vynnycky-high","max",FALSE
"South Africa","4_7_3_3_3",0.651080534825871,0.767662315832979,0.0424281129127794,359.04079336104,"Vynnycky-high","max",FALSE
"South Africa","5_7_3_3_3",0.663800818673983,0.775390773020083,0.0435207185029456,376.6917884204,"Vynnycky-high","max",FALSE
"South Africa","6_7_3_3_3",0.67746071968971,0.782255865677336,0.0444145031186364,357.19414734404,"Vynnycky-high","max",FALSE
"South Africa","7_7_3_3_3",0.687829532781245,0.789697052925365,0.0455123803484276,365.778042367798,"Vynnycky-high","max",FALSE
"South Africa","5_6_4_3_3",0.623647841160532,0.74969919198515,0.0405097770951914,360.204596210648,"Vynnycky-high","max",TRUE
"South Africa","6_6_4_3_3",0.639182223460574,0.757914027680038,0.0416672750751424,352.996593050186,"Vynnycky-high","max",FALSE
"South Africa","7_6_4_3_3",0.654428640269202,0.766267172826369,0.0427154039550108,357.386292993031,"Vynnycky-high","max",FALSE
"South Africa","3_7_4_3_3",0.636141182052561,0.76607004135175,0.0420704628328721,357.615753785409,"Vynnycky-high","max",FALSE
"South Africa","4_7_4_3_3",0.653591902071118,0.77307703240683,0.043345096870757,372.439497182876,"Vynnycky-high","max",FALSE
"South Africa","5_7_4_3_3",0.66467259372236,0.783572823936252,0.0443307608411784,373.777087124229,"Vynnycky-high","max",FALSE
"South Africa","6_7_4_3_3",0.675559691128271,0.787749857914807,0.0453085573188284,358.886284052466,"Vynnycky-high","max",FALSE
"South Africa","7_7_4_3_3",0.688343990083791,0.797044695299024,0.0463075676332106,361.232779906551,"Vynnycky-high","max",FALSE
"South Africa","5_6_5_3_3",0.624605776247944,0.758531746031746,0.0414845051700641,359.15670423784,"Vynnycky-high","max",FALSE
"South Africa","6_6_5_3_3",0.638927986140794,0.764885617256307,0.0424361198347806,354.987639852087,"Vynnycky-high","max",FALSE
"South Africa","7_6_5_3_3",0.652793637030614,0.772407495657573,0.0435091202556687,360.010118076787,"Vynnycky-high","max",FALSE
"South Africa","3_7_5_3_3",0.635264644515769,0.774613338421478,0.0429033752025739,362.437236526612,"Vynnycky-high","max",FALSE
"South Africa","4_7_5_3_3",0.651164113382115,0.781484019226917,0.0441090573193292,365.389218218467,"Vynnycky-high","max",FALSE
"South Africa","5_7_5_3_3",0.664324542330083,0.787672310030947,0.0450867704260698,374.363751901775,"Vynnycky-high","max",FALSE
"South Africa","6_7_5_3_3",0.676930096044119,0.795454926637524,0.0459579889457236,366.446072334561,"Vynnycky-high","max",FALSE
"South Africa","7_7_5_3_3",0.688590285217602,0.801941078866825,0.0469904040843616,372.030501119936,"Vynnycky-high","max",FALSE
"South Africa","7_5_6_3_3",0.612782507542057,0.743948578595318,0.0405241483305499,358.700602916541,"Vynnycky-high","max",TRUE
"South Africa","4_6_6_3_3",0.605138311756499,0.755640350283002,0.0410229940358456,372.106869092803,"Vynnycky-high","max",FALSE
"South Africa","5_6_6_3_3",0.624165617538861,0.763969915306482,0.0420945849421377,361.494036308883,"Vynnycky-high","max",FALSE
"South Africa","6_6_6_3_3",0.639362679037817,0.771077448032561,0.0431634518725589,360.672310044876,"Vynnycky-high","max",FALSE
"South Africa","7_6_6_3_3",0.65312525931458,0.777365174985657,0.0442689739399568,361.49679132296,"Vynnycky-high","max",FALSE
"South Africa","3_7_6_3_3",0.637962153564854,0.779192940622829,0.0436866573529104,366.434558952807,"Vynnycky-high","max",FALSE
"South Africa","4_7_6_3_3",0.651547498900189,0.786655390813775,0.0447003945950407,370.743134015293,"Vynnycky-high","max",FALSE
"South Africa","5_7_6_3_3",0.664496900468508,0.793012963083707,0.0456844654219108,377.2894358548,"Vynnycky-high","max",FALSE
"South Africa","6_7_6_3_3",0.675444125221691,0.8,0.0466559407689419,378.100442931631,"Vynnycky-high","max",FALSE
"South Africa","7_7_6_3_3",0.688691723415401,0.805981122702434,0.0476543695396668,375.164709341384,"Vynnycky-high","max",FALSE
"South Africa","6_5_7_3_3",0.594803996603097,0.741782343258007,0.040123599802812,364.73742082536,"Vynnycky-high","max",TRUE
"South Africa","7_5_7_3_3",0.611516419418749,0.752803167151619,0.0412591469406859,366.906155219275,"Vynnycky-high","max",FALSE
"South Africa","3_6_7_3_3",0.589581246269841,0.753630728500423,0.0406196317018714,370.948575695347,"Vynnycky-high","max",FALSE
"South Africa","4_6_7_3_3",0.607349627131073,0.762421492601634,0.0417026320559739,358.2308427385,"Vynnycky-high","max",FALSE
"South Africa","5_6_7_3_3",0.625453833093901,0.769436283866399,0.0427814373907938,367.147741415795,"Vynnycky-high","max",FALSE
"South Africa","6_6_7_3_3",0.639241398759165,0.775901768649698,0.0438592789493155,370.947399658728,"Vynnycky-high","max",FALSE
"South Africa","7_6_7_3_3",0.653890227419639,0.785142165008422,0.044917349509871,370.043651841177,"Vynnycky-high","max",FALSE
"South Africa","3_7_7_3_3",0.636022814107563,0.784192487886005,0.0441752993095065,377.1186954108,"Vynnycky-high","max",FALSE
"South Africa","4_7_7_3_3",0.650747818562054,0.793560426098326,0.0452703562390747,371.700889343286,"Vynnycky-high","max",FALSE
"South Africa","5_7_7_3_3",0.665645356205972,0.799612785588395,0.0463031271924955,381.563861499656,"Vynnycky-high","max",FALSE
"South Africa","6_7_7_3_3",0.676354679802956,0.805404735976769,0.0473145304908743,377.714830156814,"Vynnycky-high","max",FALSE
"South Africa","7_7_7_3_3",0.689805985949622,0.810850949959861,0.0482035454410667,369.836385663233,"Vynnycky-high","max",FALSE
"South Africa","6_6_3_4_3",0.638272043320979,0.751032616831239,0.041224675913813,352.996054668177,"Vynnycky-high","max",FALSE
"South Africa","7_6_3_4_3",0.654569099434207,0.756354226123444,0.0422349472057529,360.789512891124,"Vynnycky-high","max",FALSE
"South Africa","3_7_3_4_3",0.636924002979754,0.756855403767834,0.0415181031256895,357.692503741589,"Vynnycky-high","max",FALSE
"South Africa","4_7_3_4_3",0.652813091837482,0.765361942787475,0.0427258558650584,368.81462213273,"Vynnycky-high","max",FALSE
"South Africa","5_7_3_4_3",0.664370329018323,0.774441842397801,0.0436861109024021,372.443123856839,"Vynnycky-high","max",FALSE
"South Africa","6_7_3_4_3",0.675418065445858,0.780677222503069,0.0447817036043605,361.61242958816,"Vynnycky-high","max",FALSE
"South Africa","7_7_3_4_3",0.68692107518665,0.788557149629701,0.0457644991679445,351.065237305015,"Vynnycky-high","max",FALSE
"South Africa","5_6_4_4_3",0.622986775732788,0.747334317513569,0.040762139344304,370.536224735081,"Vynnycky-high","max",TRUE
"South Africa","6_6_4_4_3",0.639223560910308,0.757077690709435,0.0418918579733771,374.363657462299,"Vynnycky-high","max",FALSE
"South Africa","7_6_4_4_3",0.652362914862915,0.765587076255718,0.0429216614276213,360.204613035462,"Vynnycky-high","max",FALSE
"South Africa","3_7_4_4_3",0.635819674404415,0.764126864175445,0.0423494388217346,365.137729519601,"Vynnycky-high","max",FALSE
"South Africa","4_7_4_4_3",0.649723902458624,0.774307236061685,0.0434590152431058,369.877273637079,"Vynnycky-high","max",FALSE
"South Africa","5_7_4_4_3",0.663188006513473,0.78034821433188,0.0444895887423571,369.385360933952,"Vynnycky-high","max",FALSE
"South Africa","6_7_4_4_3",0.673693983736368,0.785824446990394,0.0454426288143912,363.155734472364,"Vynnycky-high","max",FALSE
"South Africa","7_7_4_4_3",0.687592079321769,0.79509964901274,0.0464590082838303,361.454645884506,"Vynnycky-high","max",FALSE
"South Africa","5_6_5_4_3",0.622571277473104,0.755914951989026,0.0416016461471509,369.181154645239,"Vynnycky-high","max",FALSE
"South Africa","6_6_5_4_3",0.636961283642331,0.763054110410805,0.0425615032294988,378.486853652151,"Vynnycky-high","max",FALSE
"South Africa","7_6_5_4_3",0.651875556554744,0.769731011918673,0.0437033362033484,368.163198426204,"Vynnycky-high","max",FALSE
"South Africa","3_7_5_4_3",0.634887029011876,0.771695392559819,0.0431086663758949,362.910753335239,"Vynnycky-high","max",FALSE
"South Africa","4_7_5_4_3",0.649157800278719,0.779013207691089,0.0440807371383016,362.638037387792,"Vynnycky-high","max",FALSE
"South Africa","5_7_5_4_3",0.664483386715239,0.787126049566016,0.0451951062628009,360.868477164562,"Vynnycky-high","max",FALSE
"South Africa","6_7_5_4_3",0.676436023209583,0.794093792544101,0.046222291176053,365.63480410204,"Vynnycky-high","max",FALSE
"South Africa","7_7_5_4_3",0.688100483482983,0.800594725428101,0.0471207854586624,369.099069999494,"Vynnycky-high","max",FALSE
"South Africa","7_5_6_4_3",0.611847722007205,0.743828506733721,0.0407572426668845,366.260228483924,"Vynnycky-high","max",TRUE
"South Africa","4_6_6_4_3",0.607925674407494,0.75385605841506,0.0412329251377546,362.634603834241,"Vynnycky-high","max",FALSE
"South Africa","5_6_6_4_3",0.624415924436594,0.76278918551298,0.042289671058684,377.159255943907,"Vynnycky-high","max",FALSE
"South Africa","6_6_6_4_3",0.637450831940964,0.769518607234705,0.0433227008509815,370.288157240295,"Vynnycky-high","max",FALSE
"South Africa","7_6_6_4_3",0.653259438973725,0.778129127875825,0.0444594032394708,364.617952495745,"Vynnycky-high","max",FALSE
"South Africa","3_7_6_4_3",0.634652120172025,0.776636577986015,0.0436724736806798,370.168051115731,"Vynnycky-high","max",FALSE
"South Africa","4_7_6_4_3",0.650175099870704,0.785767230998545,0.0448202412403776,369.34463586032,"Vynnycky-high","max",FALSE
"South Africa","5_7_6_4_3",0.66582992740804,0.792822647212218,0.0458659260752795,373.692096514379,"Vynnycky-high","max",FALSE
"South Africa","6_7_6_4_3",0.676602284207462,0.799368543020385,0.0468322564210639,370.226950600968,"Vynnycky-high","max",FALSE
"South Africa","7_7_6_4_3",0.688309905197777,0.805649173813236,0.0478941142333342,370.377686472819,"Vynnycky-high","max",FALSE
"South Africa","7_5_7_4_3",0.611955661159663,0.751310071632829,0.0414616324014757,367.067129993423,"Vynnycky-high","max",FALSE
"South Africa","3_6_7_4_3",0.590486157938113,0.75189082976071,0.0408230015162481,365.09971149045,"Vynnycky-high","max",FALSE
"South Africa","4_6_7_4_3",0.608188191225741,0.761072015012902,0.0419092025152888,375.123130811591,"Vynnycky-high","max",FALSE
"South Africa","5_6_7_4_3",0.624219806661481,0.768957771787961,0.0430498921588102,373.315793469779,"Vynnycky-high","max",FALSE
"South Africa","6_6_7_4_3",0.639503499974328,0.77594218164794,0.0439566669096673,372.273173838767,"Vynnycky-high","max",FALSE
"South Africa","7_6_7_4_3",0.654236159325259,0.784379503473851,0.0451128216228569,363.584101666491,"Vynnycky-high","max",FALSE
"South Africa","3_7_7_4_3",0.635497749864003,0.784070484581498,0.0443799613489913,369.221753178088,"Vynnycky-high","max",FALSE
"South Africa","4_7_7_4_3",0.649846396922635,0.791578680351361,0.0454618923466646,369.918361960934,"Vynnycky-high","max",FALSE
"South Africa","5_7_7_4_3",0.664749745380474,0.79776178709241,0.0464954149031123,372.649342942346,"Vynnycky-high","max",FALSE
"South Africa","6_7_7_4_3",0.677220962627071,0.804364039000911,0.0473951523064979,382.482919537285,"Vynnycky-high","max",FALSE
"South Africa","7_7_7_4_3",0.688863197539987,0.808751213570002,0.0483177295631548,375.375546748434,"Vynnycky-high","max",FALSE
"South Africa","6_6_3_5_3",0.637801922771333,0.747970773873055,0.0414113684152227,366.986162403518,"Vynnycky-high","max",TRUE
"South Africa","7_6_3_5_3",0.652527774900587,0.756447754947174,0.0424573595589991,365.098502616273,"Vynnycky-high","max",FALSE
"South Africa","3_7_3_5_3",0.63478175537761,0.757159944340666,0.0418493108876226,360.672901211138,"Vynnycky-high","max",FALSE
"South Africa","4_7_3_5_3",0.649183261382208,0.764997807670671,0.0429201443954027,362.556130345435,"Vynnycky-high","max",FALSE
"South Africa","5_7_3_5_3",0.66301092897186,0.771363207290153,0.0438968497279081,372.566822589234,"Vynnycky-high","max",FALSE
"South Africa","6_7_3_5_3",0.674215875560089,0.779391969716245,0.0449644463012166,371.402268640098,"Vynnycky-high","max",FALSE
"South Africa","7_7_3_5_3",0.689070493688517,0.787070936886949,0.0459377163876291,362.281349562404,"Vynnycky-high","max",FALSE
"South Africa","5_6_4_5_3",0.624439390838818,0.746498305179707,0.0410440119167879,372.356289065278,"Vynnycky-high","max",TRUE
"South Africa","6_6_4_5_3",0.638965787009659,0.754026857682996,0.0420885616781934,377.62924845525,"Vynnycky-high","max",FALSE
"South Africa","7_6_4_5_3",0.653096203061674,0.76330112470734,0.0432035820374272,367.961970791155,"Vynnycky-high","max",FALSE
"South Africa","3_7_4_5_3",0.634823137744486,0.762785808347129,0.0425990964485042,359.699295580922,"Vynnycky-high","max",FALSE
"South Africa","4_7_4_5_3",0.648715921738316,0.771457093942967,0.043703944675637,358.271642760968,"Vynnycky-high","max",FALSE
"South Africa","5_7_4_5_3",0.663354648303,0.779780816581114,0.0447259147353608,370.906495640431,"Vynnycky-high","max",FALSE
"South Africa","6_7_4_5_3",0.675836148164629,0.788506840425626,0.0457088434371888,368.413479144939,"Vynnycky-high","max",FALSE
"South Africa","7_7_4_5_3",0.687545093795094,0.792374900973268,0.0467926225107844,372.939976041047,"Vynnycky-high","max",FALSE
"South Africa","4_6_5_5_3",0.607500817234925,0.746488193753716,0.0407553483975569,367.147634516197,"Vynnycky-high","max",TRUE
"South Africa","5_6_5_5_3",0.623710420278963,0.753589716562848,0.0418312922520271,372.564737485064,"Vynnycky-high","max",FALSE
"South Africa","6_6_5_5_3",0.637453695449773,0.761294060752055,0.0427829755466571,380.262774330571,"Vynnycky-high","max",FALSE
"South Africa","7_6_5_5_3",0.650518023193716,0.770993857396153,0.0438263713700245,373.315418875871,"Vynnycky-high","max",FALSE
"South Africa","3_7_5_5_3",0.633998986029743,0.769758880777017,0.0431966686078477,361.690087355691,"Vynnycky-high","max",FALSE
"South Africa","4_7_5_5_3",0.650099196090372,0.777310660222053,0.0443797200717411,361.180680821474,"Vynnycky-high","max",FALSE
"South Africa","5_7_5_5_3",0.662642505505895,0.784605356471312,0.0453973690825505,373.10650328895,"Vynnycky-high","max",FALSE
"South Africa","6_7_5_5_3",0.675711770346964,0.792742573706178,0.0464086748632435,379.218887782323,"Vynnycky-high","max",FALSE
"South Africa","7_7_5_5_3",0.68783243129105,0.799285203436053,0.0474911832207974,385.579585749528,"Vynnycky-high","max",FALSE
"South Africa","7_5_6_5_3",0.610107686295768,0.742253985349142,0.041086606465242,378.572785500118,"Vynnycky-high","max",TRUE
"South Africa","4_6_6_5_3",0.607929042033939,0.752831869670358,0.0413900001804017,375.089321653135,"Vynnycky-high","max",FALSE
"South Africa","5_6_6_5_3",0.623390059427336,0.758958397245799,0.0424969945387034,373.692096514379,"Vynnycky-high","max",FALSE
"South Africa","6_6_6_5_3",0.639444871302344,0.768881153295197,0.0435617489947867,369.795206315285,"Vynnycky-high","max",FALSE
"South Africa","7_6_6_5_3",0.65231781862966,0.776905898293083,0.0446007454416303,367.958957697823,"Vynnycky-high","max",FALSE
"South Africa","3_7_6_5_3",0.635290888330402,0.77719969588924,0.0439861392704248,368.950305305459,"Vynnycky-high","max",FALSE
"South Africa","4_7_6_5_3",0.650160770052597,0.782908506437918,0.0450130902176478,364.857046006173,"Vynnycky-high","max",FALSE
"South Africa","5_7_6_5_3",0.664834109787731,0.792607940579573,0.0461036586789809,374.617229856392,"Vynnycky-high","max",FALSE
"South Africa","6_7_6_5_3",0.676445466148963,0.798692374518749,0.0469968810858203,381.964811232439,"Vynnycky-high","max",FALSE
"South Africa","7_7_6_5_3",0.68975388434762,0.804361072468083,0.0480525181672956,377.886226540981,"Vynnycky-high","max",FALSE
"South Africa","6_5_7_5_3",0.59458513976176,0.740665013729658,0.0405840214177026,367.270771242074,"Vynnycky-high","max",TRUE
"South Africa","7_5_7_5_3",0.610963019378861,0.75189770666627,0.0416583221099008,365.016860805113,"Vynnycky-high","max",FALSE
"South Africa","3_6_7_5_3",0.592400155012641,0.751210962625024,0.0410353231788477,364.020278596959,"Vynnycky-high","max",FALSE
"South Africa","4_6_7_5_3",0.608617854051215,0.759290219445387,0.0421490332362674,368.055072644977,"Vynnycky-high","max",FALSE
"South Africa","5_6_7_5_3",0.624061510628675,0.767850639466596,0.0431755216052395,368.857263300331,"Vynnycky-high","max",FALSE
"South Africa","6_6_7_5_3",0.640168369052273,0.77677812626467,0.0442844415482137,372.151311961968,"Vynnycky-high","max",FALSE
"South Africa","7_6_7_5_3",0.653903032019733,0.783217688209625,0.0451558696340756,365.938665256937,"Vynnycky-high","max",FALSE
"South Africa","3_7_7_5_3",0.636105640680788,0.783294336975609,0.0445742635773704,367.228530769017,"Vynnycky-high","max",FALSE
"South Africa","4_7_7_5_3",0.649230468381649,0.790381354898517,0.045666330679329,365.580693939355,"Vynnycky-high","max",FALSE
"South Africa","5_7_7_5_3",0.665054039106338,0.796705619065754,0.046672498732727,376.010915845016,"Vynnycky-high","max",FALSE
"South Africa","6_7_7_5_3",0.678209369440277,0.803696147586602,0.0476026937683216,380.997361820805,"Vynnycky-high","max",FALSE
"South Africa","7_7_7_5_3",0.688252159591274,0.810393258426966,0.0486134144715044,382.351195125104,"Vynnycky-high","max",FALSE
"South Africa","5_6_3_6_3",0.622202297776146,0.738323370258096,0.0405409905924859,360.399326662302,"Vynnycky-high","max",TRUE
"South Africa","6_6_3_6_3",0.638128358662653,0.74727462217793,0.0415854260057978,351.988799158878,"Vynnycky-high","max",TRUE
"South Africa","7_6_3_6_3",0.652893857426424,0.756062340250144,0.0427374808729002,357.653791130186,"Vynnycky-high","max",FALSE
"South Africa","3_7_3_6_3",0.634284104813016,0.757743571362194,0.0421355069457695,358.851378894826,"Vynnycky-high","max",FALSE
"South Africa","4_7_3_6_3",0.650035063113604,0.764894949513601,0.0432530817332146,354.082971592481,"Vynnycky-high","max",FALSE
"South Africa","5_7_3_6_3",0.663707945597709,0.774085959301154,0.044302693326951,363.533249504231,"Vynnycky-high","max",FALSE
"South Africa","6_7_3_6_3",0.674327826101309,0.781155051191999,0.0453291185912021,372.274603983639,"Vynnycky-high","max",FALSE
"South Africa","7_7_3_6_3",0.68689217937462,0.787262491203378,0.0462960170669852,375.164367172999,"Vynnycky-high","max",FALSE
"South Africa","4_6_4_6_3",0.606982725613038,0.736403426438901,0.0403172581168402,361.298053287241,"Vynnycky-high","max",TRUE
"South Africa","5_6_4_6_3",0.62327914714984,0.746278914768541,0.0413113917709018,362.200735921998,"Vynnycky-high","max",TRUE
"South Africa","6_6_4_6_3",0.636968211226892,0.756193424711229,0.0423146314040627,359.416450598284,"Vynnycky-high","max",FALSE
"South Africa","7_6_4_6_3",0.651418714045399,0.764443147014927,0.0434864401627042,371.236814705274,"Vynnycky-high","max",FALSE
"South Africa","3_7_4_6_3",0.633632497300804,0.765514366970678,0.0428050604937526,358.308287572477,"Vynnycky-high","max",FALSE
"South Africa","4_7_4_6_3",0.648071568948575,0.77077645175432,0.0439407873143805,358.153563872322,"Vynnycky-high","max",FALSE
"South Africa","5_7_4_6_3",0.663081231695388,0.781140222482436,0.0448651482585192,368.121107266661,"Vynnycky-high","max",FALSE
"South Africa","6_7_4_6_3",0.674555717644464,0.78645046494825,0.0459352885434021,359.002478381439,"Vynnycky-high","max",FALSE
"South Africa","7_7_4_6_3",0.686236717441781,0.795214400579256,0.0468780335514235,373.107157728808,"Vynnycky-high","max",FALSE
"South Africa","7_5_5_6_3",0.610044100441004,0.735950955092725,0.0404625521411966,364.100288976715,"Vynnycky-high","max",TRUE
"South Africa","4_6_5_6_3",0.606865595184735,0.745744605937694,0.040896651092746,367.717450211098,"Vynnycky-high","max",TRUE
"South Africa","5_6_5_6_3",0.62103494722612,0.754080343246355,0.0419424185779476,363.10827518538,"Vynnycky-high","max",FALSE
"South Africa","6_6_5_6_3",0.63756526086906,0.763005900300624,0.0429967410833773,358.970657399827,"Vynnycky-high","max",FALSE
"South Africa","7_6_5_6_3",0.652297782732565,0.774154321822138,0.0441090470470111,373.987263637784,"Vynnycky-high","max",FALSE
"South Africa","3_7_5_6_3",0.635011070392426,0.773478426786484,0.0434984131444184,368.081243204154,"Vynnycky-high","max",FALSE
"South Africa","4_7_5_6_3",0.649455654900245,0.779309350547003,0.0445982282563386,364.738783334547,"Vynnycky-high","max",FALSE
"South Africa","5_7_5_6_3",0.665953633971509,0.787499626806543,0.0457218000845229,376.690402972317,"Vynnycky-high","max",FALSE
"South Africa","6_7_5_6_3",0.67721083601012,0.794352770607757,0.0466161080794748,379.82614868975,"Vynnycky-high","max",FALSE
"South Africa","7_7_5_6_3",0.688046723353525,0.798091004184101,0.0475018151212976,376.010915845016,"Vynnycky-high","max",FALSE
"South Africa","6_5_6_6_3",0.593288617985688,0.735084749362872,0.0399567347003911,372.399213154703,"Vynnycky-high","max",FALSE
"South Africa","7_5_6_6_3",0.611329873609988,0.745730186549918,0.041167819404905,366.945829876351,"Vynnycky-high","max",TRUE
"South Africa","3_6_6_6_3",0.592902245664037,0.745694570399835,0.040590205489375,358.810767171872,"Vynnycky-high","max",TRUE
"South Africa","4_6_6_6_3",0.607245650011503,0.753914832470182,0.0416685235117755,367.958240301922,"Vynnycky-high","max",FALSE
"South Africa","5_6_6_6_3",0.623282064610142,0.763338445629568,0.0427282823534365,364.777977393058,"Vynnycky-high","max",FALSE
"South Africa","6_6_6_6_3",0.638431300270852,0.770907931201337,0.0438164846893426,373.566556087952,"Vynnycky-high","max",FALSE
"South Africa","7_6_6_6_3",0.651363483843053,0.778933591220744,0.0448436798161247,374.792079732291,"Vynnycky-high","max",FALSE
"South Africa","3_7_6_6_3",0.63606455939768,0.778289884098894,0.0442049261444602,378.830932649982,"Vynnycky-high","max",FALSE
"South Africa","4_7_6_6_3",0.649025159622986,0.786052746430575,0.0452224357996117,368.243392772992,"Vynnycky-high","max",FALSE
"South Africa","5_7_6_6_3",0.664963448234998,0.792716808238162,0.0462208107382328,387.735433478383,"Vynnycky-high","max",FALSE
"South Africa","6_7_6_6_3",0.675720346253259,0.799264528418984,0.047162196992161,379.176776034516,"Vynnycky-high","max",FALSE
"South Africa","7_7_6_6_3",0.688732874087209,0.805735887836747,0.0481767934115753,376.946104149693,"Vynnycky-high","max",FALSE
"South Africa","6_5_7_6_3",0.594494634704785,0.744216876927622,0.0408512434707445,372.397986083673,"Vynnycky-high","max",TRUE
"South Africa","7_5_7_6_3",0.611183035714286,0.753230371695488,0.0419155086363626,362.63424331489,"Vynnycky-high","max",FALSE
"South Africa","3_6_7_6_3",0.590754206943159,0.753566284962459,0.0413357362702139,368.365048957502,"Vynnycky-high","max",FALSE
"South Africa","4_6_7_6_3",0.60748334568474,0.761792120751317,0.0423109379968852,374.573964732954,"Vynnycky-high","max",FALSE
"South Africa","5_6_7_6_3",0.622489673926986,0.769591342895397,0.0432461497358083,367.715015889507,"Vynnycky-high","max",FALSE
"South Africa","6_6_7_6_3",0.63854100780097,0.77798522944154,0.0444964509240903,370.83057964091,"Vynnycky-high","max",FALSE
"South Africa","7_6_7_6_3",0.651748593788212,0.785166829892827,0.0453547751762852,370.947473160799,"Vynnycky-high","max",FALSE
"South Africa","3_7_7_6_3",0.634078635707031,0.78576666308385,0.0448023560566359,373.233503505411,"Vynnycky-high","max",FALSE
"South Africa","4_7_7_6_3",0.647971265485005,0.790899478150579,0.0458186186681409,374.407714163147,"Vynnycky-high","max",FALSE
"South Africa","5_7_7_6_3",0.664956945618853,0.797990612765773,0.0468669274967853,380.649654595974,"Vynnycky-high","max",FALSE
"South Africa","6_7_7_6_3",0.678195637276582,0.80509974762921,0.0478419668108212,378.057934271895,"Vynnycky-high","max",FALSE
"South Africa","7_7_7_6_3",0.688348460008218,0.81096141651802,0.0487533601758667,379.910420119266,"Vynnycky-high","max",FALSE
"South Africa","5_6_3_7_3",0.622923771559805,0.739202369102355,0.040801340447576,363.46458292671,"Vynnycky-high","max",TRUE
"South Africa","6_6_3_7_3",0.638853354450942,0.74768638230731,0.0419210780975955,353.332317006669,"Vynnycky-high","max",TRUE
"South Africa","7_6_3_7_3",0.652527273916049,0.758772200772201,0.0429963080455406,359.468060768547,"Vynnycky-high","max",FALSE
"South Africa","3_7_3_7_3",0.63450820950821,0.759680414785633,0.0424605140232677,361.104325328029,"Vynnycky-high","max",FALSE
"South Africa","4_7_3_7_3",0.649471040662267,0.768532262637009,0.0435389474413587,368.818378715215,"Vynnycky-high","max",FALSE
"South Africa","5_7_3_7_3",0.665091085948668,0.774432300509338,0.0444944335095947,374.869478643064,"Vynnycky-high","max",FALSE
"South Africa","6_7_3_7_3",0.675633303831805,0.781970087899394,0.0455196865824503,368.690783554164,"Vynnycky-high","max",FALSE
"South Africa","7_7_3_7_3",0.688292971298108,0.787629617903781,0.0464338692188457,370.000374559154,"Vynnycky-high","max",FALSE
"South Africa","4_6_4_7_3",0.608556612170065,0.740197348415739,0.0404774050213279,365.980762141677,"Vynnycky-high","max",TRUE
"South Africa","5_6_4_7_3",0.622246058525454,0.74770214618834,0.0414355552126366,369.42759235567,"Vynnycky-high","max",TRUE
"South Africa","6_6_4_7_3",0.637681015561224,0.756484851852881,0.0426388992934157,365.059958269541,"Vynnycky-high","max",FALSE
"South Africa","7_6_4_7_3",0.651793132581498,0.765248701699685,0.0436052686801735,363.187349272106,"Vynnycky-high","max",FALSE
"South Africa","3_7_4_7_3",0.63352644001822,0.765162286020496,0.043157791815268,369.755428378829,"Vynnycky-high","max",FALSE
"South Africa","4_7_4_7_3",0.648543787924953,0.773369932888464,0.0441192002206225,369.758485815745,"Vynnycky-high","max",FALSE
"South Africa","5_7_4_7_3",0.664267432089075,0.780657583746814,0.0451292362628451,369.713120825053,"Vynnycky-high","max",FALSE
"South Africa","6_7_4_7_3",0.676693947257524,0.788173147890343,0.0461039343537067,375.502239003482,"Vynnycky-high","max",FALSE
"South Africa","7_7_4_7_3",0.688594118876934,0.793135523372189,0.0469685782837206,376.350160982857,"Vynnycky-high","max",FALSE
"South Africa","7_5_5_7_3",0.60998189508514,0.736129373922411,0.0406696791675558,355.148937643808,"Vynnycky-high","max",TRUE
"South Africa","4_6_5_7_3",0.605062640446241,0.745178117357211,0.0410956590652676,368.48715451987,"Vynnycky-high","max",TRUE
"South Africa","5_6_5_7_3",0.622810620389417,0.75490578814544,0.0422117873290694,363.385647239079,"Vynnycky-high","max",FALSE
"South Africa","6_6_5_7_3",0.638414801116445,0.764018618938362,0.0432898880415205,357.732930553235,"Vynnycky-high","max",FALSE
"South Africa","7_6_5_7_3",0.652950427509827,0.772407704513658,0.0442899033517139,363.940754784277,"Vynnycky-high","max",FALSE
"South Africa","3_7_5_7_3",0.635324314324937,0.772474810337019,0.0437353163188514,367.475720918415,"Vynnycky-high","max",FALSE
"South Africa","4_7_5_7_3",0.647374964717268,0.782599099001359,0.0448143130554401,372.65627325196,"Vynnycky-high","max",FALSE
"South Africa","5_7_5_7_3",0.663109455953267,0.786508377248245,0.0457795572768743,375.125126139306,"Vynnycky-high","max",FALSE
"South Africa","6_7_5_7_3",0.67677499574299,0.792853820022935,0.0466422979208726,381.738170527774,"Vynnycky-high","max",FALSE
"South Africa","7_7_5_7_3",0.68777300037017,0.798621498247777,0.0476346277372864,381.433019104805,"Vynnycky-high","max",FALSE
"South Africa","7_5_6_7_3",0.611564551677946,0.743683418562077,0.041444127916071,367.06752170076,"Vynnycky-high","max",TRUE
"South Africa","3_6_6_7_3",0.591815938638058,0.745601065160142,0.040880887747806,365.177026044387,"Vynnycky-high","max",TRUE
"South Africa","4_6_6_7_3",0.608566187211081,0.755492162466687,0.0418313728851091,370.57661705134,"Vynnycky-high","max",FALSE
"South Africa","5_6_6_7_3",0.623498710131512,0.761839752966033,0.0428286550626902,369.182422647921,"Vynnycky-high","max",FALSE
"South Africa","6_6_6_7_3",0.637942257688514,0.770983223807974,0.0438981450400113,368.446266614251,"Vynnycky-high","max",FALSE
"South Africa","7_6_6_7_3",0.650698358816813,0.778119912874011,0.044826337705377,369.344962350796,"Vynnycky-high","max",FALSE
"South Africa","3_7_6_7_3",0.634020754481481,0.779133211187153,0.0441794626109869,371.943917530812,"Vynnycky-high","max",FALSE
"South Africa","4_7_6_7_3",0.648656349358602,0.787007457562414,0.0453104276228705,373.19019675981,"Vynnycky-high","max",FALSE
"South Africa","5_7_6_7_3",0.66388257188135,0.791940323511345,0.0462324236959301,381.916007498366,"Vynnycky-high","max",FALSE
"South Africa","6_7_6_7_3",0.67724260654868,0.799132523933536,0.0472892040034015,380.910644134655,"Vynnycky-high","max",FALSE
"South Africa","7_7_6_7_3",0.689283917025393,0.80635601537963,0.0482592325502668,379.651036528622,"Vynnycky-high","max",FALSE
"South Africa","6_5_7_7_3",0.59291409099016,0.744329481364375,0.0410067056771962,373.232043564416,"Vynnycky-high","max",TRUE
"South Africa","7_5_7_7_3",0.611036838978015,0.751638543916132,0.0419797282655916,358.695518925305,"Vynnycky-high","max",FALSE
"South Africa","3_6_7_7_3",0.590744400527009,0.75245336204708,0.0413826287200558,365.938806386273,"Vynnycky-high","max",FALSE
"South Africa","4_6_7_7_3",0.608437691107075,0.761663951184838,0.0425235849267512,373.02523919826,"Vynnycky-high","max",FALSE
"South Africa","5_6_7_7_3",0.622708146849102,0.769131047706305,0.0434266568658506,371.113055563929,"Vynnycky-high","max",FALSE
"South Africa","6_6_7_7_3",0.638305269168581,0.777798736956525,0.0444766422372678,379.823781500986,"Vynnycky-high","max",FALSE
"South Africa","7_6_7_7_3",0.651186101364037,0.7851842604614,0.045531058123306,375.136137229231,"Vynnycky-high","max",FALSE
"South Africa","3_7_7_7_3",0.635421991545953,0.785251692974795,0.0448973035340335,378.229136077444,"Vynnycky-high","max",FALSE
"South Africa","4_7_7_7_3",0.649352770074177,0.791666666666667,0.0459155387482023,378.658795450196,"Vynnycky-high","max",FALSE
"South Africa","5_7_7_7_3",0.662599376761804,0.796669570727071,0.0468395594815783,385.401014902707,"Vynnycky-high","max",FALSE
"South Africa","6_7_7_7_3",0.674977991818135,0.804283407029534,0.0477392165431505,381.696605352197,"Vynnycky-high","max",FALSE
"South Africa","7_7_7_7_3",0.687541722296395,0.809575955958935,0.0487307476972005,379.693971589428,"Vynnycky-high","max",FALSE
"South Africa","6_6_3_3_4",0.636412596779875,0.74642974746564,0.0405987717122833,354.346058360973,"Vynnycky-high","max",TRUE
"South Africa","7_6_3_3_4",0.651171069959853,0.756735019054433,0.0417389629292529,352.621936016408,"Vynnycky-high","max",FALSE
"South Africa","3_7_3_3_4",0.635585947568723,0.758276406132813,0.0412851183987704,356.125421163968,"Vynnycky-high","max",FALSE
"South Africa","4_7_3_3_4",0.65087783830177,0.766246964417696,0.042312136017596,356.473694963183,"Vynnycky-high","max",FALSE
"South Africa","5_7_3_3_4",0.664688919252899,0.773461992225646,0.0434093099207842,359.156904378772,"Vynnycky-high","max",FALSE
"South Africa","6_7_3_3_4",0.67746400267887,0.780636838032336,0.0443703950368868,364.13969471139,"Vynnycky-high","max",FALSE
"South Africa","7_7_3_3_4",0.689740598817802,0.788690256599777,0.0453595931009383,363.90108831533,"Vynnycky-high","max",FALSE
"South Africa","5_6_4_3_4",0.623579160373339,0.746959379963527,0.0403811867509964,356.201532630367,"Vynnycky-high","max",TRUE
"South Africa","6_6_4_3_4",0.637804801604714,0.756625432295823,0.0415443630546656,358.268861496262,"Vynnycky-high","max",FALSE
"South Africa","7_6_4_3_4",0.651220471658188,0.764191306313568,0.0426028802631309,356.66902848272,"Vynnycky-high","max",FALSE
"South Africa","3_7_4_3_4",0.634803831997703,0.76614909324346,0.042134464815305,360.750512863075,"Vynnycky-high","max",FALSE
"South Africa","4_7_4_3_4",0.650420620109694,0.773384344733389,0.0430853739170733,361.733703949631,"Vynnycky-high","max",FALSE
"South Africa","5_7_4_3_4",0.663908640010496,0.780016657539248,0.0440893461716375,359.427807672994,"Vynnycky-high","max",FALSE
"South Africa","6_7_4_3_4",0.677898702284254,0.786312582976521,0.0451190126302353,362.555289681676,"Vynnycky-high","max",FALSE
"South Africa","7_7_4_3_4",0.689505992140582,0.793067898619861,0.0460744626941133,375.039801563099,"Vynnycky-high","max",FALSE
"South Africa","4_6_5_3_4",0.608728490739525,0.745338607678599,0.0401749482726381,360.177487994006,"Vynnycky-high","max",TRUE
"South Africa","5_6_5_3_4",0.623324895877361,0.754211510235251,0.0412049111066853,357.043204981349,"Vynnycky-high","max",FALSE
"South Africa","6_6_5_3_4",0.638727980191015,0.764418518798191,0.0423334047852474,361.693153468854,"Vynnycky-high","max",FALSE
"South Africa","7_6_5_3_4",0.652468969195199,0.771146808906531,0.0433714917369278,362.044607104332,"Vynnycky-high","max",FALSE
"South Africa","3_7_5_3_4",0.635881732182565,0.771613027972328,0.0427905639520906,364.784827250552,"Vynnycky-high","max",FALSE
"South Africa","4_7_5_3_4",0.651187056553033,0.77856678165638,0.0438248880025431,369.139976456473,"Vynnycky-high","max",FALSE
"South Africa","5_7_5_3_4",0.664348792986754,0.785608182667006,0.0448649988837949,371.237367262485,"Vynnycky-high","max",FALSE
"South Africa","6_7_5_3_4",0.677023491061118,0.7926572922367,0.0458085187033836,367.107213111737,"Vynnycky-high","max",FALSE
"South Africa","7_7_5_3_4",0.689166468341803,0.799890294448719,0.0467252189465841,368.821900580796,"Vynnycky-high","max",FALSE
"South Africa","7_5_6_3_4",0.60906629318394,0.745032180720823,0.0404022288961996,341.915701523761,"Vynnycky-high","max",TRUE
"South Africa","4_6_6_3_4",0.607290755322251,0.754545104901829,0.0409677846063364,359.390881008365,"Vynnycky-high","max",FALSE
"South Africa","5_6_6_3_4",0.623857327960249,0.763440606394419,0.0420475499640331,356.090275005313,"Vynnycky-high","max",FALSE
"South Africa","6_6_6_3_4",0.639382085003836,0.770398064597473,0.0430971999947389,359.350361488798,"Vynnycky-high","max",FALSE
"South Africa","7_6_6_3_4",0.651967721714,0.77770396158719,0.0440756639778347,353.820155014165,"Vynnycky-high","max",FALSE
"South Africa","3_7_6_3_4",0.635453087706396,0.777285873676547,0.0434436515649393,364.463087612049,"Vynnycky-high","max",FALSE
"South Africa","4_7_6_3_4",0.65009272371137,0.785579260059411,0.0444982925708362,377.587707619347,"Vynnycky-high","max",FALSE
"South Africa","5_7_6_3_4",0.664973865933674,0.791739668490451,0.0453819469950851,372.110003792382,"Vynnycky-high","max",FALSE
"South Africa","6_7_6_3_4",0.675966890252605,0.798447267190255,0.0464472583269793,373.860405053345,"Vynnycky-high","max",FALSE
"South Africa","7_7_6_3_4",0.689372977852347,0.803889638334706,0.0473131955191398,370.782424164106,"Vynnycky-high","max",FALSE
"South Africa","7_5_7_3_4",0.610573473610715,0.752642118144399,0.041132293096878,348.863303681376,"Vynnycky-high","max",FALSE
"South Africa","3_6_7_3_4",0.590379666282976,0.752665570912949,0.0405310788904849,352.290887099282,"Vynnycky-high","max",FALSE
"South Africa","4_6_7_3_4",0.607332748309603,0.760766942756404,0.041569449487763,360.010084481641,"Vynnycky-high","max",FALSE
"South Africa","5_6_7_3_4",0.622829443808869,0.767506869973971,0.0426188721520049,364.338547727195,"Vynnycky-high","max",FALSE
"South Africa","6_6_7_3_4",0.639616860967742,0.775411472479513,0.043641760395871,363.901018922853,"Vynnycky-high","max",FALSE
"South Africa","7_6_7_3_4",0.652028867951072,0.783988555078684,0.0446833420766065,367.917586460633,"Vynnycky-high","max",FALSE
"South Africa","3_7_7_3_4",0.636773908437039,0.783164493131747,0.0441051505020819,370.043268771628,"Vynnycky-high","max",FALSE
"South Africa","4_7_7_3_4",0.650083612040134,0.788790547468889,0.0450285430162294,371.57008627782,"Vynnycky-high","max",FALSE
"South Africa","5_7_7_3_4",0.663518057897304,0.796221813881205,0.046034071182361,376.98930931312,"Vynnycky-high","max",FALSE
"South Africa","6_7_7_3_4",0.676323033607116,0.803608770287141,0.047108853148015,373.399093736516,"Vynnycky-high","max",FALSE
"South Africa","6_6_3_4_4",0.639504299582389,0.747576417983354,0.0409992598641874,354.461404113441,"Vynnycky-high","max",TRUE
"South Africa","7_6_3_4_4",0.652067983657942,0.757572070638689,0.0421632006410601,346.572638749588,"Vynnycky-high","max",FALSE
"South Africa","3_7_3_4_4",0.636547692075894,0.757687373343318,0.0415832992728345,351.730473848088,"Vynnycky-high","max",FALSE
"South Africa","4_7_3_4_4",0.651453292585793,0.765492836748617,0.0425992060381629,349.115841096919,"Vynnycky-high","max",FALSE
"South Africa","5_7_3_4_4",0.663876001635423,0.774693207839259,0.0437112973101413,357.884782740575,"Vynnycky-high","max",FALSE
"South Africa","6_7_3_4_4",0.67668506121392,0.779284720169942,0.0446208978896587,361.809129531768,"Vynnycky-high","max",FALSE
"South Africa","7_7_3_4_4",0.687892138173842,0.78727843521256,0.0456050724348863,363.187349272106,"Vynnycky-high","max",FALSE
"South Africa","5_6_4_4_4",0.624137094139134,0.746920146337555,0.0406965708385547,350.628156593876,"Vynnycky-high","max",TRUE
"South Africa","6_6_4_4_4",0.638779669500009,0.755453277060863,0.0418075443483666,356.620699338266,"Vynnycky-high","max",FALSE
"South Africa","7_6_4_4_4",0.651915841819174,0.765010595524468,0.0429145196350797,355.746323667375,"Vynnycky-high","max",FALSE
"South Africa","3_7_4_4_4",0.636117274294761,0.764382088367019,0.042389756941153,353.484482848378,"Vynnycky-high","max",FALSE
"South Africa","4_7_4_4_4",0.650416055591573,0.772170304919934,0.0433048499439664,366.108968311441,"Vynnycky-high","max",FALSE
"South Africa","5_7_4_4_4",0.664166044228893,0.779648336406866,0.0442715778733086,360.010084481641,"Vynnycky-high","max",FALSE
"South Africa","6_7_4_4_4",0.675736872589663,0.786370996192725,0.0453142772752887,361.886154882402,"Vynnycky-high","max",FALSE
"South Africa","7_7_4_4_4",0.687835473352545,0.792832890847779,0.0462926958616584,370.576287283559,"Vynnycky-high","max",FALSE
"South Africa","4_6_5_4_4",0.608892868268048,0.745280332601681,0.0404162235848892,362.871035633936,"Vynnycky-high","max",TRUE
"South Africa","5_6_5_4_4",0.623961699548453,0.75419409277677,0.0414791374452054,361.55256600993,"Vynnycky-high","max",FALSE
"South Africa","6_6_5_4_4",0.639027969149831,0.761989232746745,0.0424765492491131,357.462944605319,"Vynnycky-high","max",FALSE
"South Africa","7_6_5_4_4",0.651409569188009,0.770860524931813,0.0436070434090013,356.354586299526,"Vynnycky-high","max",FALSE
"South Africa","3_7_5_4_4",0.635999483103691,0.770941537911395,0.0430033722777376,360.282730821604,"Vynnycky-high","max",FALSE
"South Africa","4_7_5_4_4",0.651041763643473,0.778488685961076,0.0439741016684975,369.508951971848,"Vynnycky-high","max",FALSE
"South Africa","5_7_5_4_4",0.663509593474287,0.784250121211297,0.0449516957027154,366.911916488085,"Vynnycky-high","max",FALSE
"South Africa","6_7_5_4_4",0.676132996440294,0.790976077788726,0.0460201433045059,370.370827618306,"Vynnycky-high","max",FALSE
"South Africa","7_7_5_4_4",0.688386127534226,0.799071565049717,0.0469783980208062,362.162217037159,"Vynnycky-high","max",FALSE
"South Africa","7_5_6_4_4",0.611521047996553,0.743312370527693,0.0406342885272041,347.657171390765,"Vynnycky-high","max",TRUE
"South Africa","3_6_6_4_4",0.593574377155885,0.743867860098833,0.040082239867298,367.83638637534,"Vynnycky-high","max",TRUE
"South Africa","4_6_6_4_4",0.609150207674249,0.754170343464193,0.0410708251672777,368.487010421461,"Vynnycky-high","max",FALSE
"South Africa","5_6_6_4_4",0.622967586416965,0.761877341075353,0.0421449689195479,363.706652476829,"Vynnycky-high","max",FALSE
"South Africa","6_6_6_4_4",0.638841998930576,0.769162453887143,0.0432431378423196,368.568498047834,"Vynnycky-high","max",FALSE
"South Africa","7_6_6_4_4",0.654055912859214,0.774582621353079,0.0442240961965014,357.117939014295,"Vynnycky-high","max",FALSE
"South Africa","3_7_6_4_4",0.636057887391143,0.775672730660639,0.0436455538603526,365.978697436008,"Vynnycky-high","max",FALSE
"South Africa","4_7_6_4_4",0.651475920465227,0.783033034212266,0.0446898469236925,365.97906802249,"Vynnycky-high","max",FALSE
"South Africa","5_7_6_4_4",0.664297317322215,0.791091505822354,0.0456381560252208,373.032863210068,"Vynnycky-high","max",FALSE
"South Africa","6_7_6_4_4",0.677390767818121,0.79776781335083,0.046642590222722,374.75775355465,"Vynnycky-high","max",FALSE
"South Africa","7_7_6_4_4",0.688767144880192,0.804332557331267,0.0476075930992142,368.249235248205,"Vynnycky-high","max",FALSE
"South Africa","7_5_7_4_4",0.611535719354063,0.750492936115112,0.0413026177412663,357.730557344208,"Vynnycky-high","max",TRUE
"South Africa","3_6_7_4_4",0.591737707092726,0.750914734825969,0.04068405040165,361.613042410345,"Vynnycky-high","max",TRUE
"South Africa","4_6_7_4_4",0.607673528975258,0.760174061013613,0.041746846701917,368.161473816985,"Vynnycky-high","max",FALSE
"South Africa","5_6_7_4_4",0.624122071106889,0.766796241698122,0.0428272382463577,364.504533392107,"Vynnycky-high","max",FALSE
"South Africa","6_6_7_4_4",0.639361521873075,0.775903532875797,0.043918190368017,362.634603834241,"Vynnycky-high","max",FALSE
"South Africa","7_6_7_4_4",0.653009239070149,0.782401465833822,0.044895120693624,367.999109456781,"Vynnycky-high","max",FALSE
"South Africa","3_7_7_4_4",0.636178318014501,0.783147002533829,0.0443340615603977,361.457365997854,"Vynnycky-high","max",FALSE
"South Africa","4_7_7_4_4",0.650532272325376,0.788800752100594,0.0453219412224148,368.487875013606,"Vynnycky-high","max",FALSE
"South Africa","5_7_7_4_4",0.664172074191538,0.796195840047652,0.046266727316187,375.081418877592,"Vynnycky-high","max",FALSE
"South Africa","6_7_7_4_4",0.676808619255178,0.802179113626774,0.0471892417315194,372.029166488749,"Vynnycky-high","max",FALSE
"South Africa","7_7_7_4_4",0.688277785444122,0.809608521085556,0.0482923595409549,370.535070930281,"Vynnycky-high","max",FALSE
"South Africa","5_6_3_5_4",0.62572177381462,0.737284295665799,0.0401858215561307,355.329603148991,"Vynnycky-high","max",TRUE
"South Africa","6_6_3_5_4",0.639596657557146,0.745917899848811,0.0411204294868769,352.808496787703,"Vynnycky-high","max",TRUE
"South Africa","7_6_3_5_4",0.653459247100556,0.755993523519532,0.0422148309047974,345.424627093533,"Vynnycky-high","max",FALSE
"South Africa","3_7_3_5_4",0.63715668533613,0.75717869931061,0.0417865698258405,343.289230106835,"Vynnycky-high","max",FALSE
"South Africa","4_7_3_5_4",0.651380258275791,0.765248137725542,0.0427502632331956,360.399832226455,"Vynnycky-high","max",FALSE
"South Africa","5_7_3_5_4",0.66582110295395,0.772476655841857,0.0439265316630703,359.08082488126,"Vynnycky-high","max",FALSE
"South Africa","6_7_3_5_4",0.676100532384512,0.778795314136856,0.0448945978177694,363.828516731418,"Vynnycky-high","max",FALSE
"South Africa","7_7_3_5_4",0.690119553298628,0.786537045212221,0.0458736098181912,363.941275399,"Vynnycky-high","max",FALSE
"South Africa","5_6_4_5_4",0.626814596772233,0.746523156774022,0.0409035475190749,361.807935994939,"Vynnycky-high","max",TRUE
"South Africa","6_6_4_5_4",0.639955832437333,0.754624468667362,0.0420474479471303,352.8830703753,"Vynnycky-high","max",FALSE
"South Africa","7_6_4_5_4",0.654137006541568,0.76378607652719,0.0430708766208451,360.555259311343,"Vynnycky-high","max",FALSE
"South Africa","3_7_4_5_4",0.636475501528824,0.763838318124501,0.0424876989690405,356.50756012601,"Vynnycky-high","max",FALSE
"South Africa","4_7_4_5_4",0.651789870815068,0.772109926700635,0.0435854249081781,366.149604223809,"Vynnycky-high","max",FALSE
"South Africa","5_7_4_5_4",0.66563730222337,0.778223044252637,0.0445703319776705,357.501689851134,"Vynnycky-high","max",FALSE
"South Africa","6_7_4_5_4",0.677001504506215,0.786455735712523,0.0455389124855083,360.32151195222,"Vynnycky-high","max",FALSE
"South Africa","7_7_4_5_4",0.690728070175439,0.794482496194825,0.0466063100243595,365.178866833334,"Vynnycky-high","max",FALSE
"South Africa","7_5_5_5_4",0.610897048326825,0.73643662667499,0.0400709463374533,353.674769792811,"Vynnycky-high","max",TRUE
"South Africa","4_6_5_5_4",0.609707214581969,0.744253859348199,0.0406980980491246,352.734697237843,"Vynnycky-high","max",TRUE
"South Africa","5_6_5_5_4",0.625646510376142,0.75340355672239,0.0416632092293027,355.180575696962,"Vynnycky-high","max",FALSE
"South Africa","6_6_5_5_4",0.63954954954955,0.762675163653036,0.0426997637085655,359.079324788831,"Vynnycky-high","max",FALSE
"South Africa","7_6_5_5_4",0.654635594290767,0.771212591517696,0.0438874459564989,374.11178681886,"Vynnycky-high","max",FALSE
"South Africa","3_7_5_5_4",0.635147196546268,0.772336013172178,0.0432276870310083,367.474220332406,"Vynnycky-high","max",FALSE
"South Africa","4_7_5_5_4",0.651182621521605,0.777934163097378,0.0442633816160081,362.279980174414,"Vynnycky-high","max",FALSE
"South Africa","5_7_5_5_4",0.664674044992391,0.784292307857059,0.0452854776901024,361.575216963956,"Vynnycky-high","max",FALSE
"South Africa","6_7_5_5_4",0.677803905226813,0.792122557465562,0.046209009094429,374.574494486486,"Vynnycky-high","max",FALSE
"South Africa","7_7_5_5_4",0.689981295300444,0.798777273866817,0.0473447664177075,369.018071223061,"Vynnycky-high","max",FALSE
"South Africa","7_5_6_5_4",0.612160560702204,0.743692389786114,0.040859919955539,355.708235404438,"Vynnycky-high","max",TRUE
"South Africa","3_6_6_5_4",0.590923008406168,0.742495279912184,0.0402121090986,370.209944233817,"Vynnycky-high","max",TRUE
"South Africa","4_6_6_5_4",0.609027745391015,0.752882344739846,0.0412675494819973,361.141630122107,"Vynnycky-high","max",FALSE
"South Africa","5_6_6_5_4",0.624610753424313,0.761068618498902,0.0423374794502209,372.647703551965,"Vynnycky-high","max",FALSE
"South Africa","6_6_6_5_4",0.639397949611364,0.768065876262837,0.0434082817103799,368.041432468457,"Vynnycky-high","max",FALSE
"South Africa","7_6_6_5_4",0.65524363151913,0.775519760144963,0.0445351943473501,370.130210871146,"Vynnycky-high","max",FALSE
"South Africa","3_7_6_5_4",0.636223443705762,0.776753843672723,0.0438795271876563,358.84788542828,"Vynnycky-high","max",FALSE
"South Africa","4_7_6_5_4",0.65106439628483,0.784408877412461,0.0448560855286656,366.502737789555,"Vynnycky-high","max",FALSE
"South Africa","5_7_6_5_4",0.66463346598728,0.789576560635365,0.0458999018812394,373.632641472218,"Vynnycky-high","max",FALSE
"South Africa","6_7_6_5_4",0.677906263557078,0.797186341875805,0.0468756959158397,380.387278786761,"Vynnycky-high","max",FALSE
"South Africa","7_7_6_5_4",0.690188215221411,0.803407759253762,0.0478633876267797,381.3882532418,"Vynnycky-high","max",FALSE
"South Africa","6_5_7_5_4",0.594532122685736,0.74029174261798,0.0403965609937054,358.461520622528,"Vynnycky-high","max",TRUE
"South Africa","7_5_7_5_4",0.611128120348167,0.749717832957111,0.0415417788594283,365.058346966549,"Vynnycky-high","max",TRUE
"South Africa","3_6_7_5_4",0.592053628628568,0.748675103885894,0.0408675895655689,377.288121140515,"Vynnycky-high","max",TRUE
"South Africa","4_6_7_5_4",0.607247617417109,0.760053691564602,0.0419188273788805,361.454509879913,"Vynnycky-high","max",FALSE
"South Africa","5_6_7_5_4",0.624244237588653,0.767407354768647,0.0429804174072071,368.760442773601,"Vynnycky-high","max",FALSE
"South Africa","6_6_7_5_4",0.638680085097394,0.775647418434196,0.0440907738100083,369.268786442129,"Vynnycky-high","max",FALSE
"South Africa","7_6_7_5_4",0.65388232457198,0.783565930470635,0.0451675432409592,377.930523412179,"Vynnycky-high","max",FALSE
"South Africa","3_7_7_5_4",0.635227336852527,0.783861644795322,0.0445101415178847,367.755222124154,"Vynnycky-high","max",FALSE
"South Africa","4_7_7_5_4",0.649305172842308,0.790999067094624,0.045438025099129,375.713856327021,"Vynnycky-high","max",FALSE
"South Africa","5_7_7_5_4",0.664106815428002,0.796111553590585,0.0465277065727879,375.081076938089,"Vynnycky-high","max",FALSE
"South Africa","6_7_7_5_4",0.677575088559597,0.802820276750993,0.0475339189268154,379.003344020409,"Vynnycky-high","max",FALSE
"South Africa","7_7_7_5_4",0.689316930191503,0.810386064599327,0.0485769188011481,377.9718081633,"Vynnycky-high","max",FALSE
"South Africa","5_6_3_6_4",0.624582369436049,0.73929836774779,0.0404585894104641,356.240027791976,"Vynnycky-high","max",TRUE
"South Africa","6_6_3_6_4",0.637314485997525,0.747746840695383,0.0414799873468324,363.113790463692,"Vynnycky-high","max",TRUE
"South Africa","7_6_3_6_4",0.653323569094254,0.756725956725957,0.0425527622500095,369.592128306454,"Vynnycky-high","max",FALSE
"South Africa","3_7_3_6_4",0.635676065033958,0.757615687497563,0.0420833769337966,349.634039437135,"Vynnycky-high","max",FALSE
"South Africa","4_7_3_6_4",0.650789438745191,0.765719807681227,0.0429815809496036,358.268861496262,"Vynnycky-high","max",FALSE
"South Africa","5_7_3_6_4",0.664717144768079,0.772828666350261,0.0441924840967352,360.828462149094,"Vynnycky-high","max",FALSE
"South Africa","6_7_3_6_4",0.677327563598217,0.781137528051827,0.0452645376586859,374.70025874704,"Vynnycky-high","max",FALSE
"South Africa","7_7_3_6_4",0.69015085254682,0.787829173780745,0.0462298017528124,378.529809820021,"Vynnycky-high","max",FALSE
"South Africa","4_6_4_6_4",0.60773273052181,0.737750361418726,0.0401710475537453,360.399663704913,"Vynnycky-high","max",TRUE
"South Africa","5_6_4_6_4",0.622237063946101,0.747749200602063,0.0412315251868632,355.328343388584,"Vynnycky-high","max",TRUE
"South Africa","6_6_4_6_4",0.638051121755004,0.755810776535931,0.0422785585314365,365.938806386273,"Vynnycky-high","max",FALSE
"South Africa","7_6_4_6_4",0.654644877086199,0.763424848354001,0.043362063879936,366.871190693168,"Vynnycky-high","max",FALSE
"South Africa","3_7_4_6_4",0.635296663703149,0.763427434217907,0.0427131399566491,363.783440523794,"Vynnycky-high","max",FALSE
"South Africa","4_7_4_6_4",0.650874352245505,0.770251480768902,0.0438218912699006,364.418315222297,"Vynnycky-high","max",FALSE
"South Africa","5_7_4_6_4",0.66466888275879,0.779276402299282,0.0448586368248898,362.044094587765,"Vynnycky-high","max",FALSE
"South Africa","6_7_4_6_4",0.677361842498953,0.786795793832407,0.0458817151769895,373.603606799282,"Vynnycky-high","max",FALSE
"South Africa","7_7_4_6_4",0.690229681978799,0.792664247559846,0.0468770481310351,368.446626741013,"Vynnycky-high","max",FALSE
"South Africa","7_5_5_6_4",0.610795081739966,0.73587712311906,0.0403859043586657,364.100115210742,"Vynnycky-high","max",TRUE
"South Africa","4_6_5_6_4",0.607559152320801,0.745250640892803,0.0408607353733992,359.389978618718,"Vynnycky-high","max",TRUE
"South Africa","5_6_5_6_4",0.624396862250504,0.754728680647,0.0419450043595843,364.936883418879,"Vynnycky-high","max",FALSE
"South Africa","6_6_5_6_4",0.638244413557147,0.763022384817794,0.0429891705143861,372.571136396095,"Vynnycky-high","max",FALSE
"South Africa","7_6_5_6_4",0.652974041451556,0.770946421759925,0.0441396231269397,369.553801232038,"Vynnycky-high","max",FALSE
"South Africa","3_7_5_6_4",0.634422282415388,0.770983676975945,0.0434607490028075,366.582569972401,"Vynnycky-high","max",FALSE
"South Africa","4_7_5_6_4",0.65179696306611,0.779440338400037,0.0445671702760631,361.454560881624,"Vynnycky-high","max",FALSE
"South Africa","5_7_5_6_4",0.664495798319328,0.785841685068796,0.0455415682228519,365.898350819419,"Vynnycky-high","max",FALSE
"South Africa","6_7_5_6_4",0.676831878743918,0.793356249373525,0.046572916737438,378.660202730965,"Vynnycky-high","max",FALSE
"South Africa","7_7_5_6_4",0.688745285070452,0.79972693337348,0.0475218573704408,374.746347910414,"Vynnycky-high","max",FALSE
"South Africa","6_5_6_6_4",0.593306084159743,0.736878352907061,0.0399780225713414,360.945681907728,"Vynnycky-high","max",FALSE
"South Africa","7_5_6_6_4",0.610908275433365,0.744702833951608,0.0410816288135394,357.884452704759,"Vynnycky-high","max",TRUE
"South Africa","4_6_6_6_4",0.607024546193595,0.754811744818619,0.0415010833544223,368.009156594356,"Vynnycky-high","max",FALSE
"South Africa","5_6_6_6_4",0.624178350346695,0.763072745313071,0.0425516455855582,371.487708538618,"Vynnycky-high","max",FALSE
"South Africa","6_6_6_6_4",0.637031662701865,0.771085999871901,0.0436588946931178,375.894338593819,"Vynnycky-high","max",FALSE
"South Africa","7_6_6_6_4",0.653193818915156,0.777263286673495,0.0448149948052102,380.919836393298,"Vynnycky-high","max",FALSE
"South Africa","3_7_6_6_4",0.634012234868739,0.776924260435954,0.0440830406497924,373.650756792519,"Vynnycky-high","max",FALSE
"South Africa","4_7_6_6_4",0.649351716581446,0.785384955317686,0.0451028037464584,374.995696978165,"Vynnycky-high","max",FALSE
"South Africa","5_7_6_6_4",0.663079692875447,0.792227049506941,0.0461597600720851,368.772469662742,"Vynnycky-high","max",FALSE
"South Africa","6_7_6_6_4",0.677512286748548,0.798675048185172,0.047224350995257,372.148417425663,"Vynnycky-high","max",FALSE
"South Africa","7_7_6_6_4",0.688523409363746,0.805399659863946,0.0481581818506661,385.060400173165,"Vynnycky-high","max",FALSE
"South Africa","6_5_7_6_4",0.592662685395464,0.742648873804381,0.0405997838939344,370.208921344255,"Vynnycky-high","max",TRUE
"South Africa","7_5_7_6_4",0.607061790529533,0.751791628311271,0.0417172982585582,373.817805905042,"Vynnycky-high","max",FALSE
"South Africa","3_6_7_6_4",0.588898323912344,0.752470958609918,0.0410603590628946,372.029166488749,"Vynnycky-high","max",FALSE
"South Africa","4_6_7_6_4",0.608415493987888,0.761513612121059,0.0422242978077731,361.10218950211,"Vynnycky-high","max",FALSE
"South Africa","5_6_7_6_4",0.622938027137989,0.768346206419525,0.0433278114458601,367.512819754792,"Vynnycky-high","max",FALSE
"South Africa","6_6_7_6_4",0.637848598860204,0.776126447256128,0.0443481336456898,381.563381529995,"Vynnycky-high","max",FALSE
"South Africa","7_6_7_6_4",0.653090338825112,0.783517463312966,0.045375123739722,378.315106883485,"Vynnycky-high","max",FALSE
"South Africa","3_7_7_6_4",0.63371014883236,0.784431928607185,0.0447207198438125,367.998983871033,"Vynnycky-high","max",FALSE
"South Africa","4_7_7_6_4",0.649999339790375,0.791424250913483,0.045733667856226,376.052948255114,"Vynnycky-high","max",FALSE
"South Africa","5_7_7_6_4",0.661813090963693,0.798040129223732,0.0466481274254426,364.378805912331,"Vynnycky-high","max",FALSE
"South Africa","6_7_7_6_4",0.676431905725521,0.804224270353303,0.0477039290018247,376.647853510695,"Vynnycky-high","max",FALSE
"South Africa","7_7_7_6_4",0.687837900496128,0.812081998957325,0.0486626539318458,385.779650449796,"Vynnycky-high","max",FALSE
"South Africa","5_6_3_7_4",0.622569033865121,0.73834303841474,0.040639364276975,355.480047352657,"Vynnycky-high","max",TRUE
"South Africa","6_6_3_7_4",0.638383529793447,0.748471738251675,0.0418188278620041,364.020348057676,"Vynnycky-high","max",TRUE
"South Africa","7_6_3_7_4",0.651494841173125,0.757655554890578,0.0427981175015297,364.501569592784,"Vynnycky-high","max",FALSE
"South Africa","3_7_3_7_4",0.633431089490859,0.756985820290252,0.0422770031156,362.122141969189,"Vynnycky-high","max",FALSE
"South Africa","4_7_3_7_4",0.64822683398615,0.764273112123728,0.0432699093301829,365.45711380603,"Vynnycky-high","max",FALSE
"South Africa","5_7_3_7_4",0.661066873370446,0.77322542974748,0.044252766144622,364.224141053058,"Vynnycky-high","max",FALSE
"South Africa","6_7_3_7_4",0.675919998453936,0.781660497994626,0.0454156128865032,370.046716426119,"Vynnycky-high","max",FALSE
"South Africa","7_7_3_7_4",0.688041092042394,0.78873088731211,0.0464268928645605,372.529442440662,"Vynnycky-high","max",FALSE
"South Africa","5_6_4_7_4",0.622352840621446,0.746337270799026,0.0415407362572554,367.028915557986,"Vynnycky-high","max",TRUE
"South Africa","6_6_4_7_4",0.637191533029621,0.758668451913754,0.0424996907015531,368.48728060607,"Vynnycky-high","max",FALSE
"South Africa","7_6_4_7_4",0.651542444599855,0.765169316831657,0.0435364411937643,372.689997060483,"Vynnycky-high","max",FALSE
"South Africa","3_7_4_7_4",0.632490146866254,0.765574806191178,0.0428711869204836,378.401975082189,"Vynnycky-high","max",FALSE
"South Africa","4_7_4_7_4",0.64978215756925,0.772608116773519,0.0440528106566369,372.356289065278,"Vynnycky-high","max",FALSE
"South Africa","5_7_4_7_4",0.662098905664245,0.781074846979286,0.0450892310291831,360.984918852279,"Vynnycky-high","max",FALSE
"South Africa","6_7_4_7_4",0.674681477942348,0.787719121322766,0.0460514290186542,369.799793985331,"Vynnycky-high","max",FALSE
"South Africa","7_7_4_7_4",0.685212338438145,0.794790335482503,0.0470714461565034,374.78451786479,"Vynnycky-high","max",FALSE
"South Africa","7_5_5_7_4",0.609816782256016,0.738556479891525,0.0405783124463385,356.205128355043,"Vynnycky-high","max",TRUE
"South Africa","4_6_5_7_4",0.60605732377937,0.747337858602492,0.0409941127741112,356.900767280096,"Vynnycky-high","max",TRUE
"South Africa","5_6_5_7_4",0.621516876365259,0.75682890101329,0.0421792541498253,364.61753367627,"Vynnycky-high","max",FALSE
"South Africa","6_6_5_7_4",0.638540391407413,0.763616816263759,0.0431777656211151,368.486992409168,"Vynnycky-high","max",FALSE
"South Africa","7_6_5_7_4",0.650981132751258,0.771376050420168,0.04423600533899,365.978785670817,"Vynnycky-high","max",FALSE
"South Africa","3_7_5_7_4",0.63538594563634,0.772070781896196,0.0437123714068144,377.761434372838,"Vynnycky-high","max",FALSE
"South Africa","4_7_5_7_4",0.648608488755852,0.780918579060712,0.044693960744069,372.314685012711,"Vynnycky-high","max",FALSE
"South Africa","5_7_5_7_4",0.662241850789337,0.786904212989053,0.0457802944144214,365.818039473533,"Vynnycky-high","max",FALSE
"South Africa","6_7_5_7_4",0.674708690656297,0.794644503755008,0.0468265931553636,376.477847761101,"Vynnycky-high","max",FALSE
"South Africa","7_7_5_7_4",0.685632157334196,0.802445628684038,0.0476941836697302,387.062164017277,"Vynnycky-high","max",FALSE
"South Africa","6_5_6_7_4",0.590415317327915,0.736807415911894,0.040192133262355,365.938559410007,"Vynnycky-high","max",TRUE
"South Africa","7_5_6_7_4",0.608494670594459,0.747332905198372,0.0413178047579362,364.338652191817,"Vynnycky-high","max",TRUE
"South Africa","3_6_6_7_4",0.589123983834737,0.747388450556505,0.0407044605518538,368.772722421479,"Vynnycky-high","max",TRUE
"South Africa","4_6_6_7_4",0.606486204808743,0.754455680016422,0.0417606842785672,358.154060043968,"Vynnycky-high","max",FALSE
"South Africa","5_6_6_7_4",0.621410726827152,0.762946591864432,0.0427441756029764,364.976933361902,"Vynnycky-high","max",FALSE
"South Africa","6_6_6_7_4",0.638395255986213,0.770988029000169,0.0439484359894116,374.673503015749,"Vynnycky-high","max",FALSE
"South Africa","7_6_6_7_4",0.650918573913385,0.77900906264418,0.0449989674854518,380.431618732109,"Vynnycky-high","max",FALSE
"South Africa","3_7_6_7_4",0.632077426674462,0.779725447959797,0.0442924269657512,380.955744558367,"Vynnycky-high","max",FALSE
"South Africa","4_7_6_7_4",0.647969797771794,0.786524254561638,0.0453412826786764,373.527748582842,"Vynnycky-high","max",FALSE
"South Africa","5_7_6_7_4",0.661653309869761,0.793384800295858,0.0463961168860152,369.187675894682,"Vynnycky-high","max",FALSE
"South Africa","6_7_6_7_4",0.675561363240283,0.800352537796641,0.0474204238365165,369.795133496043,"Vynnycky-high","max",FALSE
"South Africa","7_7_6_7_4",0.686884385715107,0.807990953434901,0.0484069392393484,391.930267766759,"Vynnycky-high","max",FALSE
"South Africa","6_5_7_7_4",0.592323143342079,0.743166354976969,0.0409918793231142,372.564923654131,"Vynnycky-high","max",TRUE
"South Africa","7_5_7_7_4",0.608426826957375,0.752096283900947,0.0419994383574223,365.217286638917,"Vynnycky-high","max",FALSE
"South Africa","3_6_7_7_4",0.589505905685904,0.753754270405781,0.0413335586574066,369.631180876448,"Vynnycky-high","max",FALSE
"South Africa","4_6_7_7_4",0.606500446138871,0.76226517553129,0.0424855852011156,366.099252631596,"Vynnycky-high","max",FALSE
"South Africa","5_6_7_7_4",0.62040107988264,0.769213993101498,0.0435009954317983,371.691960205087,"Vynnycky-high","max",FALSE
"South Africa","6_6_7_7_4",0.638355203075008,0.776769039219755,0.0445690487304099,380.127797847231,"Vynnycky-high","max",FALSE
"South Africa","7_6_7_7_4",0.651538792266511,0.783504984485377,0.0456313884157429,381.213804634273,"Vynnycky-high","max",FALSE
"South Africa","3_7_7_7_4",0.634457256361887,0.783075699022505,0.0449452023209167,375.75831509819,"Vynnycky-high","max",FALSE
"South Africa","4_7_7_7_4",0.649398215916626,0.791193432999268,0.0458744786676379,368.651158007409,"Vynnycky-high","max",FALSE
"South Africa","5_7_7_7_4",0.662418549799278,0.797478947089667,0.0470219892594619,366.421275180517,"Vynnycky-high","max",FALSE
"South Africa","6_7_7_7_4",0.674698463219113,0.804731211181263,0.0479573190644199,379.220065726991,"Vynnycky-high","max",FALSE
"South Africa","7_7_7_7_4",0.687254953336922,0.81065111388032,0.0488613928489772,389.317477626522,"Vynnycky-high","max",FALSE
"South Africa","6_6_3_3_5",0.638251818709655,0.747739902412578,0.0407108639507645,350.627411739037,"Vynnycky-high","max",TRUE
"South Africa","7_6_3_3_5",0.6514227395976,0.756894073170021,0.041734502478222,358.003995802906,"Vynnycky-high","max",FALSE
"South Africa","3_7_3_3_5",0.632884250474383,0.757460094650599,0.0411119691870342,347.911254270002,"Vynnycky-high","max",FALSE
"South Africa","4_7_3_3_5",0.648467992085011,0.766203481436891,0.0422798760852574,344.032784900548,"Vynnycky-high","max",FALSE
"South Africa","5_7_3_3_5",0.66168868081139,0.77275644766017,0.0432706857332551,350.324146482989,"Vynnycky-high","max",FALSE
"South Africa","6_7_3_3_5",0.675509997634876,0.780855426776775,0.0442653013145393,366.868257665201,"Vynnycky-high","max",FALSE
"South Africa","7_7_3_3_5",0.684267675359517,0.78804946761707,0.0453294619052413,371.071655270888,"Vynnycky-high","max",FALSE
"South Africa","5_6_4_3_5",0.621061364221094,0.747406470201684,0.0403833532083797,348.349866427903,"Vynnycky-high","max",TRUE
"South Africa","6_6_4_3_5",0.635696640848117,0.755068111207225,0.041467398595079,355.783260893142,"Vynnycky-high","max",FALSE
"South Africa","7_6_4_3_5",0.649147781892351,0.764935865544764,0.0425712886277855,364.145813371746,"Vynnycky-high","max",FALSE
"South Africa","3_7_4_3_5",0.632444600659633,0.765301003344482,0.0419593780956043,350.581981575789,"Vynnycky-high","max",FALSE
"South Africa","4_7_4_3_5",0.648480944495729,0.774371162606457,0.0429985820073872,350.77360658756,"Vynnycky-high","max",FALSE
"South Africa","5_7_4_3_5",0.660993674785911,0.781055516242126,0.0439744154415014,353.791110943891,"Vynnycky-high","max",FALSE
"South Africa","6_7_4_3_5",0.674500743102922,0.789737305814919,0.0450598418766467,367.593018910772,"Vynnycky-high","max",FALSE
"South Africa","7_7_4_3_5",0.686901844218714,0.795977499189126,0.0460091826300965,366.461607707684,"Vynnycky-high","max",FALSE
"South Africa","4_6_5_3_5",0.605041507372182,0.747044297839166,0.0399944360929815,346.536372737246,"Vynnycky-high","max",FALSE
"South Africa","5_6_5_3_5",0.621760508775331,0.756611665109146,0.0412104393291763,361.376731889368,"Vynnycky-high","max",FALSE
"South Africa","6_6_5_3_5",0.636847048003191,0.764128766181693,0.0422204139121025,364.29900343559,"Vynnycky-high","max",FALSE
"South Africa","7_6_5_3_5",0.650894229618652,0.773308361008165,0.0433108454778711,368.039673677178,"Vynnycky-high","max",FALSE
"South Africa","3_7_5_3_5",0.634509154040404,0.772616885856307,0.0427323987229354,361.614676612993,"Vynnycky-high","max",FALSE
"South Africa","4_7_5_3_5",0.649481184037525,0.779939714664849,0.0437371698122369,365.176903325784,"Vynnycky-high","max",FALSE
"South Africa","5_7_5_3_5",0.662103521478521,0.787920204430783,0.0447921488430752,360.535760351202,"Vynnycky-high","max",FALSE
"South Africa","6_7_5_3_5",0.673506429169321,0.794159354069822,0.0458644349145483,372.153464338665,"Vynnycky-high","max",FALSE
"South Africa","7_7_5_3_5",0.687129360522048,0.800427734196907,0.0468311767274089,370.24706891644,"Vynnycky-high","max",FALSE
"South Africa","7_5_6_3_5",0.606363039353471,0.745173639651913,0.0403175901723956,347.403617962294,"Vynnycky-high","max",TRUE
"South Africa","4_6_6_3_5",0.60588925500524,0.753738844465661,0.0407696272433423,353.789644322526,"Vynnycky-high","max",FALSE
"South Africa","5_6_6_3_5",0.621506732243019,0.761272408538474,0.0418070710458771,355.517779263652,"Vynnycky-high","max",FALSE
"South Africa","6_6_6_3_5",0.636381757743189,0.770006395038151,0.0429750128026916,364.220523110134,"Vynnycky-high","max",FALSE
"South Africa","7_6_6_3_5",0.649270633851101,0.777838485887599,0.043988468932044,365.37847105943,"Vynnycky-high","max",FALSE
"South Africa","3_7_6_3_5",0.631977694178447,0.778095005160718,0.0434629467302039,363.663244693135,"Vynnycky-high","max",FALSE
"South Africa","4_7_6_3_5",0.650206564806689,0.786378920944551,0.0443797359552037,364.504533392107,"Vynnycky-high","max",FALSE
"South Africa","5_7_6_3_5",0.661906847675273,0.791701143557566,0.0454919891424598,366.945989961385,"Vynnycky-high","max",FALSE
"South Africa","6_7_6_3_5",0.675037091988131,0.797716015122974,0.0464905948621783,368.283795073566,"Vynnycky-high","max",FALSE
"South Africa","7_7_6_3_5",0.685826450494545,0.806154088711373,0.0474802925231759,370.329227249912,"Vynnycky-high","max",FALSE
"South Africa","7_5_7_3_5",0.608106959662488,0.752083889630619,0.0410684121196608,363.151389699936,"Vynnycky-high","max",FALSE
"South Africa","4_6_7_3_5",0.606680660782757,0.760592881044496,0.0416812085367328,359.1196734857,"Vynnycky-high","max",FALSE
"South Africa","5_6_7_3_5",0.621461375532067,0.770207189346226,0.0426493126379896,363.346308765087,"Vynnycky-high","max",FALSE
"South Africa","6_6_7_3_5",0.638091043005753,0.777443105756359,0.0438033096294021,367.917747820989,"Vynnycky-high","max",FALSE
"South Africa","7_6_7_3_5",0.649202243591861,0.783057161766926,0.0446100272868472,370.493909519927,"Vynnycky-high","max",FALSE
"South Africa","3_7_7_3_5",0.633514539071003,0.783802176152556,0.0441129782921423,359.738110655443,"Vynnycky-high","max",FALSE
"South Africa","4_7_7_3_5",0.649289379129746,0.790341220232956,0.0451116012768862,358.930358930359,"Vynnycky-high","max",FALSE
"South Africa","5_7_7_3_5",0.663293729710855,0.796572458206814,0.0460370826543651,369.636998760056,"Vynnycky-high","max",FALSE
"South Africa","6_7_7_3_5",0.674644894043335,0.804928650946261,0.0472212359067827,369.63767146466,"Vynnycky-high","max",FALSE
"South Africa","7_7_7_3_5",0.686305966705506,0.811202548339933,0.048115569852917,377.372735883209,"Vynnycky-high","max",FALSE
"South Africa","6_6_3_4_5",0.636097642914215,0.748312310730153,0.0409986666224997,352.512141090748,"Vynnycky-high","max",TRUE
"South Africa","7_6_3_4_5",0.652256784241913,0.757210297586698,0.0420806449775601,362.516378880309,"Vynnycky-high","max",FALSE
"South Africa","3_7_3_4_5",0.632888970194819,0.757375118026898,0.0415031184018788,347.623716920825,"Vynnycky-high","max",FALSE
"South Africa","4_7_3_4_5",0.650577486900863,0.764975872758702,0.0425967699375264,350.517166517415,"Vynnycky-high","max",FALSE
"South Africa","5_7_3_4_5",0.664395712302293,0.773391281953417,0.0435561985537927,367.026512682678,"Vynnycky-high","max",FALSE
"South Africa","6_7_3_4_5",0.674724008631943,0.781538151565522,0.0446005079246749,364.897025939445,"Vynnycky-high","max",FALSE
"South Africa","7_7_3_4_5",0.687814159715466,0.787288913362702,0.0457107163900315,371.195248700817,"Vynnycky-high","max",FALSE
"South Africa","5_6_4_4_5",0.622489604137974,0.747611653896877,0.0407601064763195,350.324146482989,"Vynnycky-high","max",TRUE
"South Africa","6_6_4_4_5",0.636218450993133,0.757113518345109,0.0419478514919481,361.768340610476,"Vynnycky-high","max",FALSE
"South Africa","7_6_4_4_5",0.652635563161115,0.765087967378079,0.0428115631193476,359.246734513388,"Vynnycky-high","max",FALSE
"South Africa","3_7_4_4_5",0.63335801954183,0.764702932751672,0.0422927230557782,357.38537275122,"Vynnycky-high","max",FALSE
"South Africa","4_7_4_4_5",0.649406046723346,0.773140634068128,0.0433396395468419,359.815841405109,"Vynnycky-high","max",FALSE
"South Africa","5_7_4_4_5",0.663040653095944,0.780357970880089,0.0442585615735352,367.958563129731,"Vynnycky-high","max",FALSE
"South Africa","6_7_4_4_5",0.674134068119563,0.788339049485546,0.0454371678597355,375.931574297476,"Vynnycky-high","max",FALSE
"South Africa","7_7_4_4_5",0.686844523854872,0.794616250274014,0.0463576381109917,368.366128624969,"Vynnycky-high","max",FALSE
"South Africa","4_6_5_4_5",0.607540312612904,0.747597043170433,0.0403927393076479,352.697789158448,"Vynnycky-high","max",TRUE
"South Africa","5_6_5_4_5",0.622357782141256,0.756124034901209,0.0413691745928851,357.193950466493,"Vynnycky-high","max",FALSE
"South Africa","6_6_5_4_5",0.638399352630379,0.76392874371874,0.0425832174751642,365.379208589355,"Vynnycky-high","max",FALSE
"South Africa","7_6_5_4_5",0.65055796916262,0.770940124185967,0.0435528178051694,367.390644492193,"Vynnycky-high","max",FALSE
"South Africa","3_7_5_4_5",0.632647141804279,0.771039485641951,0.0430146453796159,364.100288976715,"Vynnycky-high","max",FALSE
"South Africa","4_7_5_4_5",0.649236577846508,0.777388373941548,0.0439836915527563,368.448643463891,"Vynnycky-high","max",FALSE
"South Africa","5_7_5_4_5",0.664010701170822,0.78448597289722,0.0451482922347433,374.365111835523,"Vynnycky-high","max",FALSE
"South Africa","6_7_5_4_5",0.67495372850811,0.793430335097002,0.0460807257400044,368.324574941231,"Vynnycky-high","max",FALSE
"South Africa","7_7_5_4_5",0.687276533942751,0.798248183420758,0.0469683174517658,371.443890399499,"Vynnycky-high","max",FALSE
"South Africa","7_5_6_4_5",0.608362788036871,0.744984238947885,0.0406247615383738,363.543829532399,"Vynnycky-high","max",TRUE
"South Africa","4_6_6_4_5",0.605699061244919,0.753664006267858,0.0411235955792138,355.409447750938,"Vynnycky-high","max",FALSE
"South Africa","5_6_6_4_5",0.619323203063629,0.761619964417334,0.0421024048142434,359.040710049799,"Vynnycky-high","max",FALSE
"South Africa","6_6_6_4_5",0.635373085695666,0.769308603998914,0.0432700403010329,366.869324215399,"Vynnycky-high","max",FALSE
"South Africa","7_6_6_4_5",0.650187815366387,0.777357556416783,0.0443068487791934,373.609510575561,"Vynnycky-high","max",FALSE
"South Africa","3_7_6_4_5",0.634242910647405,0.778829386763813,0.0437807319885054,364.978403572874,"Vynnycky-high","max",FALSE
"South Africa","4_7_6_4_5",0.649730322417079,0.784392791421534,0.0445904030434615,370.557488995687,"Vynnycky-high","max",FALSE
"South Africa","5_7_6_4_5",0.662124363269598,0.789511686571077,0.0456049180951222,374.616037507073,"Vynnycky-high","max",FALSE
"South Africa","6_7_6_4_5",0.6744754912694,0.797150329067995,0.0466428133209122,375.672319237386,"Vynnycky-high","max",FALSE
"South Africa","7_7_6_4_5",0.686915063163411,0.804714257286479,0.04759912534049,369.920257163341,"Vynnycky-high","max",FALSE
"South Africa","7_5_7_4_5",0.607195206391478,0.75261876576757,0.041295811352364,365.699157088919,"Vynnycky-high","max",FALSE
"South Africa","3_6_7_4_5",0.587496879940095,0.751960894720831,0.0406979596679287,359.738378808131,"Vynnycky-high","max",FALSE
"South Africa","4_6_7_4_5",0.60394979259209,0.759764789448619,0.0418031724473442,360.282478285504,"Vynnycky-high","max",FALSE
"South Africa","5_6_7_4_5",0.619466295771129,0.769325282447245,0.0428114053435277,368.918214212435,"Vynnycky-high","max",FALSE
"South Africa","6_6_7_4_5",0.636530749977218,0.775449176717882,0.0438681633094805,368.981088906406,"Vynnycky-high","max",FALSE
"South Africa","7_6_7_4_5",0.648068776874831,0.782063810666077,0.0448136283505456,371.775315618418,"Vynnycky-high","max",FALSE
"South Africa","3_7_7_4_5",0.632797686311314,0.782058580476355,0.0442172976851883,366.421275180517,"Vynnycky-high","max",FALSE
"South Africa","4_7_7_4_5",0.648388717729048,0.788733924723558,0.0453098313268515,375.164709341384,"Vynnycky-high","max",FALSE
"South Africa","5_7_7_4_5",0.66227717606101,0.796075188290162,0.0462463060204495,381.563381529995,"Vynnycky-high","max",FALSE
"South Africa","6_7_7_4_5",0.674322747864966,0.803355223310522,0.0472718297622731,372.481659367708,"Vynnycky-high","max",FALSE
"South Africa","7_7_7_4_5",0.68731833402997,0.809935475015719,0.048299431511633,375.333683943427,"Vynnycky-high","max",FALSE
"South Africa","5_6_3_5_5",0.61999180999181,0.738047975821894,0.0401278792189527,355.669952856654,"Vynnycky-high","max",TRUE
"South Africa","6_6_3_5_5",0.635407552973343,0.748271802940402,0.0412275809824211,357.347646853486,"Vynnycky-high","max",TRUE
"South Africa","7_6_3_5_5",0.650638546506775,0.756484093869351,0.0423084387318132,354.459351940354,"Vynnycky-high","max",FALSE
"South Africa","3_7_3_5_5",0.633130825609763,0.75664468231598,0.0417696525323852,354.195545026214,"Vynnycky-high","max",FALSE
"South Africa","4_7_3_5_5",0.64942992134895,0.765663260215789,0.0427651996562554,375.419752178145,"Vynnycky-high","max",FALSE
"South Africa","5_7_3_5_5",0.661815347387035,0.773103077061093,0.04393517084968,373.108354424772,"Vynnycky-high","max",FALSE
"South Africa","6_7_3_5_5",0.674843003797992,0.780430672463069,0.0447819724340498,361.850704044729,"Vynnycky-high","max",FALSE
"South Africa","7_7_3_5_5",0.687053328982617,0.788077373275057,0.0458993512718336,369.059050281615,"Vynnycky-high","max",FALSE
"South Africa","5_6_4_5_5",0.619053111543385,0.746784362062255,0.0409096509174656,350.513833376737,"Vynnycky-high","max",TRUE
"South Africa","6_6_4_5_5",0.63660155939667,0.75473921245425,0.0420338109115597,360.516411100069,"Vynnycky-high","max",FALSE
"South Africa","7_6_4_5_5",0.649949649835326,0.764331468321822,0.0431238655532613,363.623872258263,"Vynnycky-high","max",FALSE
"South Africa","3_7_4_5_5",0.634261138533481,0.763893896075949,0.0425782196013598,361.454764888609,"Vynnycky-high","max",FALSE
"South Africa","4_7_4_5_5",0.64851375747012,0.771208189272347,0.0435098025562785,376.776368340871,"Vynnycky-high","max",FALSE
"South Africa","5_7_4_5_5",0.663530393582082,0.777859508067221,0.0445282029473292,375.798591071344,"Vynnycky-high","max",FALSE
"South Africa","6_7_4_5_5",0.675081848619471,0.786870507910874,0.0456203159599172,360.637328681467,"Vynnycky-high","max",FALSE
"South Africa","7_7_4_5_5",0.688807138807139,0.794017495662233,0.0465769178588465,358.077343229054,"Vynnycky-high","max",FALSE
"South Africa","7_5_5_5_5",0.608732108732109,0.73571218138549,0.0401408157268731,359.860360349861,"Vynnycky-high","max",TRUE
"South Africa","4_6_5_5_5",0.605791833793291,0.745578565903205,0.0406361328094659,363.306814747277,"Vynnycky-high","max",TRUE
"South Africa","5_6_5_5_5",0.619753420945671,0.753908186902908,0.041714551627075,359.427807672994,"Vynnycky-high","max",FALSE
"South Africa","6_6_5_5_5",0.635818502345069,0.762739358352407,0.042754357303066,364.657443645764,"Vynnycky-high","max",FALSE
"South Africa","7_6_5_5_5",0.65065170549254,0.769552507876603,0.0438327415546562,367.512104965412,"Vynnycky-high","max",FALSE
"South Africa","3_7_5_5_5",0.633992112502333,0.769913628422617,0.0433299287245277,365.057506292374,"Vynnycky-high","max",FALSE
"South Africa","4_7_5_5_5",0.649218839092257,0.777777777777778,0.0442222832923655,375.544844657796,"Vynnycky-high","max",FALSE
"South Africa","5_7_5_5_5",0.664143251146313,0.784830270165741,0.0453572598639999,380.13373008388,"Vynnycky-high","max",FALSE
"South Africa","6_7_5_5_5",0.675764942459523,0.792040908633161,0.0462919363711675,362.960816182526,"Vynnycky-high","max",FALSE
"South Africa","7_7_5_5_5",0.687637854191743,0.798856298702031,0.0473087757235181,362.437236526612,"Vynnycky-high","max",FALSE
"South Africa","7_5_6_5_5",0.607852805152818,0.743948972927025,0.040873064991802,363.385819984124,"Vynnycky-high","max",TRUE
"South Africa","3_6_6_5_5",0.589670185303301,0.743736692908217,0.0403122653747148,356.31569977783,"Vynnycky-high","max",TRUE
"South Africa","4_6_6_5_5",0.605372566748793,0.752593502593503,0.0413319504991783,359.161240820394,"Vynnycky-high","max",FALSE
"South Africa","5_6_6_5_5",0.619307445666844,0.761492883898261,0.0424034515607386,359.118072868887,"Vynnycky-high","max",FALSE
"South Africa","6_6_6_5_5",0.635202673589559,0.769979242473305,0.0434969671121787,367.837264313002,"Vynnycky-high","max",FALSE
"South Africa","7_6_6_5_5",0.650415461062887,0.777519979376128,0.0445327483607378,365.26956461597,"Vynnycky-high","max",FALSE
"South Africa","3_7_6_5_5",0.635312689050212,0.776242607979639,0.0440324851621659,364.69731870222,"Vynnycky-high","max",FALSE
"South Africa","4_7_6_5_5",0.648085995379442,0.78433607520564,0.0449517116357149,381.039555355587,"Vynnycky-high","max",FALSE
"South Africa","5_7_6_5_5",0.663129749507458,0.790054460759858,0.0459890001551929,390.00065159814,"Vynnycky-high","max",FALSE
"South Africa","6_7_6_5_5",0.676838600492991,0.797420044331856,0.0469652825384891,371.858467978954,"Vynnycky-high","max",FALSE
"South Africa","7_7_6_5_5",0.687621975019516,0.804550363894376,0.0479418878095501,371.035936961556,"Vynnycky-high","max",FALSE
"South Africa","6_5_7_5_5",0.591011438735262,0.742278309118469,0.0404839522951876,355.861010711223,"Vynnycky-high","max",TRUE
"South Africa","7_5_7_5_5",0.609946402735034,0.75087971046078,0.0416061851403471,365.216760529015,"Vynnycky-high","max",TRUE
"South Africa","3_6_7_5_5",0.58942208482888,0.751443846737731,0.0409715836646022,358.500052437091,"Vynnycky-high","max",FALSE
"South Africa","4_6_7_5_5",0.604948795463067,0.760491851730526,0.0420874198783787,365.216760529015,"Vynnycky-high","max",FALSE
"South Africa","5_6_7_5_5",0.621672014296497,0.767175297496053,0.0430710890473405,375.082216738855,"Vynnycky-high","max",FALSE
"South Africa","6_6_7_5_5",0.638461038737497,0.775306907787247,0.0442078923938243,374.576878395921,"Vynnycky-high","max",FALSE
"South Africa","7_6_7_5_5",0.652672787750374,0.78220187273225,0.0451529243332726,372.606471986991,"Vynnycky-high","max",FALSE
"South Africa","3_7_7_5_5",0.635896267332117,0.782915787368632,0.0446183845965645,376.392959962397,"Vynnycky-high","max",FALSE
"South Africa","4_7_7_5_5",0.65100241084519,0.789507045842571,0.0455224279771701,381.607408868306,"Vynnycky-high","max",FALSE
"South Africa","5_7_7_5_5",0.664175354709488,0.79672628251383,0.0465577810516985,390.092317983427,"Vynnycky-high","max",FALSE
"South Africa","6_7_7_5_5",0.677194265702312,0.802097927746195,0.0475396327274161,376.053886349762,"Vynnycky-high","max",FALSE
"South Africa","7_7_7_5_5",0.690580481622307,0.809662231435827,0.0486245033555308,379.175912503159,"Vynnycky-high","max",FALSE
"South Africa","5_6_3_6_5",0.620822062912592,0.736398686958621,0.040369945726865,364.577745839443,"Vynnycky-high","max",TRUE
"South Africa","6_6_3_6_5",0.638181809831518,0.746701128390518,0.0415572465017301,359.195469034037,"Vynnycky-high","max",TRUE
"South Africa","7_6_3_6_5",0.653158741049853,0.755738102862337,0.0425752455575993,362.201693864972,"Vynnycky-high","max",FALSE
"South Africa","3_7_3_6_5",0.634123985618061,0.754724631365546,0.0420463267278066,367.188234133779,"Vynnycky-high","max",FALSE
"South Africa","4_7_3_6_5",0.64902360278766,0.765192559704266,0.0431620140406375,376.60609244241,"Vynnycky-high","max",FALSE
"South Africa","5_7_3_6_5",0.664767479079976,0.773206787460454,0.0442478086382618,379.82472837295,"Vynnycky-high","max",FALSE
"South Africa","6_7_3_6_5",0.677773315910577,0.780601978139547,0.0452993612752523,366.945563068272,"Vynnycky-high","max",FALSE
"South Africa","7_7_3_6_5",0.690565885560805,0.789315716214231,0.0463854943394281,367.4449240886,"Vynnycky-high","max",FALSE
"South Africa","4_6_4_6_5",0.605899564539592,0.736562603960569,0.0401792790678421,362.871052835163,"Vynnycky-high","max",TRUE
"South Africa","5_6_4_6_5",0.623791968102465,0.746465317041145,0.0412134751552982,373.901894383699,"Vynnycky-high","max",TRUE
"South Africa","6_6_4_6_5",0.638722757197135,0.755317915358205,0.0423220763048965,375.122598727785,"Vynnycky-high","max",FALSE
"South Africa","7_6_4_6_5",0.653219053060156,0.763259816758158,0.0434829043036508,357.348386097769,"Vynnycky-high","max",FALSE
"South Africa","3_7_4_6_5",0.636726197120214,0.763776368843526,0.0428818049029531,367.634083979935,"Vynnycky-high","max",FALSE
"South Africa","4_7_4_6_5",0.65051759410802,0.770773704057062,0.0439021542315577,378.05894580855,"Vynnycky-high","max",FALSE
"South Africa","5_7_4_6_5",0.663680924855491,0.77835219504785,0.0449645945566374,382.482436090542,"Vynnycky-high","max",FALSE
"South Africa","6_7_4_6_5",0.677550417857138,0.787381084799344,0.0459693151200646,369.713120825053,"Vynnycky-high","max",FALSE
"South Africa","7_7_4_6_5",0.689397343010973,0.793862691287478,0.0470415579292048,373.528255143874,"Vynnycky-high","max",FALSE
"South Africa","7_5_5_6_5",0.609292203325506,0.733975938329179,0.0404258608641296,358.192658228316,"Vynnycky-high","max",TRUE
"South Africa","4_6_5_6_5",0.606685338382536,0.746040468313245,0.0409220096582116,368.041827301462,"Vynnycky-high","max",TRUE
"South Africa","5_6_5_6_5",0.621696986327904,0.752850568947316,0.0419396635016536,372.941768676964,"Vynnycky-high","max",FALSE
"South Africa","6_6_5_6_5",0.636390952797203,0.761347704929382,0.0431440035918617,378.792887619451,"Vynnycky-high","max",FALSE
"South Africa","7_6_5_6_5",0.652619221221117,0.769686291134545,0.0441074556745554,367.676670343433,"Vynnycky-high","max",FALSE
"South Africa","3_7_5_6_5",0.635017932358181,0.768584489180347,0.0436218244128952,374.409603618529,"Vynnycky-high","max",FALSE
"South Africa","4_7_5_6_5",0.65012315270936,0.77859813411072,0.0445350663809769,373.901668566918,"Vynnycky-high","max",FALSE
"South Africa","5_7_5_6_5",0.66560157665843,0.786387407852045,0.0456998036233111,390.82347041344,"Vynnycky-high","max",FALSE
"South Africa","6_7_5_6_5",0.676564866532572,0.792466626759912,0.0466615073507296,367.066880725552,"Vynnycky-high","max",FALSE
"South Africa","7_7_5_6_5",0.691411260890968,0.799461876761283,0.0477636303184179,374.742937719721,"Vynnycky-high","max",FALSE
"South Africa","7_5_6_6_5",0.610916367932214,0.744496793095257,0.0411826172324268,363.623249154254,"Vynnycky-high","max",TRUE
"South Africa","3_6_6_6_5",0.591486147117377,0.743723944554349,0.0405340797310338,362.161533015132,"Vynnycky-high","max",TRUE
"South Africa","4_6_6_6_5",0.607751813958926,0.751162109209702,0.0415854652614057,371.239024943988,"Vynnycky-high","max",FALSE
"South Africa","5_6_6_6_5",0.622439517983626,0.759987457384421,0.0426395196226856,375.883344934514,"Vynnycky-high","max",FALSE
"South Africa","6_6_6_6_5",0.639578611414475,0.768870897793135,0.0437694762658725,378.103712098384,"Vynnycky-high","max",FALSE
"South Africa","7_6_6_6_5",0.653315845278497,0.775639248153063,0.0448389810837562,372.14919671947,"Vynnycky-high","max",FALSE
"South Africa","3_7_6_6_5",0.636805434523415,0.776346407269204,0.0443581869864231,381.486119737989,"Vynnycky-high","max",FALSE
"South Africa","4_7_6_6_5",0.651939733143388,0.784425170394877,0.0453254671870612,389.317902485005,"Vynnycky-high","max",FALSE
"South Africa","5_7_6_6_5",0.66567246623083,0.790314321500867,0.0462871503059826,393.551465482507,"Vynnycky-high","max",FALSE
"South Africa","6_7_6_6_5",0.679216093132488,0.796922028615553,0.0472864530580934,371.278233459985,"Vynnycky-high","max",FALSE
"South Africa","7_7_6_6_5",0.691554731845762,0.804601502539144,0.0483706739966873,377.500963119105,"Vynnycky-high","max",FALSE
"South Africa","6_5_7_6_5",0.594065050746808,0.741645937982998,0.040801293727779,359.895888049204,"Vynnycky-high","max",TRUE
"South Africa","7_5_7_6_5",0.610772246285432,0.749296186524402,0.0419380019875812,360.831320364842,"Vynnycky-high","max",TRUE
"South Africa","3_6_7_6_5",0.591960718405513,0.751892149088025,0.0413511767479426,367.153086475111,"Vynnycky-high","max",FALSE
"South Africa","4_6_7_6_5",0.608896791039648,0.760347876890865,0.0424652128346086,380.041711950168,"Vynnycky-high","max",FALSE
"South Africa","5_6_7_6_5",0.625081454185279,0.766581336696091,0.0434131460880791,375.122389695274,"Vynnycky-high","max",FALSE
"South Africa","6_6_7_6_5",0.641399124268962,0.776324205088982,0.044645828190471,378.580207873168,"Vynnycky-high","max",FALSE
"South Africa","7_6_7_6_5",0.654506012559714,0.783849665671538,0.0455968175738476,373.483293759588,"Vynnycky-high","max",FALSE
"South Africa","3_7_7_6_5",0.636549165120594,0.783218916857361,0.0448299518558148,379.650721336371,"Vynnycky-high","max",FALSE
"South Africa","4_7_7_6_5",0.652552900262717,0.789248360125892,0.0459430763179193,383.811232010986,"Vynnycky-high","max",FALSE
"South Africa","5_7_7_6_5",0.666666666666667,0.795987439325085,0.0469609355885517,388.683304306268,"Vynnycky-high","max",FALSE
"South Africa","6_7_7_6_5",0.676911624778529,0.801913790097629,0.0477947729259083,378.015911511937,"Vynnycky-high","max",FALSE
"South Africa","7_7_7_6_5",0.691217079818012,0.809744973782014,0.0488578533283147,379.910420119266,"Vynnycky-high","max",FALSE
"South Africa","5_6_3_7_5",0.623473512486636,0.736983253764403,0.0407723527353315,372.898017385633,"Vynnycky-high","max",TRUE
"South Africa","6_6_3_7_5",0.640518655993969,0.74701540079798,0.0419437413779511,371.609529112313,"Vynnycky-high","max",TRUE
"South Africa","7_6_3_7_5",0.653979486235846,0.755488703475939,0.0431535578071832,361.023901792114,"Vynnycky-high","max",FALSE
"South Africa","3_7_3_7_5",0.637930665108579,0.755556791733235,0.0425250823482453,366.381048919707,"Vynnycky-high","max",FALSE
"South Africa","4_7_3_7_5",0.65123432639652,0.764497902873583,0.0434696903571289,374.325512086548,"Vynnycky-high","max",FALSE
"South Africa","5_7_3_7_5",0.665056107913251,0.771508579046133,0.0445976710995571,377.385311864591,"Vynnycky-high","max",FALSE
"South Africa","6_7_3_7_5",0.679392702669722,0.780236061799058,0.0456032863715279,377.202152865174,"Vynnycky-high","max",FALSE
"South Africa","7_7_3_7_5",0.69058809998855,0.786554598441537,0.0467768618123898,372.48214308369,"Vynnycky-high","max",FALSE
"South Africa","4_6_4_7_5",0.610269553255601,0.735314800388674,0.0405845133997988,364.102930239931,"Vynnycky-high","max",TRUE
"South Africa","5_6_4_7_5",0.623529886888792,0.74743502742703,0.0416509139352417,373.862004062365,"Vynnycky-high","max",TRUE
"South Africa","6_6_4_7_5",0.63904773791817,0.755775632392409,0.042787679794385,376.267727905605,"Vynnycky-high","max",FALSE
"South Africa","7_6_4_7_5",0.653703492353344,0.763729957484128,0.0437408996249213,374.028451444484,"Vynnycky-high","max",FALSE
"South Africa","3_7_4_7_5",0.637276440573137,0.763657830885807,0.0432198394650856,377.62924845525,"Vynnycky-high","max",FALSE
"South Africa","4_7_4_7_5",0.650363555265408,0.773404617774683,0.04425121873817,385.001391661302,"Vynnycky-high","max",FALSE
"South Africa","5_7_4_7_5",0.665267641703198,0.777901053011976,0.0452939134592853,376.010533079358,"Vynnycky-high","max",FALSE
"South Africa","6_7_4_7_5",0.678027715186461,0.787106100795756,0.0462217382820515,376.223950780192,"Vynnycky-high","max",FALSE
"South Africa","7_7_4_7_5",0.689512939546352,0.794837377552215,0.0473752111820422,377.632776830879,"Vynnycky-high","max",FALSE
"South Africa","7_5_5_7_5",0.610327106649111,0.736634469503848,0.0408894460979501,374.869099352959,"Vynnycky-high","max",TRUE
"South Africa","4_6_5_7_5",0.60843178392612,0.747248683381892,0.0414233985574463,374.345339153766,"Vynnycky-high","max",TRUE
"South Africa","5_6_5_7_5",0.624083202176563,0.756161988034975,0.0424499107404807,375.080279081674,"Vynnycky-high","max",FALSE
"South Africa","6_6_5_7_5",0.640220263682774,0.763364661654135,0.0434733385188383,385.445760623457,"Vynnycky-high","max",FALSE
"South Africa","7_6_5_7_5",0.654253289481456,0.771341761391912,0.0443668590732131,372.523635808704,"Vynnycky-high","max",FALSE
"South Africa","3_7_5_7_5",0.636134434197117,0.771775400704917,0.0438928551893656,369.554400808674,"Vynnycky-high","max",FALSE
"South Africa","4_7_5_7_5",0.650880811266125,0.779364869922736,0.0448603076497229,388.682120515496,"Vynnycky-high","max",FALSE
"South Africa","5_7_5_7_5",0.664614067370475,0.784606009070295,0.0459135752855138,387.552091759358,"Vynnycky-high","max",FALSE
"South Africa","6_7_5_7_5",0.67734749237747,0.792970033353469,0.0468769433972254,375.802870845832,"Vynnycky-high","max",FALSE
"South Africa","7_7_5_7_5",0.689514234708259,0.799044725725845,0.0479547657032864,379.305113032924,"Vynnycky-high","max",FALSE
"South Africa","7_5_6_7_5",0.612377306822861,0.744553619086571,0.0414851950730369,374.447765260235,"Vynnycky-high","max",TRUE
"South Africa","3_6_6_7_5",0.593541944541945,0.744745512307532,0.0408847990992508,376.993552736589,"Vynnycky-high","max",TRUE
"South Africa","4_6_6_7_5",0.609152803174716,0.753046736929891,0.0418568921664385,375.883497885363,"Vynnycky-high","max",FALSE
"South Africa","5_6_6_7_5",0.624760828532275,0.760960785687048,0.042986283890237,383.009695201914,"Vynnycky-high","max",FALSE
"South Africa","6_6_6_7_5",0.639733453283013,0.770584117750468,0.0440399552574497,386.428813594553,"Vynnycky-high","max",FALSE
"South Africa","7_6_6_7_5",0.652464494569758,0.77643846877926,0.0450219738691556,377.37331629467,"Vynnycky-high","max",FALSE
"South Africa","3_7_6_7_5",0.637046938294049,0.776267412691389,0.0444969145329966,377.974374168898,"Vynnycky-high","max",FALSE
"South Africa","4_7_6_7_5",0.650818260120586,0.784637978853778,0.045443308947102,383.585587867558,"Vynnycky-high","max",FALSE
"South Africa","5_7_6_7_5",0.664655308582113,0.791611420142948,0.0465021206745667,385.579338106971,"Vynnycky-high","max",FALSE
"South Africa","6_7_6_7_5",0.676885650045908,0.799701782942006,0.04742631078518,374.61618891609,"Vynnycky-high","max",FALSE
"South Africa","7_7_6_7_5",0.689057089146136,0.805553935860058,0.0484146715293768,380.737008740104,"Vynnycky-high","max",FALSE
"South Africa","6_5_7_7_5",0.594929414402904,0.742450642672303,0.0409998419494738,375.717083071471,"Vynnycky-high","max",TRUE
"South Africa","7_5_7_7_5",0.610350474881162,0.749282342178332,0.0420690863869284,367.798598406104,"Vynnycky-high","max",TRUE
"South Africa","3_6_7_7_5",0.593029465143718,0.751705007551993,0.0414480674943754,369.303566140239,"Vynnycky-high","max",FALSE
"South Africa","4_6_7_7_5",0.608534060279343,0.759870695521303,0.0425081427682706,369.767876830997,"Vynnycky-high","max",FALSE
"South Africa","5_6_7_7_5",0.622814337995902,0.767869316533825,0.0435703428869347,375.206534641606,"Vynnycky-high","max",FALSE
"South Africa","6_6_7_7_5",0.638963161021985,0.775159646663552,0.0445222524126396,380.257053768347,"Vynnycky-high","max",FALSE
"South Africa","7_6_7_7_5",0.651174280724331,0.783277724200028,0.0456612037203659,382.000654488034,"Vynnycky-high","max",FALSE
"South Africa","3_7_7_7_5",0.633992648393886,0.78438422655302,0.0448939549225028,378.144411270119,"Vynnycky-high","max",FALSE
"South Africa","4_7_7_7_5",0.65016341429769,0.790191891916138,0.0459067889000009,380.257548619871,"Vynnycky-high","max",FALSE
"South Africa","5_7_7_7_5",0.664848798343951,0.797918904343274,0.0469754451612028,385.04498617076,"Vynnycky-high","max",FALSE
"South Africa","6_7_7_7_5",0.675211678832117,0.80425707465205,0.0479384183247541,383.812046167114,"Vynnycky-high","max",FALSE
"South Africa","6_6_3_3_6",0.638086548488008,0.746989630448829,0.0407489241100298,362.123270238832,"Vynnycky-high","max",TRUE
"South Africa","7_6_3_3_6",0.652912883700821,0.755973792394656,0.0418538158395968,370.577569717115,"Vynnycky-high","max",FALSE
"South Africa","3_7_3_3_6",0.635405274690566,0.75671092619118,0.0412191485542606,362.047477223922,"Vynnycky-high","max",FALSE
"South Africa","4_7_3_3_6",0.64996251874063,0.765117106445033,0.0424435817341109,368.366812417638,"Vynnycky-high","max",FALSE
"South Africa","5_7_3_3_6",0.664004386448143,0.773762834180745,0.0435175904757263,359.660547501146,"Vynnycky-high","max",FALSE
"South Africa","6_7_3_3_6",0.675701301807496,0.78022555134584,0.0443724456034471,362.950488384185,"Vynnycky-high","max",FALSE
"South Africa","7_7_3_3_6",0.686055760433392,0.788275616542096,0.0454930836737867,374.873062972452,"Vynnycky-high","max",FALSE
"South Africa","5_6_4_3_6",0.622092401184231,0.746567995381971,0.0404870464740448,349.666273197659,"Vynnycky-high","max",TRUE
"South Africa","6_6_4_3_6",0.637339128274213,0.755644916438207,0.041556317674724,364.460159666864,"Vynnycky-high","max",FALSE
"South Africa","7_6_4_3_6",0.650364401897816,0.762066950781982,0.042649301935291,366.986162403518,"Vynnycky-high","max",FALSE
"South Africa","3_7_4_3_6",0.634486274905191,0.764394105005096,0.0421226291867265,360.67229315444,"Vynnycky-high","max",FALSE
"South Africa","4_7_4_3_6",0.649084290025388,0.773017062204705,0.0431313462895948,377.159545657173,"Vynnycky-high","max",FALSE
"South Africa","5_7_4_3_6",0.663296335014143,0.779098260230336,0.0441243442542444,360.828529798648,"Vynnycky-high","max",FALSE
"South Africa","6_7_4_3_6",0.674256028139029,0.785558123608971,0.0451970253033223,363.62366455669,"Vynnycky-high","max",FALSE
"South Africa","7_7_4_3_6",0.687047534971307,0.792100135210371,0.0461676885779398,371.733619344774,"Vynnycky-high","max",FALSE
"South Africa","5_6_5_3_6",0.622955728007639,0.753640827744115,0.0413101836858781,357.19390124714,"Vynnycky-high","max",FALSE
"South Africa","6_6_5_3_6",0.638296148117864,0.762723699104446,0.0422707575928861,362.950212984275,"Vynnycky-high","max",FALSE
"South Africa","7_6_5_3_6",0.652109394347346,0.770694134834383,0.0433563688008612,373.906184954374,"Vynnycky-high","max",FALSE
"South Africa","3_7_5_3_6",0.633821725200138,0.770498585357426,0.0428137526272511,368.242817523919,"Vynnycky-high","max",FALSE
"South Africa","4_7_5_3_6",0.649737646043702,0.779443596852638,0.043825433002144,375.042365271685,"Vynnycky-high","max",FALSE
"South Africa","5_7_5_3_6",0.66192562270576,0.784022120591557,0.044870972132675,359.815791093935,"Vynnycky-high","max",FALSE
"South Africa","6_7_5_3_6",0.674199641191481,0.79208639111192,0.045852197882982,367.958240301922,"Vynnycky-high","max",FALSE
"South Africa","7_7_5_3_6",0.686647659063625,0.79943815050198,0.0468006164653964,374.197762089028,"Vynnycky-high","max",FALSE
"South Africa","7_5_6_3_6",0.609071832533306,0.742268242438648,0.0404033984116168,356.050593412585,"Vynnycky-high","max",TRUE
"South Africa","4_6_6_3_6",0.607430075515182,0.752664502349722,0.0408558744727118,357.502347805798,"Vynnycky-high","max",FALSE
"South Africa","5_6_6_3_6",0.621013414159065,0.762558083668912,0.0419355404192248,361.611612495144,"Vynnycky-high","max",FALSE
"South Africa","6_6_6_3_6",0.636062929685195,0.769778027811117,0.0431058948441659,367.755293744947,"Vynnycky-high","max",FALSE
"South Africa","7_6_6_3_6",0.649147676719689,0.775890815345387,0.0440735153070576,373.567494465105,"Vynnycky-high","max",FALSE
"South Africa","3_7_6_3_6",0.633191465515207,0.777688061872663,0.0434130605788912,376.053120557862,"Vynnycky-high","max",FALSE
"South Africa","4_7_6_3_6",0.648124609219576,0.785262445794246,0.0445411980682587,378.014744752767,"Vynnycky-high","max",FALSE
"South Africa","5_7_6_3_6",0.661724744245524,0.791765484602371,0.0455578654602202,369.803944832505,"Vynnycky-high","max",FALSE
"South Africa","6_7_6_3_6",0.675183998100665,0.800350877192982,0.0466038167498909,367.714872695123,"Vynnycky-high","max",FALSE
"South Africa","7_7_6_3_6",0.687097830693947,0.808403653529829,0.0475611926239776,368.775647226352,"Vynnycky-high","max",FALSE
"South Africa","7_5_7_3_6",0.606936330060702,0.75157849547586,0.041141044604895,354.120671985527,"Vynnycky-high","max",FALSE
"South Africa","3_6_7_3_6",0.589229669848247,0.754001546961102,0.0405436339320507,365.617877128524,"Vynnycky-high","max",FALSE
"South Africa","4_6_7_3_6",0.608155928638681,0.761021857215606,0.0416297537963281,361.024071190991,"Vynnycky-high","max",FALSE
"South Africa","5_6_7_3_6",0.621610130538702,0.768296398654216,0.0426989991757324,367.842191591925,"Vynnycky-high","max",FALSE
"South Africa","6_6_7_3_6",0.636808394213283,0.776775874784563,0.043724812855377,369.222133703792,"Vynnycky-high","max",FALSE
"South Africa","7_6_7_3_6",0.650319651046395,0.78428827108497,0.0448541011625528,371.443447615066,"Vynnycky-high","max",FALSE
"South Africa","3_7_7_3_6",0.632808305615038,0.78484681139378,0.0441473364114277,370.989057073898,"Vynnycky-high","max",FALSE
"South Africa","4_7_7_3_6",0.649825414417313,0.790628243325786,0.0451832636465883,384.494029007294,"Vynnycky-high","max",FALSE
"South Africa","5_7_7_3_6",0.662943446668215,0.798499070245862,0.0461263982237569,373.775959176255,"Vynnycky-high","max",FALSE
"South Africa","6_7_7_3_6",0.675887649066134,0.804845216718626,0.0473041166139942,372.57844002544,"Vynnycky-high","max",FALSE
"South Africa","7_7_7_3_6",0.686206130228901,0.811362224233684,0.0481706232511779,370.949237219222,"Vynnycky-high","max",FALSE
"South Africa","6_6_3_4_6",0.635391745613242,0.748837083547379,0.0410279498060554,352.808607454568,"Vynnycky-high","max",TRUE
"South Africa","7_6_3_4_6",0.6498272128527,0.756437886825818,0.0420866784384735,362.871465665107,"Vynnycky-high","max",FALSE
"South Africa","3_7_3_4_6",0.634265832492748,0.756439119363059,0.041580663767481,365.498200979381,"Vynnycky-high","max",FALSE
"South Africa","4_7_3_4_6",0.648712495213256,0.766588457684032,0.0425827034327513,369.509496848736,"Vynnycky-high","max",FALSE
"South Africa","5_7_3_4_6",0.662636837977015,0.773757868095452,0.0436989839237584,363.870873686021,"Vynnycky-high","max",FALSE
"South Africa","6_7_3_4_6",0.675774416909621,0.783007597152291,0.0447872398793842,362.87119044504,"Vynnycky-high","max",FALSE
"South Africa","7_7_3_4_6",0.687579303104928,0.790220230313852,0.0457462191303732,364.936883418879,"Vynnycky-high","max",FALSE
"South Africa","5_6_4_4_6",0.622039358664915,0.74791834542036,0.0407563991022655,354.049313327092,"Vynnycky-high","max",TRUE
"South Africa","6_6_4_4_6",0.636018165013204,0.756459657525614,0.0417939915468885,362.046042158439,"Vynnycky-high","max",FALSE
"South Africa","7_6_4_4_6",0.650903721296054,0.762352060048394,0.0428794344346907,365.97890919962,"Vynnycky-high","max",FALSE
"South Africa","3_7_4_4_6",0.633669028340081,0.763272563947752,0.042305165577012,363.980924633326,"Vynnycky-high","max",FALSE
"South Africa","4_7_4_4_6",0.64932712858492,0.772453061487838,0.0433592504554143,375.20683889387,"Vynnycky-high","max",FALSE
"South Africa","5_7_4_4_6",0.662472568934804,0.779883053071016,0.0443815572343738,369.017854140221,"Vynnycky-high","max",FALSE
"South Africa","6_7_4_4_6",0.674967201362576,0.788235827537859,0.0454704602256834,370.82646753636,"Vynnycky-high","max",FALSE
"South Africa","7_7_4_4_6",0.687015432613842,0.795024665893819,0.0464791677562085,374.619217122124,"Vynnycky-high","max",FALSE
"South Africa","4_6_5_4_6",0.606850940704295,0.74583439815998,0.0403437722729474,350.914446326529,"Vynnycky-high","max",TRUE
"South Africa","5_6_5_4_6",0.622401116214903,0.753660802246476,0.0414317878970711,354.61007355473,"Vynnycky-high","max",FALSE
"South Africa","6_6_5_4_6",0.635874478011541,0.760770296294826,0.0424819426849808,362.398719250303,"Vynnycky-high","max",FALSE
"South Africa","7_6_5_4_6",0.652882282891545,0.769304370902267,0.0436107432664943,365.697924639604,"Vynnycky-high","max",FALSE
"South Africa","3_7_5_4_6",0.63448029204282,0.769990577715884,0.0429303501046906,374.573964732954,"Vynnycky-high","max",FALSE
"South Africa","4_7_5_4_6",0.649023948238733,0.777655554850811,0.043973495386405,369.55031282475,"Vynnycky-high","max",FALSE
"South Africa","5_7_5_4_6",0.664096229193182,0.783791702265224,0.045093535592603,367.107355597473,"Vynnycky-high","max",FALSE
"South Africa","6_7_5_4_6",0.674324997801296,0.792652665031786,0.0460745723148404,370.742143383912,"Vynnycky-high","max",FALSE
"South Africa","7_7_5_4_6",0.686210571945288,0.800751642812134,0.0470137324043675,380.605114327988,"Vynnycky-high","max",FALSE
"South Africa","4_6_6_4_6",0.607694905681456,0.750971288375802,0.041020272508391,348.004769747053,"Vynnycky-high","max",TRUE
"South Africa","5_6_6_4_6",0.621867717727766,0.760258822378195,0.042106857563857,366.663536858014,"Vynnycky-high","max",FALSE
"South Africa","6_6_6_4_6",0.637320464623096,0.768402197981311,0.0431036812784621,367.836404292393,"Vynnycky-high","max",FALSE
"South Africa","7_6_6_4_6",0.651331332624949,0.776335157706448,0.0443567840954695,373.273684449358,"Vynnycky-high","max",FALSE
"South Africa","3_7_6_4_6",0.634162489843617,0.775523652842158,0.043649195024776,381.869472648276,"Vynnycky-high","max",FALSE
"South Africa","4_7_6_4_6",0.650909933596734,0.78376123696512,0.0447176376178215,375.841178239253,"Vynnycky-high","max",FALSE
"South Africa","5_7_6_4_6",0.664764256456439,0.789473684210526,0.0457660924124599,362.480296736241,"Vynnycky-high","max",FALSE
"South Africa","6_7_6_4_6",0.676988344685812,0.797749172341975,0.0467772572068422,372.856544070267,"Vynnycky-high","max",FALSE
"South Africa","6_5_7_4_6",0.595206530645983,0.740565566862063,0.0401494189705464,355.897216883764,"Vynnycky-high","max",TRUE
"South Africa","7_5_7_4_6",0.611497879702677,0.750396376349914,0.0413317861309778,354.359993831793,"Vynnycky-high","max",TRUE
"South Africa","3_6_7_4_6",0.59200154731028,0.751100556791487,0.0406777537783335,365.266055856649,"Vynnycky-high","max",FALSE
"South Africa","4_6_7_4_6",0.609879629286891,0.758080878897664,0.0418016870172562,359.312064228095,"Vynnycky-high","max",FALSE
"South Africa","5_6_7_4_6",0.623995434967632,0.766040910657449,0.0428606415236865,365.982597455162,"Vynnycky-high","max",FALSE
"South Africa","6_6_7_4_6",0.637743738009392,0.772379446838827,0.0438108398644329,362.358574194051,"Vynnycky-high","max",FALSE
"South Africa","7_6_7_4_6",0.653449832687098,0.780760866697572,0.0450066008162124,366.827639693633,"Vynnycky-high","max",FALSE
"South Africa","3_7_7_4_6",0.632828030310139,0.78245887648596,0.0442535365949154,376.562908356142,"Vynnycky-high","max",FALSE
"South Africa","4_7_7_4_6",0.650958056127252,0.789981433042178,0.0453169253386733,379.329180602525,"Vynnycky-high","max",FALSE
"South Africa","5_7_7_4_6",0.665137139528658,0.796808604815864,0.0462607796985032,368.692082596683,"Vynnycky-high","max",FALSE
"South Africa","6_7_7_4_6",0.676354570301251,0.803068661895182,0.0473147471449879,373.778158681109,"Vynnycky-high","max",FALSE
"South Africa","7_7_7_4_6",0.689562659617577,0.808295141624501,0.0483004158123204,374.157442293491,"Vynnycky-high","max",FALSE
"South Africa","5_6_3_5_6",0.624215582309276,0.736266941567574,0.040096745956755,360.829070995991,"Vynnycky-high","max",TRUE
"South Africa","6_6_3_5_6",0.639374117020355,0.746452809597941,0.0412122515148999,356.812120887122,"Vynnycky-high","max",TRUE
"South Africa","7_6_3_5_6",0.65385554829731,0.755651852460363,0.0424653716075044,353.744707006132,"Vynnycky-high","max",FALSE
"South Africa","3_7_3_5_6",0.636206662899721,0.755977131559658,0.0418102050318843,364.378649163745,"Vynnycky-high","max",FALSE
"South Africa","4_7_3_5_6",0.650814976577267,0.765080247158602,0.0428398624320835,365.783856380566,"Vynnycky-high","max",FALSE
"South Africa","5_7_3_5_6",0.663694546194546,0.771900452488688,0.0438633672001826,360.945885054319,"Vynnycky-high","max",FALSE
"South Africa","6_7_3_5_6",0.676207208392713,0.779201244002688,0.0448491882583605,365.900043819643,"Vynnycky-high","max",FALSE
"South Africa","7_7_3_5_6",0.688588406720611,0.787271407837446,0.0460222937915417,361.535774482485,"Vynnycky-high","max",FALSE
"South Africa","5_6_4_5_6",0.625803525201941,0.746435285610991,0.0409947083009872,362.76205679904,"Vynnycky-high","max",TRUE
"South Africa","6_6_4_5_6",0.636720535014426,0.753991433021807,0.0419808763748158,360.477309849876,"Vynnycky-high","max",FALSE
"South Africa","7_6_4_5_6",0.652883109132954,0.763618088478506,0.0431730134292822,364.179534900598,"Vynnycky-high","max",FALSE
"South Africa","3_7_4_5_6",0.634702434069898,0.764841343106979,0.0425737287885097,379.781320038001,"Vynnycky-high","max",FALSE
"South Africa","4_7_4_5_6",0.650185297051134,0.771146396000302,0.0436004356797159,367.476292573451,"Vynnycky-high","max",FALSE
"South Africa","5_7_4_5_6",0.664290334503788,0.778779812339825,0.0446507762773935,378.445790166968,"Vynnycky-high","max",FALSE
"South Africa","6_7_4_5_6",0.674835137868351,0.786556581468181,0.045645054194824,361.027933528505,"Vynnycky-high","max",FALSE
"South Africa","7_7_4_5_6",0.687434932692534,0.794283454925769,0.0465456575094256,357.732930553235,"Vynnycky-high","max",FALSE
"South Africa","4_6_5_5_6",0.609093163915418,0.743909088076767,0.0406151350535547,361.886189005499,"Vynnycky-high","max",TRUE
"South Africa","5_6_5_5_6",0.625899658180812,0.753769491026773,0.0417637759298048,371.90062755482,"Vynnycky-high","max",FALSE
"South Africa","6_6_5_5_6",0.640652525019971,0.761609605982721,0.0428569927977113,357.926582997091,"Vynnycky-high","max",FALSE
"South Africa","7_6_5_5_6",0.654780817887614,0.770056690943571,0.0439982105806438,365.178165578213,"Vynnycky-high","max",FALSE
"South Africa","3_7_5_5_6",0.636813009875483,0.771103645476586,0.0433413229788379,379.178738620411,"Vynnycky-high","max",FALSE
"South Africa","4_7_5_5_6",0.651315032642144,0.778990920583841,0.0442614610413019,365.863519342507,"Vynnycky-high","max",FALSE
"South Africa","5_7_5_5_6",0.665659534908081,0.78527303919345,0.0453724872451824,376.392729602115,"Vynnycky-high","max",FALSE
"South Africa","6_7_5_5_6",0.676134080462853,0.791872450758125,0.046288616499845,366.703408008347,"Vynnycky-high","max",FALSE
"South Africa","7_7_5_5_6",0.690211753651931,0.79993328885924,0.0473861039990608,372.482775637254,"Vynnycky-high","max",FALSE
"South Africa","7_5_6_5_6",0.612848973646589,0.74421846909922,0.0408670978635495,364.17984788431,"Vynnycky-high","max",TRUE
"South Africa","3_6_6_5_6",0.593715030624069,0.743748908557826,0.0403651929209158,370.37037037037,"Vynnycky-high","max",TRUE
"South Africa","4_6_6_5_6",0.608980610878229,0.751203366894867,0.0413785617595552,360.438309821827,"Vynnycky-high","max",FALSE
"South Africa","5_6_6_5_6",0.625061216534447,0.761023858372829,0.0425390541260774,373.571548308583,"Vynnycky-high","max",FALSE
"South Africa","6_6_6_5_6",0.639914427177242,0.769181956224842,0.0434734489637528,367.35295355985,"Vynnycky-high","max",FALSE
"South Africa","7_6_6_5_6",0.65235462390673,0.777669693039343,0.0446482965078799,374.835406245205,"Vynnycky-high","max",FALSE
"South Africa","3_7_6_5_6",0.634469843729821,0.777142702936097,0.0439744774385977,384.914939932023,"Vynnycky-high","max",FALSE
"South Africa","4_7_6_5_6",0.649383407520471,0.785827970893581,0.0448803597587729,381.257391849536,"Vynnycky-high","max",FALSE
"South Africa","5_7_6_5_6",0.664453352184711,0.791041028807415,0.0459419010585909,381.477545920807,"Vynnycky-high","max",FALSE
"South Africa","6_7_6_5_6",0.674145790141194,0.800201612903226,0.0469695380532454,372.565407694574,"Vynnycky-high","max",FALSE
"South Africa","7_7_6_5_6",0.689047658985595,0.805364861428935,0.0480160480048153,368.325924080905,"Vynnycky-high","max",FALSE
"South Africa","6_5_7_5_6",0.596342092766695,0.740514164416888,0.0404703051083861,355.563747744304,"Vynnycky-high","max",TRUE
"South Africa","7_5_7_5_6",0.613217271687062,0.751385925150698,0.0416263436523099,366.26015773309,"Vynnycky-high","max",FALSE
"South Africa","3_6_7_5_6",0.592893913716841,0.749818519021548,0.0410074579318226,369.467300882556,"Vynnycky-high","max",TRUE
"South Africa","4_6_7_5_6",0.609420043309132,0.760026768295449,0.0420737920412056,370.452711493174,"Vynnycky-high","max",FALSE
"South Africa","5_6_7_5_6",0.623513644263676,0.769131706323157,0.0430706866327463,383.538775253851,"Vynnycky-high","max",FALSE
"South Africa","6_6_7_5_6",0.64039797008547,0.77587760570344,0.0440936041086614,370.050273597294,"Vynnycky-high","max",FALSE
"South Africa","7_6_7_5_6",0.653434555310139,0.782449711025908,0.0453079456294772,373.822921042327,"Vynnycky-high","max",FALSE
"South Africa","3_7_7_5_6",0.633417104448476,0.782792670880868,0.04456328118598,385.403281823242,"Vynnycky-high","max",FALSE
"South Africa","4_7_7_5_6",0.65080085671017,0.791233880274976,0.0455585910033722,382.834588724763,"Vynnycky-high","max",FALSE
"South Africa","5_7_7_5_6",0.664481605351171,0.798521518433963,0.0465867231411101,378.745431256822,"Vynnycky-high","max",FALSE
"South Africa","6_7_7_5_6",0.675805268961854,0.803546346611835,0.0475359926430025,361.887110331542,"Vynnycky-high","max",FALSE
"South Africa","7_7_7_5_6",0.689358356049486,0.809447414163386,0.0485320966903121,375.122085648401,"Vynnycky-high","max",FALSE
"South Africa","5_6_3_6_6",0.624475209748168,0.738168768003022,0.0404926992619833,368.120748093561,"Vynnycky-high","max",TRUE
"South Africa","6_6_3_6_6",0.63962050724367,0.747825685557339,0.0415908006117734,362.47705625871,"Vynnycky-high","max",TRUE
"South Africa","7_6_3_6_6",0.654390843913061,0.756502383666066,0.04267338231991,368.080381471744,"Vynnycky-high","max",FALSE
"South Africa","3_7_3_6_6",0.63559629261734,0.75682174797369,0.0419759323298236,377.162017895147,"Vynnycky-high","max",FALSE
"South Africa","4_7_3_6_6",0.650621833520552,0.765672004859358,0.0431927436131087,368.732213157501,"Vynnycky-high","max",FALSE
"South Africa","5_7_3_6_6",0.664436202774861,0.772890094645889,0.0442667371582923,372.698346026079,"Vynnycky-high","max",FALSE
"South Africa","6_7_3_6_6",0.674798259783959,0.780333720235899,0.045090374507453,372.829528345502,"Vynnycky-high","max",FALSE
"South Africa","7_7_3_6_6",0.690605516023477,0.787533588062031,0.0462448676424704,376.818166823835,"Vynnycky-high","max",FALSE
"South Africa","5_6_4_6_6",0.624503281877566,0.746016241281038,0.0412348029916638,373.949049630766,"Vynnycky-high","max",TRUE
"South Africa","6_6_4_6_6",0.640122257307101,0.755415088068681,0.0424020277960799,365.216795602961,"Vynnycky-high","max",FALSE
"South Africa","7_6_4_6_6",0.654580158841342,0.763574985291374,0.0434212557672419,369.167448663893,"Vynnycky-high","max",FALSE
"South Africa","3_7_4_6_6",0.635935701918705,0.762856796379701,0.0428550707805848,373.613115202235,"Vynnycky-high","max",FALSE
"South Africa","4_7_4_6_6",0.650804413321566,0.771867750307196,0.0438430068432938,368.65029226605,"Vynnycky-high","max",FALSE
"South Africa","5_7_4_6_6",0.66514140484458,0.779201708780917,0.0448609118197107,376.265196501409,"Vynnycky-high","max",FALSE
"South Africa","6_7_4_6_6",0.675771191002227,0.787637829027464,0.0458603701935628,366.340663335322,"Vynnycky-high","max",FALSE
"South Africa","7_7_4_6_6",0.689443962738167,0.793033109148096,0.0468807163505781,374.742369360639,"Vynnycky-high","max",FALSE
"South Africa","7_5_5_6_6",0.611164814840691,0.735106317994954,0.0404489613021051,369.549222710978,"Vynnycky-high","max",TRUE
"South Africa","4_6_5_6_6",0.607601537765717,0.743477316230238,0.0407921343987876,363.51180597549,"Vynnycky-high","max",TRUE
"South Africa","5_6_5_6_6",0.62571011126647,0.753658283784044,0.042005541510352,376.478366423715,"Vynnycky-high","max",FALSE
"South Africa","6_6_5_6_6",0.638091089036625,0.762779874213837,0.0429830027170124,362.004208149526,"Vynnycky-high","max",FALSE
"South Africa","7_6_5_6_6",0.652319621938232,0.772425633592458,0.0441290177518545,375.502353368044,"Vynnycky-high","max",FALSE
"South Africa","3_7_5_6_6",0.635585337295051,0.770764189909074,0.0435079317699439,374.489762431874,"Vynnycky-high","max",FALSE
"South Africa","4_7_5_6_6",0.650418861798579,0.778766078814681,0.0445548189447966,382.570231956024,"Vynnycky-high","max",FALSE
"South Africa","5_7_5_6_6",0.664091728553785,0.785629184159764,0.0455708166238423,375.756787130794,"Vynnycky-high","max",FALSE
"South Africa","6_7_5_6_6",0.676137008265511,0.791748456919718,0.046505772452368,364.41855913324,"Vynnycky-high","max",FALSE
"South Africa","7_7_5_6_6",0.688602670889882,0.798796235891295,0.0475024272779828,373.905093484074,"Vynnycky-high","max",FALSE
"South Africa","7_5_6_6_6",0.612697334687611,0.74387344785434,0.041157283159436,364.111966430205,"Vynnycky-high","max",TRUE
"South Africa","3_6_6_6_6",0.593214614066507,0.74357234804996,0.0405165266411011,360.633276246916,"Vynnycky-high","max",TRUE
"South Africa","4_6_6_6_6",0.606513189872299,0.751717969775059,0.0415887977797558,370.452766399468,"Vynnycky-high","max",FALSE
"South Africa","5_6_6_6_6",0.624236509758898,0.760882894227985,0.0427034651883043,379.953690085292,"Vynnycky-high","max",FALSE
"South Africa","7_6_6_6_6",0.652579045867945,0.778353079235625,0.0447662599922599,371.857820087819,"Vynnycky-high","max",FALSE
"South Africa","3_7_6_6_6",0.634783375538801,0.77839874411303,0.0442596578971092,371.030438917611,"Vynnycky-high","max",FALSE
"South Africa","4_7_6_6_6",0.650380508067391,0.785034926313996,0.0452336103406991,386.347354966063,"Vynnycky-high","max",FALSE
"South Africa","5_7_6_6_6",0.664316338653856,0.792285575274037,0.046204745147919,381.389870916896,"Vynnycky-high","max",FALSE
"South Africa","6_7_6_6_6",0.677298071127185,0.799061771671598,0.0472584846219912,372.524584957321,"Vynnycky-high","max",FALSE
"South Africa","7_7_6_6_6",0.689601264301423,0.8045693469444,0.0481999490322627,377.373122823984,"Vynnycky-high","max",FALSE
"South Africa","6_5_7_6_6",0.596197165169553,0.74172391477499,0.0407018782369168,366.703408008347,"Vynnycky-high","max",TRUE
"South Africa","7_5_7_6_6",0.611306729264476,0.751970146979575,0.0418862622849367,366.46189117832,"Vynnycky-high","max",FALSE
"South Africa","3_6_7_6_6",0.59344980267019,0.749834522192401,0.041204357869303,373.77605317166,"Vynnycky-high","max",TRUE
"South Africa","4_6_7_6_6",0.607439270877617,0.760499624409468,0.0422672997779933,373.651545561179,"Vynnycky-high","max",FALSE
"South Africa","5_6_7_6_6",0.624329811337685,0.768079007963158,0.0433275628976014,379.737221842485,"Vynnycky-high","max",FALSE
"South Africa","6_6_7_6_6",0.639245944291299,0.778327160418373,0.0443314662225934,377.983472105857,"Vynnycky-high","max",FALSE
"South Africa","7_6_7_6_6",0.651175840755095,0.784650989456357,0.0453941727900175,373.317104554377,"Vynnycky-high","max",FALSE
"South Africa","3_7_7_6_6",0.634580303411238,0.784739998303831,0.0448063755111159,371.857820087819,"Vynnycky-high","max",FALSE
"South Africa","4_7_7_6_6",0.649913780322411,0.791703921900864,0.0457588227764997,381.737749977897,"Vynnycky-high","max",FALSE
"South Africa","5_7_7_6_6",0.663972611644385,0.79845119519531,0.0467082472898002,383.097854736549,"Vynnycky-high","max",FALSE
"South Africa","6_7_7_6_6",0.677658764680296,0.803997975782842,0.0478152396620648,373.775902779035,"Vynnycky-high","max",FALSE
"South Africa","7_7_7_6_6",0.690179454147817,0.810021173623715,0.0487594628905852,375.759690279472,"Vynnycky-high","max",FALSE
"South Africa","5_6_3_7_6",0.624011629097312,0.73860991381572,0.0408606499129391,363.980560083652,"Vynnycky-high","max",TRUE
"South Africa","6_6_3_7_6",0.637324311706049,0.749765441457941,0.0418942857430999,368.732718509051,"Vynnycky-high","max",TRUE
"South Africa","7_6_3_7_6",0.652237524137721,0.758397364514093,0.042895347261627,374.322113371622,"Vynnycky-high","max",FALSE
"South Africa","3_7_3_7_6",0.636500048404272,0.757874334784712,0.0423166454752261,367.674093683359,"Vynnycky-high","max",FALSE
"South Africa","4_7_3_7_6",0.650834910457946,0.76613430730722,0.0434544256598896,373.566481017983,"Vynnycky-high","max",FALSE
"South Africa","5_7_3_7_6",0.664000919279441,0.773670188247875,0.0443825133970563,370.578265899048,"Vynnycky-high","max",FALSE
"South Africa","6_7_3_7_6",0.676893049830239,0.780428587712299,0.0454023107243816,363.704054475177,"Vynnycky-high","max",FALSE
"South Africa","7_7_3_7_6",0.690402149751304,0.787540836835374,0.0463929361178239,373.860028817916,"Vynnycky-high","max",FALSE
"South Africa","4_6_4_7_6",0.607838769494684,0.738547897039253,0.0404400740139298,360.985850245993,"Vynnycky-high","max",TRUE
"South Africa","5_6_4_7_6",0.623775352268387,0.749391244900237,0.0414840581984436,369.959760203663,"Vynnycky-high","max",TRUE
"South Africa","6_6_4_7_6",0.640328812721396,0.756086091121853,0.0426522914591885,365.53789974229,"Vynnycky-high","max",FALSE
"South Africa","7_6_4_7_6",0.654002503488468,0.764161316910202,0.0436351077188727,366.582357159147,"Vynnycky-high","max",FALSE
"South Africa","3_7_4_7_6",0.638064496449881,0.763132857628271,0.0430310019979213,367.067129993423,"Vynnycky-high","max",FALSE
"South Africa","4_7_4_7_6",0.651856702283098,0.773784726961411,0.0442143026536621,375.333112892221,"Vynnycky-high","max",FALSE
"South Africa","5_7_4_7_6",0.665110108115289,0.779669392289109,0.0451123014541685,375.207048067587,"Vynnycky-high","max",FALSE
"South Africa","6_7_4_7_6",0.678321936671279,0.785701770383005,0.0460941386299356,370.618108425502,"Vynnycky-high","max",FALSE
"South Africa","7_7_4_7_6",0.690219638724785,0.792983715209124,0.047120970134395,376.435739940795,"Vynnycky-high","max",FALSE
"South Africa","7_5_5_7_6",0.610698213618533,0.73541653648305,0.0406836167311182,368.364940991104,"Vynnycky-high","max",TRUE
"South Africa","4_6_5_7_6",0.610341382451732,0.746088412541196,0.0412312633896978,362.161533015132,"Vynnycky-high","max",TRUE
"South Africa","5_6_5_7_6",0.62568432145096,0.75425029246874,0.0423131052311685,375.713932699031,"Vynnycky-high","max",FALSE
"South Africa","6_6_5_7_6",0.638594499733157,0.762766865639536,0.0432267981589253,374.868871779264,"Vynnycky-high","max",FALSE
"South Africa","7_6_5_7_6",0.654934273194894,0.769583920461824,0.0443326654150145,370.041900672571,"Vynnycky-high","max",FALSE
"South Africa","3_7_5_7_6",0.636729526705959,0.768466428289408,0.0437599529299869,375.248606954496,"Vynnycky-high","max",FALSE
"South Africa","4_7_5_7_6",0.65168648572203,0.777965667852647,0.0447977122872793,380.521966673052,"Vynnycky-high","max",FALSE
"South Africa","5_7_5_7_6",0.665685938606046,0.78455519699217,0.0457232599946062,373.986359757003,"Vynnycky-high","max",FALSE
"South Africa","6_7_5_7_6",0.678732972520721,0.791839308770403,0.0468374085356736,381.00010939219,"Vynnycky-high","max",FALSE
"South Africa","7_7_5_7_6",0.691788663155007,0.799653209089255,0.0477566270140011,377.202307431499,"Vynnycky-high","max",FALSE
"South Africa","6_5_6_7_6",0.594816839278865,0.733298059964727,0.0403797880206694,370.674615104307,"Vynnycky-high","max",TRUE
"South Africa","7_5_6_7_6",0.610684464492836,0.742792554285585,0.0413839331475096,369.631562669445,"Vynnycky-high","max",TRUE
"South Africa","3_6_6_7_6",0.593682469930007,0.743946727291678,0.0407043876269028,366.705112208134,"Vynnycky-high","max",TRUE
"South Africa","4_6_6_7_6",0.607195688926458,0.753264229052849,0.0417460324085775,362.989586503514,"Vynnycky-high","max",FALSE
"South Africa","5_6_6_7_6",0.625358528808984,0.762153432528985,0.0428702425625292,370.288084129453,"Vynnycky-high","max",FALSE
"South Africa","6_6_6_7_6",0.639680568169349,0.769827251552795,0.0439473309302958,373.863960515538,"Vynnycky-high","max",FALSE
"South Africa","7_6_6_7_6",0.65507591372253,0.778000264509921,0.0449546129501271,365.899144411323,"Vynnycky-high","max",FALSE
"South Africa","3_7_6_7_6",0.637722968302718,0.776161904941035,0.0444540915636903,371.609085735262,"Vynnycky-high","max",FALSE
"South Africa","4_7_6_7_6",0.653066448473696,0.784220704373648,0.0454348175093537,377.24530118691,"Vynnycky-high","max",FALSE
"South Africa","5_7_6_7_6",0.665734596293565,0.790219131202738,0.046370502008679,383.847770677213,"Vynnycky-high","max",FALSE
"South Africa","6_7_6_7_6",0.680181625281027,0.797503956343793,0.047444261162133,376.265426627656,"Vynnycky-high","max",FALSE
"South Africa","7_7_6_7_6",0.693630078230968,0.803459335909813,0.0482979906712481,389.49910415206,"Vynnycky-high","max",FALSE
"South Africa","6_5_7_7_6",0.595421683558708,0.740029961945654,0.0409454616791697,361.103613383249,"Vynnycky-high","max",TRUE
"South Africa","7_5_7_7_6",0.613246901403628,0.750946045733385,0.0420421985638609,367.107266543875,"Vynnycky-high","max",TRUE
"South Africa","3_6_7_7_6",0.596068890948409,0.750263298700151,0.0413919847853263,377.502183228085,"Vynnycky-high","max",TRUE
"South Africa","4_6_7_7_6",0.608684451092828,0.758954498283897,0.0424508644441762,363.465066928935,"Vynnycky-high","max",FALSE
"South Africa","5_6_7_7_6",0.626241777586071,0.766790206494534,0.0434794059176055,371.816697462131,"Vynnycky-high","max",FALSE
"South Africa","6_6_7_7_6",0.639788510879755,0.774320531060408,0.0445011589383611,371.239024943988,"Vynnycky-high","max",FALSE
"South Africa","7_6_7_7_6",0.655508308687006,0.782644217107133,0.0455146085880588,369.385995987446,"Vynnycky-high","max",FALSE
"South Africa","3_7_7_7_6",0.638688338122605,0.781983000739098,0.0449421604366069,377.62924845525,"Vynnycky-high","max",FALSE
"South Africa","4_7_7_7_6",0.653209408021816,0.789807199227465,0.0458814851631285,375.629484156334,"Vynnycky-high","max",FALSE
"South Africa","5_7_7_7_6",0.665181729949386,0.796087030265467,0.0468255472316035,390.137413849221,"Vynnycky-high","max",FALSE
"South Africa","6_7_7_7_6",0.679121252988216,0.802745435824324,0.0480220812248645,376.733048664849,"Vynnycky-high","max",FALSE
"South Africa","7_7_7_7_6",0.692394726815358,0.809078446375544,0.0488728062154647,383.45296995419,"Vynnycky-high","max",FALSE
"South Africa","6_6_3_3_7",0.638427462281884,0.748855675274452,0.0407407496719129,352.920420402242,"Vynnycky-high","max",TRUE
"South Africa","7_6_3_3_7",0.653973465658382,0.757090537432927,0.0418450681875823,348.931908215501,"Vynnycky-high","max",FALSE
"South Africa","3_7_3_3_7",0.63782195124621,0.756986484231604,0.0414247975501079,354.421731607581,"Vynnycky-high","max",FALSE
"South Africa","4_7_3_3_7",0.652048849249568,0.766343803187374,0.0423398634536317,357.845805590775,"Vynnycky-high","max",FALSE
"South Africa","5_7_3_3_7",0.665765969372073,0.7731613235042,0.0434290772222535,367.228887336847,"Vynnycky-high","max",FALSE
"South Africa","6_7_3_3_7",0.679669421487603,0.779139420636552,0.0443739894375859,364.380878489636,"Vynnycky-high","max",FALSE
"South Africa","7_7_3_3_7",0.691829067090176,0.785753924211194,0.0454629748952202,367.391180052534,"Vynnycky-high","max",FALSE
"South Africa","5_6_4_3_7",0.624941046234743,0.746168346856815,0.0404715540554955,355.291886713224,"Vynnycky-high","max",TRUE
"South Africa","6_6_4_3_7",0.637722722760712,0.755849630682213,0.0414544385256173,355.707522494031,"Vynnycky-high","max",FALSE
"South Africa","7_6_4_3_7",0.653673235855054,0.763473537021951,0.0424910789539888,362.63424331489,"Vynnycky-high","max",FALSE
"South Africa","3_7_4_3_7",0.638002182762079,0.762521242620021,0.0420672589153293,359.699396105586,"Vynnycky-high","max",FALSE
"South Africa","4_7_4_3_7",0.650691163121046,0.771015373705139,0.0430497331054495,364.983479392265,"Vynnycky-high","max",FALSE
"South Africa","5_7_4_3_7",0.666117971841847,0.77767094017094,0.0441279423183416,367.228887336847,"Vynnycky-high","max",FALSE
"South Africa","6_7_4_3_7",0.680831377504965,0.786873477201532,0.045246903690744,369.631399043779,"Vynnycky-high","max",FALSE
"South Africa","7_7_4_3_7",0.69238011534018,0.793701571630008,0.0462444585642427,370.783011397169,"Vynnycky-high","max",FALSE
"South Africa","4_6_5_3_7",0.60857908847185,0.745035368628394,0.0401747672581124,354.874522897216,"Vynnycky-high","max",TRUE
"South Africa","5_6_5_3_7",0.624195734028467,0.7537670577229,0.0411939789816252,362.397622671595,"Vynnycky-high","max",FALSE
"South Africa","6_6_5_3_7",0.640040899795501,0.762848271561329,0.042293636375096,352.137615945755,"Vynnycky-high","max",FALSE
"South Africa","7_6_5_3_7",0.65453592199966,0.770908754948155,0.0434066789932819,355.027901434423,"Vynnycky-high","max",FALSE
"South Africa","3_7_5_3_7",0.637114117547381,0.769497966626676,0.0427379667040486,361.416836132486,"Vynnycky-high","max",FALSE
"South Africa","4_7_5_3_7",0.650300064418724,0.778726441220448,0.0438209626712284,369.590238142821,"Vynnycky-high","max",FALSE
"South Africa","5_7_5_3_7",0.665101917901907,0.784336608197258,0.0448622815913586,376.478155116552,"Vynnycky-high","max",FALSE
"South Africa","6_7_5_3_7",0.67889474793337,0.792256579344908,0.045861550261177,368.813321795083,"Vynnycky-high","max",FALSE
"South Africa","7_7_5_3_7",0.69084187430495,0.798773129525342,0.046852433479681,375.671632120118,"Vynnycky-high","max",FALSE
"South Africa","7_5_6_3_7",0.613267227125127,0.744893826890196,0.0404041848857488,363.667815676043,"Vynnycky-high","max",TRUE
"South Africa","4_6_6_3_7",0.609591612560807,0.752564982051234,0.0409392587554155,359.544135731599,"Vynnycky-high","max",FALSE
"South Africa","5_6_6_3_7",0.62437625530129,0.761587617386005,0.042008664235218,362.713162657806,"Vynnycky-high","max",FALSE
"South Africa","6_6_6_3_7",0.639715280815983,0.771884261402081,0.0430856234223934,357.825316256354,"Vynnycky-high","max",FALSE
"South Africa","7_6_6_3_7",0.653700686605377,0.778757116549059,0.0441273462827438,360.360511980269,"Vynnycky-high","max",FALSE
"South Africa","3_7_6_3_7",0.637603735019936,0.777542805255908,0.0435132960038752,370.782809535594,"Vynnycky-high","max",FALSE
"South Africa","4_7_6_3_7",0.651326624815362,0.784504806420319,0.0444744219891112,367.593072555316,"Vynnycky-high","max",FALSE
"South Africa","5_7_6_3_7",0.664879551590776,0.790955300387002,0.0454862135258383,375.904147392677,"Vynnycky-high","max",FALSE
"South Africa","6_7_6_3_7",0.67911127787307,0.7981544945614,0.0465437244229147,373.361443836879,"Vynnycky-high","max",FALSE
"South Africa","7_7_6_3_7",0.690154273565026,0.804569398319747,0.0475649103698942,373.903023471698,"Vynnycky-high","max",FALSE
"South Africa","6_5_7_3_7",0.594972584692081,0.74155332742915,0.040028858932187,358.694123345078,"Vynnycky-high","max",TRUE
"South Africa","7_5_7_3_7",0.611097747149669,0.752384412753202,0.0411708920427311,355.329312434258,"Vynnycky-high","max",FALSE
"South Africa","3_6_7_3_7",0.593954526815812,0.751175975440681,0.0405706526252985,365.465899823765,"Vynnycky-high","max",FALSE
"South Africa","4_6_7_3_7",0.607434894101302,0.761352328182592,0.0415439975257819,363.662967667561,"Vynnycky-high","max",FALSE
"South Africa","5_6_7_3_7",0.624624278587977,0.768790402253156,0.0426496642664763,368.89625505634,"Vynnycky-high","max",FALSE
"South Africa","6_6_7_3_7",0.637866325102347,0.774765466431928,0.043670436781872,361.102291207534,"Vynnycky-high","max",FALSE
"South Africa","7_6_7_3_7",0.653265466506789,0.783763057536064,0.0447147598105767,368.283543318836,"Vynnycky-high","max",FALSE
"South Africa","3_7_7_3_7",0.636100164047988,0.783156812326442,0.0440705801143355,364.378387916403,"Vynnycky-high","max",FALSE
"South Africa","4_7_7_3_7",0.648541391689834,0.789099621479024,0.0450527810414342,373.106652875001,"Vynnycky-high","max",FALSE
"South Africa","5_7_7_3_7",0.663632647598898,0.796741168461359,0.0462187643662708,377.460756904091,"Vynnycky-high","max",FALSE
"South Africa","6_7_7_3_7",0.6783917748064,0.803007697763354,0.0472070499143605,372.065450561252,"Vynnycky-high","max",FALSE
"South Africa","7_7_7_3_7",0.688305433365917,0.809239016788336,0.0481086862742904,376.053426874247,"Vynnycky-high","max",FALSE
"South Africa","6_6_3_4_7",0.639040605095542,0.747216971106219,0.0408665770897137,351.471782530429,"Vynnycky-high","max",TRUE
"South Africa","7_6_3_4_7",0.652300982719958,0.755758509943406,0.0420340010098382,354.874876853544,"Vynnycky-high","max",FALSE
"South Africa","3_7_3_4_7",0.636045223338018,0.755288645953203,0.0414139598257169,357.961318035715,"Vynnycky-high","max",FALSE
"South Africa","4_7_3_4_7",0.648937272107864,0.764109336876961,0.0425651660278122,363.942316632915,"Vynnycky-high","max",FALSE
"South Africa","5_7_3_4_7",0.662975762637834,0.772411884974555,0.0436881424084029,366.05964442222,"Vynnycky-high","max",FALSE
"South Africa","6_7_3_4_7",0.675675675675676,0.779618259322582,0.0446476344755754,364.537923066711,"Vynnycky-high","max",FALSE
"South Africa","7_7_3_4_7",0.686845829065217,0.786321369876629,0.0456716487268595,369.140356729392,"Vynnycky-high","max",FALSE
"South Africa","4_6_4_4_7",0.607805081187892,0.737172558998544,0.0396355174217735,353.633390627495,"Vynnycky-high","max",FALSE
"South Africa","5_6_4_4_7",0.622414983754858,0.746366917072006,0.0405949904799252,351.211637594292,"Vynnycky-high","max",TRUE
"South Africa","6_6_4_4_7",0.636116360372278,0.755559001562356,0.0418016566639707,353.744866363501,"Vynnycky-high","max",FALSE
"South Africa","7_6_4_4_7",0.651065178305804,0.765120521892968,0.0429191172063232,364.105710558399,"Vynnycky-high","max",FALSE
"South Africa","3_7_4_4_7",0.636139633499924,0.764856193202559,0.0423390421521349,370.947473160799,"Vynnycky-high","max",FALSE
"South Africa","4_7_4_4_7",0.648117774638179,0.771683516389863,0.0432981512376635,371.443429165738,"Vynnycky-high","max",FALSE
"South Africa","5_7_4_4_7",0.662850466059375,0.778862983574185,0.0443921899069524,377.262000791345,"Vynnycky-high","max",FALSE
"South Africa","6_7_4_4_7",0.675474387269884,0.787407535047448,0.0455358002906129,362.478153556783,"Vynnycky-high","max",FALSE
"South Africa","7_7_4_4_7",0.68716391184573,0.793452306312674,0.046499224809065,367.231775561791,"Vynnycky-high","max",FALSE
"South Africa","4_6_5_4_7",0.605313206022527,0.745537681235538,0.0405125214770949,359.042309632395,"Vynnycky-high","max",TRUE
"South Africa","5_6_5_4_7",0.621663279228683,0.756032027907648,0.0414535804738834,355.518943980119,"Vynnycky-high","max",FALSE
"South Africa","6_6_5_4_7",0.636255401710909,0.763967989115196,0.0425248922652323,360.516529179871,"Vynnycky-high","max",FALSE
"South Africa","7_6_5_4_7",0.651301970113674,0.771937222497301,0.0435997963464289,366.461731726033,"Vynnycky-high","max",FALSE
"South Africa","3_7_5_4_7",0.635767049563816,0.77131593068087,0.0430110622556665,372.067786888476,"Vynnycky-high","max",FALSE
"South Africa","4_7_5_4_7",0.648970010761741,0.77820314265826,0.0440757852599158,374.700921609265,"Vynnycky-high","max",FALSE
"South Africa","5_7_5_4_7",0.662885807241733,0.785380188067445,0.0451927477640816,373.863960515538,"Vynnycky-high","max",FALSE
"South Africa","6_7_5_4_7",0.674128564591148,0.793056433935271,0.0461327300993626,370.699881376038,"Vynnycky-high","max",FALSE
"South Africa","7_7_5_4_7",0.687386574736596,0.798380997593596,0.0471313290208899,369.143978415502,"Vynnycky-high","max",FALSE
"South Africa","7_5_6_4_7",0.608624021797674,0.745652702378003,0.0406936516291915,355.594521492453,"Vynnycky-high","max",TRUE
"South Africa","4_6_6_4_7",0.60746184523353,0.752764881636405,0.0411982685066415,368.120855845418,"Vynnycky-high","max",FALSE
"South Africa","5_6_6_4_7",0.620694110391613,0.760998845770626,0.0421340060032774,356.165949174377,"Vynnycky-high","max",FALSE
"South Africa","6_6_6_4_7",0.636717066872249,0.76943921261112,0.0432316727565212,355.406053860687,"Vynnycky-high","max",FALSE
"South Africa","7_6_6_4_7",0.650309408574741,0.777856388345841,0.0442881007764913,362.792064788313,"Vynnycky-high","max",FALSE
"South Africa","3_7_6_4_7",0.635241974554367,0.778609344546594,0.0438103607493694,370.741886554418,"Vynnycky-high","max",FALSE
"South Africa","4_7_6_4_7",0.648157735489256,0.784226359381811,0.0447566998188496,384.823335345859,"Vynnycky-high","max",FALSE
"South Africa","5_7_6_4_7",0.663575366807934,0.791609774067367,0.045782008938457,381.086669050691,"Vynnycky-high","max",FALSE
"South Africa","6_7_6_4_7",0.676086778116718,0.797996767361928,0.0467279787618762,369.878366656534,"Vynnycky-high","max",FALSE
"South Africa","7_7_6_4_7",0.688148514092485,0.804151907421367,0.0478097517651281,371.360683915311,"Vynnycky-high","max",FALSE
"South Africa","6_5_7_4_7",0.591573639986749,0.742113372442492,0.0402529763222512,347.25857964201,"Vynnycky-high","max",TRUE
"South Africa","7_5_7_4_7",0.609378844593357,0.753142996235309,0.0413222228065009,354.499297697042,"Vynnycky-high","max",FALSE
"South Africa","3_6_7_4_7",0.589972941890389,0.752292507152862,0.0407927174184543,354.724042436849,"Vynnycky-high","max",FALSE
"South Africa","4_6_7_4_7",0.605396472084616,0.760243820842379,0.0418952879508196,378.532601990808,"Vynnycky-high","max",FALSE
"South Africa","5_6_7_4_7",0.622132610874468,0.767878789095113,0.0428581994102168,358.2725698588,"Vynnycky-high","max",FALSE
"South Africa","6_6_7_4_7",0.635511167395809,0.77694551387717,0.0438501681117879,363.944399118618,"Vynnycky-high","max",FALSE
"South Africa","7_6_7_4_7",0.649878561866514,0.784524140349086,0.044989187282261,361.847292806405,"Vynnycky-high","max",FALSE
"South Africa","3_7_7_4_7",0.632822143390194,0.785334497057545,0.0443411392643255,367.958419650635,"Vynnycky-high","max",FALSE
"South Africa","4_7_7_4_7",0.647125147579693,0.790889110372484,0.0454437664684209,385.091396567049,"Vynnycky-high","max",FALSE
"South Africa","5_7_7_4_7",0.663009562615862,0.798370381353793,0.0463904346261301,385.313068404699,"Vynnycky-high","max",FALSE
"South Africa","6_7_7_4_7",0.674958557384447,0.805305388694818,0.0473710617592895,365.136748091881,"Vynnycky-high","max",FALSE
"South Africa","7_7_7_4_7",0.687288995816369,0.811100839185218,0.0483656400302895,370.700339845473,"Vynnycky-high","max",FALSE
"South Africa","5_6_3_5_7",0.621533431941957,0.740531219917943,0.0402333354570379,344.78335016809,"Vynnycky-high","max",TRUE
"South Africa","6_6_3_5_7",0.636882208435691,0.748086262454664,0.0413484905901595,349.25956971221,"Vynnycky-high","max",TRUE
"South Africa","7_6_3_5_7",0.649767342250258,0.757708675725052,0.0423735423234594,355.78394183362,"Vynnycky-high","max",FALSE
"South Africa","3_7_3_5_7",0.633920555423593,0.757082339551271,0.0418660922952541,358.542583057853,"Vynnycky-high","max",FALSE
"South Africa","4_7_3_5_7",0.648164983164983,0.766847293818212,0.0429061202267191,384.29152353203,"Vynnycky-high","max",FALSE
"South Africa","5_7_3_5_7",0.662954963886135,0.773544847542619,0.0440514308533691,373.358427301895,"Vynnycky-high","max",FALSE
"South Africa","6_7_3_5_7",0.674241509426173,0.780375492906231,0.0448605121827505,362.516584690214,"Vynnycky-high","max",FALSE
"South Africa","7_7_3_5_7",0.68641175731164,0.78933961229396,0.0460157625935853,364.943864729477,"Vynnycky-high","max",FALSE
"South Africa","5_6_4_5_7",0.622209107426173,0.746528707944739,0.0409267403433902,357.961648284229,"Vynnycky-high","max",TRUE
"South Africa","6_6_4_5_7",0.636703027228141,0.755967914705127,0.0420116598932164,360.8298320575,"Vynnycky-high","max",FALSE
"South Africa","7_6_4_5_7",0.649994525747235,0.764832170046166,0.0431292242139889,361.926279648718,"Vynnycky-high","max",FALSE
"South Africa","3_7_4_5_7",0.635092328772189,0.764751096441651,0.0425886319674842,365.256793055923,"Vynnycky-high","max",FALSE
"South Africa","4_7_4_5_7",0.647783617348835,0.771643007157558,0.0436131080175302,383.406910945291,"Vynnycky-high","max",FALSE
"South Africa","5_7_4_5_7",0.66253784469356,0.779949298971337,0.0447168286347022,375.586973670401,"Vynnycky-high","max",FALSE
"South Africa","6_7_4_5_7",0.674522839175608,0.785865983300532,0.0456083722131056,361.694737647689,"Vynnycky-high","max",FALSE
"South Africa","7_7_4_5_7",0.687359831325181,0.793908337263868,0.0465410906564401,366.46146597253,"Vynnycky-high","max",FALSE
"South Africa","7_5_5_5_7",0.608926537147404,0.73589257764231,0.0401953761959029,354.090307246123,"Vynnycky-high","max",TRUE
"South Africa","4_6_5_5_7",0.605338715944907,0.745983086816185,0.0406688872302383,370.576800255916,"Vynnycky-high","max",TRUE
"South Africa","5_6_5_5_7",0.620757626602888,0.754019059469333,0.0416217590765247,358.308055726435,"Vynnycky-high","max",FALSE
"South Africa","6_6_5_5_7",0.635643239174939,0.763547024772575,0.0427284627674274,360.789411449728,"Vynnycky-high","max",FALSE
"South Africa","7_6_5_5_7",0.649488472248647,0.770947597663866,0.0437723494582004,364.66337895962,"Vynnycky-high","max",FALSE
"South Africa","3_7_5_5_7",0.633085808580858,0.77114806047554,0.0431818028825809,372.815425033269,"Vynnycky-high","max",FALSE
"South Africa","4_7_5_5_7",0.646270259171967,0.779139276788781,0.0443214149786673,391.190440853676,"Vynnycky-high","max",FALSE
"South Africa","5_7_5_5_7",0.661336431204931,0.785790761700826,0.0453836371795879,371.609067261241,"Vynnycky-high","max",FALSE
"South Africa","6_7_5_5_7",0.673321823306329,0.790963778768657,0.04617413490901,360.204613035462,"Vynnycky-high","max",FALSE
"South Africa","7_7_5_5_7",0.686584064093302,0.799203273989483,0.0472899510337309,367.958742478759,"Vynnycky-high","max",FALSE
"South Africa","7_5_6_5_7",0.606688748828121,0.744713007565319,0.0408674762651518,353.108628468183,"Vynnycky-high","max",TRUE
"South Africa","4_6_6_5_7",0.60488757156462,0.752474631927435,0.0412908344862772,371.195322350317,"Vynnycky-high","max",FALSE
"South Africa","5_6_6_5_7",0.619086765337478,0.760907563455865,0.042186683903038,358.078996080818,"Vynnycky-high","max",FALSE
"South Africa","6_6_6_5_7",0.636087048587049,0.770319171578298,0.0434591023584823,365.30821492463,"Vynnycky-high","max",FALSE
"South Africa","7_6_6_5_7",0.648649685178459,0.777831545507442,0.0443350380742059,370.378436389652,"Vynnycky-high","max",FALSE
"South Africa","3_7_6_5_7",0.63233382717606,0.777239548846366,0.0438715197658367,373.106484590702,"Vynnycky-high","max",FALSE
"South Africa","4_7_6_5_7",0.645384243915669,0.78475183176719,0.0448719245070821,389.593216597436,"Vynnycky-high","max",FALSE
"South Africa","5_7_6_5_7",0.661047234140279,0.792196575104629,0.0460503564802877,379.88789086243,"Vynnycky-high","max",FALSE
"South Africa","6_7_6_5_7",0.673405558325565,0.798381116545858,0.0469502040371682,368.976748648775,"Vynnycky-high","max",FALSE
"South Africa","7_7_6_5_7",0.685824901997387,0.804861956583135,0.0479072430063419,372.023828059754,"Vynnycky-high","max",FALSE
"South Africa","7_5_7_5_7",0.607791580366484,0.751398004262466,0.0415246140268379,360.243730793555,"Vynnycky-high","max",FALSE
"South Africa","3_6_7_5_7",0.587921927606373,0.752494293559165,0.0408678523661978,366.663039965473,"Vynnycky-high","max",FALSE
"South Africa","4_6_7_5_7",0.604739406118538,0.762404682291295,0.0420461130973618,384.248618414714,"Vynnycky-high","max",FALSE
"South Africa","5_6_7_5_7",0.61862254302296,0.770807977369304,0.0430294321720722,360.585365999762,"Vynnycky-high","max",FALSE
"South Africa","6_6_7_5_7",0.634869715037197,0.777136552356593,0.0440888638854437,360.915550059761,"Vynnycky-high","max",FALSE
"South Africa","7_6_7_5_7",0.64895788102475,0.784585700086383,0.0451844439270519,372.440985040573,"Vynnycky-high","max",FALSE
"South Africa","3_7_7_5_7",0.631791651742463,0.78441608358696,0.044492974378673,369.017419975306,"Vynnycky-high","max",FALSE
"South Africa","4_7_7_5_7",0.647333668019356,0.792275864975741,0.0455306274349874,388.908763120396,"Vynnycky-high","max",FALSE
"South Africa","5_7_7_5_7",0.66152185936751,0.797391398756636,0.0465545824143269,378.318030753276,"Vynnycky-high","max",FALSE
"South Africa","6_7_7_5_7",0.673284929450513,0.803471107544141,0.0474072853616266,365.995586353621,"Vynnycky-high","max",FALSE
"South Africa","7_7_7_5_7",0.686965927278933,0.809891661435051,0.0484511106999592,372.106943286266,"Vynnycky-high","max",FALSE
"South Africa","5_6_3_6_7",0.620998632010944,0.740094309171485,0.0403952805630636,350.692808123977,"Vynnycky-high","max",TRUE
"South Africa","6_6_3_6_7",0.635906495520074,0.747719302256464,0.0415483143288706,353.070422459363,"Vynnycky-high","max",TRUE
"South Africa","7_6_3_6_7",0.64959308966305,0.758486344007627,0.0427580712444379,350.619032340152,"Vynnycky-high","max",FALSE
"South Africa","3_7_3_6_7",0.632020670367567,0.758588464111566,0.0421323172398109,356.701989515366,"Vynnycky-high","max",FALSE
"South Africa","4_7_3_6_7",0.6454758582602,0.767590362474804,0.0431045192909371,380.172294361303,"Vynnycky-high","max",FALSE
"South Africa","5_7_3_6_7",0.661426198386331,0.774489734610499,0.0442188035756466,366.2205149635,"Vynnycky-high","max",FALSE
"South Africa","6_7_3_6_7",0.674203693375472,0.782200545702592,0.045233765881072,362.635015857234,"Vynnycky-high","max",FALSE
"South Africa","7_7_3_6_7",0.687723582828839,0.790406518708455,0.0462744483820933,370.004203977169,"Vynnycky-high","max",FALSE
"South Africa","4_6_4_6_7",0.605184131499921,0.740705968907939,0.040280341604801,365.016948346073,"Vynnycky-high","max",TRUE
"South Africa","5_6_4_6_7",0.619795455568694,0.747529440009115,0.0412797614726787,350.914135201132,"Vynnycky-high","max",TRUE
"South Africa","6_6_4_6_7",0.635958726832282,0.756848765781536,0.0423444410871955,358.731791234467,"Vynnycky-high","max",FALSE
"South Africa","7_6_4_6_7",0.650172487891002,0.764541054021726,0.043498622814029,363.345756161966,"Vynnycky-high","max",FALSE
"South Africa","3_7_4_6_7",0.632491217050041,0.764128274526569,0.042843702030846,366.626663552356,"Vynnycky-high","max",FALSE
"South Africa","4_7_4_6_7",0.647363108262999,0.773267608844313,0.0438636135032883,377.93275820366,"Vynnycky-high","max",FALSE
"South Africa","5_7_4_6_7",0.662279944755034,0.77884083154428,0.0448987057900397,372.065561814264,"Vynnycky-high","max",FALSE
"South Africa","6_7_4_6_7",0.674211232407042,0.787814177617697,0.0458242034337321,362.75277698324,"Vynnycky-high","max",FALSE
"South Africa","7_7_4_6_7",0.687280763790665,0.793372921839345,0.0468114371391869,373.945134085298,"Vynnycky-high","max",FALSE
"South Africa","7_5_5_6_7",0.608896818300915,0.7365483929372,0.0403413097060163,359.909599040034,"Vynnycky-high","max",TRUE
"South Africa","4_6_5_6_7",0.605399570692898,0.745757187892579,0.0408635531823833,368.774744503849,"Vynnycky-high","max",TRUE
"South Africa","5_6_5_6_7",0.620267218843988,0.754672637123346,0.0418806861421724,359.272982039789,"Vynnycky-high","max",FALSE
"South Africa","6_6_5_6_7",0.636333191256165,0.76199420167392,0.0429017179132597,357.30875459687,"Vynnycky-high","max",FALSE
"South Africa","7_6_5_6_7",0.649455383326351,0.770946762018276,0.0440741169054839,357.462352640026,"Vynnycky-high","max",FALSE
"South Africa","3_7_5_6_7",0.633157985074918,0.771262794593446,0.0435051274416945,371.40979361153,"Vynnycky-high","max",FALSE
"South Africa","4_7_5_6_7",0.645565558579118,0.778513028038155,0.0444083811055263,383.496431383047,"Vynnycky-high","max",FALSE
"South Africa","5_7_5_6_7",0.662050220881626,0.78609167292625,0.0455142931916872,375.212524698816,"Vynnycky-high","max",FALSE
"South Africa","6_7_5_6_7",0.67373800002281,0.793428969056061,0.0464861984250465,362.990103046973,"Vynnycky-high","max",FALSE
"South Africa","7_7_5_6_7",0.688043375543375,0.798889441250129,0.0474178518568543,382.351416476478,"Vynnycky-high","max",FALSE
"South Africa","7_5_6_6_7",0.607523502386185,0.746694641069013,0.0410339800337399,357.999535965546,"Vynnycky-high","max",TRUE
"South Africa","3_6_6_6_7",0.591166143689791,0.744895067358835,0.040381779072542,363.188728977158,"Vynnycky-high","max",TRUE
"South Africa","4_6_6_6_7",0.605072482803065,0.753877450057409,0.0414860160449435,368.446626741013,"Vynnycky-high","max",FALSE
"South Africa","5_6_6_6_7",0.620959347234128,0.763545647983244,0.0425258861538517,366.824441140723,"Vynnycky-high","max",FALSE
"South Africa","6_6_6_6_7",0.636086043454016,0.772118321069591,0.0436460348182319,366.22695130041,"Vynnycky-high","max",FALSE
"South Africa","7_6_6_6_7",0.649816861116062,0.77877354566863,0.0447500729202714,363.821599232996,"Vynnycky-high","max",FALSE
"South Africa","3_7_6_6_7",0.633423030330688,0.777511914396187,0.0441424870461573,373.482956171204,"Vynnycky-high","max",FALSE
"South Africa","4_7_6_6_7",0.64701414972421,0.786346433770015,0.0451804072978402,377.031376482065,"Vynnycky-high","max",FALSE
"South Africa","5_7_6_6_7",0.661748806032181,0.792429999527881,0.0461347490982569,382.614341608203,"Vynnycky-high","max",FALSE
"South Africa","6_7_6_6_7",0.674243636724873,0.798284686632501,0.0470183321162755,362.437030851529,"Vynnycky-high","max",FALSE
"South Africa","7_7_6_6_7",0.68650689694591,0.805059020268448,0.0480024890693184,378.187796165582,"Vynnycky-high","max",FALSE
"South Africa","6_5_7_6_7",0.592391162136526,0.742469407612639,0.0407724760746506,360.529484690833,"Vynnycky-high","max",TRUE
"South Africa","7_5_7_6_7",0.61023054630937,0.750836049801223,0.0417301417141291,364.984179516364,"Vynnycky-high","max",TRUE
"South Africa","3_6_7_6_7",0.590097875312382,0.750807232640659,0.0411101219647061,369.345433949168,"Vynnycky-high","max",TRUE
"South Africa","4_6_7_6_7",0.605660621883012,0.760522247866459,0.0422005797109932,372.857943625881,"Vynnycky-high","max",FALSE
"South Africa","5_6_7_6_7",0.619907919676674,0.769614426468699,0.0433152525652316,362.280185581953,"Vynnycky-high","max",FALSE
"South Africa","6_6_7_6_7",0.635594333691992,0.776084966973499,0.0442680512750597,370.247178546243,"Vynnycky-high","max",FALSE
"South Africa","7_6_7_6_7",0.650359231887225,0.783688812452273,0.045319335386905,375.713875420021,"Vynnycky-high","max",FALSE
"South Africa","3_7_7_6_7",0.634539309478611,0.785215104709561,0.0448322779387789,372.150458440171,"Vynnycky-high","max",FALSE
"South Africa","4_7_7_6_7",0.646937061960942,0.791843711843712,0.0457143512919467,373.945887068443,"Vynnycky-high","max",FALSE
"South Africa","5_7_7_6_7",0.661945278611945,0.797274484403594,0.0467437959396906,384.113266512674,"Vynnycky-high","max",FALSE
"South Africa","6_7_7_6_7",0.674145236071097,0.803882521667867,0.0477298038320155,375.717598591991,"Vynnycky-high","max",FALSE
"South Africa","7_7_7_6_7",0.686157795061758,0.810754604872252,0.0487546337991134,379.089471323453,"Vynnycky-high","max",FALSE
"South Africa","5_6_3_7_7",0.622636382252182,0.739243757790957,0.0408058343672613,346.900165966224,"Vynnycky-high","max",TRUE
"South Africa","6_6_3_7_7",0.637256579442813,0.748555055222,0.0418186741727421,355.631460024793,"Vynnycky-high","max",TRUE
"South Africa","7_6_3_7_7",0.65076907728864,0.755105973025048,0.0428966021286218,362.872136515769,"Vynnycky-high","max",FALSE
"South Africa","3_7_3_7_7",0.633731357945114,0.756913920798065,0.0423275136384921,355.404017557648,"Vynnycky-high","max",FALSE
"South Africa","4_7_3_7_7",0.645515732287029,0.764962189157581,0.0433340227616086,367.678119730596,"Vynnycky-high","max",FALSE
"South Africa","5_7_3_7_7",0.662247226942756,0.773818956772359,0.0444771050311698,375.464816392291,"Vynnycky-high","max",FALSE
"South Africa","6_7_3_7_7",0.674426930182224,0.782329176838552,0.0454249748006667,372.733465438443,"Vynnycky-high","max",FALSE
"South Africa","7_7_3_7_7",0.686775292725321,0.788079476490327,0.0464262172562564,375.544615851198,"Vynnycky-high","max",FALSE
"South Africa","4_6_4_7_7",0.607083062288718,0.738663218955251,0.0404917210160562,364.577745839443,"Vynnycky-high","max",TRUE
"South Africa","5_6_4_7_7",0.621418332490127,0.747631955148706,0.0414698033915406,357.778848695083,"Vynnycky-high","max",TRUE
"South Africa","6_6_4_7_7",0.636933498887156,0.754328300386392,0.0425763326649391,358.696416089757,"Vynnycky-high","max",FALSE
"South Africa","7_6_4_7_7",0.649588477784302,0.763739041956587,0.0436393981600001,366.865644643422,"Vynnycky-high","max",FALSE
"South Africa","3_7_4_7_7",0.633843203458774,0.766212750275093,0.0430466244555783,363.069625436162,"Vynnycky-high","max",FALSE
"South Africa","4_7_4_7_7",0.645985733596418,0.77292597116632,0.0440841593474186,363.187349272106,"Vynnycky-high","max",FALSE
"South Africa","5_7_4_7_7",0.661559206192358,0.780205213522788,0.0451307647402799,372.773149421019,"Vynnycky-high","max",FALSE
"South Africa","6_7_4_7_7",0.67469707069838,0.786549704115196,0.046063015021654,377.586641720285,"Vynnycky-high","max",FALSE
"South Africa","7_7_4_7_7",0.686380565469526,0.794905651307215,0.0471059245522778,376.567656428723,"Vynnycky-high","max",FALSE
"South Africa","7_5_5_7_7",0.608338169592718,0.734163935844608,0.0406674496761124,355.214549587951,"Vynnycky-high","max",TRUE
"South Africa","4_6_5_7_7",0.605175343537109,0.745337279428189,0.0411012379656241,365.552459243246,"Vynnycky-high","max",TRUE
"South Africa","5_6_5_7_7",0.62078786556089,0.754714807121364,0.0422031505021467,354.271890199917,"Vynnycky-high","max",FALSE
"South Africa","6_6_5_7_7",0.635508925786095,0.764125741620849,0.0433394751740246,362.477279146843,"Vynnycky-high","max",FALSE
"South Africa","7_6_5_7_7",0.648258762010401,0.769373748927652,0.0443562737712577,360.438292964245,"Vynnycky-high","max",FALSE
"South Africa","3_7_5_7_7",0.634279811406516,0.771385815478281,0.0437284535754657,366.865218031157,"Vynnycky-high","max",FALSE
"South Africa","4_7_5_7_7",0.647079376824105,0.780578836827837,0.0447722075250145,367.066987554598,"Vynnycky-high","max",FALSE
"South Africa","5_7_5_7_7",0.661859350565393,0.785943325876212,0.0457984355548817,375.460243293839,"Vynnycky-high","max",FALSE
"South Africa","6_7_5_7_7",0.675349571557915,0.793461205431563,0.0466859261699978,372.869681645868,"Vynnycky-high","max",FALSE
"South Africa","7_7_5_7_7",0.686887110870024,0.799195487629714,0.0476814439133549,380.778390369621,"Vynnycky-high","max",FALSE
"South Africa","6_5_6_7_7",0.59318916640905,0.734372321473589,0.0402143692897147,353.519320263894,"Vynnycky-high","max",TRUE
"South Africa","7_5_6_7_7",0.609849158953378,0.743795677409284,0.0413802241678499,355.593501714254,"Vynnycky-high","max",TRUE
"South Africa","3_6_6_7_7",0.590839343538416,0.743521303569653,0.0406924345844872,367.10806802781,"Vynnycky-high","max",TRUE
"South Africa","4_6_6_7_7",0.606700977103718,0.75290022508615,0.0418532387947464,362.559681763929,"Vynnycky-high","max",FALSE
"South Africa","5_6_6_7_7",0.622109190241198,0.760964459389502,0.042822526436619,354.195545026214,"Vynnycky-high","max",FALSE
"South Africa","6_6_6_7_7",0.63577287772874,0.76902823348321,0.0439108330835603,362.004122758334,"Vynnycky-high","max",FALSE
"South Africa","7_6_6_7_7",0.649192477919937,0.77678202811159,0.0449821626017623,364.497943362703,"Vynnycky-high","max",FALSE
"South Africa","3_7_6_7_7",0.633731567966098,0.777081642843767,0.044410565909495,364.937495803858,"Vynnycky-high","max",FALSE
"South Africa","4_7_6_7_7",0.647331424703337,0.786360237117385,0.0453124081590566,373.19019675981,"Vynnycky-high","max",FALSE
"South Africa","5_7_6_7_7",0.661275771412758,0.791466923028975,0.0463278105900458,379.477838494232,"Vynnycky-high","max",FALSE
"South Africa","6_7_6_7_7",0.675254348760249,0.797994074296995,0.0473013804884168,364.105084983042,"Vynnycky-high","max",FALSE
"South Africa","7_7_6_7_7",0.685592526990553,0.803612789640729,0.0482612182561021,378.143321183329,"Vynnycky-high","max",FALSE
"South Africa","6_5_7_7_7",0.594128372799336,0.741104788840043,0.0409511455846711,354.685458308336,"Vynnycky-high","max",TRUE
"South Africa","7_5_7_7_7",0.609899710504549,0.749817921406669,0.0419688164486755,349.443288010257,"Vynnycky-high","max",TRUE
"South Africa","3_6_7_7_7",0.592192720763723,0.749912403644008,0.0413175091499666,368.775177810099,"Vynnycky-high","max",TRUE
"South Africa","4_6_7_7_7",0.606853455379575,0.759311437608281,0.0424728629917842,362.715567703225,"Vynnycky-high","max",FALSE
"South Africa","5_6_7_7_7",0.621532901212858,0.767314313821938,0.0434500546012073,355.006778811157,"Vynnycky-high","max",FALSE
"South Africa","6_6_7_7_7",0.636064824382486,0.775490631163708,0.0445401914330971,366.060138864869,"Vynnycky-high","max",FALSE
"South Africa","7_6_7_7_7",0.651391344051175,0.782158408232373,0.0455685619123746,367.674111576707,"Vynnycky-high","max",FALSE
"South Africa","3_7_7_7_7",0.635306938691071,0.783234733922503,0.0449698116606516,369.34452703029,"Vynnycky-high","max",FALSE
"South Africa","4_7_7_7_7",0.647015091128389,0.79019804502181,0.0460002282323972,376.775675147769,"Vynnycky-high","max",FALSE
"South Africa","5_7_7_7_7",0.659921600432549,0.79800570284444,0.0469107629304996,384.157478409615,"Vynnycky-high","max",FALSE
"South Africa","6_7_7_7_7",0.674845799569299,0.803227381194455,0.047827257025944,371.777979465051,"Vynnycky-high","max",FALSE
